[
    {
        "type": "message",
        "subtype": "channel_join",
        "ts": "1620640182.000600",
        "user": "U01RXCQHMHT",
        "text": "<@U01RXCQHMHT> has joined the channel",
        "inviter": "U01RSRE0N3D"
    },
    {
        "type": "message",
        "subtype": "channel_join",
        "ts": "1620640183.000800",
        "user": "U01S7BM4N81",
        "text": "<@U01S7BM4N81> has joined the channel",
        "inviter": "U01RSRE0N3D"
    },
    {
        "type": "message",
        "subtype": "channel_join",
        "ts": "1620640183.001000",
        "user": "U01S133DZ9A",
        "text": "<@U01S133DZ9A> has joined the channel",
        "inviter": "U01RSRE0N3D"
    },
    {
        "type": "message",
        "subtype": "channel_join",
        "ts": "1620640183.001200",
        "user": "U01S7KCL3DF",
        "text": "<@U01S7KCL3DF> has joined the channel",
        "inviter": "U01RSRE0N3D"
    },
    {
        "type": "message",
        "subtype": "channel_join",
        "ts": "1620640184.001400",
        "user": "U01RNEU3SNA",
        "text": "<@U01RNEU3SNA> has joined the channel",
        "inviter": "U01RSRE0N3D"
    },
    {
        "type": "message",
        "subtype": "channel_join",
        "ts": "1620640184.001600",
        "user": "U01RVSTNRRT",
        "text": "<@U01RVSTNRRT> has joined the channel",
        "inviter": "U01RSRE0N3D"
    },
    {
        "type": "message",
        "subtype": "channel_join",
        "ts": "1620640184.001800",
        "user": "U01RV3K524T",
        "text": "<@U01RV3K524T> has joined the channel",
        "inviter": "U01RSRE0N3D"
    },
    {
        "type": "message",
        "subtype": "channel_join",
        "ts": "1620640184.002000",
        "user": "U01RS9Y6UJH",
        "text": "<@U01RS9Y6UJH> has joined the channel",
        "inviter": "U01RSRE0N3D"
    },
    {
        "type": "message",
        "subtype": "channel_join",
        "ts": "1620640184.002200",
        "user": "U01RKN0EGDV",
        "text": "<@U01RKN0EGDV> has joined the channel",
        "inviter": "U01RSRE0N3D"
    },
    {
        "type": "message",
        "subtype": "channel_join",
        "ts": "1620640185.002400",
        "user": "U01SK96QF5E",
        "text": "<@U01SK96QF5E> has joined the channel",
        "inviter": "U01RSRE0N3D"
    },
    {
        "type": "message",
        "subtype": "channel_join",
        "ts": "1620640185.002600",
        "user": "U01S79YDELR",
        "text": "<@U01S79YDELR> has joined the channel",
        "inviter": "U01RSRE0N3D"
    },
    {
        "type": "message",
        "subtype": "channel_join",
        "ts": "1620640185.002800",
        "user": "U01RN7BVD1C",
        "text": "<@U01RN7BVD1C> has joined the channel",
        "inviter": "U01RSRE0N3D"
    },
    {
        "type": "message",
        "subtype": "channel_join",
        "ts": "1620640186.003000",
        "user": "U01S6LCPM0C",
        "text": "<@U01S6LCPM0C> has joined the channel",
        "inviter": "U01RSRE0N3D"
    },
    {
        "type": "message",
        "subtype": "channel_join",
        "ts": "1620640186.003200",
        "user": "U01S0P26NKD",
        "text": "<@U01S0P26NKD> has joined the channel",
        "inviter": "U01RSRE0N3D"
    },
    {
        "type": "message",
        "subtype": "channel_join",
        "ts": "1620640186.003400",
        "user": "U01RP2K1606",
        "text": "<@U01RP2K1606> has joined the channel",
        "inviter": "U01RSRE0N3D"
    },
    {
        "type": "message",
        "subtype": "channel_join",
        "ts": "1620640186.003600",
        "user": "U01S65G72SY",
        "text": "<@U01S65G72SY> has joined the channel",
        "inviter": "U01RSRE0N3D"
    },
    {
        "type": "message",
        "subtype": "channel_join",
        "ts": "1620640187.003800",
        "user": "U01RRV4JX6Z",
        "text": "<@U01RRV4JX6Z> has joined the channel",
        "inviter": "U01RSRE0N3D"
    },
    {
        "type": "message",
        "subtype": "channel_join",
        "ts": "1620640187.004000",
        "user": "U01S081EULS",
        "text": "<@U01S081EULS> has joined the channel",
        "inviter": "U01RSRE0N3D"
    },
    {
        "type": "message",
        "subtype": "channel_join",
        "ts": "1620640187.004200",
        "user": "U01S0E0MRJ7",
        "text": "<@U01S0E0MRJ7> has joined the channel",
        "inviter": "U01RSRE0N3D"
    },
    {
        "type": "message",
        "subtype": "channel_join",
        "ts": "1620640187.004400",
        "user": "U01S1CWGTU4",
        "text": "<@U01S1CWGTU4> has joined the channel",
        "inviter": "U01RSRE0N3D"
    },
    {
        "type": "message",
        "subtype": "channel_join",
        "ts": "1620640188.004600",
        "user": "U01S0MFJ3HR",
        "text": "<@U01S0MFJ3HR> has joined the channel",
        "inviter": "U01RSRE0N3D"
    },
    {
        "type": "message",
        "subtype": "channel_join",
        "ts": "1620640188.004800",
        "user": "U01SD3CDH9P",
        "text": "<@U01SD3CDH9P> has joined the channel",
        "inviter": "U01RSRE0N3D"
    },
    {
        "type": "message",
        "subtype": "channel_join",
        "ts": "1620640188.005000",
        "user": "U01RW2X7S9Z",
        "text": "<@U01RW2X7S9Z> has joined the channel",
        "inviter": "U01RSRE0N3D"
    },
    {
        "type": "message",
        "subtype": "channel_join",
        "ts": "1620640188.005200",
        "user": "U01S6L7HLUC",
        "text": "<@U01S6L7HLUC> has joined the channel",
        "inviter": "U01RSRE0N3D"
    },
    {
        "type": "message",
        "subtype": "channel_join",
        "ts": "1620640204.005400",
        "user": "U01RW140HBP",
        "text": "<@U01RW140HBP> has joined the channel",
        "inviter": "U01RSRE0N3D"
    },
    {
        "client_msg_id": "34f05050-4356-4328-912a-80f1fa11e6e7",
        "type": "message",
        "text": "Any collab experts here? :slightly_smiling_face: I am running into issues with an object identification model",
        "user": "U01S7BM4N81",
        "ts": "1620640364.005900",
        "team": "T01RBRV5F7H",
        "user_team": "T01RBRV5F7H",
        "source_team": "T01RBRV5F7H",
        "user_profile": {
            "avatar_hash": "2adfc641e87e",
            "image_72": "https:\/\/avatars.slack-edge.com\/2021-04-16\/1994438084416_2adfc641e87e3a953d9c_72.png",
            "first_name": "Thamo",
            "real_name": "Thamo",
            "display_name": "Thamo",
            "team": "T01RBRV5F7H",
            "name": "thamokoeper",
            "is_restricted": false,
            "is_ultra_restricted": false
        },
        "blocks": [
            {
                "type": "rich_text",
                "block_id": "n+D4",
                "elements": [
                    {
                        "type": "rich_text_section",
                        "elements": [
                            {
                                "type": "text",
                                "text": "Any collab experts here? "
                            },
                            {
                                "type": "emoji",
                                "name": "slightly_smiling_face"
                            },
                            {
                                "type": "text",
                                "text": " I am running into issues with an object identification model"
                            }
                        ]
                    }
                ]
            }
        ],
        "thread_ts": "1620640364.005900",
        "reply_count": 1,
        "reply_users_count": 1,
        "latest_reply": "1620640747.006400",
        "reply_users": [
            "U01RW140HBP"
        ],
        "replies": [
            {
                "user": "U01RW140HBP",
                "ts": "1620640747.006400"
            }
        ],
        "is_locked": false,
        "subscribed": false
    },
    {
        "client_msg_id": "210d5a28-d10f-4f1c-b8d0-874f25c8251f",
        "type": "message",
        "text": "im certainly not an expert but happy to try to help, do you want to give us some context  or share the colab so far?",
        "user": "U01RW140HBP",
        "ts": "1620640747.006400",
        "team": "T01RBRV5F7H",
        "user_team": "T01RBRV5F7H",
        "source_team": "T01RBRV5F7H",
        "user_profile": {
            "avatar_hash": "4c43a3a8d10b",
            "image_72": "https:\/\/avatars.slack-edge.com\/2021-03-21\/1895736308209_4c43a3a8d10bc2fe5e13_72.png",
            "first_name": "siand",
            "real_name": "siand the LT (she\/her)",
            "display_name": "siand the LT (she\/her)",
            "team": "T01RBRV5F7H",
            "name": "sian.davies",
            "is_restricted": false,
            "is_ultra_restricted": false
        },
        "blocks": [
            {
                "type": "rich_text",
                "block_id": "eSK+",
                "elements": [
                    {
                        "type": "rich_text_section",
                        "elements": [
                            {
                                "type": "text",
                                "text": "im certainly not an expert but happy to try to help, do you want to give us some context  or share the colab so far?"
                            }
                        ]
                    }
                ]
            }
        ],
        "thread_ts": "1620640364.005900",
        "parent_user_id": "U01S7BM4N81"
    }
]