[
    {
        "client_msg_id": "dbaee12a-9001-470a-9d65-b00f4e32e3cb",
        "type": "message",
        "text": "Hey <!channel>,\nPlease be back in *Zoom at 14:00* for some Katas!\nGood appetite &amp; see you soon! :v:",
        "user": "U01RSRE0N3D",
        "ts": "1617015277.000800",
        "team": "T01RBRV5F7H",
        "user_team": "T01RBRV5F7H",
        "source_team": "T01RBRV5F7H",
        "user_profile": {
            "avatar_hash": "5b0571ca5e6f",
            "image_72": "https:\/\/avatars.slack-edge.com\/2021-03-18\/1876877550179_5b0571ca5e6fe1f759fe_72.jpg",
            "first_name": "Kosta",
            "real_name": "Kosta",
            "display_name": "Kosta",
            "team": "T01RBRV5F7H",
            "name": "kostadin.mitkov",
            "is_restricted": false,
            "is_ultra_restricted": false
        },
        "blocks": [
            {
                "type": "rich_text",
                "block_id": "Dl961",
                "elements": [
                    {
                        "type": "rich_text_section",
                        "elements": [
                            {
                                "type": "text",
                                "text": "Hey "
                            },
                            {
                                "type": "broadcast",
                                "range": "channel"
                            },
                            {
                                "type": "text",
                                "text": ",\nPlease be back in "
                            },
                            {
                                "type": "text",
                                "text": "Zoom at 14:00",
                                "style": {
                                    "bold": true
                                }
                            },
                            {
                                "type": "text",
                                "text": " for some Katas!\nGood appetite & see you soon! "
                            },
                            {
                                "type": "emoji",
                                "name": "v"
                            }
                        ]
                    }
                ]
            }
        ],
        "reactions": [
            {
                "name": "+1",
                "users": [
                    "U01S79YDELR",
                    "U01RW140HBP",
                    "U01SK96QF5E"
                ],
                "count": 3
            }
        ]
    },
    {
        "client_msg_id": "9067a034-ec6c-4fc6-85df-83a3882d2a0d",
        "type": "message",
        "text": "ok",
        "user": "U01S79YDELR",
        "ts": "1617015298.001000",
        "team": "T01RBRV5F7H",
        "user_team": "T01RBRV5F7H",
        "source_team": "T01RBRV5F7H",
        "user_profile": {
            "avatar_hash": "606def897de6",
            "image_72": "https:\/\/avatars.slack-edge.com\/2021-03-22\/1910932493456_606def897de66681d932_72.jpg",
            "first_name": "",
            "real_name": "Karina Condeixa",
            "display_name": "Karina Condeixa",
            "team": "T01RBRV5F7H",
            "name": "karina.condeixa",
            "is_restricted": false,
            "is_ultra_restricted": false
        },
        "blocks": [
            {
                "type": "rich_text",
                "block_id": "FGmbE",
                "elements": [
                    {
                        "type": "rich_text_section",
                        "elements": [
                            {
                                "type": "text",
                                "text": "ok"
                            }
                        ]
                    }
                ]
            }
        ]
    },
    {
        "client_msg_id": "d2d699dd-4e06-4207-b5f8-fff68f927609",
        "type": "message",
        "text": "<https:\/\/www.codewars.com\/kata\/5467e4d82edf8bbf40000155\/train\/python>",
        "user": "U01RSRE0N3D",
        "ts": "1617019265.001500",
        "team": "T01RBRV5F7H",
        "user_team": "T01RBRV5F7H",
        "source_team": "T01RBRV5F7H",
        "user_profile": {
            "avatar_hash": "5b0571ca5e6f",
            "image_72": "https:\/\/avatars.slack-edge.com\/2021-03-18\/1876877550179_5b0571ca5e6fe1f759fe_72.jpg",
            "first_name": "Kosta",
            "real_name": "Kosta",
            "display_name": "Kosta",
            "team": "T01RBRV5F7H",
            "name": "kostadin.mitkov",
            "is_restricted": false,
            "is_ultra_restricted": false
        },
        "attachments": [
            {
                "service_name": "Codewars",
                "title": "Training on Descending Order | Codewars",
                "title_link": "https:\/\/www.codewars.com\/kata\/5467e4d82edf8bbf40000155\/train\/python",
                "text": "Codewars is where developers achieve code mastery through challenge. Train on kata in the dojo and reach your highest potential.",
                "fallback": "Codewars: Training on Descending Order | Codewars",
                "from_url": "https:\/\/www.codewars.com\/kata\/5467e4d82edf8bbf40000155\/train\/python",
                "thumb_url": "https:\/\/www.codewars.com\/assets\/logos\/logo-square-paper-bg-c3d2b1eb4fb35d75b0c0c0e3b74616fab527afdce9d1d3184624cf0b4e950357.jpg",
                "thumb_width": 200,
                "thumb_height": 200,
                "service_icon": "https:\/\/www.codewars.com\/favicon.ico",
                "id": 1,
                "original_url": "https:\/\/www.codewars.com\/kata\/5467e4d82edf8bbf40000155\/train\/python"
            }
        ],
        "blocks": [
            {
                "type": "rich_text",
                "block_id": "uSW",
                "elements": [
                    {
                        "type": "rich_text_section",
                        "elements": [
                            {
                                "type": "link",
                                "url": "https:\/\/www.codewars.com\/kata\/5467e4d82edf8bbf40000155\/train\/python"
                            }
                        ]
                    }
                ]
            }
        ],
        "thread_ts": "1617019265.001500",
        "reply_count": 5,
        "reply_users_count": 3,
        "latest_reply": "1617020753.007200",
        "reply_users": [
            "U01RSRE0N3D",
            "U01RW2X7S9Z",
            "U01S7BM4N81"
        ],
        "replies": [
            {
                "user": "U01RSRE0N3D",
                "ts": "1617019978.004400"
            },
            {
                "user": "U01RW2X7S9Z",
                "ts": "1617019994.004600"
            },
            {
                "user": "U01S7BM4N81",
                "ts": "1617020240.005600"
            },
            {
                "user": "U01S7BM4N81",
                "ts": "1617020254.005800"
            },
            {
                "user": "U01RW2X7S9Z",
                "ts": "1617020753.007200"
            }
        ],
        "is_locked": false,
        "subscribed": true,
        "last_read": "1617020753.007200",
        "reactions": [
            {
                "name": "+1",
                "users": [
                    "U01S7KCL3DF"
                ],
                "count": 1
            }
        ]
    },
    {
        "client_msg_id": "427dd80f-afd7-455a-b3d0-868822f358dc",
        "type": "message",
        "text": "<!channel>,\nI would build a little scraper and build a class ranking for codewars. For that, I would need your URL's to your codewars accounts. Mine for example looks like this `<https:\/\/www.codewars.com\/users\/n1oftheabove>` . Would be nice, if you could reply yours under this (as thread).",
        "user": "U01SJKB2MG8",
        "ts": "1617019904.004300",
        "team": "T01RBRV5F7H",
        "user_team": "T01RBRV5F7H",
        "source_team": "T01RBRV5F7H",
        "user_profile": {
            "avatar_hash": "88fa894fdb53",
            "image_72": "https:\/\/avatars.slack-edge.com\/2021-03-19\/1885033153332_88fa894fdb5366452adf_72.jpg",
            "first_name": "Florian",
            "real_name": "Florian Titze",
            "display_name": "Flo Titze",
            "team": "T01RBRV5F7H",
            "name": "florian.titze",
            "is_restricted": false,
            "is_ultra_restricted": false
        },
        "blocks": [
            {
                "type": "rich_text",
                "block_id": "nqS",
                "elements": [
                    {
                        "type": "rich_text_section",
                        "elements": [
                            {
                                "type": "broadcast",
                                "range": "channel"
                            },
                            {
                                "type": "text",
                                "text": ",\nI would build a little scraper and build a class ranking for codewars. For that, I would need your URL's to your codewars accounts. Mine for example looks like this "
                            },
                            {
                                "type": "link",
                                "url": "https:\/\/www.codewars.com\/users\/n1oftheabove",
                                "style": {
                                    "code": true
                                }
                            },
                            {
                                "type": "text",
                                "text": " . Would be nice, if you could reply yours under this (as thread)."
                            }
                        ]
                    }
                ]
            }
        ],
        "thread_ts": "1617019904.004300",
        "reply_count": 4,
        "reply_users_count": 4,
        "latest_reply": "1617093173.014200",
        "reply_users": [
            "U01RW2X7S9Z",
            "U01S7BM4N81",
            "U01RXCQHMHT",
            "U01S6LCPM0C"
        ],
        "replies": [
            {
                "user": "U01RW2X7S9Z",
                "ts": "1617020108.005300"
            },
            {
                "user": "U01S7BM4N81",
                "ts": "1617020453.006400"
            },
            {
                "user": "U01RXCQHMHT",
                "ts": "1617020458.006700"
            },
            {
                "user": "U01S6LCPM0C",
                "ts": "1617093173.014200"
            }
        ],
        "is_locked": false,
        "subscribed": false,
        "reactions": [
            {
                "name": "cool-doge",
                "users": [
                    "U01RSRE0N3D"
                ],
                "count": 1
            }
        ]
    },
    {
        "client_msg_id": "15f05cb9-99e2-4f67-b0ba-4071022f1221",
        "type": "message",
        "text": "Post your solutions here:",
        "user": "U01RSRE0N3D",
        "ts": "1617019978.004400",
        "team": "T01RBRV5F7H",
        "user_team": "T01RBRV5F7H",
        "source_team": "T01RBRV5F7H",
        "user_profile": {
            "avatar_hash": "5b0571ca5e6f",
            "image_72": "https:\/\/avatars.slack-edge.com\/2021-03-18\/1876877550179_5b0571ca5e6fe1f759fe_72.jpg",
            "first_name": "Kosta",
            "real_name": "Kosta",
            "display_name": "Kosta",
            "team": "T01RBRV5F7H",
            "name": "kostadin.mitkov",
            "is_restricted": false,
            "is_ultra_restricted": false
        },
        "blocks": [
            {
                "type": "rich_text",
                "block_id": "OSPQY",
                "elements": [
                    {
                        "type": "rich_text_section",
                        "elements": [
                            {
                                "type": "text",
                                "text": "Post your solutions here:"
                            }
                        ]
                    }
                ]
            }
        ],
        "thread_ts": "1617019265.001500",
        "parent_user_id": "U01RSRE0N3D"
    },
    {
        "type": "message",
        "text": "",
        "files": [
            {
                "id": "F01SLKA55B7",
                "created": 1617019992,
                "timestamp": 1617019992,
                "name": "image.png",
                "title": "image.png",
                "mimetype": "image\/png",
                "filetype": "png",
                "pretty_type": "PNG",
                "user": "U01RW2X7S9Z",
                "editable": false,
                "size": 7942,
                "mode": "hosted",
                "is_external": false,
                "external_type": "",
                "is_public": true,
                "public_url_shared": false,
                "display_as_bot": false,
                "username": "",
                "url_private": "https:\/\/files.slack.com\/files-pri\/T01RBRV5F7H-F01SLKA55B7\/image.png?t=xoxe-1861879185255-2005250891763-2017654554721-735ed824033d65b9b5a8817aca87e86a",
                "url_private_download": "https:\/\/files.slack.com\/files-pri\/T01RBRV5F7H-F01SLKA55B7\/download\/image.png?t=xoxe-1861879185255-2005250891763-2017654554721-735ed824033d65b9b5a8817aca87e86a",
                "thumb_64": "https:\/\/files.slack.com\/files-tmb\/T01RBRV5F7H-F01SLKA55B7-1772507e26\/image_64.png?t=xoxe-1861879185255-2005250891763-2017654554721-735ed824033d65b9b5a8817aca87e86a",
                "thumb_80": "https:\/\/files.slack.com\/files-tmb\/T01RBRV5F7H-F01SLKA55B7-1772507e26\/image_80.png?t=xoxe-1861879185255-2005250891763-2017654554721-735ed824033d65b9b5a8817aca87e86a",
                "thumb_360": "https:\/\/files.slack.com\/files-tmb\/T01RBRV5F7H-F01SLKA55B7-1772507e26\/image_360.png?t=xoxe-1861879185255-2005250891763-2017654554721-735ed824033d65b9b5a8817aca87e86a",
                "thumb_360_w": 360,
                "thumb_360_h": 75,
                "thumb_480": "https:\/\/files.slack.com\/files-tmb\/T01RBRV5F7H-F01SLKA55B7-1772507e26\/image_480.png?t=xoxe-1861879185255-2005250891763-2017654554721-735ed824033d65b9b5a8817aca87e86a",
                "thumb_480_w": 480,
                "thumb_480_h": 99,
                "thumb_160": "https:\/\/files.slack.com\/files-tmb\/T01RBRV5F7H-F01SLKA55B7-1772507e26\/image_160.png?t=xoxe-1861879185255-2005250891763-2017654554721-735ed824033d65b9b5a8817aca87e86a",
                "original_w": 502,
                "original_h": 104,
                "thumb_tiny": "AwAJADCjuJ4wPypcHFMpaAHYPakw3oKSigBcH2oyfakNJQB\/\/9k=",
                "permalink": "https:\/\/data-ft-ber-03-2021.slack.com\/files\/U01RW2X7S9Z\/F01SLKA55B7\/image.png",
                "permalink_public": "https:\/\/slack-files.com\/T01RBRV5F7H-F01SLKA55B7-a2c569ccb6",
                "is_starred": false,
                "has_rich_preview": false
            }
        ],
        "upload": false,
        "user": "U01RW2X7S9Z",
        "display_as_bot": false,
        "ts": "1617019994.004600",
        "thread_ts": "1617019265.001500",
        "parent_user_id": "U01RSRE0N3D",
        "reactions": [
            {
                "name": "think-about-it",
                "users": [
                    "U01RSRE0N3D"
                ],
                "count": 1
            },
            {
                "name": "raised_hands",
                "users": [
                    "U01RSRE0N3D"
                ],
                "count": 1
            }
        ]
    },
    {
        "client_msg_id": "a89c547a-ff26-400b-af9d-14d5f3bedcb7",
        "type": "message",
        "text": "<https:\/\/www.codewars.com\/users\/Alex-Skp\/>",
        "user": "U01RW2X7S9Z",
        "ts": "1617020108.005300",
        "team": "T01RBRV5F7H",
        "user_team": "T01RBRV5F7H",
        "source_team": "T01RBRV5F7H",
        "user_profile": {
            "avatar_hash": "7e12d75d168a",
            "image_72": "https:\/\/avatars.slack-edge.com\/2021-03-19\/1880105796643_7e12d75d168ae25c167d_72.jpg",
            "first_name": "Alexandre",
            "real_name": "Alexandre Sommerkamp",
            "display_name": "Alexandre Sommerkamp",
            "team": "T01RBRV5F7H",
            "name": "alex.c.skp",
            "is_restricted": false,
            "is_ultra_restricted": false
        },
        "attachments": [
            {
                "service_name": "Codewars",
                "title": "Alex-Skp | Codewars",
                "title_link": "https:\/\/www.codewars.com\/users\/Alex-Skp\/",
                "text": "Codewars is where developers achieve code mastery through challenge. Train on kata in the dojo and reach your highest potential.",
                "fallback": "Codewars: Alex-Skp | Codewars",
                "from_url": "https:\/\/www.codewars.com\/users\/Alex-Skp\/",
                "thumb_url": "https:\/\/www.codewars.com\/assets\/logos\/logo-square-paper-bg-c3d2b1eb4fb35d75b0c0c0e3b74616fab527afdce9d1d3184624cf0b4e950357.jpg",
                "thumb_width": 200,
                "thumb_height": 200,
                "service_icon": "https:\/\/www.codewars.com\/favicon.ico",
                "id": 1,
                "original_url": "https:\/\/www.codewars.com\/users\/Alex-Skp\/"
            }
        ],
        "blocks": [
            {
                "type": "rich_text",
                "block_id": "T4b7c",
                "elements": [
                    {
                        "type": "rich_text_section",
                        "elements": [
                            {
                                "type": "link",
                                "url": "https:\/\/www.codewars.com\/users\/Alex-Skp\/"
                            }
                        ]
                    }
                ]
            }
        ],
        "thread_ts": "1617019904.004300",
        "parent_user_id": "U01SJKB2MG8"
    },
    {
        "client_msg_id": "93a239c0-dbf3-4b8a-941b-c7987ba3986f",
        "type": "message",
        "text": "```   s = str(num)\n    s = list(s)\n    s = sorted(s)\n    s = reversed(s)\n    s = ''.join(s)\n    return int(s)```\n",
        "user": "U01S7BM4N81",
        "ts": "1617020240.005600",
        "team": "T01RBRV5F7H",
        "user_team": "T01RBRV5F7H",
        "source_team": "T01RBRV5F7H",
        "user_profile": {
            "avatar_hash": "2adfc641e87e",
            "image_72": "https:\/\/avatars.slack-edge.com\/2021-04-16\/1994438084416_2adfc641e87e3a953d9c_72.png",
            "first_name": "Thamo",
            "real_name": "Thamo",
            "display_name": "Thamo",
            "team": "T01RBRV5F7H",
            "name": "thamokoeper",
            "is_restricted": false,
            "is_ultra_restricted": false
        },
        "blocks": [
            {
                "type": "rich_text",
                "block_id": "eNKRJ",
                "elements": [
                    {
                        "type": "rich_text_preformatted",
                        "elements": [
                            {
                                "type": "text",
                                "text": "   s = str(num)\n    s = list(s)\n    s = sorted(s)\n    s = reversed(s)\n    s = ''.join(s)\n    return int(s)"
                            }
                        ]
                    },
                    {
                        "type": "rich_text_section",
                        "elements": []
                    }
                ]
            }
        ],
        "thread_ts": "1617019265.001500",
        "parent_user_id": "U01RSRE0N3D"
    },
    {
        "client_msg_id": "3e9f6cad-5278-4c83-8fa8-f22d59c4150b",
        "type": "message",
        "text": "most. inefficient way to solve this :smile:",
        "user": "U01S7BM4N81",
        "ts": "1617020254.005800",
        "team": "T01RBRV5F7H",
        "user_team": "T01RBRV5F7H",
        "source_team": "T01RBRV5F7H",
        "user_profile": {
            "avatar_hash": "2adfc641e87e",
            "image_72": "https:\/\/avatars.slack-edge.com\/2021-04-16\/1994438084416_2adfc641e87e3a953d9c_72.png",
            "first_name": "Thamo",
            "real_name": "Thamo",
            "display_name": "Thamo",
            "team": "T01RBRV5F7H",
            "name": "thamokoeper",
            "is_restricted": false,
            "is_ultra_restricted": false
        },
        "blocks": [
            {
                "type": "rich_text",
                "block_id": "Iiu",
                "elements": [
                    {
                        "type": "rich_text_section",
                        "elements": [
                            {
                                "type": "text",
                                "text": "most. inefficient way to solve this "
                            },
                            {
                                "type": "emoji",
                                "name": "smile"
                            }
                        ]
                    }
                ]
            }
        ],
        "thread_ts": "1617019265.001500",
        "parent_user_id": "U01RSRE0N3D"
    },
    {
        "client_msg_id": "a15299b4-ba89-44ca-9ab9-885f0d8b4ccf",
        "type": "message",
        "text": "def descending_order(num):\n    res = [int(x) for x in str(num)]\n    res = sorted(res, reverse=True)\n\n    strings = [str(integer) for integer in res]\n    a_string = “”.join(strings)\n    num = int(a_string)\n    return num",
        "user": "U01S0E0MRJ7",
        "ts": "1617020345.006100",
        "team": "T01RBRV5F7H",
        "user_team": "T01RBRV5F7H",
        "source_team": "T01RBRV5F7H",
        "user_profile": {
            "avatar_hash": "ad6853d3a1f4",
            "image_72": "https:\/\/avatars.slack-edge.com\/2021-04-16\/1993872127808_ad6853d3a1f43da8ec48_72.jpg",
            "first_name": "",
            "real_name": "Davis Pudans",
            "display_name": "Davis Pudans",
            "team": "T01RBRV5F7H",
            "name": "d.pudans",
            "is_restricted": false,
            "is_ultra_restricted": false
        },
        "blocks": [
            {
                "type": "rich_text",
                "block_id": "1tPDH",
                "elements": [
                    {
                        "type": "rich_text_section",
                        "elements": [
                            {
                                "type": "text",
                                "text": "def descending_order(num):\n    res = [int(x) for x in str(num)]\n    res = sorted(res, reverse=True)\n\n    strings = [str(integer) for integer in res]\n    a_string = “”.join(strings)\n    num = int(a_string)\n    return num"
                            }
                        ]
                    }
                ]
            }
        ]
    },
    {
        "client_msg_id": "4475638c-3f84-4afb-a151-cee2fd677b43",
        "type": "message",
        "text": "def descending_order(n):\n    n_str = str(n)\n    n_sorted = sorted(n_str, reverse=True)\n    output_str = \"\" #empty string\n    for num in n_sorted:\n        output_str = output_str + num\n    return int(output_str)",
        "user": "U01RRV4JX6Z",
        "ts": "1617020443.006300",
        "team": "T01RBRV5F7H",
        "user_team": "T01RBRV5F7H",
        "source_team": "T01RBRV5F7H",
        "user_profile": {
            "avatar_hash": "339c4d69b7d9",
            "image_72": "https:\/\/avatars.slack-edge.com\/2021-04-14\/1961122781618_339c4d69b7d9fe16343a_72.jpg",
            "first_name": "",
            "real_name": "Francisco Ebeling",
            "display_name": "Francisco Ebeling",
            "team": "T01RBRV5F7H",
            "name": "ebelingbarros",
            "is_restricted": false,
            "is_ultra_restricted": false
        },
        "blocks": [
            {
                "type": "rich_text",
                "block_id": "\/I6",
                "elements": [
                    {
                        "type": "rich_text_section",
                        "elements": [
                            {
                                "type": "text",
                                "text": "def descending_order(n):\n    n_str = str(n)\n    n_sorted = sorted(n_str, reverse=True)\n    output_str = \"\" #empty string\n    for num in n_sorted:\n        output_str = output_str + num\n    return int(output_str)"
                            }
                        ]
                    }
                ]
            }
        ]
    },
    {
        "client_msg_id": "fd56a68b-a63b-428d-897b-f07a3eff742c",
        "type": "message",
        "text": "<https:\/\/www.codewars.com\/users\/Caparisun>",
        "user": "U01S7BM4N81",
        "ts": "1617020453.006400",
        "team": "T01RBRV5F7H",
        "user_team": "T01RBRV5F7H",
        "source_team": "T01RBRV5F7H",
        "user_profile": {
            "avatar_hash": "2adfc641e87e",
            "image_72": "https:\/\/avatars.slack-edge.com\/2021-04-16\/1994438084416_2adfc641e87e3a953d9c_72.png",
            "first_name": "Thamo",
            "real_name": "Thamo",
            "display_name": "Thamo",
            "team": "T01RBRV5F7H",
            "name": "thamokoeper",
            "is_restricted": false,
            "is_ultra_restricted": false
        },
        "attachments": [
            {
                "service_name": "Codewars",
                "title": "Caparisun | Codewars",
                "title_link": "https:\/\/www.codewars.com\/users\/Caparisun",
                "text": "Codewars is where developers achieve code mastery through challenge. Train on kata in the dojo and reach your highest potential.",
                "fallback": "Codewars: Caparisun | Codewars",
                "from_url": "https:\/\/www.codewars.com\/users\/Caparisun",
                "thumb_url": "https:\/\/www.codewars.com\/assets\/logos\/logo-square-paper-bg-c3d2b1eb4fb35d75b0c0c0e3b74616fab527afdce9d1d3184624cf0b4e950357.jpg",
                "thumb_width": 200,
                "thumb_height": 200,
                "service_icon": "https:\/\/www.codewars.com\/favicon.ico",
                "id": 1,
                "original_url": "https:\/\/www.codewars.com\/users\/Caparisun"
            }
        ],
        "blocks": [
            {
                "type": "rich_text",
                "block_id": "GuEm",
                "elements": [
                    {
                        "type": "rich_text_section",
                        "elements": [
                            {
                                "type": "link",
                                "url": "https:\/\/www.codewars.com\/users\/Caparisun"
                            }
                        ]
                    }
                ]
            }
        ],
        "thread_ts": "1617019904.004300",
        "parent_user_id": "U01SJKB2MG8"
    },
    {
        "client_msg_id": "17d28e7e-2b52-4c5f-931f-d4d0c9a3662d",
        "type": "message",
        "text": "<@U01RW2X7S9Z> How did you come up with your solution?",
        "user": "U01RXCQHMHT",
        "ts": "1617020458.006700",
        "team": "T01RBRV5F7H",
        "user_team": "T01RBRV5F7H",
        "source_team": "T01RBRV5F7H",
        "user_profile": {
            "avatar_hash": "7290c61c38a0",
            "image_72": "https:\/\/avatars.slack-edge.com\/2021-03-22\/1898002028225_7290c61c38a01ad66680_72.jpg",
            "first_name": "Thanh",
            "real_name": "Thanh Tung Ha Thuc DAFT Berlin March 2021",
            "display_name": "Tony Ha",
            "team": "T01RBRV5F7H",
            "name": "tony.hathuc",
            "is_restricted": false,
            "is_ultra_restricted": false
        },
        "blocks": [
            {
                "type": "rich_text",
                "block_id": "wh8",
                "elements": [
                    {
                        "type": "rich_text_section",
                        "elements": [
                            {
                                "type": "user",
                                "user_id": "U01RW2X7S9Z"
                            },
                            {
                                "type": "text",
                                "text": " How did you come up with your solution?"
                            }
                        ]
                    }
                ]
            }
        ],
        "thread_ts": "1617019904.004300",
        "parent_user_id": "U01SJKB2MG8"
    },
    {
        "type": "message",
        "text": "",
        "files": [
            {
                "id": "F01SVTECWKE",
                "created": 1617020751,
                "timestamp": 1617020751,
                "name": "image.png",
                "title": "image.png",
                "mimetype": "image\/png",
                "filetype": "png",
                "pretty_type": "PNG",
                "user": "U01RW2X7S9Z",
                "editable": false,
                "size": 6582,
                "mode": "hosted",
                "is_external": false,
                "external_type": "",
                "is_public": true,
                "public_url_shared": false,
                "display_as_bot": false,
                "username": "",
                "url_private": "https:\/\/files.slack.com\/files-pri\/T01RBRV5F7H-F01SVTECWKE\/image.png?t=xoxe-1861879185255-2005250891763-2017654554721-735ed824033d65b9b5a8817aca87e86a",
                "url_private_download": "https:\/\/files.slack.com\/files-pri\/T01RBRV5F7H-F01SVTECWKE\/download\/image.png?t=xoxe-1861879185255-2005250891763-2017654554721-735ed824033d65b9b5a8817aca87e86a",
                "thumb_64": "https:\/\/files.slack.com\/files-tmb\/T01RBRV5F7H-F01SVTECWKE-26a6b2726d\/image_64.png?t=xoxe-1861879185255-2005250891763-2017654554721-735ed824033d65b9b5a8817aca87e86a",
                "thumb_80": "https:\/\/files.slack.com\/files-tmb\/T01RBRV5F7H-F01SVTECWKE-26a6b2726d\/image_80.png?t=xoxe-1861879185255-2005250891763-2017654554721-735ed824033d65b9b5a8817aca87e86a",
                "thumb_360": "https:\/\/files.slack.com\/files-tmb\/T01RBRV5F7H-F01SVTECWKE-26a6b2726d\/image_360.png?t=xoxe-1861879185255-2005250891763-2017654554721-735ed824033d65b9b5a8817aca87e86a",
                "thumb_360_w": 360,
                "thumb_360_h": 46,
                "thumb_480": "https:\/\/files.slack.com\/files-tmb\/T01RBRV5F7H-F01SVTECWKE-26a6b2726d\/image_480.png?t=xoxe-1861879185255-2005250891763-2017654554721-735ed824033d65b9b5a8817aca87e86a",
                "thumb_480_w": 480,
                "thumb_480_h": 61,
                "thumb_160": "https:\/\/files.slack.com\/files-tmb\/T01RBRV5F7H-F01SVTECWKE-26a6b2726d\/image_160.png?t=xoxe-1861879185255-2005250891763-2017654554721-735ed824033d65b9b5a8817aca87e86a",
                "original_w": 636,
                "original_h": 81,
                "thumb_tiny": "AwAGADCiCTxx+VLikXrTj2oAQg9qApPcU7tSr0NADdreopMH2qTvTOxoA\/\/Z",
                "permalink": "https:\/\/data-ft-ber-03-2021.slack.com\/files\/U01RW2X7S9Z\/F01SVTECWKE\/image.png",
                "permalink_public": "https:\/\/slack-files.com\/T01RBRV5F7H-F01SVTECWKE-8cdf391066",
                "is_starred": false,
                "has_rich_preview": false
            }
        ],
        "upload": false,
        "user": "U01RW2X7S9Z",
        "display_as_bot": false,
        "ts": "1617020753.007200",
        "thread_ts": "1617019265.001500",
        "parent_user_id": "U01RSRE0N3D"
    },
    {
        "client_msg_id": "ac0cc2b2-4768-4252-ba20-883c98deaa31",
        "type": "message",
        "text": "<https:\/\/www.codewars.com\/kata\/53af2b8861023f1d88000832\/train\/python>",
        "user": "U01SJKB2MG8",
        "ts": "1617020827.008300",
        "team": "T01RBRV5F7H",
        "user_team": "T01RBRV5F7H",
        "source_team": "T01RBRV5F7H",
        "user_profile": {
            "avatar_hash": "88fa894fdb53",
            "image_72": "https:\/\/avatars.slack-edge.com\/2021-03-19\/1885033153332_88fa894fdb5366452adf_72.jpg",
            "first_name": "Florian",
            "real_name": "Florian Titze",
            "display_name": "Flo Titze",
            "team": "T01RBRV5F7H",
            "name": "florian.titze",
            "is_restricted": false,
            "is_ultra_restricted": false
        },
        "attachments": [
            {
                "service_name": "Codewars",
                "title": "Training on Are You Playing Banjo? | Codewars",
                "title_link": "https:\/\/www.codewars.com\/kata\/53af2b8861023f1d88000832\/train\/python",
                "text": "Codewars is where developers achieve code mastery through challenge. Train on kata in the dojo and reach your highest potential.",
                "fallback": "Codewars: Training on Are You Playing Banjo? | Codewars",
                "from_url": "https:\/\/www.codewars.com\/kata\/53af2b8861023f1d88000832\/train\/python",
                "thumb_url": "https:\/\/www.codewars.com\/assets\/logos\/logo-square-paper-bg-c3d2b1eb4fb35d75b0c0c0e3b74616fab527afdce9d1d3184624cf0b4e950357.jpg",
                "thumb_width": 200,
                "thumb_height": 200,
                "service_icon": "https:\/\/www.codewars.com\/favicon.ico",
                "id": 1,
                "original_url": "https:\/\/www.codewars.com\/kata\/53af2b8861023f1d88000832\/train\/python"
            }
        ],
        "blocks": [
            {
                "type": "rich_text",
                "block_id": "RFs",
                "elements": [
                    {
                        "type": "rich_text_section",
                        "elements": [
                            {
                                "type": "link",
                                "url": "https:\/\/www.codewars.com\/kata\/53af2b8861023f1d88000832\/train\/python"
                            }
                        ]
                    }
                ]
            }
        ],
        "thread_ts": "1617020827.008300",
        "reply_count": 4,
        "reply_users_count": 3,
        "latest_reply": "1617022199.011100",
        "reply_users": [
            "U01RW2X7S9Z",
            "U01RKN0EGDV",
            "U01S0E0MRJ7"
        ],
        "replies": [
            {
                "user": "U01RW2X7S9Z",
                "ts": "1617020959.008900"
            },
            {
                "user": "U01RKN0EGDV",
                "ts": "1617021122.009400"
            },
            {
                "user": "U01S0E0MRJ7",
                "ts": "1617022195.010900"
            },
            {
                "user": "U01S0E0MRJ7",
                "ts": "1617022199.011100"
            }
        ],
        "is_locked": false,
        "subscribed": false
    },
    {
        "client_msg_id": "b40dfa4e-f4fb-4999-b1d4-f8f6d1442861",
        "type": "message",
        "text": "```def descending_order(num):\n    num_2 = str(num)\n    list_num_2 = list(num_2)\n    list_2 = sorted(list_num_2, reverse=True)\n    string_num = ''.join(list_2)\n    total_list_of_integer = int(string_num)\n    return total_list_of_integer```\n",
        "user": "U01RVSTNRRT",
        "ts": "1617020852.008800",
        "team": "T01RBRV5F7H",
        "user_team": "T01RBRV5F7H",
        "source_team": "T01RBRV5F7H",
        "user_profile": {
            "avatar_hash": "3ce348bd9187",
            "image_72": "https:\/\/avatars.slack-edge.com\/2021-03-21\/1879911825477_3ce348bd91874d798a3f_72.jpg",
            "first_name": "",
            "real_name": "Olubunmi Abimbola Haastrup",
            "display_name": "Olubunmi Abimbola Haastrup",
            "team": "T01RBRV5F7H",
            "name": "haastrupabimbola",
            "is_restricted": false,
            "is_ultra_restricted": false
        },
        "blocks": [
            {
                "type": "rich_text",
                "block_id": "iGF",
                "elements": [
                    {
                        "type": "rich_text_preformatted",
                        "elements": [
                            {
                                "type": "text",
                                "text": "def descending_order(num):\n    num_2 = str(num)\n    list_num_2 = list(num_2)\n    list_2 = sorted(list_num_2, reverse=True)\n    string_num = ''.join(list_2)\n    total_list_of_integer = int(string_num)\n    return total_list_of_integer"
                            }
                        ]
                    },
                    {
                        "type": "rich_text_section",
                        "elements": []
                    }
                ]
            }
        ]
    },
    {
        "type": "message",
        "text": "",
        "files": [
            {
                "id": "F01SGVD4HUN",
                "created": 1617020957,
                "timestamp": 1617020957,
                "name": "image.png",
                "title": "image.png",
                "mimetype": "image\/png",
                "filetype": "png",
                "pretty_type": "PNG",
                "user": "U01RW2X7S9Z",
                "editable": false,
                "size": 8922,
                "mode": "hosted",
                "is_external": false,
                "external_type": "",
                "is_public": true,
                "public_url_shared": false,
                "display_as_bot": false,
                "username": "",
                "url_private": "https:\/\/files.slack.com\/files-pri\/T01RBRV5F7H-F01SGVD4HUN\/image.png?t=xoxe-1861879185255-2005250891763-2017654554721-735ed824033d65b9b5a8817aca87e86a",
                "url_private_download": "https:\/\/files.slack.com\/files-pri\/T01RBRV5F7H-F01SGVD4HUN\/download\/image.png?t=xoxe-1861879185255-2005250891763-2017654554721-735ed824033d65b9b5a8817aca87e86a",
                "thumb_64": "https:\/\/files.slack.com\/files-tmb\/T01RBRV5F7H-F01SGVD4HUN-98b807d24f\/image_64.png?t=xoxe-1861879185255-2005250891763-2017654554721-735ed824033d65b9b5a8817aca87e86a",
                "thumb_80": "https:\/\/files.slack.com\/files-tmb\/T01RBRV5F7H-F01SGVD4HUN-98b807d24f\/image_80.png?t=xoxe-1861879185255-2005250891763-2017654554721-735ed824033d65b9b5a8817aca87e86a",
                "thumb_360": "https:\/\/files.slack.com\/files-tmb\/T01RBRV5F7H-F01SGVD4HUN-98b807d24f\/image_360.png?t=xoxe-1861879185255-2005250891763-2017654554721-735ed824033d65b9b5a8817aca87e86a",
                "thumb_360_w": 360,
                "thumb_360_h": 129,
                "thumb_160": "https:\/\/files.slack.com\/files-tmb\/T01RBRV5F7H-F01SGVD4HUN-98b807d24f\/image_160.png?t=xoxe-1861879185255-2005250891763-2017654554721-735ed824033d65b9b5a8817aca87e86a",
                "original_w": 397,
                "original_h": 142,
                "thumb_tiny": "AwARADClvJHIX8qMH0plOBHb9aAD8qUAn\/JpO38NAPHagAOc4xSbval\/KkwPWgBKKKKACiiigAooooA\/\/9k=",
                "permalink": "https:\/\/data-ft-ber-03-2021.slack.com\/files\/U01RW2X7S9Z\/F01SGVD4HUN\/image.png",
                "permalink_public": "https:\/\/slack-files.com\/T01RBRV5F7H-F01SGVD4HUN-15384e2b8d",
                "is_starred": false,
                "has_rich_preview": false
            }
        ],
        "upload": false,
        "user": "U01RW2X7S9Z",
        "display_as_bot": false,
        "ts": "1617020959.008900",
        "thread_ts": "1617020827.008300",
        "parent_user_id": "U01SJKB2MG8",
        "reactions": [
            {
                "name": "surprised_owl",
                "users": [
                    "U01SJKB2MG8",
                    "U01RSRE0N3D"
                ],
                "count": 2
            }
        ]
    },
    {
        "client_msg_id": "ccbcc3ef-c3e4-4169-b32f-a6151113d8f4",
        "type": "message",
        "text": "`def are_you_playing_banjo(name):`\n\n    `if name.startswith('R' or 'r')==True:`\n        `return (name + ' plays banjo')`\n    `else:`\n        `return (name + ' does not play banjo')`\n    ",
        "user": "U01RKN0EGDV",
        "ts": "1617021122.009400",
        "team": "T01RBRV5F7H",
        "user_team": "T01RBRV5F7H",
        "source_team": "T01RBRV5F7H",
        "user_profile": {
            "avatar_hash": "abe46e9352ee",
            "image_72": "https:\/\/avatars.slack-edge.com\/2021-03-24\/1878427345639_abe46e9352ee26531094_72.jpg",
            "first_name": "Marian",
            "real_name": "Marian Moreno",
            "display_name": "Marian (she\/her)",
            "team": "T01RBRV5F7H",
            "name": "marimor62",
            "is_restricted": false,
            "is_ultra_restricted": false
        },
        "edited": {
            "user": "U01RKN0EGDV",
            "ts": "1617021204.000000"
        },
        "blocks": [
            {
                "type": "rich_text",
                "block_id": "CyhF",
                "elements": [
                    {
                        "type": "rich_text_section",
                        "elements": [
                            {
                                "type": "text",
                                "text": "def are_you_playing_banjo(name):",
                                "style": {
                                    "code": true
                                }
                            },
                            {
                                "type": "text",
                                "text": "\n\n"
                            },
                            {
                                "type": "text",
                                "text": "    if name.startswith('R' or 'r')==True:",
                                "style": {
                                    "code": true
                                }
                            },
                            {
                                "type": "text",
                                "text": "\n"
                            },
                            {
                                "type": "text",
                                "text": "        return (name + ' plays banjo')",
                                "style": {
                                    "code": true
                                }
                            },
                            {
                                "type": "text",
                                "text": "\n"
                            },
                            {
                                "type": "text",
                                "text": "    else:",
                                "style": {
                                    "code": true
                                }
                            },
                            {
                                "type": "text",
                                "text": "\n"
                            },
                            {
                                "type": "text",
                                "text": "        return (name + ' does not play banjo')",
                                "style": {
                                    "code": true
                                }
                            },
                            {
                                "type": "text",
                                "text": "\n"
                            },
                            {
                                "type": "text",
                                "text": "    ",
                                "style": {
                                    "code": true
                                }
                            }
                        ]
                    }
                ]
            }
        ],
        "thread_ts": "1617020827.008300",
        "parent_user_id": "U01SJKB2MG8",
        "reactions": [
            {
                "name": "catjam",
                "users": [
                    "U01SJKB2MG8",
                    "U01RSRE0N3D"
                ],
                "count": 2
            }
        ]
    },
    {
        "client_msg_id": "32960de8-05c7-45d2-92c7-dfae30bf4859",
        "type": "message",
        "text": "def are_you_playing_banjo(name):\n    if name.startswith(“R”):\n        return name + ” plays banjo”\n    elif name.startswith(“r”):\n        return name + ” plays banjo”\n    else:\n        return name + ” does not play banjo”",
        "user": "U01S1CWGTU4",
        "ts": "1617021174.009700",
        "team": "T01RBRV5F7H",
        "user_team": "T01RBRV5F7H",
        "source_team": "T01RBRV5F7H",
        "user_profile": {
            "avatar_hash": "09076999792d",
            "image_72": "https:\/\/avatars.slack-edge.com\/2021-03-21\/1868032103895_09076999792d539af81c_72.png",
            "first_name": "",
            "real_name": "Antonio Saleme Sastre",
            "display_name": "Antonio Saleme Sastre",
            "team": "T01RBRV5F7H",
            "name": "salemesastre",
            "is_restricted": false,
            "is_ultra_restricted": false
        },
        "edited": {
            "user": "U01S1CWGTU4",
            "ts": "1617021527.000000"
        },
        "blocks": [
            {
                "type": "rich_text",
                "block_id": "drb",
                "elements": [
                    {
                        "type": "rich_text_section",
                        "elements": [
                            {
                                "type": "text",
                                "text": "def are_you_playing_banjo(name):\n    if name.startswith(“R”):\n        return name + ” plays banjo”\n    elif name.startswith(“r”):\n        return name + ” plays banjo”\n    else:\n        return name + ” does not play banjo”"
                            }
                        ]
                    }
                ]
            }
        ],
        "reactions": [
            {
                "name": "cattyping",
                "users": [
                    "U01SJKB2MG8",
                    "U01RN7BVD1C",
                    "U01RSRE0N3D"
                ],
                "count": 3
            },
            {
                "name": "+1",
                "users": [
                    "U01RW140HBP"
                ],
                "count": 1
            }
        ]
    },
    {
        "client_msg_id": "e06cb3d8-ec64-46ee-9854-1a04ca7d9012",
        "type": "message",
        "text": "<@U01SJKB2MG8> i dont get why mine works in notebook but not on codewars",
        "user": "U01S0E0MRJ7",
        "ts": "1617022195.010900",
        "team": "T01RBRV5F7H",
        "user_team": "T01RBRV5F7H",
        "source_team": "T01RBRV5F7H",
        "user_profile": {
            "avatar_hash": "ad6853d3a1f4",
            "image_72": "https:\/\/avatars.slack-edge.com\/2021-04-16\/1993872127808_ad6853d3a1f43da8ec48_72.jpg",
            "first_name": "",
            "real_name": "Davis Pudans",
            "display_name": "Davis Pudans",
            "team": "T01RBRV5F7H",
            "name": "d.pudans",
            "is_restricted": false,
            "is_ultra_restricted": false
        },
        "blocks": [
            {
                "type": "rich_text",
                "block_id": "0uZ",
                "elements": [
                    {
                        "type": "rich_text_section",
                        "elements": [
                            {
                                "type": "user",
                                "user_id": "U01SJKB2MG8"
                            },
                            {
                                "type": "text",
                                "text": " i dont get why mine works in notebook but not on codewars"
                            }
                        ]
                    }
                ]
            }
        ],
        "thread_ts": "1617020827.008300",
        "parent_user_id": "U01SJKB2MG8"
    },
    {
        "client_msg_id": "a7a98789-8aac-4ce3-add8-d365227753e9",
        "type": "message",
        "text": "if name[0] == “R”:\n    print(name ,” plays banjo”)\nelif name[0] == “r”:\n    print(name ,” plays banjo”)\nelse:\n    print(name ,” does not play banjo”)",
        "user": "U01S0E0MRJ7",
        "ts": "1617022199.011100",
        "team": "T01RBRV5F7H",
        "user_team": "T01RBRV5F7H",
        "source_team": "T01RBRV5F7H",
        "user_profile": {
            "avatar_hash": "ad6853d3a1f4",
            "image_72": "https:\/\/avatars.slack-edge.com\/2021-04-16\/1993872127808_ad6853d3a1f43da8ec48_72.jpg",
            "first_name": "",
            "real_name": "Davis Pudans",
            "display_name": "Davis Pudans",
            "team": "T01RBRV5F7H",
            "name": "d.pudans",
            "is_restricted": false,
            "is_ultra_restricted": false
        },
        "blocks": [
            {
                "type": "rich_text",
                "block_id": "U3w=q",
                "elements": [
                    {
                        "type": "rich_text_section",
                        "elements": [
                            {
                                "type": "text",
                                "text": "if name[0] == “R”:\n    print(name ,” plays banjo”)\nelif name[0] == “r”:\n    print(name ,” plays banjo”)\nelse:\n    print(name ,” does not play banjo”)"
                            }
                        ]
                    }
                ]
            }
        ],
        "thread_ts": "1617020827.008300",
        "parent_user_id": "U01SJKB2MG8"
    },
    {
        "client_msg_id": "62c1fec7-1dbe-4e9b-af94-3809c2e8d033",
        "type": "message",
        "text": "One difficulty that I had with this last Kata was to even know that there exists the \"startswith\" expression. Could you share a reliable source of possible useful expressions?",
        "user": "U01RRV4JX6Z",
        "ts": "1617029726.012700",
        "team": "T01RBRV5F7H",
        "user_team": "T01RBRV5F7H",
        "source_team": "T01RBRV5F7H",
        "user_profile": {
            "avatar_hash": "339c4d69b7d9",
            "image_72": "https:\/\/avatars.slack-edge.com\/2021-04-14\/1961122781618_339c4d69b7d9fe16343a_72.jpg",
            "first_name": "",
            "real_name": "Francisco Ebeling",
            "display_name": "Francisco Ebeling",
            "team": "T01RBRV5F7H",
            "name": "ebelingbarros",
            "is_restricted": false,
            "is_ultra_restricted": false
        },
        "blocks": [
            {
                "type": "rich_text",
                "block_id": "ysy",
                "elements": [
                    {
                        "type": "rich_text_section",
                        "elements": [
                            {
                                "type": "text",
                                "text": "One difficulty that I had with this last Kata was to even know that there exists the \"startswith\" expression. Could you share a reliable source of possible useful expressions?"
                            }
                        ]
                    }
                ]
            }
        ],
        "thread_ts": "1617029726.012700",
        "reply_count": 4,
        "reply_users_count": 4,
        "latest_reply": "1617058909.013800",
        "reply_users": [
            "U01RW140HBP",
            "U01RRV4JX6Z",
            "U01RSRE0N3D",
            "U01S79YDELR"
        ],
        "replies": [
            {
                "user": "U01RW140HBP",
                "ts": "1617029933.012800"
            },
            {
                "user": "U01RRV4JX6Z",
                "ts": "1617032424.013100"
            },
            {
                "user": "U01RSRE0N3D",
                "ts": "1617034127.013300"
            },
            {
                "user": "U01S79YDELR",
                "ts": "1617058909.013800"
            }
        ],
        "is_locked": false,
        "subscribed": true,
        "last_read": "1617058909.013800"
    },
    {
        "client_msg_id": "6779fa4f-aed3-4704-9abe-723bf242cb28",
        "type": "message",
        "text": "<https:\/\/www.w3schools.com\/python\/python_strings_methods.asp>",
        "user": "U01RW140HBP",
        "ts": "1617029933.012800",
        "team": "T01RBRV5F7H",
        "user_team": "T01RBRV5F7H",
        "source_team": "T01RBRV5F7H",
        "user_profile": {
            "avatar_hash": "4c43a3a8d10b",
            "image_72": "https:\/\/avatars.slack-edge.com\/2021-03-21\/1895736308209_4c43a3a8d10bc2fe5e13_72.png",
            "first_name": "siand",
            "real_name": "siand the LT (she\/her)",
            "display_name": "siand the LT (she\/her)",
            "team": "T01RBRV5F7H",
            "name": "sian.davies",
            "is_restricted": false,
            "is_ultra_restricted": false
        },
        "attachments": [
            {
                "title": "Python - String Methods",
                "title_link": "https:\/\/www.w3schools.com\/python\/python_strings_methods.asp",
                "text": "Well organized and easy to understand Web building tutorials with lots of examples of how to use HTML, CSS, JavaScript, SQL, PHP, Python, Bootstrap, Java and XML.",
                "fallback": "Python - String Methods",
                "from_url": "https:\/\/www.w3schools.com\/python\/python_strings_methods.asp",
                "service_icon": "https:\/\/www.w3schools.com\/favicon.ico",
                "service_name": "w3schools.com",
                "id": 1,
                "original_url": "https:\/\/www.w3schools.com\/python\/python_strings_methods.asp"
            }
        ],
        "blocks": [
            {
                "type": "rich_text",
                "block_id": "W\/mG",
                "elements": [
                    {
                        "type": "rich_text_section",
                        "elements": [
                            {
                                "type": "link",
                                "url": "https:\/\/www.w3schools.com\/python\/python_strings_methods.asp"
                            }
                        ]
                    }
                ]
            }
        ],
        "thread_ts": "1617029726.012700",
        "parent_user_id": "U01RRV4JX6Z"
    },
    {
        "client_msg_id": "6fd991b4-b4ab-4bf4-8f5e-b6e906c842ef",
        "type": "message",
        "text": "Thanks!",
        "user": "U01RRV4JX6Z",
        "ts": "1617032424.013100",
        "team": "T01RBRV5F7H",
        "user_team": "T01RBRV5F7H",
        "source_team": "T01RBRV5F7H",
        "user_profile": {
            "avatar_hash": "339c4d69b7d9",
            "image_72": "https:\/\/avatars.slack-edge.com\/2021-04-14\/1961122781618_339c4d69b7d9fe16343a_72.jpg",
            "first_name": "",
            "real_name": "Francisco Ebeling",
            "display_name": "Francisco Ebeling",
            "team": "T01RBRV5F7H",
            "name": "ebelingbarros",
            "is_restricted": false,
            "is_ultra_restricted": false
        },
        "blocks": [
            {
                "type": "rich_text",
                "block_id": "vQWq",
                "elements": [
                    {
                        "type": "rich_text_section",
                        "elements": [
                            {
                                "type": "text",
                                "text": "Thanks!"
                            }
                        ]
                    }
                ]
            }
        ],
        "thread_ts": "1617029726.012700",
        "parent_user_id": "U01RRV4JX6Z"
    },
    {
        "client_msg_id": "b9c7961d-a494-48db-b8e4-f223b5629ea3",
        "type": "message",
        "text": "this is an alternative I used using indexing :slightly_smiling_face: (should be something you've seen, cheers :v:)\n`name = \"Kosta\"`\n`name[0]`",
        "user": "U01RSRE0N3D",
        "ts": "1617034127.013300",
        "team": "T01RBRV5F7H",
        "user_team": "T01RBRV5F7H",
        "source_team": "T01RBRV5F7H",
        "user_profile": {
            "avatar_hash": "5b0571ca5e6f",
            "image_72": "https:\/\/avatars.slack-edge.com\/2021-03-18\/1876877550179_5b0571ca5e6fe1f759fe_72.jpg",
            "first_name": "Kosta",
            "real_name": "Kosta",
            "display_name": "Kosta",
            "team": "T01RBRV5F7H",
            "name": "kostadin.mitkov",
            "is_restricted": false,
            "is_ultra_restricted": false
        },
        "edited": {
            "user": "U01RSRE0N3D",
            "ts": "1617034245.000000"
        },
        "blocks": [
            {
                "type": "rich_text",
                "block_id": "=vX",
                "elements": [
                    {
                        "type": "rich_text_section",
                        "elements": [
                            {
                                "type": "text",
                                "text": "this is an alternative I used using indexing "
                            },
                            {
                                "type": "emoji",
                                "name": "slightly_smiling_face"
                            },
                            {
                                "type": "text",
                                "text": " (should be something you've seen, cheers "
                            },
                            {
                                "type": "emoji",
                                "name": "v"
                            },
                            {
                                "type": "text",
                                "text": ")\n"
                            },
                            {
                                "type": "text",
                                "text": "name = \"Kosta\"",
                                "style": {
                                    "code": true
                                }
                            },
                            {
                                "type": "text",
                                "text": "\n"
                            },
                            {
                                "type": "text",
                                "text": "name[0]",
                                "style": {
                                    "code": true
                                }
                            }
                        ]
                    }
                ]
            }
        ],
        "thread_ts": "1617029726.012700",
        "parent_user_id": "U01RRV4JX6Z",
        "reactions": [
            {
                "name": "+1",
                "users": [
                    "U01S79YDELR"
                ],
                "count": 1
            }
        ]
    },
    {
        "client_msg_id": "33dcd9b5-e461-436f-a873-2fe2997df41e",
        "type": "message",
        "text": "I also used index",
        "user": "U01S79YDELR",
        "ts": "1617058909.013800",
        "team": "T01RBRV5F7H",
        "user_team": "T01RBRV5F7H",
        "source_team": "T01RBRV5F7H",
        "user_profile": {
            "avatar_hash": "606def897de6",
            "image_72": "https:\/\/avatars.slack-edge.com\/2021-03-22\/1910932493456_606def897de66681d932_72.jpg",
            "first_name": "",
            "real_name": "Karina Condeixa",
            "display_name": "Karina Condeixa",
            "team": "T01RBRV5F7H",
            "name": "karina.condeixa",
            "is_restricted": false,
            "is_ultra_restricted": false
        },
        "edited": {
            "user": "U01S79YDELR",
            "ts": "1617058917.000000"
        },
        "blocks": [
            {
                "type": "rich_text",
                "block_id": "BlRUU",
                "elements": [
                    {
                        "type": "rich_text_section",
                        "elements": [
                            {
                                "type": "text",
                                "text": "I also used index"
                            }
                        ]
                    }
                ]
            }
        ],
        "thread_ts": "1617029726.012700",
        "parent_user_id": "U01RRV4JX6Z"
    }
]