[
    {
        "client_msg_id": "726a04e1-6e75-4dd0-a6c1-8badcc22a2c4",
        "type": "message",
        "text": "<https:\/\/www.codewars.com\/kata\/590a95eede09f87472000213\/train\/sql>",
        "user": "U01RSRE0N3D",
        "ts": "1617710776.000200",
        "team": "T01RBRV5F7H",
        "user_team": "T01RBRV5F7H",
        "source_team": "T01RBRV5F7H",
        "user_profile": {
            "avatar_hash": "5b0571ca5e6f",
            "image_72": "https:\/\/avatars.slack-edge.com\/2021-03-18\/1876877550179_5b0571ca5e6fe1f759fe_72.jpg",
            "first_name": "Kosta",
            "real_name": "Kosta",
            "display_name": "Kosta",
            "team": "T01RBRV5F7H",
            "name": "kostadin.mitkov",
            "is_restricted": false,
            "is_ultra_restricted": false
        },
        "attachments": [
            {
                "service_name": "Codewars",
                "title": "Training on Adults only  (SQL for Beginners #1) | Codewars",
                "title_link": "https:\/\/www.codewars.com\/kata\/590a95eede09f87472000213\/train\/sql",
                "text": "Codewars is where developers achieve code mastery through challenge. Train on kata in the dojo and reach your highest potential.",
                "fallback": "Codewars: Training on Adults only  (SQL for Beginners #1) | Codewars",
                "from_url": "https:\/\/www.codewars.com\/kata\/590a95eede09f87472000213\/train\/sql",
                "thumb_url": "https:\/\/www.codewars.com\/assets\/logos\/logo-square-paper-bg-c3d2b1eb4fb35d75b0c0c0e3b74616fab527afdce9d1d3184624cf0b4e950357.jpg",
                "thumb_width": 200,
                "thumb_height": 200,
                "service_icon": "https:\/\/www.codewars.com\/favicon.ico",
                "id": 1,
                "original_url": "https:\/\/www.codewars.com\/kata\/590a95eede09f87472000213\/train\/sql"
            }
        ],
        "blocks": [
            {
                "type": "rich_text",
                "block_id": "+oM",
                "elements": [
                    {
                        "type": "rich_text_section",
                        "elements": [
                            {
                                "type": "link",
                                "url": "https:\/\/www.codewars.com\/kata\/590a95eede09f87472000213\/train\/sql"
                            }
                        ]
                    }
                ]
            }
        ],
        "reactions": [
            {
                "name": "white_check_mark",
                "users": [
                    "U01S7BM4N81",
                    "U01S79YDELR",
                    "U01RRV4JX6Z",
                    "U01SD3CDH9P",
                    "U01RS9Y6UJH",
                    "U01SK96QF5E",
                    "U01RKN0EGDV",
                    "U01RXCQHMHT",
                    "U01S1CWGTU4"
                ],
                "count": 9
            }
        ]
    },
    {
        "client_msg_id": "15632d51-15f5-46eb-ac47-8a30e4d8f9e2",
        "type": "message",
        "text": "<https:\/\/www.codewars.com\/kata\/590ba881fe13cfdcc20001b4\/train\/sql>",
        "user": "U01SJKB2MG8",
        "ts": "1617711414.002300",
        "team": "T01RBRV5F7H",
        "user_team": "T01RBRV5F7H",
        "source_team": "T01RBRV5F7H",
        "user_profile": {
            "avatar_hash": "88fa894fdb53",
            "image_72": "https:\/\/avatars.slack-edge.com\/2021-03-19\/1885033153332_88fa894fdb5366452adf_72.jpg",
            "first_name": "Florian",
            "real_name": "Florian Titze",
            "display_name": "Flo Titze",
            "team": "T01RBRV5F7H",
            "name": "florian.titze",
            "is_restricted": false,
            "is_ultra_restricted": false
        },
        "attachments": [
            {
                "service_name": "Codewars",
                "title": "Training on On the Canadian Border (SQL for Beginners #2) | Codewars",
                "title_link": "https:\/\/www.codewars.com\/kata\/590ba881fe13cfdcc20001b4\/train\/sql",
                "text": "Codewars is where developers achieve code mastery through challenge. Train on kata in the dojo and reach your highest potential.",
                "fallback": "Codewars: Training on On the Canadian Border (SQL for Beginners #2) | Codewars",
                "from_url": "https:\/\/www.codewars.com\/kata\/590ba881fe13cfdcc20001b4\/train\/sql",
                "thumb_url": "https:\/\/www.codewars.com\/assets\/logos\/logo-square-paper-bg-c3d2b1eb4fb35d75b0c0c0e3b74616fab527afdce9d1d3184624cf0b4e950357.jpg",
                "thumb_width": 200,
                "thumb_height": 200,
                "service_icon": "https:\/\/www.codewars.com\/favicon.ico",
                "id": 1,
                "original_url": "https:\/\/www.codewars.com\/kata\/590ba881fe13cfdcc20001b4\/train\/sql"
            }
        ],
        "blocks": [
            {
                "type": "rich_text",
                "block_id": "C=W",
                "elements": [
                    {
                        "type": "rich_text_section",
                        "elements": [
                            {
                                "type": "link",
                                "url": "https:\/\/www.codewars.com\/kata\/590ba881fe13cfdcc20001b4\/train\/sql"
                            }
                        ]
                    }
                ]
            }
        ],
        "thread_ts": "1617711414.002300",
        "reply_count": 4,
        "reply_users_count": 3,
        "latest_reply": "1617715466.006700",
        "reply_users": [
            "U01RW140HBP",
            "U01SJKB2MG8",
            "U01S7KCL3DF"
        ],
        "replies": [
            {
                "user": "U01RW140HBP",
                "ts": "1617711599.002600"
            },
            {
                "user": "U01SJKB2MG8",
                "ts": "1617712490.004200"
            },
            {
                "user": "U01S7KCL3DF",
                "ts": "1617713776.006400"
            },
            {
                "user": "U01RW140HBP",
                "ts": "1617715466.006700"
            }
        ],
        "is_locked": false,
        "subscribed": false,
        "reactions": [
            {
                "name": "white_check_mark",
                "users": [
                    "U01S7BM4N81",
                    "U01RSRE0N3D",
                    "U01RXCQHMHT",
                    "U01RW2X7S9Z",
                    "U01S1CWGTU4",
                    "U01S79YDELR",
                    "U01SK96QF5E",
                    "U01RKN0EGDV",
                    "U01S0E0MRJ7"
                ],
                "count": 9
            }
        ]
    },
    {
        "client_msg_id": "cf581500-c40a-4280-aa34-76efaea7c88e",
        "type": "message",
        "text": "The US - in the table it is ‘USA’ … badly worded",
        "user": "U01RW140HBP",
        "ts": "1617711599.002600",
        "team": "T01RBRV5F7H",
        "user_team": "T01RBRV5F7H",
        "source_team": "T01RBRV5F7H",
        "user_profile": {
            "avatar_hash": "4c43a3a8d10b",
            "image_72": "https:\/\/avatars.slack-edge.com\/2021-03-21\/1895736308209_4c43a3a8d10bc2fe5e13_72.png",
            "first_name": "siand",
            "real_name": "siand the LT (she\/her)",
            "display_name": "siand the LT (she\/her)",
            "team": "T01RBRV5F7H",
            "name": "sian.davies",
            "is_restricted": false,
            "is_ultra_restricted": false
        },
        "blocks": [
            {
                "type": "rich_text",
                "block_id": "B2Ro",
                "elements": [
                    {
                        "type": "rich_text_section",
                        "elements": [
                            {
                                "type": "text",
                                "text": "The US - in the table it is ‘USA’ … badly worded"
                            }
                        ]
                    }
                ]
            }
        ],
        "thread_ts": "1617711414.002300",
        "parent_user_id": "U01SJKB2MG8",
        "reactions": [
            {
                "name": "point_up",
                "users": [
                    "U01SJKB2MG8"
                ],
                "count": 1
            }
        ]
    },
    {
        "type": "message",
        "text": "See attached the shortest and probably most elegant solution by <@U01SK96QF5E> (and probably some other students :wink:). Your other solutions, especially the ones connecting the conditions with `AND` of course also work, but you need an extra line for every country then",
        "files": [
            {
                "id": "F01TDEGLN8J",
                "created": 1617712478,
                "timestamp": 1617712478,
                "name": "kata_canadian_border.sql",
                "title": "kata_canadian_border.sql",
                "mimetype": "text\/plain",
                "filetype": "sql",
                "pretty_type": "SQL",
                "user": "U01SJKB2MG8",
                "editable": true,
                "size": 85,
                "mode": "snippet",
                "is_external": false,
                "external_type": "",
                "is_public": true,
                "public_url_shared": false,
                "display_as_bot": false,
                "username": "",
                "url_private": "https:\/\/files.slack.com\/files-pri\/T01RBRV5F7H-F01TDEGLN8J\/kata_canadian_border.sql?t=xoxe-1861879185255-2005250891763-2017654554721-735ed824033d65b9b5a8817aca87e86a",
                "url_private_download": "https:\/\/files.slack.com\/files-pri\/T01RBRV5F7H-F01TDEGLN8J\/download\/kata_canadian_border.sql?t=xoxe-1861879185255-2005250891763-2017654554721-735ed824033d65b9b5a8817aca87e86a",
                "permalink": "https:\/\/data-ft-ber-03-2021.slack.com\/files\/U01SJKB2MG8\/F01TDEGLN8J\/kata_canadian_border.sql",
                "permalink_public": "https:\/\/slack-files.com\/T01RBRV5F7H-F01TDEGLN8J-bf691fab7c",
                "edit_link": "https:\/\/data-ft-ber-03-2021.slack.com\/files\/U01SJKB2MG8\/F01TDEGLN8J\/kata_canadian_border.sql\/edit",
                "is_starred": false,
                "has_rich_preview": false
            }
        ],
        "upload": true,
        "blocks": [
            {
                "type": "rich_text",
                "block_id": "OBWJ3",
                "elements": [
                    {
                        "type": "rich_text_section",
                        "elements": [
                            {
                                "type": "text",
                                "text": "See attached the shortest and probably most elegant solution by "
                            },
                            {
                                "type": "user",
                                "user_id": "U01SK96QF5E"
                            },
                            {
                                "type": "text",
                                "text": " (and probably some other students "
                            },
                            {
                                "type": "emoji",
                                "name": "wink"
                            },
                            {
                                "type": "text",
                                "text": "). Your other solutions, especially the ones connecting the conditions with "
                            },
                            {
                                "type": "text",
                                "text": "AND",
                                "style": {
                                    "code": true
                                }
                            },
                            {
                                "type": "text",
                                "text": " of course also work, but you need an extra line for every country then"
                            }
                        ]
                    }
                ]
            }
        ],
        "user": "U01SJKB2MG8",
        "display_as_bot": false,
        "ts": "1617712490.004200",
        "edited": {
            "user": "U01SJKB2MG8",
            "ts": "1617712523.000000"
        },
        "client_msg_id": "379080c2-6688-464e-b611-67f6a990157c",
        "thread_ts": "1617711414.002300",
        "parent_user_id": "U01SJKB2MG8"
    },
    {
        "client_msg_id": "0b71fe90-2ecd-4e58-bda5-ca145fb381ee",
        "type": "message",
        "text": "please sir can we do the harry potter sql kata  :slightly_smiling_face: at some point :harry-potter:",
        "user": "U01RW140HBP",
        "ts": "1617712849.005400",
        "team": "T01RBRV5F7H",
        "user_team": "T01RBRV5F7H",
        "source_team": "T01RBRV5F7H",
        "user_profile": {
            "avatar_hash": "4c43a3a8d10b",
            "image_72": "https:\/\/avatars.slack-edge.com\/2021-03-21\/1895736308209_4c43a3a8d10bc2fe5e13_72.png",
            "first_name": "siand",
            "real_name": "siand the LT (she\/her)",
            "display_name": "siand the LT (she\/her)",
            "team": "T01RBRV5F7H",
            "name": "sian.davies",
            "is_restricted": false,
            "is_ultra_restricted": false
        },
        "blocks": [
            {
                "type": "rich_text",
                "block_id": "RwKVr",
                "elements": [
                    {
                        "type": "rich_text_section",
                        "elements": [
                            {
                                "type": "text",
                                "text": "please sir can we do the harry potter sql kata  "
                            },
                            {
                                "type": "emoji",
                                "name": "slightly_smiling_face"
                            },
                            {
                                "type": "text",
                                "text": " at some point "
                            },
                            {
                                "type": "emoji",
                                "name": "harry-potter"
                            }
                        ]
                    }
                ]
            }
        ],
        "thread_ts": "1617712849.005400",
        "reply_count": 3,
        "reply_users_count": 2,
        "latest_reply": "1617712902.006200",
        "reply_users": [
            "U01RW2X7S9Z",
            "U01RW140HBP"
        ],
        "replies": [
            {
                "user": "U01RW2X7S9Z",
                "ts": "1617712879.005500"
            },
            {
                "user": "U01RW140HBP",
                "ts": "1617712885.005800"
            },
            {
                "user": "U01RW140HBP",
                "ts": "1617712902.006200"
            }
        ],
        "is_locked": false,
        "subscribed": false,
        "reactions": [
            {
                "name": "heart_eyes",
                "users": [
                    "U01RN7BVD1C",
                    "U01RSRE0N3D",
                    "U01SK96QF5E"
                ],
                "count": 3
            }
        ]
    },
    {
        "client_msg_id": "003b396d-16d3-43e0-8044-c2598c2d2396",
        "type": "message",
        "text": "i just fell onto that one in codewars haha",
        "user": "U01RW2X7S9Z",
        "ts": "1617712879.005500",
        "team": "T01RBRV5F7H",
        "user_team": "T01RBRV5F7H",
        "source_team": "T01RBRV5F7H",
        "user_profile": {
            "avatar_hash": "7e12d75d168a",
            "image_72": "https:\/\/avatars.slack-edge.com\/2021-03-19\/1880105796643_7e12d75d168ae25c167d_72.jpg",
            "first_name": "Alexandre",
            "real_name": "Alexandre Sommerkamp",
            "display_name": "Alexandre Sommerkamp",
            "team": "T01RBRV5F7H",
            "name": "alex.c.skp",
            "is_restricted": false,
            "is_ultra_restricted": false
        },
        "blocks": [
            {
                "type": "rich_text",
                "block_id": "6yWK",
                "elements": [
                    {
                        "type": "rich_text_section",
                        "elements": [
                            {
                                "type": "text",
                                "text": "i just fell onto that one in codewars haha"
                            }
                        ]
                    }
                ]
            }
        ],
        "thread_ts": "1617712849.005400",
        "parent_user_id": "U01RW140HBP"
    },
    {
        "client_msg_id": "ca419271-3658-4e64-aa84-c1774a46393d",
        "type": "message",
        "text": "hehehe",
        "user": "U01RW140HBP",
        "ts": "1617712885.005800",
        "team": "T01RBRV5F7H",
        "user_team": "T01RBRV5F7H",
        "source_team": "T01RBRV5F7H",
        "user_profile": {
            "avatar_hash": "4c43a3a8d10b",
            "image_72": "https:\/\/avatars.slack-edge.com\/2021-03-21\/1895736308209_4c43a3a8d10bc2fe5e13_72.png",
            "first_name": "siand",
            "real_name": "siand the LT (she\/her)",
            "display_name": "siand the LT (she\/her)",
            "team": "T01RBRV5F7H",
            "name": "sian.davies",
            "is_restricted": false,
            "is_ultra_restricted": false
        },
        "blocks": [
            {
                "type": "rich_text",
                "block_id": "7kNp",
                "elements": [
                    {
                        "type": "rich_text_section",
                        "elements": [
                            {
                                "type": "text",
                                "text": "hehehe"
                            }
                        ]
                    }
                ]
            }
        ],
        "thread_ts": "1617712849.005400",
        "parent_user_id": "U01RW140HBP"
    },
    {
        "client_msg_id": "422621e0-924b-4eaf-8555-c8e6e6525dca",
        "type": "message",
        "text": "so many brackets ….",
        "user": "U01RW140HBP",
        "ts": "1617712902.006200",
        "team": "T01RBRV5F7H",
        "user_team": "T01RBRV5F7H",
        "source_team": "T01RBRV5F7H",
        "user_profile": {
            "avatar_hash": "4c43a3a8d10b",
            "image_72": "https:\/\/avatars.slack-edge.com\/2021-03-21\/1895736308209_4c43a3a8d10bc2fe5e13_72.png",
            "first_name": "siand",
            "real_name": "siand the LT (she\/her)",
            "display_name": "siand the LT (she\/her)",
            "team": "T01RBRV5F7H",
            "name": "sian.davies",
            "is_restricted": false,
            "is_ultra_restricted": false
        },
        "blocks": [
            {
                "type": "rich_text",
                "block_id": "y\/Ci",
                "elements": [
                    {
                        "type": "rich_text_section",
                        "elements": [
                            {
                                "type": "text",
                                "text": "so many brackets …."
                            }
                        ]
                    }
                ]
            }
        ],
        "thread_ts": "1617712849.005400",
        "parent_user_id": "U01RW140HBP"
    },
    {
        "client_msg_id": "54abd051-511e-4e06-ad07-0aec9523d287",
        "type": "message",
        "text": "does AND always necessitate a new line?",
        "user": "U01S7KCL3DF",
        "ts": "1617713776.006400",
        "team": "T01RBRV5F7H",
        "user_team": "T01RBRV5F7H",
        "source_team": "T01RBRV5F7H",
        "user_profile": {
            "avatar_hash": "17b52091bb62",
            "image_72": "https:\/\/avatars.slack-edge.com\/2021-03-19\/1875964347925_17b52091bb62c2340b4c_72.png",
            "first_name": "Sam",
            "real_name": "Sam Katterfield",
            "display_name": "Sam",
            "team": "T01RBRV5F7H",
            "name": "samkatterfield",
            "is_restricted": false,
            "is_ultra_restricted": false
        },
        "blocks": [
            {
                "type": "rich_text",
                "block_id": "MxG",
                "elements": [
                    {
                        "type": "rich_text_section",
                        "elements": [
                            {
                                "type": "text",
                                "text": "does AND always necessitate a new line?"
                            }
                        ]
                    }
                ]
            }
        ],
        "thread_ts": "1617711414.002300",
        "parent_user_id": "U01SJKB2MG8"
    },
    {
        "client_msg_id": "2be1b256-f82f-4595-9bac-52058ec61358",
        "type": "message",
        "text": "no… you might find people do and on a new line to make the syntax clearer to read though … heres an example in one line\n*select * from bank.trans t* \n*where t.type = ‘VYDAJ’  AND t.amount &gt; 70000*",
        "user": "U01RW140HBP",
        "ts": "1617715466.006700",
        "team": "T01RBRV5F7H",
        "user_team": "T01RBRV5F7H",
        "source_team": "T01RBRV5F7H",
        "user_profile": {
            "avatar_hash": "4c43a3a8d10b",
            "image_72": "https:\/\/avatars.slack-edge.com\/2021-03-21\/1895736308209_4c43a3a8d10bc2fe5e13_72.png",
            "first_name": "siand",
            "real_name": "siand the LT (she\/her)",
            "display_name": "siand the LT (she\/her)",
            "team": "T01RBRV5F7H",
            "name": "sian.davies",
            "is_restricted": false,
            "is_ultra_restricted": false
        },
        "blocks": [
            {
                "type": "rich_text",
                "block_id": "pV5+L",
                "elements": [
                    {
                        "type": "rich_text_section",
                        "elements": [
                            {
                                "type": "text",
                                "text": "no… you might find people do and on a new line to make the syntax clearer to read though … heres an example in one line\n"
                            },
                            {
                                "type": "text",
                                "text": "select * from bank.trans t ",
                                "style": {
                                    "bold": true
                                }
                            },
                            {
                                "type": "text",
                                "text": "\n"
                            },
                            {
                                "type": "text",
                                "text": "where t.type = ‘VYDAJ’  AND t.amount > 70000",
                                "style": {
                                    "bold": true
                                }
                            }
                        ]
                    }
                ]
            }
        ],
        "thread_ts": "1617711414.002300",
        "parent_user_id": "U01SJKB2MG8",
        "reactions": [
            {
                "name": "+1",
                "users": [
                    "U01S7KCL3DF"
                ],
                "count": 1
            }
        ]
    }
]