[
    {
        "client_msg_id": "28b007ef-35f0-4d20-a441-0f5af43bf116",
        "type": "message",
        "text": "<@U01RKN0EGDV>. Had the same problem trying to import dataset into SQL - workbench just shuts down on me every time after I enter the password. -\nDid you resolve this issue? -",
        "user": "U01S133DZ9A",
        "ts": "1618065649.035400",
        "team": "T01RBRV5F7H",
        "user_team": "T01RBRV5F7H",
        "source_team": "T01RBRV5F7H",
        "user_profile": {
            "avatar_hash": "adb8b81e55b5",
            "image_72": "https:\/\/avatars.slack-edge.com\/2021-03-23\/1887337161925_adb8b81e55b5ac488cf1_72.jpg",
            "first_name": "Simon",
            "real_name": "Simon Data",
            "display_name": "Simon Data",
            "team": "T01RBRV5F7H",
            "name": "simples707data",
            "is_restricted": false,
            "is_ultra_restricted": false
        },
        "blocks": [
            {
                "type": "rich_text",
                "block_id": "4qGt2",
                "elements": [
                    {
                        "type": "rich_text_section",
                        "elements": [
                            {
                                "type": "user",
                                "user_id": "U01RKN0EGDV"
                            },
                            {
                                "type": "text",
                                "text": ". Had the same problem trying to import dataset into SQL - workbench just shuts down on me every time after I enter the password. -\nDid you resolve this issue? -"
                            }
                        ]
                    }
                ]
            }
        ],
        "thread_ts": "1617973715.008600",
        "parent_user_id": "U01RKN0EGDV"
    }
]