[
    {
        "client_msg_id": "5583917f-8fe2-4492-97e2-1bca3619956c",
        "type": "message",
        "text": "<!channel> reach out here for lab help with tableau and any questions. Please leave the TAs to finish grading this afternoon - im available to jump on a break out room with you at any point :slightly_smiling_face:",
        "user": "U01RW140HBP",
        "ts": "1619518845.018600",
        "team": "T01RBRV5F7H",
        "user_team": "T01RBRV5F7H",
        "source_team": "T01RBRV5F7H",
        "user_profile": {
            "avatar_hash": "4c43a3a8d10b",
            "image_72": "https:\/\/avatars.slack-edge.com\/2021-03-21\/1895736308209_4c43a3a8d10bc2fe5e13_72.png",
            "first_name": "siand",
            "real_name": "siand the LT (she\/her)",
            "display_name": "siand the LT (she\/her)",
            "team": "T01RBRV5F7H",
            "name": "sian.davies",
            "is_restricted": false,
            "is_ultra_restricted": false
        },
        "blocks": [
            {
                "type": "rich_text",
                "block_id": "fXOy",
                "elements": [
                    {
                        "type": "rich_text_section",
                        "elements": [
                            {
                                "type": "broadcast",
                                "range": "channel"
                            },
                            {
                                "type": "text",
                                "text": " reach out here for lab help with tableau and any questions. Please leave the TAs to finish grading this afternoon - im available to jump on a break out room with you at any point "
                            },
                            {
                                "type": "emoji",
                                "name": "slightly_smiling_face"
                            }
                        ]
                    }
                ]
            }
        ]
    }
]