[
    {
        "type": "message",
        "text": "Is that a good score on the iris dataset?",
        "files": [
            {
                "id": "F01U4FGEKJN",
                "created": 1618311014,
                "timestamp": 1618311014,
                "name": "Bildschirmfoto 2021-04-13 um 12.49.58.png",
                "title": "Bildschirmfoto 2021-04-13 um 12.49.58.png",
                "mimetype": "image\/png",
                "filetype": "png",
                "pretty_type": "PNG",
                "user": "U01S7BM4N81",
                "editable": false,
                "size": 11364,
                "mode": "hosted",
                "is_external": false,
                "external_type": "",
                "is_public": true,
                "public_url_shared": false,
                "display_as_bot": false,
                "username": "",
                "url_private": "https:\/\/files.slack.com\/files-pri\/T01RBRV5F7H-F01U4FGEKJN\/bildschirmfoto_2021-04-13_um_12.49.58.png?t=xoxe-1861879185255-2005250891763-2017654554721-735ed824033d65b9b5a8817aca87e86a",
                "url_private_download": "https:\/\/files.slack.com\/files-pri\/T01RBRV5F7H-F01U4FGEKJN\/download\/bildschirmfoto_2021-04-13_um_12.49.58.png?t=xoxe-1861879185255-2005250891763-2017654554721-735ed824033d65b9b5a8817aca87e86a",
                "thumb_64": "https:\/\/files.slack.com\/files-tmb\/T01RBRV5F7H-F01U4FGEKJN-acc21b33af\/bildschirmfoto_2021-04-13_um_12.49.58_64.png?t=xoxe-1861879185255-2005250891763-2017654554721-735ed824033d65b9b5a8817aca87e86a",
                "thumb_80": "https:\/\/files.slack.com\/files-tmb\/T01RBRV5F7H-F01U4FGEKJN-acc21b33af\/bildschirmfoto_2021-04-13_um_12.49.58_80.png?t=xoxe-1861879185255-2005250891763-2017654554721-735ed824033d65b9b5a8817aca87e86a",
                "thumb_360": "https:\/\/files.slack.com\/files-tmb\/T01RBRV5F7H-F01U4FGEKJN-acc21b33af\/bildschirmfoto_2021-04-13_um_12.49.58_360.png?t=xoxe-1861879185255-2005250891763-2017654554721-735ed824033d65b9b5a8817aca87e86a",
                "thumb_360_w": 360,
                "thumb_360_h": 60,
                "thumb_480": "https:\/\/files.slack.com\/files-tmb\/T01RBRV5F7H-F01U4FGEKJN-acc21b33af\/bildschirmfoto_2021-04-13_um_12.49.58_480.png?t=xoxe-1861879185255-2005250891763-2017654554721-735ed824033d65b9b5a8817aca87e86a",
                "thumb_480_w": 480,
                "thumb_480_h": 81,
                "thumb_160": "https:\/\/files.slack.com\/files-tmb\/T01RBRV5F7H-F01U4FGEKJN-acc21b33af\/bildschirmfoto_2021-04-13_um_12.49.58_160.png?t=xoxe-1861879185255-2005250891763-2017654554721-735ed824033d65b9b5a8817aca87e86a",
                "original_w": 548,
                "original_h": 92,
                "thumb_tiny": "AwAIADDRGcDrSHOeM\/pTqKAG\/N7\/AKUuDj71FFABj\/apaKKAP\/\/Z",
                "permalink": "https:\/\/data-ft-ber-03-2021.slack.com\/files\/U01S7BM4N81\/F01U4FGEKJN\/bildschirmfoto_2021-04-13_um_12.49.58.png",
                "permalink_public": "https:\/\/slack-files.com\/T01RBRV5F7H-F01U4FGEKJN-23266515b3",
                "is_starred": false,
                "has_rich_preview": false
            }
        ],
        "upload": false,
        "blocks": [
            {
                "type": "rich_text",
                "block_id": "C7Pw",
                "elements": [
                    {
                        "type": "rich_text_section",
                        "elements": [
                            {
                                "type": "text",
                                "text": "Is that a good score on the iris dataset?"
                            }
                        ]
                    }
                ]
            }
        ],
        "user": "U01S7BM4N81",
        "display_as_bot": false,
        "ts": "1618311027.048500",
        "reactions": [
            {
                "name": "raised_hands",
                "users": [
                    "U01RW140HBP"
                ],
                "count": 1
            }
        ]
    },
    {
        "type": "message",
        "text": "",
        "files": [
            {
                "id": "F01U4FJMW2E",
                "created": 1618311061,
                "timestamp": 1618311061,
                "name": "image.png",
                "title": "image.png",
                "mimetype": "image\/png",
                "filetype": "png",
                "pretty_type": "PNG",
                "user": "U01RW2X7S9Z",
                "editable": false,
                "size": 2137,
                "mode": "hosted",
                "is_external": false,
                "external_type": "",
                "is_public": true,
                "public_url_shared": false,
                "display_as_bot": false,
                "username": "",
                "url_private": "https:\/\/files.slack.com\/files-pri\/T01RBRV5F7H-F01U4FJMW2E\/image.png?t=xoxe-1861879185255-2005250891763-2017654554721-735ed824033d65b9b5a8817aca87e86a",
                "url_private_download": "https:\/\/files.slack.com\/files-pri\/T01RBRV5F7H-F01U4FJMW2E\/download\/image.png?t=xoxe-1861879185255-2005250891763-2017654554721-735ed824033d65b9b5a8817aca87e86a",
                "thumb_64": "https:\/\/files.slack.com\/files-tmb\/T01RBRV5F7H-F01U4FJMW2E-d64545a20c\/image_64.png?t=xoxe-1861879185255-2005250891763-2017654554721-735ed824033d65b9b5a8817aca87e86a",
                "thumb_80": "https:\/\/files.slack.com\/files-tmb\/T01RBRV5F7H-F01U4FJMW2E-d64545a20c\/image_80.png?t=xoxe-1861879185255-2005250891763-2017654554721-735ed824033d65b9b5a8817aca87e86a",
                "thumb_360": "https:\/\/files.slack.com\/files-tmb\/T01RBRV5F7H-F01U4FJMW2E-d64545a20c\/image_360.png?t=xoxe-1861879185255-2005250891763-2017654554721-735ed824033d65b9b5a8817aca87e86a",
                "thumb_360_w": 345,
                "thumb_360_h": 63,
                "thumb_160": "https:\/\/files.slack.com\/files-tmb\/T01RBRV5F7H-F01U4FJMW2E-d64545a20c\/image_160.png?t=xoxe-1861879185255-2005250891763-2017654554721-735ed824033d65b9b5a8817aca87e86a",
                "original_w": 345,
                "original_h": 63,
                "thumb_tiny": "AwAIADDR289TRt\/2jTqKAG7fc0bfc06igBu33NLilooA\/9k=",
                "permalink": "https:\/\/data-ft-ber-03-2021.slack.com\/files\/U01RW2X7S9Z\/F01U4FJMW2E\/image.png",
                "permalink_public": "https:\/\/slack-files.com\/T01RBRV5F7H-F01U4FJMW2E-51ae907afb",
                "is_starred": false,
                "has_rich_preview": false
            }
        ],
        "upload": false,
        "user": "U01RW2X7S9Z",
        "display_as_bot": false,
        "ts": "1618311063.048600",
        "thread_ts": "1618311063.048600",
        "reply_count": 15,
        "reply_users_count": 4,
        "latest_reply": "1618323508.055200",
        "reply_users": [
            "U01S7BM4N81",
            "U01SJKB2MG8",
            "U01RW2X7S9Z",
            "U01SD3CDH9P"
        ],
        "replies": [
            {
                "user": "U01S7BM4N81",
                "ts": "1618311105.048900"
            },
            {
                "user": "U01SJKB2MG8",
                "ts": "1618312194.049400"
            },
            {
                "user": "U01RW2X7S9Z",
                "ts": "1618312279.049600"
            },
            {
                "user": "U01SJKB2MG8",
                "ts": "1618312574.049800"
            },
            {
                "user": "U01RW2X7S9Z",
                "ts": "1618312670.050000"
            },
            {
                "user": "U01SJKB2MG8",
                "ts": "1618312720.050400"
            },
            {
                "user": "U01SJKB2MG8",
                "ts": "1618312786.050600"
            },
            {
                "user": "U01RW2X7S9Z",
                "ts": "1618312804.050800"
            },
            {
                "user": "U01SJKB2MG8",
                "ts": "1618312911.051000"
            },
            {
                "user": "U01RW2X7S9Z",
                "ts": "1618312932.051300"
            },
            {
                "user": "U01RW2X7S9Z",
                "ts": "1618312968.051500"
            },
            {
                "user": "U01SD3CDH9P",
                "ts": "1618321657.054200"
            },
            {
                "user": "U01SD3CDH9P",
                "ts": "1618321702.054800"
            },
            {
                "user": "U01SD3CDH9P",
                "ts": "1618321714.055000"
            },
            {
                "user": "U01S7BM4N81",
                "ts": "1618323508.055200"
            }
        ],
        "is_locked": false,
        "subscribed": false,
        "reactions": [
            {
                "name": "mindblown",
                "users": [
                    "U01RSRE0N3D"
                ],
                "count": 1
            },
            {
                "name": "pog",
                "users": [
                    "U01RSRE0N3D"
                ],
                "count": 1
            },
            {
                "name": "cattyping",
                "users": [
                    "U01S7BM4N81"
                ],
                "count": 1
            },
            {
                "name": "+1",
                "users": [
                    "U01S7BM4N81",
                    "U01RW140HBP"
                ],
                "count": 2
            },
            {
                "name": "stonks",
                "users": [
                    "U01S7KCL3DF"
                ],
                "count": 1
            }
        ]
    },
    {
        "client_msg_id": "ce4d0c5e-7e81-45ec-bfc4-79a4daca6b13",
        "type": "message",
        "text": "Bro :smile: always on top, i like it :smile:",
        "user": "U01S7BM4N81",
        "ts": "1618311105.048900",
        "team": "T01RBRV5F7H",
        "user_team": "T01RBRV5F7H",
        "source_team": "T01RBRV5F7H",
        "user_profile": {
            "avatar_hash": "2adfc641e87e",
            "image_72": "https:\/\/avatars.slack-edge.com\/2021-04-16\/1994438084416_2adfc641e87e3a953d9c_72.png",
            "first_name": "Thamo",
            "real_name": "Thamo",
            "display_name": "Thamo",
            "team": "T01RBRV5F7H",
            "name": "thamokoeper",
            "is_restricted": false,
            "is_ultra_restricted": false
        },
        "blocks": [
            {
                "type": "rich_text",
                "block_id": "Ci2",
                "elements": [
                    {
                        "type": "rich_text_section",
                        "elements": [
                            {
                                "type": "text",
                                "text": "Bro "
                            },
                            {
                                "type": "emoji",
                                "name": "smile"
                            },
                            {
                                "type": "text",
                                "text": " always on top, i like it "
                            },
                            {
                                "type": "emoji",
                                "name": "smile"
                            }
                        ]
                    }
                ]
            }
        ],
        "thread_ts": "1618311063.048600",
        "parent_user_id": "U01RW2X7S9Z"
    },
    {
        "type": "message",
        "text": "",
        "files": [
            {
                "id": "F01TXPRSKHU",
                "created": 1618312191,
                "timestamp": 1618312191,
                "name": "30aphk.jpg",
                "title": "30aphk.jpg",
                "mimetype": "image\/jpeg",
                "filetype": "jpg",
                "pretty_type": "JPEG",
                "user": "U01SJKB2MG8",
                "editable": false,
                "size": 85083,
                "mode": "hosted",
                "is_external": false,
                "external_type": "",
                "is_public": true,
                "public_url_shared": false,
                "display_as_bot": false,
                "username": "",
                "url_private": "https:\/\/files.slack.com\/files-pri\/T01RBRV5F7H-F01TXPRSKHU\/30aphk.jpg?t=xoxe-1861879185255-2005250891763-2017654554721-735ed824033d65b9b5a8817aca87e86a",
                "url_private_download": "https:\/\/files.slack.com\/files-pri\/T01RBRV5F7H-F01TXPRSKHU\/download\/30aphk.jpg?t=xoxe-1861879185255-2005250891763-2017654554721-735ed824033d65b9b5a8817aca87e86a",
                "thumb_64": "https:\/\/files.slack.com\/files-tmb\/T01RBRV5F7H-F01TXPRSKHU-68b57a06bd\/30aphk_64.jpg?t=xoxe-1861879185255-2005250891763-2017654554721-735ed824033d65b9b5a8817aca87e86a",
                "thumb_80": "https:\/\/files.slack.com\/files-tmb\/T01RBRV5F7H-F01TXPRSKHU-68b57a06bd\/30aphk_80.jpg?t=xoxe-1861879185255-2005250891763-2017654554721-735ed824033d65b9b5a8817aca87e86a",
                "thumb_360": "https:\/\/files.slack.com\/files-tmb\/T01RBRV5F7H-F01TXPRSKHU-68b57a06bd\/30aphk_360.jpg?t=xoxe-1861879185255-2005250891763-2017654554721-735ed824033d65b9b5a8817aca87e86a",
                "thumb_360_w": 313,
                "thumb_360_h": 360,
                "thumb_480": "https:\/\/files.slack.com\/files-tmb\/T01RBRV5F7H-F01TXPRSKHU-68b57a06bd\/30aphk_480.jpg?t=xoxe-1861879185255-2005250891763-2017654554721-735ed824033d65b9b5a8817aca87e86a",
                "thumb_480_w": 417,
                "thumb_480_h": 480,
                "thumb_160": "https:\/\/files.slack.com\/files-tmb\/T01RBRV5F7H-F01TXPRSKHU-68b57a06bd\/30aphk_160.jpg?t=xoxe-1861879185255-2005250891763-2017654554721-735ed824033d65b9b5a8817aca87e86a",
                "original_w": 500,
                "original_h": 575,
                "thumb_tiny": "AwAwACmnH3q5ZoTFkohGTyevaqqJwfmHPsanR1iQbSGPegRb2LnPlpyBUUqEowEajjt\/+qozIXPDgZ6YGMmnIytEUb5TnkDmlcZU2lR8xAPpSbqHYM\/AwO1LimAxWKng4qYoxjMgHA6npUcTFpFXsT6VYuG+6v8AD0xSAgWYr0OKmgzKz\/MNxGMmqbKysRzVqwZUkYv93GDmgCOSJ4nw4\/HsaKtu0cu+GPJ43KT61U\/A0APtF3b8fe28f1ocOw2gEnPQc0WSHzNxJXaM9Ku5TeWVgD\/eApgUo0mUghCNvPzDg1OVBBDRkE8swGOalaRQ21pcg+oqE+Q8u5rjBXGDSsA+0tvLl8wOGTHB71d3D+6fyqjHJHH8ofcD+lP+0j\/a\/OkM\/9k=",
                "permalink": "https:\/\/data-ft-ber-03-2021.slack.com\/files\/U01SJKB2MG8\/F01TXPRSKHU\/30aphk.jpg",
                "permalink_public": "https:\/\/slack-files.com\/T01RBRV5F7H-F01TXPRSKHU-cb2e8e863e",
                "is_starred": false,
                "has_rich_preview": false
            }
        ],
        "upload": false,
        "user": "U01SJKB2MG8",
        "display_as_bot": false,
        "ts": "1618312194.049400",
        "thread_ts": "1618311063.048600",
        "parent_user_id": "U01RW2X7S9Z"
    },
    {
        "client_msg_id": "a64a123f-4654-4517-bd0d-400dfdf5a6b0",
        "type": "message",
        "text": "when i change random parameters and test sizes it goes down, but when i ran it first time with the parameters the lab asks for, it went straight to 1",
        "user": "U01RW2X7S9Z",
        "ts": "1618312279.049600",
        "team": "T01RBRV5F7H",
        "user_team": "T01RBRV5F7H",
        "source_team": "T01RBRV5F7H",
        "user_profile": {
            "avatar_hash": "7e12d75d168a",
            "image_72": "https:\/\/avatars.slack-edge.com\/2021-03-19\/1880105796643_7e12d75d168ae25c167d_72.jpg",
            "first_name": "Alexandre",
            "real_name": "Alexandre Sommerkamp",
            "display_name": "Alexandre Sommerkamp",
            "team": "T01RBRV5F7H",
            "name": "alex.c.skp",
            "is_restricted": false,
            "is_ultra_restricted": false
        },
        "blocks": [
            {
                "type": "rich_text",
                "block_id": "9HLGn",
                "elements": [
                    {
                        "type": "rich_text_section",
                        "elements": [
                            {
                                "type": "text",
                                "text": "when i change random parameters and test sizes it goes down, but when i ran it first time with the parameters the lab asks for, it went straight to 1"
                            }
                        ]
                    }
                ]
            }
        ],
        "thread_ts": "1618311063.048600",
        "parent_user_id": "U01RW2X7S9Z",
        "reactions": [
            {
                "name": "+1",
                "users": [
                    "U01S7BM4N81"
                ],
                "count": 1
            }
        ]
    },
    {
        "client_msg_id": "9e3a6c89-bd4e-4136-90fc-b4b426fcf0a6",
        "type": "message",
        "text": "try\ntrain_size=0.6, test_size=0.4",
        "user": "U01SJKB2MG8",
        "ts": "1618312574.049800",
        "team": "T01RBRV5F7H",
        "user_team": "T01RBRV5F7H",
        "source_team": "T01RBRV5F7H",
        "user_profile": {
            "avatar_hash": "88fa894fdb53",
            "image_72": "https:\/\/avatars.slack-edge.com\/2021-03-19\/1885033153332_88fa894fdb5366452adf_72.jpg",
            "first_name": "Florian",
            "real_name": "Florian Titze",
            "display_name": "Flo Titze",
            "team": "T01RBRV5F7H",
            "name": "florian.titze",
            "is_restricted": false,
            "is_ultra_restricted": false
        },
        "blocks": [
            {
                "type": "rich_text",
                "block_id": "ElSJF",
                "elements": [
                    {
                        "type": "rich_text_section",
                        "elements": [
                            {
                                "type": "text",
                                "text": "try\ntrain_size=0.6, test_size=0.4"
                            }
                        ]
                    }
                ]
            }
        ],
        "thread_ts": "1618311063.048600",
        "parent_user_id": "U01RW2X7S9Z"
    },
    {
        "client_msg_id": "755bbf3d-2567-43b9-93f0-2eaafc204e59",
        "type": "message",
        "text": "only at test_size .45 starts dropping from 1",
        "user": "U01RW2X7S9Z",
        "ts": "1618312670.050000",
        "team": "T01RBRV5F7H",
        "user_team": "T01RBRV5F7H",
        "source_team": "T01RBRV5F7H",
        "user_profile": {
            "avatar_hash": "7e12d75d168a",
            "image_72": "https:\/\/avatars.slack-edge.com\/2021-03-19\/1880105796643_7e12d75d168ae25c167d_72.jpg",
            "first_name": "Alexandre",
            "real_name": "Alexandre Sommerkamp",
            "display_name": "Alexandre Sommerkamp",
            "team": "T01RBRV5F7H",
            "name": "alex.c.skp",
            "is_restricted": false,
            "is_ultra_restricted": false
        },
        "blocks": [
            {
                "type": "rich_text",
                "block_id": "rpYy",
                "elements": [
                    {
                        "type": "rich_text_section",
                        "elements": [
                            {
                                "type": "text",
                                "text": "only at test_size .45 starts dropping from 1"
                            }
                        ]
                    }
                ]
            }
        ],
        "thread_ts": "1618311063.048600",
        "parent_user_id": "U01RW2X7S9Z"
    },
    {
        "client_msg_id": "45ea6e5d-05c0-4e24-b630-2020d6a2a351",
        "type": "message",
        "text": "How does your confusion matrix look like?",
        "user": "U01SJKB2MG8",
        "ts": "1618312720.050400",
        "team": "T01RBRV5F7H",
        "user_team": "T01RBRV5F7H",
        "source_team": "T01RBRV5F7H",
        "user_profile": {
            "avatar_hash": "88fa894fdb53",
            "image_72": "https:\/\/avatars.slack-edge.com\/2021-03-19\/1885033153332_88fa894fdb5366452adf_72.jpg",
            "first_name": "Florian",
            "real_name": "Florian Titze",
            "display_name": "Flo Titze",
            "team": "T01RBRV5F7H",
            "name": "florian.titze",
            "is_restricted": false,
            "is_ultra_restricted": false
        },
        "blocks": [
            {
                "type": "rich_text",
                "block_id": "Poe",
                "elements": [
                    {
                        "type": "rich_text_section",
                        "elements": [
                            {
                                "type": "text",
                                "text": "How does your confusion matrix look like?"
                            }
                        ]
                    }
                ]
            }
        ],
        "thread_ts": "1618311063.048600",
        "parent_user_id": "U01RW2X7S9Z"
    },
    {
        "client_msg_id": "e681dfb5-fb1f-4931-863f-30ed26627080",
        "type": "message",
        "text": "And can you calculate *precision* and *recall?*",
        "user": "U01SJKB2MG8",
        "ts": "1618312786.050600",
        "team": "T01RBRV5F7H",
        "user_team": "T01RBRV5F7H",
        "source_team": "T01RBRV5F7H",
        "user_profile": {
            "avatar_hash": "88fa894fdb53",
            "image_72": "https:\/\/avatars.slack-edge.com\/2021-03-19\/1885033153332_88fa894fdb5366452adf_72.jpg",
            "first_name": "Florian",
            "real_name": "Florian Titze",
            "display_name": "Flo Titze",
            "team": "T01RBRV5F7H",
            "name": "florian.titze",
            "is_restricted": false,
            "is_ultra_restricted": false
        },
        "blocks": [
            {
                "type": "rich_text",
                "block_id": "kFv",
                "elements": [
                    {
                        "type": "rich_text_section",
                        "elements": [
                            {
                                "type": "text",
                                "text": "And can you calculate "
                            },
                            {
                                "type": "text",
                                "text": "precision",
                                "style": {
                                    "bold": true
                                }
                            },
                            {
                                "type": "text",
                                "text": " and "
                            },
                            {
                                "type": "text",
                                "text": "recall?",
                                "style": {
                                    "bold": true
                                }
                            }
                        ]
                    }
                ]
            }
        ],
        "thread_ts": "1618311063.048600",
        "parent_user_id": "U01RW2X7S9Z"
    },
    {
        "client_msg_id": "a1e46377-e6d1-4a6a-b0e4-cb47aefbcfb2",
        "type": "message",
        "text": "havent did the matrix nor recall yet, hold on",
        "user": "U01RW2X7S9Z",
        "ts": "1618312804.050800",
        "team": "T01RBRV5F7H",
        "user_team": "T01RBRV5F7H",
        "source_team": "T01RBRV5F7H",
        "user_profile": {
            "avatar_hash": "7e12d75d168a",
            "image_72": "https:\/\/avatars.slack-edge.com\/2021-03-19\/1880105796643_7e12d75d168ae25c167d_72.jpg",
            "first_name": "Alexandre",
            "real_name": "Alexandre Sommerkamp",
            "display_name": "Alexandre Sommerkamp",
            "team": "T01RBRV5F7H",
            "name": "alex.c.skp",
            "is_restricted": false,
            "is_ultra_restricted": false
        },
        "blocks": [
            {
                "type": "rich_text",
                "block_id": "TvV+",
                "elements": [
                    {
                        "type": "rich_text_section",
                        "elements": [
                            {
                                "type": "text",
                                "text": "havent did the matrix nor recall yet, hold on"
                            }
                        ]
                    }
                ]
            }
        ],
        "thread_ts": "1618311063.048600",
        "parent_user_id": "U01RW2X7S9Z"
    },
    {
        "client_msg_id": "3801db1c-69c3-4495-b30d-c2e0588d845c",
        "type": "message",
        "text": "For a multiclass logistic regression problem you can read here <https:\/\/towardsdatascience.com\/multi-class-metrics-made-simple-part-i-precision-and-recall-9250280bddc2>",
        "user": "U01SJKB2MG8",
        "ts": "1618312911.051000",
        "team": "T01RBRV5F7H",
        "user_team": "T01RBRV5F7H",
        "source_team": "T01RBRV5F7H",
        "user_profile": {
            "avatar_hash": "88fa894fdb53",
            "image_72": "https:\/\/avatars.slack-edge.com\/2021-03-19\/1885033153332_88fa894fdb5366452adf_72.jpg",
            "first_name": "Florian",
            "real_name": "Florian Titze",
            "display_name": "Flo Titze",
            "team": "T01RBRV5F7H",
            "name": "florian.titze",
            "is_restricted": false,
            "is_ultra_restricted": false
        },
        "attachments": [
            {
                "service_name": "Medium",
                "title": "Multi-Class Metrics Made Simple, Part I: Precision and Recall",
                "title_link": "https:\/\/towardsdatascience.com\/multi-class-metrics-made-simple-part-i-precision-and-recall-9250280bddc2",
                "text": "The Why and How of Precision and Recall for Multiple Classes (With Easy-to-Understand Examples!)",
                "fallback": "Medium: Multi-Class Metrics Made Simple, Part I: Precision and Recall",
                "image_url": "https:\/\/miro.medium.com\/max\/857\/1*BH9sKc-Mx8kIH4oSuFJp-A.png",
                "fields": [
                    {
                        "title": "Reading time",
                        "value": "7 min read",
                        "short": true
                    }
                ],
                "ts": 1591241892,
                "from_url": "https:\/\/towardsdatascience.com\/multi-class-metrics-made-simple-part-i-precision-and-recall-9250280bddc2",
                "image_width": 741,
                "image_height": 250,
                "image_bytes": 21740,
                "service_icon": "https:\/\/miro.medium.com\/fit\/c\/152\/152\/1*sHhtYhaCe2Uc3IU0IgKwIQ.png",
                "id": 1,
                "original_url": "https:\/\/towardsdatascience.com\/multi-class-metrics-made-simple-part-i-precision-and-recall-9250280bddc2"
            }
        ],
        "blocks": [
            {
                "type": "rich_text",
                "block_id": "YjJi",
                "elements": [
                    {
                        "type": "rich_text_section",
                        "elements": [
                            {
                                "type": "text",
                                "text": "For a multiclass logistic regression problem you can read here "
                            },
                            {
                                "type": "link",
                                "url": "https:\/\/towardsdatascience.com\/multi-class-metrics-made-simple-part-i-precision-and-recall-9250280bddc2"
                            }
                        ]
                    }
                ]
            }
        ],
        "thread_ts": "1618311063.048600",
        "parent_user_id": "U01RW2X7S9Z"
    },
    {
        "client_msg_id": "2a1af47d-b588-4252-8aa3-4b23f9ffd956",
        "type": "message",
        "text": "can we jump on a room?",
        "user": "U01RW2X7S9Z",
        "ts": "1618312932.051300",
        "team": "T01RBRV5F7H",
        "user_team": "T01RBRV5F7H",
        "source_team": "T01RBRV5F7H",
        "user_profile": {
            "avatar_hash": "7e12d75d168a",
            "image_72": "https:\/\/avatars.slack-edge.com\/2021-03-19\/1880105796643_7e12d75d168ae25c167d_72.jpg",
            "first_name": "Alexandre",
            "real_name": "Alexandre Sommerkamp",
            "display_name": "Alexandre Sommerkamp",
            "team": "T01RBRV5F7H",
            "name": "alex.c.skp",
            "is_restricted": false,
            "is_ultra_restricted": false
        },
        "blocks": [
            {
                "type": "rich_text",
                "block_id": "SyY",
                "elements": [
                    {
                        "type": "rich_text_section",
                        "elements": [
                            {
                                "type": "text",
                                "text": "can we jump on a room?"
                            }
                        ]
                    }
                ]
            }
        ],
        "thread_ts": "1618311063.048600",
        "parent_user_id": "U01RW2X7S9Z"
    },
    {
        "client_msg_id": "f5fbbaca-1106-4dac-b1fe-cbf9b9450462",
        "type": "message",
        "text": "maybe later, is lunchtime! haha",
        "user": "U01RW2X7S9Z",
        "ts": "1618312968.051500",
        "team": "T01RBRV5F7H",
        "user_team": "T01RBRV5F7H",
        "source_team": "T01RBRV5F7H",
        "user_profile": {
            "avatar_hash": "7e12d75d168a",
            "image_72": "https:\/\/avatars.slack-edge.com\/2021-03-19\/1880105796643_7e12d75d168ae25c167d_72.jpg",
            "first_name": "Alexandre",
            "real_name": "Alexandre Sommerkamp",
            "display_name": "Alexandre Sommerkamp",
            "team": "T01RBRV5F7H",
            "name": "alex.c.skp",
            "is_restricted": false,
            "is_ultra_restricted": false
        },
        "blocks": [
            {
                "type": "rich_text",
                "block_id": "lDO",
                "elements": [
                    {
                        "type": "rich_text_section",
                        "elements": [
                            {
                                "type": "text",
                                "text": "maybe later, is lunchtime! haha"
                            }
                        ]
                    }
                ]
            }
        ],
        "thread_ts": "1618311063.048600",
        "parent_user_id": "U01RW2X7S9Z"
    },
    {
        "client_msg_id": "99ac78e9-070d-422c-8d75-6f2ff7263d68",
        "type": "message",
        "text": "using the `conda list` command….. ‘scikit-learn’ is the package right?\n\nthat we import with ‘`import sklearn`’?",
        "user": "U01S7KCL3DF",
        "ts": "1618318866.052800",
        "team": "T01RBRV5F7H",
        "user_team": "T01RBRV5F7H",
        "source_team": "T01RBRV5F7H",
        "user_profile": {
            "avatar_hash": "17b52091bb62",
            "image_72": "https:\/\/avatars.slack-edge.com\/2021-03-19\/1875964347925_17b52091bb62c2340b4c_72.png",
            "first_name": "Sam",
            "real_name": "Sam Katterfield",
            "display_name": "Sam",
            "team": "T01RBRV5F7H",
            "name": "samkatterfield",
            "is_restricted": false,
            "is_ultra_restricted": false
        },
        "blocks": [
            {
                "type": "rich_text",
                "block_id": "gWL6",
                "elements": [
                    {
                        "type": "rich_text_section",
                        "elements": [
                            {
                                "type": "text",
                                "text": "using the "
                            },
                            {
                                "type": "text",
                                "text": "conda list",
                                "style": {
                                    "code": true
                                }
                            },
                            {
                                "type": "text",
                                "text": " command….. ‘scikit-learn’ is the package right?\n\nthat we import with ‘"
                            },
                            {
                                "type": "text",
                                "text": "import sklearn",
                                "style": {
                                    "code": true
                                }
                            },
                            {
                                "type": "text",
                                "text": "’?"
                            }
                        ]
                    }
                ]
            }
        ],
        "thread_ts": "1618318866.052800",
        "reply_count": 6,
        "reply_users_count": 2,
        "latest_reply": "1618321245.054000",
        "reply_users": [
            "U01SJKB2MG8",
            "U01S7KCL3DF"
        ],
        "replies": [
            {
                "user": "U01SJKB2MG8",
                "ts": "1618320995.053000"
            },
            {
                "user": "U01S7KCL3DF",
                "ts": "1618321028.053200"
            },
            {
                "user": "U01SJKB2MG8",
                "ts": "1618321069.053400"
            },
            {
                "user": "U01S7KCL3DF",
                "ts": "1618321108.053600"
            },
            {
                "user": "U01SJKB2MG8",
                "ts": "1618321198.053800"
            },
            {
                "user": "U01S7KCL3DF",
                "ts": "1618321245.054000"
            }
        ],
        "is_locked": false,
        "subscribed": false
    },
    {
        "client_msg_id": "eb70486e-7729-4ac4-9da5-c1ccd93d1b1b",
        "type": "message",
        "text": "yes, that's a bit confusing. The package name you install with conda is different than the import name",
        "user": "U01SJKB2MG8",
        "ts": "1618320995.053000",
        "team": "T01RBRV5F7H",
        "user_team": "T01RBRV5F7H",
        "source_team": "T01RBRV5F7H",
        "user_profile": {
            "avatar_hash": "88fa894fdb53",
            "image_72": "https:\/\/avatars.slack-edge.com\/2021-03-19\/1885033153332_88fa894fdb5366452adf_72.jpg",
            "first_name": "Florian",
            "real_name": "Florian Titze",
            "display_name": "Flo Titze",
            "team": "T01RBRV5F7H",
            "name": "florian.titze",
            "is_restricted": false,
            "is_ultra_restricted": false
        },
        "blocks": [
            {
                "type": "rich_text",
                "block_id": "8xK7",
                "elements": [
                    {
                        "type": "rich_text_section",
                        "elements": [
                            {
                                "type": "text",
                                "text": "yes, that's a bit confusing. The package name you install with conda is different than the import name"
                            }
                        ]
                    }
                ]
            }
        ],
        "thread_ts": "1618318866.052800",
        "parent_user_id": "U01S7KCL3DF"
    },
    {
        "client_msg_id": "94e2e429-ed2b-4e69-9c60-41850064775c",
        "type": "message",
        "text": "it’s in my `list` but i can’t import it somehow :thinking_face:",
        "user": "U01S7KCL3DF",
        "ts": "1618321028.053200",
        "team": "T01RBRV5F7H",
        "user_team": "T01RBRV5F7H",
        "source_team": "T01RBRV5F7H",
        "user_profile": {
            "avatar_hash": "17b52091bb62",
            "image_72": "https:\/\/avatars.slack-edge.com\/2021-03-19\/1875964347925_17b52091bb62c2340b4c_72.png",
            "first_name": "Sam",
            "real_name": "Sam Katterfield",
            "display_name": "Sam",
            "team": "T01RBRV5F7H",
            "name": "samkatterfield",
            "is_restricted": false,
            "is_ultra_restricted": false
        },
        "blocks": [
            {
                "type": "rich_text",
                "block_id": "hA4S",
                "elements": [
                    {
                        "type": "rich_text_section",
                        "elements": [
                            {
                                "type": "text",
                                "text": "it’s in my "
                            },
                            {
                                "type": "text",
                                "text": "list",
                                "style": {
                                    "code": true
                                }
                            },
                            {
                                "type": "text",
                                "text": " but i can’t import it somehow "
                            },
                            {
                                "type": "emoji",
                                "name": "thinking_face"
                            }
                        ]
                    }
                ]
            }
        ],
        "thread_ts": "1618318866.052800",
        "parent_user_id": "U01S7KCL3DF"
    },
    {
        "client_msg_id": "ec4a406e-4202-4cbb-a17a-ff54203e70b8",
        "type": "message",
        "text": "whats the error message?",
        "user": "U01SJKB2MG8",
        "ts": "1618321069.053400",
        "team": "T01RBRV5F7H",
        "user_team": "T01RBRV5F7H",
        "source_team": "T01RBRV5F7H",
        "user_profile": {
            "avatar_hash": "88fa894fdb53",
            "image_72": "https:\/\/avatars.slack-edge.com\/2021-03-19\/1885033153332_88fa894fdb5366452adf_72.jpg",
            "first_name": "Florian",
            "real_name": "Florian Titze",
            "display_name": "Flo Titze",
            "team": "T01RBRV5F7H",
            "name": "florian.titze",
            "is_restricted": false,
            "is_ultra_restricted": false
        },
        "blocks": [
            {
                "type": "rich_text",
                "block_id": "LuUTH",
                "elements": [
                    {
                        "type": "rich_text_section",
                        "elements": [
                            {
                                "type": "text",
                                "text": "whats the error message?"
                            }
                        ]
                    }
                ]
            }
        ],
        "thread_ts": "1618318866.052800",
        "parent_user_id": "U01S7KCL3DF"
    },
    {
        "client_msg_id": "da9f8e61-cb31-4f80-8d76-67594bd9eb56",
        "type": "message",
        "text": "“ModuleNotFoundError: No module named ‘sklearn’”\n\ni’m switching between environments…but same thing. unless I have a million environments all over the place",
        "user": "U01S7KCL3DF",
        "ts": "1618321108.053600",
        "team": "T01RBRV5F7H",
        "user_team": "T01RBRV5F7H",
        "source_team": "T01RBRV5F7H",
        "user_profile": {
            "avatar_hash": "17b52091bb62",
            "image_72": "https:\/\/avatars.slack-edge.com\/2021-03-19\/1875964347925_17b52091bb62c2340b4c_72.png",
            "first_name": "Sam",
            "real_name": "Sam Katterfield",
            "display_name": "Sam",
            "team": "T01RBRV5F7H",
            "name": "samkatterfield",
            "is_restricted": false,
            "is_ultra_restricted": false
        },
        "blocks": [
            {
                "type": "rich_text",
                "block_id": "yWx",
                "elements": [
                    {
                        "type": "rich_text_section",
                        "elements": [
                            {
                                "type": "text",
                                "text": "“ModuleNotFoundError: No module named ‘sklearn’”\n\ni’m switching between environments…but same thing. unless I have a million environments all over the place"
                            }
                        ]
                    }
                ]
            }
        ],
        "thread_ts": "1618318866.052800",
        "parent_user_id": "U01S7KCL3DF"
    },
    {
        "client_msg_id": "ec75ab7f-cc17-45bf-998c-bcf42a254a49",
        "type": "message",
        "text": "and you're doing something like this? `from sklearn.linear_model import LogisticRegression`",
        "user": "U01SJKB2MG8",
        "ts": "1618321198.053800",
        "team": "T01RBRV5F7H",
        "user_team": "T01RBRV5F7H",
        "source_team": "T01RBRV5F7H",
        "user_profile": {
            "avatar_hash": "88fa894fdb53",
            "image_72": "https:\/\/avatars.slack-edge.com\/2021-03-19\/1885033153332_88fa894fdb5366452adf_72.jpg",
            "first_name": "Florian",
            "real_name": "Florian Titze",
            "display_name": "Flo Titze",
            "team": "T01RBRV5F7H",
            "name": "florian.titze",
            "is_restricted": false,
            "is_ultra_restricted": false
        },
        "blocks": [
            {
                "type": "rich_text",
                "block_id": "911U",
                "elements": [
                    {
                        "type": "rich_text_section",
                        "elements": [
                            {
                                "type": "text",
                                "text": "and you're doing something like this? "
                            },
                            {
                                "type": "text",
                                "text": "from sklearn.linear_model import LogisticRegression",
                                "style": {
                                    "code": true
                                }
                            }
                        ]
                    }
                ]
            }
        ],
        "thread_ts": "1618318866.052800",
        "parent_user_id": "U01S7KCL3DF"
    },
    {
        "client_msg_id": "deb43628-dfd6-43b7-826e-70f7679be425",
        "type": "message",
        "text": "yea\n\nwait a second\n\nmaybe i do infact have a gazillion environments\n\nas launching jupyter notebook from the `base` environment it worked",
        "user": "U01S7KCL3DF",
        "ts": "1618321245.054000",
        "team": "T01RBRV5F7H",
        "user_team": "T01RBRV5F7H",
        "source_team": "T01RBRV5F7H",
        "user_profile": {
            "avatar_hash": "17b52091bb62",
            "image_72": "https:\/\/avatars.slack-edge.com\/2021-03-19\/1875964347925_17b52091bb62c2340b4c_72.png",
            "first_name": "Sam",
            "real_name": "Sam Katterfield",
            "display_name": "Sam",
            "team": "T01RBRV5F7H",
            "name": "samkatterfield",
            "is_restricted": false,
            "is_ultra_restricted": false
        },
        "blocks": [
            {
                "type": "rich_text",
                "block_id": "Dcy",
                "elements": [
                    {
                        "type": "rich_text_section",
                        "elements": [
                            {
                                "type": "text",
                                "text": "yea\n\nwait a second\n\nmaybe i do infact have a gazillion environments\n\nas launching jupyter notebook from the "
                            },
                            {
                                "type": "text",
                                "text": "base",
                                "style": {
                                    "code": true
                                }
                            },
                            {
                                "type": "text",
                                "text": " environment it worked"
                            }
                        ]
                    }
                ]
            }
        ],
        "thread_ts": "1618318866.052800",
        "parent_user_id": "U01S7KCL3DF"
    },
    {
        "type": "message",
        "text": "",
        "files": [
            {
                "id": "F01U55N85EW",
                "created": 1618321643,
                "timestamp": 1618321643,
                "name": "Screenshot 2021-04-13 at 15.47.14.png",
                "title": "Screenshot 2021-04-13 at 15.47.14.png",
                "mimetype": "image\/png",
                "filetype": "png",
                "pretty_type": "PNG",
                "user": "U01SD3CDH9P",
                "editable": false,
                "size": 61467,
                "mode": "hosted",
                "is_external": false,
                "external_type": "",
                "is_public": true,
                "public_url_shared": false,
                "display_as_bot": false,
                "username": "",
                "url_private": "https:\/\/files.slack.com\/files-pri\/T01RBRV5F7H-F01U55N85EW\/screenshot_2021-04-13_at_15.47.14.png?t=xoxe-1861879185255-2005250891763-2017654554721-735ed824033d65b9b5a8817aca87e86a",
                "url_private_download": "https:\/\/files.slack.com\/files-pri\/T01RBRV5F7H-F01U55N85EW\/download\/screenshot_2021-04-13_at_15.47.14.png?t=xoxe-1861879185255-2005250891763-2017654554721-735ed824033d65b9b5a8817aca87e86a",
                "thumb_64": "https:\/\/files.slack.com\/files-tmb\/T01RBRV5F7H-F01U55N85EW-8381db082d\/screenshot_2021-04-13_at_15.47.14_64.png?t=xoxe-1861879185255-2005250891763-2017654554721-735ed824033d65b9b5a8817aca87e86a",
                "thumb_80": "https:\/\/files.slack.com\/files-tmb\/T01RBRV5F7H-F01U55N85EW-8381db082d\/screenshot_2021-04-13_at_15.47.14_80.png?t=xoxe-1861879185255-2005250891763-2017654554721-735ed824033d65b9b5a8817aca87e86a",
                "thumb_360": "https:\/\/files.slack.com\/files-tmb\/T01RBRV5F7H-F01U55N85EW-8381db082d\/screenshot_2021-04-13_at_15.47.14_360.png?t=xoxe-1861879185255-2005250891763-2017654554721-735ed824033d65b9b5a8817aca87e86a",
                "thumb_360_w": 360,
                "thumb_360_h": 150,
                "thumb_480": "https:\/\/files.slack.com\/files-tmb\/T01RBRV5F7H-F01U55N85EW-8381db082d\/screenshot_2021-04-13_at_15.47.14_480.png?t=xoxe-1861879185255-2005250891763-2017654554721-735ed824033d65b9b5a8817aca87e86a",
                "thumb_480_w": 480,
                "thumb_480_h": 200,
                "thumb_160": "https:\/\/files.slack.com\/files-tmb\/T01RBRV5F7H-F01U55N85EW-8381db082d\/screenshot_2021-04-13_at_15.47.14_160.png?t=xoxe-1861879185255-2005250891763-2017654554721-735ed824033d65b9b5a8817aca87e86a",
                "thumb_720": "https:\/\/files.slack.com\/files-tmb\/T01RBRV5F7H-F01U55N85EW-8381db082d\/screenshot_2021-04-13_at_15.47.14_720.png?t=xoxe-1861879185255-2005250891763-2017654554721-735ed824033d65b9b5a8817aca87e86a",
                "thumb_720_w": 720,
                "thumb_720_h": 300,
                "thumb_800": "https:\/\/files.slack.com\/files-tmb\/T01RBRV5F7H-F01U55N85EW-8381db082d\/screenshot_2021-04-13_at_15.47.14_800.png?t=xoxe-1861879185255-2005250891763-2017654554721-735ed824033d65b9b5a8817aca87e86a",
                "thumb_800_w": 800,
                "thumb_800_h": 333,
                "thumb_960": "https:\/\/files.slack.com\/files-tmb\/T01RBRV5F7H-F01U55N85EW-8381db082d\/screenshot_2021-04-13_at_15.47.14_960.png?t=xoxe-1861879185255-2005250891763-2017654554721-735ed824033d65b9b5a8817aca87e86a",
                "thumb_960_w": 960,
                "thumb_960_h": 399,
                "thumb_1024": "https:\/\/files.slack.com\/files-tmb\/T01RBRV5F7H-F01U55N85EW-8381db082d\/screenshot_2021-04-13_at_15.47.14_1024.png?t=xoxe-1861879185255-2005250891763-2017654554721-735ed824033d65b9b5a8817aca87e86a",
                "thumb_1024_w": 1024,
                "thumb_1024_h": 426,
                "original_w": 1180,
                "original_h": 491,
                "thumb_tiny": "AwATADDR\/hNN3H\/Ip69DVG8mxL5TNtUjO4HkUAXAT9Pwp1U7AOpbeSQeVJPUVdoASilooARaY8UbnLorH1Ip60HpQAiqq4wAKdRRQAUUUUAf\/9k=",
                "permalink": "https:\/\/data-ft-ber-03-2021.slack.com\/files\/U01SD3CDH9P\/F01U55N85EW\/screenshot_2021-04-13_at_15.47.14.png",
                "permalink_public": "https:\/\/slack-files.com\/T01RBRV5F7H-F01U55N85EW-982fd24c1a",
                "is_starred": false,
                "has_rich_preview": false
            }
        ],
        "upload": false,
        "user": "U01SD3CDH9P",
        "display_as_bot": false,
        "ts": "1618321657.054200",
        "thread_ts": "1618311063.048600",
        "parent_user_id": "U01RW2X7S9Z"
    },
    {
        "client_msg_id": "3e29342a-3d68-4d87-9261-90c51eacb70d",
        "type": "message",
        "text": "I think I have also got the same result",
        "user": "U01SD3CDH9P",
        "ts": "1618321702.054800",
        "team": "T01RBRV5F7H",
        "user_team": "T01RBRV5F7H",
        "source_team": "T01RBRV5F7H",
        "user_profile": {
            "avatar_hash": "735d50ad8f34",
            "image_72": "https:\/\/avatars.slack-edge.com\/2021-04-15\/1962810903269_735d50ad8f345a94bd76_72.jpg",
            "first_name": "",
            "real_name": "Andrea Tognoli",
            "display_name": "Andrea Tognoli",
            "team": "T01RBRV5F7H",
            "name": "andreatognoli001",
            "is_restricted": false,
            "is_ultra_restricted": false
        },
        "blocks": [
            {
                "type": "rich_text",
                "block_id": "A0F7M",
                "elements": [
                    {
                        "type": "rich_text_section",
                        "elements": [
                            {
                                "type": "text",
                                "text": "I think I have also got the same result"
                            }
                        ]
                    }
                ]
            }
        ],
        "thread_ts": "1618311063.048600",
        "parent_user_id": "U01RW2X7S9Z"
    },
    {
        "client_msg_id": "2bf9b51a-e05e-4c08-988d-6f44308d45ec",
        "type": "message",
        "text": "maybe there is an error",
        "user": "U01SD3CDH9P",
        "ts": "1618321714.055000",
        "team": "T01RBRV5F7H",
        "user_team": "T01RBRV5F7H",
        "source_team": "T01RBRV5F7H",
        "user_profile": {
            "avatar_hash": "735d50ad8f34",
            "image_72": "https:\/\/avatars.slack-edge.com\/2021-04-15\/1962810903269_735d50ad8f345a94bd76_72.jpg",
            "first_name": "",
            "real_name": "Andrea Tognoli",
            "display_name": "Andrea Tognoli",
            "team": "T01RBRV5F7H",
            "name": "andreatognoli001",
            "is_restricted": false,
            "is_ultra_restricted": false
        },
        "blocks": [
            {
                "type": "rich_text",
                "block_id": "0dd",
                "elements": [
                    {
                        "type": "rich_text_section",
                        "elements": [
                            {
                                "type": "text",
                                "text": "maybe there is an error"
                            }
                        ]
                    }
                ]
            }
        ],
        "thread_ts": "1618311063.048600",
        "parent_user_id": "U01RW2X7S9Z"
    },
    {
        "client_msg_id": "bd585295-b206-48a0-8756-607660eefdeb",
        "type": "message",
        "text": "I am runnning the model on 0.5 to be a bit less accurate than one, but if I run it 0.3 as instructed, then I get the same results as you folks",
        "user": "U01S7BM4N81",
        "ts": "1618323508.055200",
        "team": "T01RBRV5F7H",
        "user_team": "T01RBRV5F7H",
        "source_team": "T01RBRV5F7H",
        "user_profile": {
            "avatar_hash": "2adfc641e87e",
            "image_72": "https:\/\/avatars.slack-edge.com\/2021-04-16\/1994438084416_2adfc641e87e3a953d9c_72.png",
            "first_name": "Thamo",
            "real_name": "Thamo",
            "display_name": "Thamo",
            "team": "T01RBRV5F7H",
            "name": "thamokoeper",
            "is_restricted": false,
            "is_ultra_restricted": false
        },
        "blocks": [
            {
                "type": "rich_text",
                "block_id": "6om",
                "elements": [
                    {
                        "type": "rich_text_section",
                        "elements": [
                            {
                                "type": "text",
                                "text": "I am runnning the model on 0.5 to be a bit less accurate than one, but if I run it 0.3 as instructed, then I get the same results as you folks"
                            }
                        ]
                    }
                ]
            }
        ],
        "thread_ts": "1618311063.048600",
        "parent_user_id": "U01RW2X7S9Z"
    },
    {
        "client_msg_id": "e80d1bb4-3906-4b36-91db-82fb9af73823",
        "type": "message",
        "text": "can anyone help me with the syntax to apply imblearn.over_sampling.SMOTE on my model? :exploding_head:",
        "user": "U01S7BM4N81",
        "ts": "1618328180.056100",
        "team": "T01RBRV5F7H",
        "user_team": "T01RBRV5F7H",
        "source_team": "T01RBRV5F7H",
        "user_profile": {
            "avatar_hash": "2adfc641e87e",
            "image_72": "https:\/\/avatars.slack-edge.com\/2021-04-16\/1994438084416_2adfc641e87e3a953d9c_72.png",
            "first_name": "Thamo",
            "real_name": "Thamo",
            "display_name": "Thamo",
            "team": "T01RBRV5F7H",
            "name": "thamokoeper",
            "is_restricted": false,
            "is_ultra_restricted": false
        },
        "blocks": [
            {
                "type": "rich_text",
                "block_id": "bwm=",
                "elements": [
                    {
                        "type": "rich_text_section",
                        "elements": [
                            {
                                "type": "text",
                                "text": "can anyone help me with the syntax to apply imblearn.over_sampling.SMOTE on my model? "
                            },
                            {
                                "type": "emoji",
                                "name": "exploding_head"
                            }
                        ]
                    }
                ]
            }
        ],
        "thread_ts": "1618328180.056100",
        "reply_count": 9,
        "reply_users_count": 3,
        "latest_reply": "1618330326.057900",
        "reply_users": [
            "U01RRV4JX6Z",
            "U01S7BM4N81",
            "U01RW2X7S9Z"
        ],
        "replies": [
            {
                "user": "U01RRV4JX6Z",
                "ts": "1618328701.056200"
            },
            {
                "user": "U01RRV4JX6Z",
                "ts": "1618328710.056400"
            },
            {
                "user": "U01RRV4JX6Z",
                "ts": "1618328719.056600"
            },
            {
                "user": "U01S7BM4N81",
                "ts": "1618328723.056800"
            },
            {
                "user": "U01RRV4JX6Z",
                "ts": "1618328898.057000"
            },
            {
                "user": "U01S7BM4N81",
                "ts": "1618329002.057200"
            },
            {
                "user": "U01RW2X7S9Z",
                "ts": "1618329444.057400"
            },
            {
                "user": "U01S7BM4N81",
                "ts": "1618329950.057700"
            },
            {
                "user": "U01RW2X7S9Z",
                "ts": "1618330326.057900"
            }
        ],
        "is_locked": false,
        "subscribed": false
    },
    {
        "client_msg_id": "f57a8f3a-f1bb-4e4f-8aa4-c2e850c2ed1d",
        "type": "message",
        "text": "Its on my git-hub repo",
        "user": "U01RRV4JX6Z",
        "ts": "1618328701.056200",
        "team": "T01RBRV5F7H",
        "user_team": "T01RBRV5F7H",
        "source_team": "T01RBRV5F7H",
        "user_profile": {
            "avatar_hash": "339c4d69b7d9",
            "image_72": "https:\/\/avatars.slack-edge.com\/2021-04-14\/1961122781618_339c4d69b7d9fe16343a_72.jpg",
            "first_name": "",
            "real_name": "Francisco Ebeling",
            "display_name": "Francisco Ebeling",
            "team": "T01RBRV5F7H",
            "name": "ebelingbarros",
            "is_restricted": false,
            "is_ultra_restricted": false
        },
        "blocks": [
            {
                "type": "rich_text",
                "block_id": "iF00I",
                "elements": [
                    {
                        "type": "rich_text_section",
                        "elements": [
                            {
                                "type": "text",
                                "text": "Its on my git-hub repo"
                            }
                        ]
                    }
                ]
            }
        ],
        "thread_ts": "1618328180.056100",
        "parent_user_id": "U01S7BM4N81"
    },
    {
        "client_msg_id": "5ff36cc1-0223-4792-8897-759a69ebbe96",
        "type": "message",
        "text": "Not at home now",
        "user": "U01RRV4JX6Z",
        "ts": "1618328710.056400",
        "team": "T01RBRV5F7H",
        "user_team": "T01RBRV5F7H",
        "source_team": "T01RBRV5F7H",
        "user_profile": {
            "avatar_hash": "339c4d69b7d9",
            "image_72": "https:\/\/avatars.slack-edge.com\/2021-04-14\/1961122781618_339c4d69b7d9fe16343a_72.jpg",
            "first_name": "",
            "real_name": "Francisco Ebeling",
            "display_name": "Francisco Ebeling",
            "team": "T01RBRV5F7H",
            "name": "ebelingbarros",
            "is_restricted": false,
            "is_ultra_restricted": false
        },
        "blocks": [
            {
                "type": "rich_text",
                "block_id": "NdH",
                "elements": [
                    {
                        "type": "rich_text_section",
                        "elements": [
                            {
                                "type": "text",
                                "text": "Not at home now"
                            }
                        ]
                    }
                ]
            }
        ],
        "thread_ts": "1618328180.056100",
        "parent_user_id": "U01S7BM4N81"
    },
    {
        "client_msg_id": "b7a42dd6-c336-4b7c-8ea5-9d016489f903",
        "type": "message",
        "text": "ebelingbarros",
        "user": "U01RRV4JX6Z",
        "ts": "1618328719.056600",
        "team": "T01RBRV5F7H",
        "user_team": "T01RBRV5F7H",
        "source_team": "T01RBRV5F7H",
        "user_profile": {
            "avatar_hash": "339c4d69b7d9",
            "image_72": "https:\/\/avatars.slack-edge.com\/2021-04-14\/1961122781618_339c4d69b7d9fe16343a_72.jpg",
            "first_name": "",
            "real_name": "Francisco Ebeling",
            "display_name": "Francisco Ebeling",
            "team": "T01RBRV5F7H",
            "name": "ebelingbarros",
            "is_restricted": false,
            "is_ultra_restricted": false
        },
        "blocks": [
            {
                "type": "rich_text",
                "block_id": "6\/C2d",
                "elements": [
                    {
                        "type": "rich_text_section",
                        "elements": [
                            {
                                "type": "text",
                                "text": "ebelingbarros"
                            }
                        ]
                    }
                ]
            }
        ],
        "thread_ts": "1618328180.056100",
        "parent_user_id": "U01S7BM4N81"
    },
    {
        "client_msg_id": "850e6c2d-db18-4f22-b94f-98780633a7ac",
        "type": "message",
        "text": "Thanks!",
        "user": "U01S7BM4N81",
        "ts": "1618328723.056800",
        "team": "T01RBRV5F7H",
        "user_team": "T01RBRV5F7H",
        "source_team": "T01RBRV5F7H",
        "user_profile": {
            "avatar_hash": "2adfc641e87e",
            "image_72": "https:\/\/avatars.slack-edge.com\/2021-04-16\/1994438084416_2adfc641e87e3a953d9c_72.png",
            "first_name": "Thamo",
            "real_name": "Thamo",
            "display_name": "Thamo",
            "team": "T01RBRV5F7H",
            "name": "thamokoeper",
            "is_restricted": false,
            "is_ultra_restricted": false
        },
        "blocks": [
            {
                "type": "rich_text",
                "block_id": "BGv4a",
                "elements": [
                    {
                        "type": "rich_text_section",
                        "elements": [
                            {
                                "type": "text",
                                "text": "Thanks!"
                            }
                        ]
                    }
                ]
            }
        ],
        "thread_ts": "1618328180.056100",
        "parent_user_id": "U01S7BM4N81"
    },
    {
        "client_msg_id": "cfb37aaa-05c6-4ff9-b904-0cd9e1cf8871",
        "type": "message",
        "text": "Logistic-regression, i guess",
        "user": "U01RRV4JX6Z",
        "ts": "1618328898.057000",
        "team": "T01RBRV5F7H",
        "user_team": "T01RBRV5F7H",
        "source_team": "T01RBRV5F7H",
        "user_profile": {
            "avatar_hash": "339c4d69b7d9",
            "image_72": "https:\/\/avatars.slack-edge.com\/2021-04-14\/1961122781618_339c4d69b7d9fe16343a_72.jpg",
            "first_name": "",
            "real_name": "Francisco Ebeling",
            "display_name": "Francisco Ebeling",
            "team": "T01RBRV5F7H",
            "name": "ebelingbarros",
            "is_restricted": false,
            "is_ultra_restricted": false
        },
        "blocks": [
            {
                "type": "rich_text",
                "block_id": "jqAS",
                "elements": [
                    {
                        "type": "rich_text_section",
                        "elements": [
                            {
                                "type": "text",
                                "text": "Logistic-regression, i guess"
                            }
                        ]
                    }
                ]
            }
        ],
        "thread_ts": "1618328180.056100",
        "parent_user_id": "U01S7BM4N81"
    },
    {
        "client_msg_id": "029cce8f-0693-4a8c-b980-31a7cb234bfe",
        "type": "message",
        "text": "Got it :slightly_smiling_face:",
        "user": "U01S7BM4N81",
        "ts": "1618329002.057200",
        "team": "T01RBRV5F7H",
        "user_team": "T01RBRV5F7H",
        "source_team": "T01RBRV5F7H",
        "user_profile": {
            "avatar_hash": "2adfc641e87e",
            "image_72": "https:\/\/avatars.slack-edge.com\/2021-04-16\/1994438084416_2adfc641e87e3a953d9c_72.png",
            "first_name": "Thamo",
            "real_name": "Thamo",
            "display_name": "Thamo",
            "team": "T01RBRV5F7H",
            "name": "thamokoeper",
            "is_restricted": false,
            "is_ultra_restricted": false
        },
        "blocks": [
            {
                "type": "rich_text",
                "block_id": "Z0A",
                "elements": [
                    {
                        "type": "rich_text_section",
                        "elements": [
                            {
                                "type": "text",
                                "text": "Got it "
                            },
                            {
                                "type": "emoji",
                                "name": "slightly_smiling_face"
                            }
                        ]
                    }
                ]
            }
        ],
        "thread_ts": "1618328180.056100",
        "parent_user_id": "U01S7BM4N81"
    },
    {
        "client_msg_id": "cd37d6c7-ae21-4b24-9335-3cee4012cbaa",
        "type": "message",
        "text": "<https:\/\/towardsdatascience.com\/5-smote-techniques-for-oversampling-your-imbalance-data-b8155bdbe2b5>",
        "user": "U01RW2X7S9Z",
        "ts": "1618329444.057400",
        "team": "T01RBRV5F7H",
        "user_team": "T01RBRV5F7H",
        "source_team": "T01RBRV5F7H",
        "user_profile": {
            "avatar_hash": "7e12d75d168a",
            "image_72": "https:\/\/avatars.slack-edge.com\/2021-03-19\/1880105796643_7e12d75d168ae25c167d_72.jpg",
            "first_name": "Alexandre",
            "real_name": "Alexandre Sommerkamp",
            "display_name": "Alexandre Sommerkamp",
            "team": "T01RBRV5F7H",
            "name": "alex.c.skp",
            "is_restricted": false,
            "is_ultra_restricted": false
        },
        "attachments": [
            {
                "service_name": "Medium",
                "title": "5 SMOTE Techniques for Oversampling your Imbalance Data",
                "title_link": "https:\/\/towardsdatascience.com\/5-smote-techniques-for-oversampling-your-imbalance-data-b8155bdbe2b5",
                "text": "Know your SMOTE ways to oversampled your data",
                "fallback": "Medium: 5 SMOTE Techniques for Oversampling your Imbalance Data",
                "image_url": "https:\/\/miro.medium.com\/max\/1200\/0*blx41wxbh7uMNWK0",
                "fields": [
                    {
                        "title": "Reading time",
                        "value": "11 min read",
                        "short": true
                    }
                ],
                "ts": 1613295261,
                "from_url": "https:\/\/towardsdatascience.com\/5-smote-techniques-for-oversampling-your-imbalance-data-b8155bdbe2b5",
                "image_width": 445,
                "image_height": 250,
                "image_bytes": 219359,
                "service_icon": "https:\/\/miro.medium.com\/fit\/c\/152\/152\/1*sHhtYhaCe2Uc3IU0IgKwIQ.png",
                "id": 1,
                "original_url": "https:\/\/towardsdatascience.com\/5-smote-techniques-for-oversampling-your-imbalance-data-b8155bdbe2b5"
            }
        ],
        "blocks": [
            {
                "type": "rich_text",
                "block_id": "Sf6Q",
                "elements": [
                    {
                        "type": "rich_text_section",
                        "elements": [
                            {
                                "type": "link",
                                "url": "https:\/\/towardsdatascience.com\/5-smote-techniques-for-oversampling-your-imbalance-data-b8155bdbe2b5"
                            }
                        ]
                    }
                ]
            }
        ],
        "thread_ts": "1618328180.056100",
        "parent_user_id": "U01S7BM4N81"
    },
    {
        "type": "message",
        "text": "Yikes",
        "files": [
            {
                "id": "F01UJHDBVA5",
                "created": 1618329945,
                "timestamp": 1618329945,
                "name": "Bildschirmfoto 2021-04-13 um 18.05.42.png",
                "title": "Bildschirmfoto 2021-04-13 um 18.05.42.png",
                "mimetype": "image\/png",
                "filetype": "png",
                "pretty_type": "PNG",
                "user": "U01S7BM4N81",
                "editable": false,
                "size": 56991,
                "mode": "hosted",
                "is_external": false,
                "external_type": "",
                "is_public": true,
                "public_url_shared": false,
                "display_as_bot": false,
                "username": "",
                "url_private": "https:\/\/files.slack.com\/files-pri\/T01RBRV5F7H-F01UJHDBVA5\/bildschirmfoto_2021-04-13_um_18.05.42.png?t=xoxe-1861879185255-2005250891763-2017654554721-735ed824033d65b9b5a8817aca87e86a",
                "url_private_download": "https:\/\/files.slack.com\/files-pri\/T01RBRV5F7H-F01UJHDBVA5\/download\/bildschirmfoto_2021-04-13_um_18.05.42.png?t=xoxe-1861879185255-2005250891763-2017654554721-735ed824033d65b9b5a8817aca87e86a",
                "thumb_64": "https:\/\/files.slack.com\/files-tmb\/T01RBRV5F7H-F01UJHDBVA5-ec7a523f5f\/bildschirmfoto_2021-04-13_um_18.05.42_64.png?t=xoxe-1861879185255-2005250891763-2017654554721-735ed824033d65b9b5a8817aca87e86a",
                "thumb_80": "https:\/\/files.slack.com\/files-tmb\/T01RBRV5F7H-F01UJHDBVA5-ec7a523f5f\/bildschirmfoto_2021-04-13_um_18.05.42_80.png?t=xoxe-1861879185255-2005250891763-2017654554721-735ed824033d65b9b5a8817aca87e86a",
                "thumb_360": "https:\/\/files.slack.com\/files-tmb\/T01RBRV5F7H-F01UJHDBVA5-ec7a523f5f\/bildschirmfoto_2021-04-13_um_18.05.42_360.png?t=xoxe-1861879185255-2005250891763-2017654554721-735ed824033d65b9b5a8817aca87e86a",
                "thumb_360_w": 360,
                "thumb_360_h": 219,
                "thumb_480": "https:\/\/files.slack.com\/files-tmb\/T01RBRV5F7H-F01UJHDBVA5-ec7a523f5f\/bildschirmfoto_2021-04-13_um_18.05.42_480.png?t=xoxe-1861879185255-2005250891763-2017654554721-735ed824033d65b9b5a8817aca87e86a",
                "thumb_480_w": 480,
                "thumb_480_h": 292,
                "thumb_160": "https:\/\/files.slack.com\/files-tmb\/T01RBRV5F7H-F01UJHDBVA5-ec7a523f5f\/bildschirmfoto_2021-04-13_um_18.05.42_160.png?t=xoxe-1861879185255-2005250891763-2017654554721-735ed824033d65b9b5a8817aca87e86a",
                "original_w": 714,
                "original_h": 435,
                "thumb_tiny": "AwAdADDS3DOM0m9fWmkfMf8AGjYfT9aAHb19aN6+tJtJ7frTgCBwRQAm9fWlDBuho59R+VHPtQBC8EbOxKZJ6\/NUoPHT9aXaM5IFG0eg\/KgAyfT9aMn0\/WjA9BRgegoAMn0\/WgH2owPQUuAO1AH\/2Q==",
                "permalink": "https:\/\/data-ft-ber-03-2021.slack.com\/files\/U01S7BM4N81\/F01UJHDBVA5\/bildschirmfoto_2021-04-13_um_18.05.42.png",
                "permalink_public": "https:\/\/slack-files.com\/T01RBRV5F7H-F01UJHDBVA5-93d806114e",
                "is_starred": false,
                "has_rich_preview": false
            }
        ],
        "upload": false,
        "blocks": [
            {
                "type": "rich_text",
                "block_id": "qjq9",
                "elements": [
                    {
                        "type": "rich_text_section",
                        "elements": [
                            {
                                "type": "text",
                                "text": "Yikes"
                            }
                        ]
                    }
                ]
            }
        ],
        "user": "U01S7BM4N81",
        "display_as_bot": false,
        "ts": "1618329950.057700",
        "thread_ts": "1618328180.056100",
        "parent_user_id": "U01S7BM4N81"
    },
    {
        "client_msg_id": "8241589e-0d06-4f2c-ada5-e9167caee812",
        "type": "message",
        "text": "try incognito mode",
        "user": "U01RW2X7S9Z",
        "ts": "1618330326.057900",
        "team": "T01RBRV5F7H",
        "user_team": "T01RBRV5F7H",
        "source_team": "T01RBRV5F7H",
        "user_profile": {
            "avatar_hash": "7e12d75d168a",
            "image_72": "https:\/\/avatars.slack-edge.com\/2021-03-19\/1880105796643_7e12d75d168ae25c167d_72.jpg",
            "first_name": "Alexandre",
            "real_name": "Alexandre Sommerkamp",
            "display_name": "Alexandre Sommerkamp",
            "team": "T01RBRV5F7H",
            "name": "alex.c.skp",
            "is_restricted": false,
            "is_ultra_restricted": false
        },
        "blocks": [
            {
                "type": "rich_text",
                "block_id": "5Hl",
                "elements": [
                    {
                        "type": "rich_text_section",
                        "elements": [
                            {
                                "type": "text",
                                "text": "try incognito mode"
                            }
                        ]
                    }
                ]
            }
        ],
        "thread_ts": "1618328180.056100",
        "parent_user_id": "U01S7BM4N81"
    },
    {
        "type": "message",
        "text": "Can someone help me with this error please?",
        "files": [
            {
                "id": "F01UKPQL397",
                "created": 1618345449,
                "timestamp": 1618345449,
                "name": "Screenshot 2021-04-13 at 22.24.06.png",
                "title": "Screenshot 2021-04-13 at 22.24.06.png",
                "mimetype": "image\/png",
                "filetype": "png",
                "pretty_type": "PNG",
                "user": "U01S79YDELR",
                "editable": false,
                "size": 170557,
                "mode": "hosted",
                "is_external": false,
                "external_type": "",
                "is_public": true,
                "public_url_shared": false,
                "display_as_bot": false,
                "username": "",
                "url_private": "https:\/\/files.slack.com\/files-pri\/T01RBRV5F7H-F01UKPQL397\/screenshot_2021-04-13_at_22.24.06.png?t=xoxe-1861879185255-2005250891763-2017654554721-735ed824033d65b9b5a8817aca87e86a",
                "url_private_download": "https:\/\/files.slack.com\/files-pri\/T01RBRV5F7H-F01UKPQL397\/download\/screenshot_2021-04-13_at_22.24.06.png?t=xoxe-1861879185255-2005250891763-2017654554721-735ed824033d65b9b5a8817aca87e86a",
                "thumb_64": "https:\/\/files.slack.com\/files-tmb\/T01RBRV5F7H-F01UKPQL397-39159f42fa\/screenshot_2021-04-13_at_22.24.06_64.png?t=xoxe-1861879185255-2005250891763-2017654554721-735ed824033d65b9b5a8817aca87e86a",
                "thumb_80": "https:\/\/files.slack.com\/files-tmb\/T01RBRV5F7H-F01UKPQL397-39159f42fa\/screenshot_2021-04-13_at_22.24.06_80.png?t=xoxe-1861879185255-2005250891763-2017654554721-735ed824033d65b9b5a8817aca87e86a",
                "thumb_360": "https:\/\/files.slack.com\/files-tmb\/T01RBRV5F7H-F01UKPQL397-39159f42fa\/screenshot_2021-04-13_at_22.24.06_360.png?t=xoxe-1861879185255-2005250891763-2017654554721-735ed824033d65b9b5a8817aca87e86a",
                "thumb_360_w": 360,
                "thumb_360_h": 214,
                "thumb_480": "https:\/\/files.slack.com\/files-tmb\/T01RBRV5F7H-F01UKPQL397-39159f42fa\/screenshot_2021-04-13_at_22.24.06_480.png?t=xoxe-1861879185255-2005250891763-2017654554721-735ed824033d65b9b5a8817aca87e86a",
                "thumb_480_w": 480,
                "thumb_480_h": 285,
                "thumb_160": "https:\/\/files.slack.com\/files-tmb\/T01RBRV5F7H-F01UKPQL397-39159f42fa\/screenshot_2021-04-13_at_22.24.06_160.png?t=xoxe-1861879185255-2005250891763-2017654554721-735ed824033d65b9b5a8817aca87e86a",
                "thumb_720": "https:\/\/files.slack.com\/files-tmb\/T01RBRV5F7H-F01UKPQL397-39159f42fa\/screenshot_2021-04-13_at_22.24.06_720.png?t=xoxe-1861879185255-2005250891763-2017654554721-735ed824033d65b9b5a8817aca87e86a",
                "thumb_720_w": 720,
                "thumb_720_h": 428,
                "thumb_800": "https:\/\/files.slack.com\/files-tmb\/T01RBRV5F7H-F01UKPQL397-39159f42fa\/screenshot_2021-04-13_at_22.24.06_800.png?t=xoxe-1861879185255-2005250891763-2017654554721-735ed824033d65b9b5a8817aca87e86a",
                "thumb_800_w": 800,
                "thumb_800_h": 476,
                "thumb_960": "https:\/\/files.slack.com\/files-tmb\/T01RBRV5F7H-F01UKPQL397-39159f42fa\/screenshot_2021-04-13_at_22.24.06_960.png?t=xoxe-1861879185255-2005250891763-2017654554721-735ed824033d65b9b5a8817aca87e86a",
                "thumb_960_w": 960,
                "thumb_960_h": 571,
                "thumb_1024": "https:\/\/files.slack.com\/files-tmb\/T01RBRV5F7H-F01UKPQL397-39159f42fa\/screenshot_2021-04-13_at_22.24.06_1024.png?t=xoxe-1861879185255-2005250891763-2017654554721-735ed824033d65b9b5a8817aca87e86a",
                "thumb_1024_w": 1024,
                "thumb_1024_h": 609,
                "original_w": 1494,
                "original_h": 888,
                "thumb_tiny": "AwAcADDSIpuf85p56UmKAG\/jR+f507FB4oATP+c0A84pc\/X8qKAFPSm49qdSY96ADHt+tGP85ox7mjHuaAD\/AD1o7\/8A16WigD\/\/2Q==",
                "permalink": "https:\/\/data-ft-ber-03-2021.slack.com\/files\/U01S79YDELR\/F01UKPQL397\/screenshot_2021-04-13_at_22.24.06.png",
                "permalink_public": "https:\/\/slack-files.com\/T01RBRV5F7H-F01UKPQL397-49168e0027",
                "is_starred": false,
                "has_rich_preview": false
            }
        ],
        "upload": false,
        "blocks": [
            {
                "type": "rich_text",
                "block_id": "6ezT",
                "elements": [
                    {
                        "type": "rich_text_section",
                        "elements": [
                            {
                                "type": "text",
                                "text": "Can someone help me with this error please?"
                            }
                        ]
                    }
                ]
            }
        ],
        "user": "U01S79YDELR",
        "display_as_bot": false,
        "ts": "1618345473.059100"
    },
    {
        "client_msg_id": "b8b3f8f8-c229-4555-a758-7be5d30f525a",
        "type": "message",
        "text": "worked using `iris_df.petal_width_value = iris_df.petal_width_value.astype(float)`\n\n`iris_df['petal_width_value']*=100`",
        "user": "U01S79YDELR",
        "ts": "1618347613.059500",
        "team": "T01RBRV5F7H",
        "user_team": "T01RBRV5F7H",
        "source_team": "T01RBRV5F7H",
        "user_profile": {
            "avatar_hash": "606def897de6",
            "image_72": "https:\/\/avatars.slack-edge.com\/2021-03-22\/1910932493456_606def897de66681d932_72.jpg",
            "first_name": "",
            "real_name": "Karina Condeixa",
            "display_name": "Karina Condeixa",
            "team": "T01RBRV5F7H",
            "name": "karina.condeixa",
            "is_restricted": false,
            "is_ultra_restricted": false
        },
        "blocks": [
            {
                "type": "rich_text",
                "block_id": "f0v",
                "elements": [
                    {
                        "type": "rich_text_section",
                        "elements": [
                            {
                                "type": "text",
                                "text": "worked using "
                            },
                            {
                                "type": "text",
                                "text": "iris_df.petal_width_value = iris_df.petal_width_value.astype(float)",
                                "style": {
                                    "code": true
                                }
                            },
                            {
                                "type": "text",
                                "text": "\n\n"
                            },
                            {
                                "type": "text",
                                "text": "iris_df['petal_width_value']*=100",
                                "style": {
                                    "code": true
                                }
                            }
                        ]
                    }
                ]
            }
        ],
        "thread_ts": "1618347613.059500",
        "reply_count": 1,
        "reply_users_count": 1,
        "latest_reply": "1618349203.059600",
        "reply_users": [
            "U01RW2X7S9Z"
        ],
        "replies": [
            {
                "user": "U01RW2X7S9Z",
                "ts": "1618349203.059600"
            }
        ],
        "is_locked": false,
        "subscribed": false
    },
    {
        "client_msg_id": "970661f5-dab6-49e2-bed6-0d9930c44dd1",
        "type": "message",
        "text": "yes i think what you had to do is remove the string and convert the number just like that :+1:",
        "user": "U01RW2X7S9Z",
        "ts": "1618349203.059600",
        "team": "T01RBRV5F7H",
        "user_team": "T01RBRV5F7H",
        "source_team": "T01RBRV5F7H",
        "user_profile": {
            "avatar_hash": "7e12d75d168a",
            "image_72": "https:\/\/avatars.slack-edge.com\/2021-03-19\/1880105796643_7e12d75d168ae25c167d_72.jpg",
            "first_name": "Alexandre",
            "real_name": "Alexandre Sommerkamp",
            "display_name": "Alexandre Sommerkamp",
            "team": "T01RBRV5F7H",
            "name": "alex.c.skp",
            "is_restricted": false,
            "is_ultra_restricted": false
        },
        "blocks": [
            {
                "type": "rich_text",
                "block_id": "4RjF",
                "elements": [
                    {
                        "type": "rich_text_section",
                        "elements": [
                            {
                                "type": "text",
                                "text": "yes i think what you had to do is remove the string and convert the number just like that "
                            },
                            {
                                "type": "emoji",
                                "name": "+1"
                            }
                        ]
                    }
                ]
            }
        ],
        "thread_ts": "1618347613.059500",
        "parent_user_id": "U01S79YDELR",
        "reactions": [
            {
                "name": "+1",
                "users": [
                    "U01S79YDELR"
                ],
                "count": 1
            }
        ]
    }
]