[
    {
        "client_msg_id": "209bc56b-ac50-4c86-848a-aa33a7ef2596",
        "type": "message",
        "text": "when modelling, how should we choose the value of `test_size` in sklearn? (`random_state` as I understand is just a random number, or?)",
        "user": "U01RKN0EGDV",
        "ts": "1618996632.002300",
        "team": "T01RBRV5F7H",
        "user_team": "T01RBRV5F7H",
        "source_team": "T01RBRV5F7H",
        "user_profile": {
            "avatar_hash": "abe46e9352ee",
            "image_72": "https:\/\/avatars.slack-edge.com\/2021-03-24\/1878427345639_abe46e9352ee26531094_72.jpg",
            "first_name": "Marian",
            "real_name": "Marian Moreno",
            "display_name": "Marian (she\/her)",
            "team": "T01RBRV5F7H",
            "name": "marimor62",
            "is_restricted": false,
            "is_ultra_restricted": false
        },
        "blocks": [
            {
                "type": "rich_text",
                "block_id": "eWx",
                "elements": [
                    {
                        "type": "rich_text_section",
                        "elements": [
                            {
                                "type": "text",
                                "text": "when modelling, how should we choose the value of "
                            },
                            {
                                "type": "text",
                                "text": "test_size",
                                "style": {
                                    "code": true
                                }
                            },
                            {
                                "type": "text",
                                "text": " in sklearn? ("
                            },
                            {
                                "type": "text",
                                "text": "random_state",
                                "style": {
                                    "code": true
                                }
                            },
                            {
                                "type": "text",
                                "text": " as I understand is just a random number, or?)"
                            }
                        ]
                    }
                ]
            }
        ],
        "thread_ts": "1618996632.002300",
        "reply_count": 11,
        "reply_users_count": 4,
        "latest_reply": "1618999755.004600",
        "reply_users": [
            "U01S7BM4N81",
            "U01RW140HBP",
            "U01RKN0EGDV",
            "U01S7KCL3DF"
        ],
        "replies": [
            {
                "user": "U01S7BM4N81",
                "ts": "1618996742.002400"
            },
            {
                "user": "U01RW140HBP",
                "ts": "1618996807.002600"
            },
            {
                "user": "U01RW140HBP",
                "ts": "1618996863.002900"
            },
            {
                "user": "U01RKN0EGDV",
                "ts": "1618997446.003100"
            },
            {
                "user": "U01RW140HBP",
                "ts": "1618998264.003300"
            },
            {
                "user": "U01RW140HBP",
                "ts": "1618998336.003500"
            },
            {
                "user": "U01S7KCL3DF",
                "ts": "1618998678.003800"
            },
            {
                "user": "U01RKN0EGDV",
                "ts": "1618998896.004000"
            },
            {
                "user": "U01RW140HBP",
                "ts": "1618999721.004200"
            },
            {
                "user": "U01RW140HBP",
                "ts": "1618999750.004400"
            },
            {
                "user": "U01RW140HBP",
                "ts": "1618999755.004600"
            }
        ],
        "is_locked": false,
        "subscribed": false
    },
    {
        "client_msg_id": "8d9fcdbd-2af2-4908-b92b-73fb84c9ff75",
        "type": "message",
        "text": "random state is the base for a randomly generated number, it is there to ensure consitency if I recall correctly.\nregarding test_size, we went with 0.7 for testing and 0.3 for predicting, but our model isn’t the most precise",
        "user": "U01S7BM4N81",
        "ts": "1618996742.002400",
        "team": "T01RBRV5F7H",
        "user_team": "T01RBRV5F7H",
        "source_team": "T01RBRV5F7H",
        "user_profile": {
            "avatar_hash": "2adfc641e87e",
            "image_72": "https:\/\/avatars.slack-edge.com\/2021-04-16\/1994438084416_2adfc641e87e3a953d9c_72.png",
            "first_name": "Thamo",
            "real_name": "Thamo",
            "display_name": "Thamo",
            "team": "T01RBRV5F7H",
            "name": "thamokoeper",
            "is_restricted": false,
            "is_ultra_restricted": false
        },
        "blocks": [
            {
                "type": "rich_text",
                "block_id": "0zlma",
                "elements": [
                    {
                        "type": "rich_text_section",
                        "elements": [
                            {
                                "type": "text",
                                "text": "random state is the base for a randomly generated number, it is there to ensure consitency if I recall correctly.\nregarding test_size, we went with 0.7 for testing and 0.3 for predicting, but our model isn’t the most precise"
                            }
                        ]
                    }
                ]
            }
        ],
        "thread_ts": "1618996632.002300",
        "parent_user_id": "U01RKN0EGDV"
    },
    {
        "client_msg_id": "4fd5608b-a2b3-4694-8f68-829d5aa11e90",
        "type": "message",
        "text": "you recall correctly… so if you want to compare iterations <@U01RKN0EGDV> you should always use the same random_state (i generally use 40… theres no reason for it i just chose it early on, 100 is the one you often see)",
        "user": "U01RW140HBP",
        "ts": "1618996807.002600",
        "team": "T01RBRV5F7H",
        "user_team": "T01RBRV5F7H",
        "source_team": "T01RBRV5F7H",
        "user_profile": {
            "avatar_hash": "4c43a3a8d10b",
            "image_72": "https:\/\/avatars.slack-edge.com\/2021-03-21\/1895736308209_4c43a3a8d10bc2fe5e13_72.png",
            "first_name": "siand",
            "real_name": "siand the LT (she\/her)",
            "display_name": "siand the LT (she\/her)",
            "team": "T01RBRV5F7H",
            "name": "sian.davies",
            "is_restricted": false,
            "is_ultra_restricted": false
        },
        "blocks": [
            {
                "type": "rich_text",
                "block_id": "UliBS",
                "elements": [
                    {
                        "type": "rich_text_section",
                        "elements": [
                            {
                                "type": "text",
                                "text": "you recall correctly… so if you want to compare iterations "
                            },
                            {
                                "type": "user",
                                "user_id": "U01RKN0EGDV"
                            },
                            {
                                "type": "text",
                                "text": " you should always use the same random_state (i generally use 40… theres no reason for it i just chose it early on, 100 is the one you often see)"
                            }
                        ]
                    }
                ]
            }
        ],
        "thread_ts": "1618996632.002300",
        "parent_user_id": "U01RKN0EGDV",
        "reactions": [
            {
                "name": "white_check_mark",
                "users": [
                    "U01S7BM4N81"
                ],
                "count": 1
            }
        ]
    },
    {
        "client_msg_id": "a8be4322-a4aa-4c69-9463-f53ac9753e01",
        "type": "message",
        "text": "the size of the train test split is kind of up to you. worth experimenting with a larger train set to see what impact it is… but to avoid overfitting to the train i normally choose a 60\/40 or 70\/30 split",
        "user": "U01RW140HBP",
        "ts": "1618996863.002900",
        "team": "T01RBRV5F7H",
        "user_team": "T01RBRV5F7H",
        "source_team": "T01RBRV5F7H",
        "user_profile": {
            "avatar_hash": "4c43a3a8d10b",
            "image_72": "https:\/\/avatars.slack-edge.com\/2021-03-21\/1895736308209_4c43a3a8d10bc2fe5e13_72.png",
            "first_name": "siand",
            "real_name": "siand the LT (she\/her)",
            "display_name": "siand the LT (she\/her)",
            "team": "T01RBRV5F7H",
            "name": "sian.davies",
            "is_restricted": false,
            "is_ultra_restricted": false
        },
        "blocks": [
            {
                "type": "rich_text",
                "block_id": "JH\/5",
                "elements": [
                    {
                        "type": "rich_text_section",
                        "elements": [
                            {
                                "type": "text",
                                "text": "the size of the train test split is kind of up to you. worth experimenting with a larger train set to see what impact it is… but to avoid overfitting to the train i normally choose a 60\/40 or 70\/30 split"
                            }
                        ]
                    }
                ]
            }
        ],
        "thread_ts": "1618996632.002300",
        "parent_user_id": "U01RKN0EGDV"
    },
    {
        "client_msg_id": "45b05730-b58c-4dd5-916d-722d203103f6",
        "type": "message",
        "text": "so then we should have the same random_state in our iterations, but the test_size we can play with it, right?",
        "user": "U01RKN0EGDV",
        "ts": "1618997446.003100",
        "team": "T01RBRV5F7H",
        "user_team": "T01RBRV5F7H",
        "source_team": "T01RBRV5F7H",
        "user_profile": {
            "avatar_hash": "abe46e9352ee",
            "image_72": "https:\/\/avatars.slack-edge.com\/2021-03-24\/1878427345639_abe46e9352ee26531094_72.jpg",
            "first_name": "Marian",
            "real_name": "Marian Moreno",
            "display_name": "Marian (she\/her)",
            "team": "T01RBRV5F7H",
            "name": "marimor62",
            "is_restricted": false,
            "is_ultra_restricted": false
        },
        "blocks": [
            {
                "type": "rich_text",
                "block_id": "jYpFI",
                "elements": [
                    {
                        "type": "rich_text_section",
                        "elements": [
                            {
                                "type": "text",
                                "text": "so then we should have the same random_state in our iterations, but the test_size we can play with it, right?"
                            }
                        ]
                    }
                ]
            }
        ],
        "thread_ts": "1618996632.002300",
        "parent_user_id": "U01RKN0EGDV"
    },
    {
        "client_msg_id": "33de227f-70a8-473b-a6e2-54dfeebde56f",
        "type": "message",
        "text": "exactly!",
        "user": "U01RW140HBP",
        "ts": "1618998264.003300",
        "team": "T01RBRV5F7H",
        "user_team": "T01RBRV5F7H",
        "source_team": "T01RBRV5F7H",
        "user_profile": {
            "avatar_hash": "4c43a3a8d10b",
            "image_72": "https:\/\/avatars.slack-edge.com\/2021-03-21\/1895736308209_4c43a3a8d10bc2fe5e13_72.png",
            "first_name": "siand",
            "real_name": "siand the LT (she\/her)",
            "display_name": "siand the LT (she\/her)",
            "team": "T01RBRV5F7H",
            "name": "sian.davies",
            "is_restricted": false,
            "is_ultra_restricted": false
        },
        "blocks": [
            {
                "type": "rich_text",
                "block_id": "dmN8",
                "elements": [
                    {
                        "type": "rich_text_section",
                        "elements": [
                            {
                                "type": "text",
                                "text": "exactly!"
                            }
                        ]
                    }
                ]
            }
        ],
        "thread_ts": "1618996632.002300",
        "parent_user_id": "U01RKN0EGDV"
    },
    {
        "client_msg_id": "6c5417d6-1cf9-409f-8cf8-4ecd40c63be8",
        "type": "message",
        "text": "just to ensure the data is splitting randomly according to the same system, we keep the random state number the same, then the results are comparable. changing the split is independent of that, the results remain comparable",
        "user": "U01RW140HBP",
        "ts": "1618998336.003500",
        "team": "T01RBRV5F7H",
        "user_team": "T01RBRV5F7H",
        "source_team": "T01RBRV5F7H",
        "user_profile": {
            "avatar_hash": "4c43a3a8d10b",
            "image_72": "https:\/\/avatars.slack-edge.com\/2021-03-21\/1895736308209_4c43a3a8d10bc2fe5e13_72.png",
            "first_name": "siand",
            "real_name": "siand the LT (she\/her)",
            "display_name": "siand the LT (she\/her)",
            "team": "T01RBRV5F7H",
            "name": "sian.davies",
            "is_restricted": false,
            "is_ultra_restricted": false
        },
        "blocks": [
            {
                "type": "rich_text",
                "block_id": "JHzBj",
                "elements": [
                    {
                        "type": "rich_text_section",
                        "elements": [
                            {
                                "type": "text",
                                "text": "just to ensure the data is splitting randomly according to the same system, we keep the random state number the same, then the results are comparable. changing the split is independent of that, the results remain comparable"
                            }
                        ]
                    }
                ]
            }
        ],
        "thread_ts": "1618996632.002300",
        "parent_user_id": "U01RKN0EGDV",
        "reactions": [
            {
                "name": "white_check_mark",
                "users": [
                    "U01RKN0EGDV"
                ],
                "count": 1
            }
        ]
    },
    {
        "client_msg_id": "ae43ea90-f7c0-425c-9a20-24a6edc6f9af",
        "type": "message",
        "text": "should there be a predict_size or is that calculated from what you put as test_size?",
        "user": "U01S7KCL3DF",
        "ts": "1618998678.003800",
        "team": "T01RBRV5F7H",
        "user_team": "T01RBRV5F7H",
        "source_team": "T01RBRV5F7H",
        "user_profile": {
            "avatar_hash": "17b52091bb62",
            "image_72": "https:\/\/avatars.slack-edge.com\/2021-03-19\/1875964347925_17b52091bb62c2340b4c_72.png",
            "first_name": "Sam",
            "real_name": "Sam Katterfield",
            "display_name": "Sam",
            "team": "T01RBRV5F7H",
            "name": "samkatterfield",
            "is_restricted": false,
            "is_ultra_restricted": false
        },
        "blocks": [
            {
                "type": "rich_text",
                "block_id": "EH5xu",
                "elements": [
                    {
                        "type": "rich_text_section",
                        "elements": [
                            {
                                "type": "text",
                                "text": "should there be a predict_size or is that calculated from what you put as test_size?"
                            }
                        ]
                    }
                ]
            }
        ],
        "thread_ts": "1618996632.002300",
        "parent_user_id": "U01RKN0EGDV"
    },
    {
        "client_msg_id": "14103b17-dc75-4a97-a01c-16e00bbdef4a",
        "type": "message",
        "text": "i think is calculated, 1- test_size, so just enter test_size",
        "user": "U01RKN0EGDV",
        "ts": "1618998896.004000",
        "team": "T01RBRV5F7H",
        "user_team": "T01RBRV5F7H",
        "source_team": "T01RBRV5F7H",
        "user_profile": {
            "avatar_hash": "abe46e9352ee",
            "image_72": "https:\/\/avatars.slack-edge.com\/2021-03-24\/1878427345639_abe46e9352ee26531094_72.jpg",
            "first_name": "Marian",
            "real_name": "Marian Moreno",
            "display_name": "Marian (she\/her)",
            "team": "T01RBRV5F7H",
            "name": "marimor62",
            "is_restricted": false,
            "is_ultra_restricted": false
        },
        "blocks": [
            {
                "type": "rich_text",
                "block_id": "vRRD",
                "elements": [
                    {
                        "type": "rich_text_section",
                        "elements": [
                            {
                                "type": "text",
                                "text": "i think is calculated, 1- test_size, so just enter test_size"
                            }
                        ]
                    }
                ]
            }
        ],
        "thread_ts": "1618996632.002300",
        "parent_user_id": "U01RKN0EGDV"
    },
    {
        "client_msg_id": "c70bba99-8e57-45a3-8826-4b984cfe8dc7",
        "type": "message",
        "text": "the predict size is related to the test size <@U01S7KCL3DF> --- if i have 1000 rows in my test data set (X_test) with n columns, then y_test will be also 1000 rows (one column) and the predictions will be 1000 rows long, one predicted value for each X_test row.",
        "user": "U01RW140HBP",
        "ts": "1618999721.004200",
        "team": "T01RBRV5F7H",
        "user_team": "T01RBRV5F7H",
        "source_team": "T01RBRV5F7H",
        "user_profile": {
            "avatar_hash": "4c43a3a8d10b",
            "image_72": "https:\/\/avatars.slack-edge.com\/2021-03-21\/1895736308209_4c43a3a8d10bc2fe5e13_72.png",
            "first_name": "siand",
            "real_name": "siand the LT (she\/her)",
            "display_name": "siand the LT (she\/her)",
            "team": "T01RBRV5F7H",
            "name": "sian.davies",
            "is_restricted": false,
            "is_ultra_restricted": false
        },
        "blocks": [
            {
                "type": "rich_text",
                "block_id": "W6fi8",
                "elements": [
                    {
                        "type": "rich_text_section",
                        "elements": [
                            {
                                "type": "text",
                                "text": "the predict size is related to the test size "
                            },
                            {
                                "type": "user",
                                "user_id": "U01S7KCL3DF"
                            },
                            {
                                "type": "text",
                                "text": " --- if i have 1000 rows in my test data set (X_test) with n columns, then y_test will be also 1000 rows (one column) and the predictions will be 1000 rows long, one predicted value for each X_test row."
                            }
                        ]
                    }
                ]
            }
        ],
        "thread_ts": "1618996632.002300",
        "parent_user_id": "U01RKN0EGDV"
    },
    {
        "client_msg_id": "0f8fba11-d634-4b6c-8895-0fd36ef4a58a",
        "type": "message",
        "text": "if you mean train size, thats just whats left from 100%",
        "user": "U01RW140HBP",
        "ts": "1618999750.004400",
        "team": "T01RBRV5F7H",
        "user_team": "T01RBRV5F7H",
        "source_team": "T01RBRV5F7H",
        "user_profile": {
            "avatar_hash": "4c43a3a8d10b",
            "image_72": "https:\/\/avatars.slack-edge.com\/2021-03-21\/1895736308209_4c43a3a8d10bc2fe5e13_72.png",
            "first_name": "siand",
            "real_name": "siand the LT (she\/her)",
            "display_name": "siand the LT (she\/her)",
            "team": "T01RBRV5F7H",
            "name": "sian.davies",
            "is_restricted": false,
            "is_ultra_restricted": false
        },
        "blocks": [
            {
                "type": "rich_text",
                "block_id": "Q3uAq",
                "elements": [
                    {
                        "type": "rich_text_section",
                        "elements": [
                            {
                                "type": "text",
                                "text": "if you mean train size, thats just whats left from 100%"
                            }
                        ]
                    }
                ]
            }
        ],
        "thread_ts": "1618996632.002300",
        "parent_user_id": "U01RKN0EGDV",
        "reactions": [
            {
                "name": "+1",
                "users": [
                    "U01S7KCL3DF"
                ],
                "count": 1
            }
        ]
    },
    {
        "client_msg_id": "86530f9d-365f-43f3-8f01-7828224e63ad",
        "type": "message",
        "text": "as Marian said",
        "user": "U01RW140HBP",
        "ts": "1618999755.004600",
        "team": "T01RBRV5F7H",
        "user_team": "T01RBRV5F7H",
        "source_team": "T01RBRV5F7H",
        "user_profile": {
            "avatar_hash": "4c43a3a8d10b",
            "image_72": "https:\/\/avatars.slack-edge.com\/2021-03-21\/1895736308209_4c43a3a8d10bc2fe5e13_72.png",
            "first_name": "siand",
            "real_name": "siand the LT (she\/her)",
            "display_name": "siand the LT (she\/her)",
            "team": "T01RBRV5F7H",
            "name": "sian.davies",
            "is_restricted": false,
            "is_ultra_restricted": false
        },
        "blocks": [
            {
                "type": "rich_text",
                "block_id": "7tq9",
                "elements": [
                    {
                        "type": "rich_text_section",
                        "elements": [
                            {
                                "type": "text",
                                "text": "as Marian said"
                            }
                        ]
                    }
                ]
            }
        ],
        "thread_ts": "1618996632.002300",
        "parent_user_id": "U01RKN0EGDV"
    },
    {
        "client_msg_id": "63a7fd62-0d49-4332-864b-45bbc146c465",
        "type": "message",
        "text": "Is there a good readme file we can look at? I would be nice to understand how to structure it..",
        "user": "U01SD3CDH9P",
        "ts": "1619000381.005700",
        "team": "T01RBRV5F7H",
        "user_team": "T01RBRV5F7H",
        "source_team": "T01RBRV5F7H",
        "user_profile": {
            "avatar_hash": "735d50ad8f34",
            "image_72": "https:\/\/avatars.slack-edge.com\/2021-04-15\/1962810903269_735d50ad8f345a94bd76_72.jpg",
            "first_name": "",
            "real_name": "Andrea Tognoli",
            "display_name": "Andrea Tognoli",
            "team": "T01RBRV5F7H",
            "name": "andreatognoli001",
            "is_restricted": false,
            "is_ultra_restricted": false
        },
        "blocks": [
            {
                "type": "rich_text",
                "block_id": "Fgx8",
                "elements": [
                    {
                        "type": "rich_text_section",
                        "elements": [
                            {
                                "type": "text",
                                "text": "Is there a good readme file we can look at? I would be nice to understand how to structure it.."
                            }
                        ]
                    }
                ]
            }
        ],
        "thread_ts": "1619000381.005700",
        "reply_count": 6,
        "reply_users_count": 4,
        "latest_reply": "1619000753.007300",
        "reply_users": [
            "U01S7BM4N81",
            "U01RSRE0N3D",
            "U01RW140HBP",
            "U01SD3CDH9P"
        ],
        "replies": [
            {
                "user": "U01S7BM4N81",
                "ts": "1619000395.005800"
            },
            {
                "user": "U01S7BM4N81",
                "ts": "1619000408.006100"
            },
            {
                "user": "U01RSRE0N3D",
                "ts": "1619000413.006300"
            },
            {
                "user": "U01RSRE0N3D",
                "ts": "1619000428.006800"
            },
            {
                "user": "U01RW140HBP",
                "ts": "1619000650.007100"
            },
            {
                "user": "U01SD3CDH9P",
                "ts": "1619000753.007300"
            }
        ],
        "is_locked": false,
        "subscribed": true,
        "last_read": "1619000753.007300"
    },
    {
        "client_msg_id": "c154f48f-c117-4d6d-b27c-9be887d359c4",
        "type": "message",
        "text": "<https:\/\/github.com\/Caparisun\/Linear_Regression_Project>",
        "user": "U01S7BM4N81",
        "ts": "1619000395.005800",
        "team": "T01RBRV5F7H",
        "user_team": "T01RBRV5F7H",
        "source_team": "T01RBRV5F7H",
        "user_profile": {
            "avatar_hash": "2adfc641e87e",
            "image_72": "https:\/\/avatars.slack-edge.com\/2021-04-16\/1994438084416_2adfc641e87e3a953d9c_72.png",
            "first_name": "Thamo",
            "real_name": "Thamo",
            "display_name": "Thamo",
            "team": "T01RBRV5F7H",
            "name": "thamokoeper",
            "is_restricted": false,
            "is_ultra_restricted": false
        },
        "attachments": [
            {
                "fallback": "Caparisun\/Linear_Regression_Project",
                "title": "Caparisun\/Linear_Regression_Project",
                "footer": "<https:\/\/github.com\/Caparisun\/Linear_Regression_Project|Caparisun\/Linear_Regression_Project>",
                "id": 1,
                "footer_icon": "https:\/\/github.githubassets.com\/favicon.ico",
                "ts": 1618578316,
                "color": "24292f",
                "fields": [
                    {
                        "title": "Language",
                        "value": "Jupyter Notebook",
                        "short": true
                    },
                    {
                        "title": "Last updated",
                        "value": "5 minutes ago",
                        "short": true
                    }
                ],
                "mrkdwn_in": [
                    "text",
                    "fields"
                ],
                "bot_id": "B01RM0CJC4X",
                "app_unfurl_url": "https:\/\/github.com\/Caparisun\/Linear_Regression_Project",
                "is_app_unfurl": true
            }
        ],
        "blocks": [
            {
                "type": "rich_text",
                "block_id": "9YpA",
                "elements": [
                    {
                        "type": "rich_text_section",
                        "elements": [
                            {
                                "type": "link",
                                "url": "https:\/\/github.com\/Caparisun\/Linear_Regression_Project"
                            }
                        ]
                    }
                ]
            }
        ],
        "thread_ts": "1619000381.005700",
        "parent_user_id": "U01SD3CDH9P",
        "reactions": [
            {
                "name": "raised_hands",
                "users": [
                    "U01RSRE0N3D"
                ],
                "count": 1
            }
        ]
    },
    {
        "client_msg_id": "54f7f796-b04d-4437-8621-c1b41e35573a",
        "type": "message",
        "text": "Quite happy with it, but also open to feedback :slightly_smiling_face:",
        "user": "U01S7BM4N81",
        "ts": "1619000408.006100",
        "team": "T01RBRV5F7H",
        "user_team": "T01RBRV5F7H",
        "source_team": "T01RBRV5F7H",
        "user_profile": {
            "avatar_hash": "2adfc641e87e",
            "image_72": "https:\/\/avatars.slack-edge.com\/2021-04-16\/1994438084416_2adfc641e87e3a953d9c_72.png",
            "first_name": "Thamo",
            "real_name": "Thamo",
            "display_name": "Thamo",
            "team": "T01RBRV5F7H",
            "name": "thamokoeper",
            "is_restricted": false,
            "is_ultra_restricted": false
        },
        "blocks": [
            {
                "type": "rich_text",
                "block_id": "UNU17",
                "elements": [
                    {
                        "type": "rich_text_section",
                        "elements": [
                            {
                                "type": "text",
                                "text": "Quite happy with it, but also open to feedback "
                            },
                            {
                                "type": "emoji",
                                "name": "slightly_smiling_face"
                            }
                        ]
                    }
                ]
            }
        ],
        "thread_ts": "1619000381.005700",
        "parent_user_id": "U01SD3CDH9P"
    },
    {
        "client_msg_id": "41f9a179-0d54-4157-a9ad-16ffee38f7b0",
        "type": "message",
        "text": "<https:\/\/github.com\/surelybassy\/SportStatsAnalysis>",
        "user": "U01RSRE0N3D",
        "ts": "1619000413.006300",
        "team": "T01RBRV5F7H",
        "user_team": "T01RBRV5F7H",
        "source_team": "T01RBRV5F7H",
        "user_profile": {
            "avatar_hash": "5b0571ca5e6f",
            "image_72": "https:\/\/avatars.slack-edge.com\/2021-03-18\/1876877550179_5b0571ca5e6fe1f759fe_72.jpg",
            "first_name": "Kosta",
            "real_name": "Kosta",
            "display_name": "Kosta",
            "team": "T01RBRV5F7H",
            "name": "kostadin.mitkov",
            "is_restricted": false,
            "is_ultra_restricted": false
        },
        "attachments": [
            {
                "fallback": "surelybassy\/SportStatsAnalysis",
                "text": "Project exploring data collection, visualisation and analysis of Sports Statistics.",
                "title": "surelybassy\/SportStatsAnalysis",
                "footer": "<https:\/\/github.com\/surelybassy\/SportStatsAnalysis|surelybassy\/SportStatsAnalysis>",
                "id": 1,
                "footer_icon": "https:\/\/github.githubassets.com\/favicon.ico",
                "ts": 1596033429,
                "color": "24292f",
                "fields": [
                    {
                        "title": "Stars",
                        "value": "1",
                        "short": true
                    },
                    {
                        "title": "Language",
                        "value": "Jupyter Notebook",
                        "short": true
                    }
                ],
                "mrkdwn_in": [
                    "text",
                    "fields"
                ],
                "bot_id": "B01RM0CJC4X",
                "app_unfurl_url": "https:\/\/github.com\/surelybassy\/SportStatsAnalysis",
                "is_app_unfurl": true
            }
        ],
        "blocks": [
            {
                "type": "rich_text",
                "block_id": "\/ud",
                "elements": [
                    {
                        "type": "rich_text_section",
                        "elements": [
                            {
                                "type": "link",
                                "url": "https:\/\/github.com\/surelybassy\/SportStatsAnalysis"
                            }
                        ]
                    }
                ]
            }
        ],
        "thread_ts": "1619000381.005700",
        "parent_user_id": "U01SD3CDH9P"
    },
    {
        "client_msg_id": "f5189598-a6d8-42a6-a22a-3a769c7379cf",
        "type": "message",
        "text": "This is the one we went through :))",
        "user": "U01RSRE0N3D",
        "ts": "1619000428.006800",
        "team": "T01RBRV5F7H",
        "user_team": "T01RBRV5F7H",
        "source_team": "T01RBRV5F7H",
        "user_profile": {
            "avatar_hash": "5b0571ca5e6f",
            "image_72": "https:\/\/avatars.slack-edge.com\/2021-03-18\/1876877550179_5b0571ca5e6fe1f759fe_72.jpg",
            "first_name": "Kosta",
            "real_name": "Kosta",
            "display_name": "Kosta",
            "team": "T01RBRV5F7H",
            "name": "kostadin.mitkov",
            "is_restricted": false,
            "is_ultra_restricted": false
        },
        "blocks": [
            {
                "type": "rich_text",
                "block_id": "ncl",
                "elements": [
                    {
                        "type": "rich_text_section",
                        "elements": [
                            {
                                "type": "text",
                                "text": "This is the one we went through :))"
                            }
                        ]
                    }
                ]
            }
        ],
        "thread_ts": "1619000381.005700",
        "parent_user_id": "U01SD3CDH9P"
    },
    {
        "client_msg_id": "aba4c206-fe4a-438c-84f6-0406740df28a",
        "type": "message",
        "text": "andrew =  :male_superhero:",
        "user": "U01RW140HBP",
        "ts": "1619000650.007100",
        "team": "T01RBRV5F7H",
        "user_team": "T01RBRV5F7H",
        "source_team": "T01RBRV5F7H",
        "user_profile": {
            "avatar_hash": "4c43a3a8d10b",
            "image_72": "https:\/\/avatars.slack-edge.com\/2021-03-21\/1895736308209_4c43a3a8d10bc2fe5e13_72.png",
            "first_name": "siand",
            "real_name": "siand the LT (she\/her)",
            "display_name": "siand the LT (she\/her)",
            "team": "T01RBRV5F7H",
            "name": "sian.davies",
            "is_restricted": false,
            "is_ultra_restricted": false
        },
        "blocks": [
            {
                "type": "rich_text",
                "block_id": "ZLJ",
                "elements": [
                    {
                        "type": "rich_text_section",
                        "elements": [
                            {
                                "type": "text",
                                "text": "andrew =  "
                            },
                            {
                                "type": "emoji",
                                "name": "male_superhero"
                            }
                        ]
                    }
                ]
            }
        ],
        "thread_ts": "1619000381.005700",
        "parent_user_id": "U01SD3CDH9P"
    },
    {
        "client_msg_id": "1992b5fe-c4fe-4414-8d90-93b22a981869",
        "type": "message",
        "text": "Thank you guys;)",
        "user": "U01SD3CDH9P",
        "ts": "1619000753.007300",
        "team": "T01RBRV5F7H",
        "user_team": "T01RBRV5F7H",
        "source_team": "T01RBRV5F7H",
        "user_profile": {
            "avatar_hash": "735d50ad8f34",
            "image_72": "https:\/\/avatars.slack-edge.com\/2021-04-15\/1962810903269_735d50ad8f345a94bd76_72.jpg",
            "first_name": "",
            "real_name": "Andrea Tognoli",
            "display_name": "Andrea Tognoli",
            "team": "T01RBRV5F7H",
            "name": "andreatognoli001",
            "is_restricted": false,
            "is_ultra_restricted": false
        },
        "blocks": [
            {
                "type": "rich_text",
                "block_id": "8yj3Z",
                "elements": [
                    {
                        "type": "rich_text_section",
                        "elements": [
                            {
                                "type": "text",
                                "text": "Thank you guys;)"
                            }
                        ]
                    }
                ]
            }
        ],
        "thread_ts": "1619000381.005700",
        "parent_user_id": "U01SD3CDH9P"
    },
    {
        "type": "message",
        "text": "i had a request this morning for some examples of presentations - here are two examples for you\n• The pdf is a presentation on the credit cards case study - this is from a group project and is very polished, an A* effort overall (the rest of his github is also excellent but i wont share that today)\n• the other (mp4) is a solo project on the housing case study, and he’s recorded it, which is cool-  its not a very technical presentation but he is a great storyteller \nyou can learn from either example. There are more, but i cant track down the repos right now !",
        "files": [
            {
                "id": "F01UJNJEXEK",
                "created": 1619001088,
                "timestamp": 1619001088,
                "name": "William_Mollers_Presentation.mp4",
                "title": "William_Mollers_Presentation.mp4",
                "mimetype": "video\/mp4",
                "filetype": "mp4",
                "pretty_type": "MPEG 4 Video",
                "user": "U01RW140HBP",
                "editable": false,
                "size": 10713236,
                "mode": "hosted",
                "is_external": false,
                "external_type": "",
                "is_public": true,
                "public_url_shared": false,
                "display_as_bot": false,
                "username": "",
                "url_private": "https:\/\/files.slack.com\/files-pri\/T01RBRV5F7H-F01UJNJEXEK\/william_mollers_presentation.mp4?t=xoxe-1861879185255-2005250891763-2017654554721-735ed824033d65b9b5a8817aca87e86a",
                "url_private_download": "https:\/\/files.slack.com\/files-pri\/T01RBRV5F7H-F01UJNJEXEK\/download\/william_mollers_presentation.mp4?t=xoxe-1861879185255-2005250891763-2017654554721-735ed824033d65b9b5a8817aca87e86a",
                "thumb_video": "https:\/\/files.slack.com\/files-tmb\/T01RBRV5F7H-F01UJNJEXEK-6656f9ec2e\/william_mollers_presentation_thumb_video.jpeg?t=xoxe-1861879185255-2005250891763-2017654554721-735ed824033d65b9b5a8817aca87e86a",
                "permalink": "https:\/\/data-ft-ber-03-2021.slack.com\/files\/U01RW140HBP\/F01UJNJEXEK\/william_mollers_presentation.mp4",
                "permalink_public": "https:\/\/slack-files.com\/T01RBRV5F7H-F01UJNJEXEK-9a757392df",
                "is_starred": false,
                "has_rich_preview": false
            },
            {
                "id": "F01VC4JE7LZ",
                "created": 1619001096,
                "timestamp": 1619001096,
                "name": "Customer Credit Card Analysis Presentation.pdf",
                "title": "Customer Credit Card Analysis Presentation.pdf",
                "mimetype": "application\/pdf",
                "filetype": "pdf",
                "pretty_type": "PDF",
                "user": "U01RW140HBP",
                "editable": false,
                "size": 8558154,
                "mode": "hosted",
                "is_external": false,
                "external_type": "",
                "is_public": true,
                "public_url_shared": false,
                "display_as_bot": false,
                "username": "",
                "url_private": "https:\/\/files.slack.com\/files-pri\/T01RBRV5F7H-F01VC4JE7LZ\/customer_credit_card_analysis_presentation.pdf?t=xoxe-1861879185255-2005250891763-2017654554721-735ed824033d65b9b5a8817aca87e86a",
                "url_private_download": "https:\/\/files.slack.com\/files-pri\/T01RBRV5F7H-F01VC4JE7LZ\/download\/customer_credit_card_analysis_presentation.pdf?t=xoxe-1861879185255-2005250891763-2017654554721-735ed824033d65b9b5a8817aca87e86a",
                "thumb_pdf": "https:\/\/files.slack.com\/files-tmb\/T01RBRV5F7H-F01VC4JE7LZ-832f1855e3\/customer_credit_card_analysis_presentation_thumb_pdf.png?t=xoxe-1861879185255-2005250891763-2017654554721-735ed824033d65b9b5a8817aca87e86a",
                "thumb_pdf_w": 2200,
                "thumb_pdf_h": 1238,
                "permalink": "https:\/\/data-ft-ber-03-2021.slack.com\/files\/U01RW140HBP\/F01VC4JE7LZ\/customer_credit_card_analysis_presentation.pdf",
                "permalink_public": "https:\/\/slack-files.com\/T01RBRV5F7H-F01VC4JE7LZ-3a3969807c",
                "is_starred": false,
                "has_rich_preview": false
            }
        ],
        "upload": false,
        "blocks": [
            {
                "type": "rich_text",
                "block_id": "uc3Y",
                "elements": [
                    {
                        "type": "rich_text_section",
                        "elements": [
                            {
                                "type": "text",
                                "text": "i had a request this morning for some examples of presentations - here are two examples for you\n"
                            }
                        ]
                    },
                    {
                        "type": "rich_text_list",
                        "style": "bullet",
                        "indent": 0,
                        "elements": [
                            {
                                "type": "rich_text_section",
                                "elements": [
                                    {
                                        "type": "text",
                                        "text": "The pdf is a presentation on the credit cards case study - this is from a group project and is very polished, an A* effort overall (the rest of his github is also excellent but i wont share that today)"
                                    }
                                ]
                            },
                            {
                                "type": "rich_text_section",
                                "elements": [
                                    {
                                        "type": "text",
                                        "text": "the other (mp4) is a solo project on the housing case study, and he’s recorded it, which is cool-  its not a very technical presentation but he is a great storyteller "
                                    }
                                ]
                            }
                        ]
                    },
                    {
                        "type": "rich_text_section",
                        "elements": [
                            {
                                "type": "text",
                                "text": "you can learn from either example. There are more, but i cant track down the repos right now !"
                            }
                        ]
                    }
                ]
            }
        ],
        "user": "U01RW140HBP",
        "ts": "1619001214.011900",
        "thread_ts": "1619001214.011900",
        "reply_count": 2,
        "reply_users_count": 2,
        "latest_reply": "1619004886.012200",
        "reply_users": [
            "U01RW140HBP",
            "U01SD3CDH9P"
        ],
        "replies": [
            {
                "user": "U01RW140HBP",
                "ts": "1619001245.012000"
            },
            {
                "user": "U01SD3CDH9P",
                "ts": "1619004886.012200"
            }
        ],
        "is_locked": false,
        "subscribed": false
    },
    {
        "client_msg_id": "30b75083-cb97-40c2-8a9e-ca302fcb6417",
        "type": "message",
        "text": "hope this helps <@U01SD3CDH9P>!",
        "user": "U01RW140HBP",
        "ts": "1619001245.012000",
        "team": "T01RBRV5F7H",
        "user_team": "T01RBRV5F7H",
        "source_team": "T01RBRV5F7H",
        "user_profile": {
            "avatar_hash": "4c43a3a8d10b",
            "image_72": "https:\/\/avatars.slack-edge.com\/2021-03-21\/1895736308209_4c43a3a8d10bc2fe5e13_72.png",
            "first_name": "siand",
            "real_name": "siand the LT (she\/her)",
            "display_name": "siand the LT (she\/her)",
            "team": "T01RBRV5F7H",
            "name": "sian.davies",
            "is_restricted": false,
            "is_ultra_restricted": false
        },
        "blocks": [
            {
                "type": "rich_text",
                "block_id": "W0C",
                "elements": [
                    {
                        "type": "rich_text_section",
                        "elements": [
                            {
                                "type": "text",
                                "text": "hope this helps "
                            },
                            {
                                "type": "user",
                                "user_id": "U01SD3CDH9P"
                            },
                            {
                                "type": "text",
                                "text": "!"
                            }
                        ]
                    }
                ]
            }
        ],
        "thread_ts": "1619001214.011900",
        "parent_user_id": "U01RW140HBP"
    },
    {
        "client_msg_id": "6bd74bf9-a611-489c-afbe-7efdfaa600e8",
        "type": "message",
        "text": "Thank you Siand!!! It is really helpful",
        "user": "U01SD3CDH9P",
        "ts": "1619004886.012200",
        "team": "T01RBRV5F7H",
        "user_team": "T01RBRV5F7H",
        "source_team": "T01RBRV5F7H",
        "user_profile": {
            "avatar_hash": "735d50ad8f34",
            "image_72": "https:\/\/avatars.slack-edge.com\/2021-04-15\/1962810903269_735d50ad8f345a94bd76_72.jpg",
            "first_name": "",
            "real_name": "Andrea Tognoli",
            "display_name": "Andrea Tognoli",
            "team": "T01RBRV5F7H",
            "name": "andreatognoli001",
            "is_restricted": false,
            "is_ultra_restricted": false
        },
        "blocks": [
            {
                "type": "rich_text",
                "block_id": "4CbK",
                "elements": [
                    {
                        "type": "rich_text_section",
                        "elements": [
                            {
                                "type": "text",
                                "text": "Thank you Siand!!! It is really helpful"
                            }
                        ]
                    }
                ]
            }
        ],
        "thread_ts": "1619001214.011900",
        "parent_user_id": "U01RW140HBP"
    }
]