[
    {
        "client_msg_id": "38b1be29-6601-49f2-9ec2-a99524c9484d",
        "type": "message",
        "text": "in case anyone is hungry for feijoada on saturday …. <@U01S133DZ9A>\n\n<https:\/\/www.facebook.com\/events\/475234650447716>\n\n:fast_parrot:",
        "user": "U01S7KCL3DF",
        "ts": "1619594628.004700",
        "team": "T01RBRV5F7H",
        "user_team": "T01RBRV5F7H",
        "source_team": "T01RBRV5F7H",
        "user_profile": {
            "avatar_hash": "17b52091bb62",
            "image_72": "https:\/\/avatars.slack-edge.com\/2021-03-19\/1875964347925_17b52091bb62c2340b4c_72.png",
            "first_name": "Sam",
            "real_name": "Sam Katterfield",
            "display_name": "Sam",
            "team": "T01RBRV5F7H",
            "name": "samkatterfield",
            "is_restricted": false,
            "is_ultra_restricted": false
        },
        "blocks": [
            {
                "type": "rich_text",
                "block_id": "i1B",
                "elements": [
                    {
                        "type": "rich_text_section",
                        "elements": [
                            {
                                "type": "text",
                                "text": "in case anyone is hungry for feijoada on saturday …. "
                            },
                            {
                                "type": "user",
                                "user_id": "U01S133DZ9A"
                            },
                            {
                                "type": "text",
                                "text": "\n\n"
                            },
                            {
                                "type": "link",
                                "url": "https:\/\/www.facebook.com\/events\/475234650447716"
                            },
                            {
                                "type": "text",
                                "text": "\n\n"
                            },
                            {
                                "type": "emoji",
                                "name": "fast_parrot"
                            }
                        ]
                    }
                ]
            }
        ],
        "reactions": [
            {
                "name": "heart_eyes",
                "users": [
                    "U01RW140HBP"
                ],
                "count": 1
            },
            {
                "name": "yum",
                "users": [
                    "U01S65G72SY",
                    "U01S133DZ9A"
                ],
                "count": 2
            }
        ]
    }
]