[
    {
        "type": "message",
        "text": "<!channel>,\nbirthday party this week :slightly_smiling_face:",
        "files": [
            {
                "id": "F020S5WMS4F",
                "created": 1620374419,
                "timestamp": 1620374419,
                "name": "Screenshot from 2021-05-05 09-06-16.png",
                "title": "Screenshot from 2021-05-05 09-06-16.png",
                "mimetype": "image\/png",
                "filetype": "png",
                "pretty_type": "PNG",
                "user": "U01SJKB2MG8",
                "editable": false,
                "size": 1892942,
                "mode": "hosted",
                "is_external": false,
                "external_type": "",
                "is_public": true,
                "public_url_shared": false,
                "display_as_bot": false,
                "username": "",
                "url_private": "https:\/\/files.slack.com\/files-pri\/T01RBRV5F7H-F020S5WMS4F\/screenshot_from_2021-05-05_09-06-16.png?t=xoxe-1861879185255-2047593969042-2053756158948-4cf6552631c579c36efd5d2fd242de30",
                "url_private_download": "https:\/\/files.slack.com\/files-pri\/T01RBRV5F7H-F020S5WMS4F\/download\/screenshot_from_2021-05-05_09-06-16.png?t=xoxe-1861879185255-2047593969042-2053756158948-4cf6552631c579c36efd5d2fd242de30",
                "thumb_64": "https:\/\/files.slack.com\/files-tmb\/T01RBRV5F7H-F020S5WMS4F-7fbc00c4db\/screenshot_from_2021-05-05_09-06-16_64.png?t=xoxe-1861879185255-2047593969042-2053756158948-4cf6552631c579c36efd5d2fd242de30",
                "thumb_80": "https:\/\/files.slack.com\/files-tmb\/T01RBRV5F7H-F020S5WMS4F-7fbc00c4db\/screenshot_from_2021-05-05_09-06-16_80.png?t=xoxe-1861879185255-2047593969042-2053756158948-4cf6552631c579c36efd5d2fd242de30",
                "thumb_360": "https:\/\/files.slack.com\/files-tmb\/T01RBRV5F7H-F020S5WMS4F-7fbc00c4db\/screenshot_from_2021-05-05_09-06-16_360.png?t=xoxe-1861879185255-2047593969042-2053756158948-4cf6552631c579c36efd5d2fd242de30",
                "thumb_360_w": 360,
                "thumb_360_h": 185,
                "thumb_480": "https:\/\/files.slack.com\/files-tmb\/T01RBRV5F7H-F020S5WMS4F-7fbc00c4db\/screenshot_from_2021-05-05_09-06-16_480.png?t=xoxe-1861879185255-2047593969042-2053756158948-4cf6552631c579c36efd5d2fd242de30",
                "thumb_480_w": 480,
                "thumb_480_h": 246,
                "thumb_160": "https:\/\/files.slack.com\/files-tmb\/T01RBRV5F7H-F020S5WMS4F-7fbc00c4db\/screenshot_from_2021-05-05_09-06-16_160.png?t=xoxe-1861879185255-2047593969042-2053756158948-4cf6552631c579c36efd5d2fd242de30",
                "thumb_720": "https:\/\/files.slack.com\/files-tmb\/T01RBRV5F7H-F020S5WMS4F-7fbc00c4db\/screenshot_from_2021-05-05_09-06-16_720.png?t=xoxe-1861879185255-2047593969042-2053756158948-4cf6552631c579c36efd5d2fd242de30",
                "thumb_720_w": 720,
                "thumb_720_h": 370,
                "thumb_800": "https:\/\/files.slack.com\/files-tmb\/T01RBRV5F7H-F020S5WMS4F-7fbc00c4db\/screenshot_from_2021-05-05_09-06-16_800.png?t=xoxe-1861879185255-2047593969042-2053756158948-4cf6552631c579c36efd5d2fd242de30",
                "thumb_800_w": 800,
                "thumb_800_h": 411,
                "thumb_960": "https:\/\/files.slack.com\/files-tmb\/T01RBRV5F7H-F020S5WMS4F-7fbc00c4db\/screenshot_from_2021-05-05_09-06-16_960.png?t=xoxe-1861879185255-2047593969042-2053756158948-4cf6552631c579c36efd5d2fd242de30",
                "thumb_960_w": 960,
                "thumb_960_h": 493,
                "thumb_1024": "https:\/\/files.slack.com\/files-tmb\/T01RBRV5F7H-F020S5WMS4F-7fbc00c4db\/screenshot_from_2021-05-05_09-06-16_1024.png?t=xoxe-1861879185255-2047593969042-2053756158948-4cf6552631c579c36efd5d2fd242de30",
                "thumb_1024_w": 1024,
                "thumb_1024_h": 526,
                "image_exif_rotation": 1,
                "original_w": 1855,
                "original_h": 952,
                "thumb_tiny": "AwAYADCrDEHVmKlsf7WKlKRhvuBc4x826i1x5T7iQM4IFSiPldjblA7DOKLBciATdnYpA4PQc1LFGGQlYhuX2BBqKVfLYZBU44zxSW7MN2M9O1IY8IYo282NPmPykYP1pk5XyFAUBg3UDtVhP3iqJA3APABqvdIFiQqrDnB3AimrCZFFIy\/IOjEVoxRiIsgl3FuTx0rLT76\/UVpj\/j4P0\/pQAk6R3EigyY2jgioYFRfuyEMw56cURf8AHxUMX+tH0FAFmKZmO0soPr+NVZ7hpEEbAfKTz3NOj\/14+oqB\/vt9TRYD\/9k=",
                "permalink": "https:\/\/data-ft-ber-03-2021.slack.com\/files\/U01SJKB2MG8\/F020S5WMS4F\/screenshot_from_2021-05-05_09-06-16.png",
                "permalink_public": "https:\/\/slack-files.com\/T01RBRV5F7H-F020S5WMS4F-149370e7b8",
                "is_starred": false,
                "has_rich_preview": false
            }
        ],
        "upload": false,
        "blocks": [
            {
                "type": "rich_text",
                "block_id": "kYkKs",
                "elements": [
                    {
                        "type": "rich_text_section",
                        "elements": [
                            {
                                "type": "broadcast",
                                "range": "channel"
                            },
                            {
                                "type": "text",
                                "text": ",\nbirthday party this week "
                            },
                            {
                                "type": "emoji",
                                "name": "slightly_smiling_face"
                            }
                        ]
                    }
                ]
            }
        ],
        "user": "U01SJKB2MG8",
        "display_as_bot": false,
        "ts": "1620374436.000500",
        "reactions": [
            {
                "name": "sweat_smile",
                "users": [
                    "U01RKN0EGDV"
                ],
                "count": 1
            },
            {
                "name": "heart_eyes",
                "users": [
                    "U01RV3K524T",
                    "U01RSRE0N3D",
                    "U01RNEU3SNA",
                    "U01S0P26NKD"
                ],
                "count": 4
            },
            {
                "name": "heart",
                "users": [
                    "U01S0E0MRJ7",
                    "U01RSRE0N3D"
                ],
                "count": 2
            }
        ]
    }
]