[
    {
        "client_msg_id": "910b547e-87db-4c70-a894-c8ca4175c5be",
        "type": "message",
        "text": "Im going through all this so i can use words like \"multidimensional arrays\", and \"plot data in the matrix\" at work and it being normal",
        "user": "U01RW2X7S9Z",
        "ts": "1616757006.001200",
        "team": "T01RBRV5F7H",
        "user_team": "T01RBRV5F7H",
        "source_team": "T01RBRV5F7H",
        "user_profile": {
            "avatar_hash": "7e12d75d168a",
            "image_72": "https:\/\/avatars.slack-edge.com\/2021-03-19\/1880105796643_7e12d75d168ae25c167d_72.jpg",
            "first_name": "Alexandre",
            "real_name": "Alexandre Sommerkamp",
            "display_name": "Alexandre Sommerkamp",
            "team": "T01RBRV5F7H",
            "name": "alex.c.skp",
            "is_restricted": false,
            "is_ultra_restricted": false
        },
        "blocks": [
            {
                "type": "rich_text",
                "block_id": "3DVju",
                "elements": [
                    {
                        "type": "rich_text_section",
                        "elements": [
                            {
                                "type": "text",
                                "text": "Im going through all this so i can use words like \"multidimensional arrays\", and \"plot data in the matrix\" at work and it being normal"
                            }
                        ]
                    }
                ]
            }
        ],
        "reactions": [
            {
                "name": "think-about-it",
                "users": [
                    "U01RSRE0N3D"
                ],
                "count": 1
            }
        ]
    },
    {
        "bot_id": "B01S7FSR36Y",
        "type": "message",
        "text": "nerd",
        "user": "U01RW2X7S9Z",
        "ts": "1616757020.001400",
        "team": "T01RBRV5F7H",
        "bot_profile": {
            "id": "B01S7FSR36Y",
            "deleted": false,
            "name": "giphy",
            "updated": 1616421896,
            "app_id": "A0F827J2C",
            "icons": {
                "image_36": "https:\/\/a.slack-edge.com\/dc483\/img\/plugins\/giphy\/service_72.png",
                "image_48": "https:\/\/a.slack-edge.com\/dc483\/img\/plugins\/giphy\/service_48.png",
                "image_72": "https:\/\/a.slack-edge.com\/dc483\/img\/plugins\/giphy\/service_72.png"
            },
            "team_id": "T01RBRV5F7H"
        },
        "blocks": [
            {
                "type": "image",
                "block_id": "10=",
                "image_url": "https:\/\/media4.giphy.com\/media\/l0HlHFRbmaZtBRhXG\/giphy.gif?cid=6104955e18132ee72f8264e27954281df1ff56314b813dbf&rid=giphy.gif&ct=g",
                "alt_text": "nerd",
                "title": {
                    "type": "plain_text",
                    "text": "nerd",
                    "emoji": true
                },
                "fallback": "480x270px image",
                "image_width": 480,
                "image_height": 270,
                "image_bytes": 1699629,
                "is_animated": true
            },
            {
                "type": "context",
                "block_id": "Prh",
                "elements": [
                    {
                        "type": "image",
                        "image_url": "https:\/\/a.slack-edge.com\/dc483\/img\/plugins\/giphy\/service_32.png",
                        "alt_text": "giphy logo"
                    },
                    {
                        "type": "mrkdwn",
                        "text": "Posted using \/giphy | GIF by <https:\/\/giphy.com\/colbertlateshow\/|The Late Show With Stephen Colbert>",
                        "verbatim": false
                    }
                ]
            }
        ]
    },
    {
        "bot_id": "B01S7FSR36Y",
        "type": "message",
        "text": "palpatine well",
        "user": "U01RXCQHMHT",
        "ts": "1616757037.001600",
        "team": "T01RBRV5F7H",
        "bot_profile": {
            "id": "B01S7FSR36Y",
            "deleted": false,
            "name": "giphy",
            "updated": 1616421896,
            "app_id": "A0F827J2C",
            "icons": {
                "image_36": "https:\/\/a.slack-edge.com\/dc483\/img\/plugins\/giphy\/service_72.png",
                "image_48": "https:\/\/a.slack-edge.com\/dc483\/img\/plugins\/giphy\/service_48.png",
                "image_72": "https:\/\/a.slack-edge.com\/dc483\/img\/plugins\/giphy\/service_72.png"
            },
            "team_id": "T01RBRV5F7H"
        },
        "blocks": [
            {
                "type": "image",
                "block_id": "Lcid5",
                "image_url": "https:\/\/media4.giphy.com\/media\/9g8PH1MbwTy4o\/giphy.gif?cid=6104955e85ee3c4cb324e269b225056d0dfe6f61ae412c5c&rid=giphy.gif&ct=g",
                "alt_text": "palpatine well",
                "title": {
                    "type": "plain_text",
                    "text": "palpatine well",
                    "emoji": true
                },
                "fallback": "245x160px image",
                "image_width": 245,
                "image_height": 160,
                "image_bytes": 471696,
                "is_animated": true
            },
            {
                "type": "context",
                "block_id": "+22O",
                "elements": [
                    {
                        "type": "image",
                        "image_url": "https:\/\/a.slack-edge.com\/dc483\/img\/plugins\/giphy\/service_32.png",
                        "alt_text": "giphy logo"
                    },
                    {
                        "type": "mrkdwn",
                        "text": "Posted using \/giphy",
                        "verbatim": false
                    }
                ]
            }
        ]
    },
    {
        "bot_id": "B01S7FSR36Y",
        "type": "message",
        "text": "multidimensional",
        "user": "U01RSRE0N3D",
        "ts": "1616757116.001900",
        "team": "T01RBRV5F7H",
        "bot_profile": {
            "id": "B01S7FSR36Y",
            "deleted": false,
            "name": "giphy",
            "updated": 1616421896,
            "app_id": "A0F827J2C",
            "icons": {
                "image_36": "https:\/\/a.slack-edge.com\/dc483\/img\/plugins\/giphy\/service_72.png",
                "image_48": "https:\/\/a.slack-edge.com\/dc483\/img\/plugins\/giphy\/service_48.png",
                "image_72": "https:\/\/a.slack-edge.com\/dc483\/img\/plugins\/giphy\/service_72.png"
            },
            "team_id": "T01RBRV5F7H"
        },
        "blocks": [
            {
                "type": "image",
                "block_id": "N7u",
                "image_url": "https:\/\/media2.giphy.com\/media\/VG2q7LKqdPkiiWTkuz\/giphy.gif?cid=6104955efbfee8443250092dbfdbb777f3e008c5e34319e0&rid=giphy.gif&ct=g",
                "alt_text": "multidimensional",
                "title": {
                    "type": "plain_text",
                    "text": "multidimensional",
                    "emoji": true
                },
                "fallback": "480x270px image",
                "image_width": 480,
                "image_height": 270,
                "image_bytes": 1470209,
                "is_animated": true
            },
            {
                "type": "context",
                "block_id": "sI9Oo",
                "elements": [
                    {
                        "type": "image",
                        "image_url": "https:\/\/a.slack-edge.com\/dc483\/img\/plugins\/giphy\/service_32.png",
                        "alt_text": "giphy logo"
                    },
                    {
                        "type": "mrkdwn",
                        "text": "Posted using \/giphy | GIF by <https:\/\/giphy.com\/daveonfxx\/|DAVE>",
                        "verbatim": false
                    }
                ]
            }
        ],
        "reactions": [
            {
                "name": "joy",
                "users": [
                    "U01RN7BVD1C",
                    "U01SJKB2MG8",
                    "U01S1CWGTU4"
                ],
                "count": 3
            }
        ]
    },
    {
        "client_msg_id": "e7904843-f88c-426c-8511-3e13875ed60c",
        "type": "message",
        "text": "<@U01RSRE0N3D> I see who is the hip hop head here",
        "user": "U01RXCQHMHT",
        "ts": "1616757136.002500",
        "team": "T01RBRV5F7H",
        "user_team": "T01RBRV5F7H",
        "source_team": "T01RBRV5F7H",
        "user_profile": {
            "avatar_hash": "7290c61c38a0",
            "image_72": "https:\/\/avatars.slack-edge.com\/2021-03-22\/1898002028225_7290c61c38a01ad66680_72.jpg",
            "first_name": "Thanh",
            "real_name": "Thanh Tung Ha Thuc DAFT Berlin March 2021",
            "display_name": "Tony Ha",
            "team": "T01RBRV5F7H",
            "name": "tony.hathuc",
            "is_restricted": false,
            "is_ultra_restricted": false
        },
        "blocks": [
            {
                "type": "rich_text",
                "block_id": "mDY",
                "elements": [
                    {
                        "type": "rich_text_section",
                        "elements": [
                            {
                                "type": "user",
                                "user_id": "U01RSRE0N3D"
                            },
                            {
                                "type": "text",
                                "text": " I see who is the hip hop head here"
                            }
                        ]
                    }
                ]
            }
        ]
    },
    {
        "client_msg_id": "193c44f5-01ad-493e-a0d7-eeda8f62911a",
        "type": "message",
        "text": "what can I say, I love LA",
        "user": "U01RSRE0N3D",
        "ts": "1616757151.002800",
        "team": "T01RBRV5F7H",
        "user_team": "T01RBRV5F7H",
        "source_team": "T01RBRV5F7H",
        "user_profile": {
            "avatar_hash": "5b0571ca5e6f",
            "image_72": "https:\/\/avatars.slack-edge.com\/2021-03-18\/1876877550179_5b0571ca5e6fe1f759fe_72.jpg",
            "first_name": "Kosta",
            "real_name": "Kosta",
            "display_name": "Kosta",
            "team": "T01RBRV5F7H",
            "name": "kostadin.mitkov",
            "is_restricted": false,
            "is_ultra_restricted": false
        },
        "blocks": [
            {
                "type": "rich_text",
                "block_id": "5Vw",
                "elements": [
                    {
                        "type": "rich_text_section",
                        "elements": [
                            {
                                "type": "text",
                                "text": "what can I say, I love LA"
                            }
                        ]
                    }
                ]
            }
        ]
    },
    {
        "client_msg_id": "8f167bda-5422-49fe-8b7c-913cd7f2ef44",
        "type": "message",
        "text": "Yessir",
        "user": "U01RXCQHMHT",
        "ts": "1616757599.003200",
        "team": "T01RBRV5F7H",
        "user_team": "T01RBRV5F7H",
        "source_team": "T01RBRV5F7H",
        "user_profile": {
            "avatar_hash": "7290c61c38a0",
            "image_72": "https:\/\/avatars.slack-edge.com\/2021-03-22\/1898002028225_7290c61c38a01ad66680_72.jpg",
            "first_name": "Thanh",
            "real_name": "Thanh Tung Ha Thuc DAFT Berlin March 2021",
            "display_name": "Tony Ha",
            "team": "T01RBRV5F7H",
            "name": "tony.hathuc",
            "is_restricted": false,
            "is_ultra_restricted": false
        },
        "blocks": [
            {
                "type": "rich_text",
                "block_id": "ZlL3F",
                "elements": [
                    {
                        "type": "rich_text_section",
                        "elements": [
                            {
                                "type": "text",
                                "text": "Yessir"
                            }
                        ]
                    }
                ]
            }
        ]
    },
    {
        "client_msg_id": "91e5c2b4-819c-4114-bd41-73c9ad8dcb70",
        "type": "message",
        "text": ":rolling_on_the_floor_laughing:",
        "user": "U01RXCQHMHT",
        "ts": "1616757609.003500",
        "team": "T01RBRV5F7H",
        "user_team": "T01RBRV5F7H",
        "source_team": "T01RBRV5F7H",
        "user_profile": {
            "avatar_hash": "7290c61c38a0",
            "image_72": "https:\/\/avatars.slack-edge.com\/2021-03-22\/1898002028225_7290c61c38a01ad66680_72.jpg",
            "first_name": "Thanh",
            "real_name": "Thanh Tung Ha Thuc DAFT Berlin March 2021",
            "display_name": "Tony Ha",
            "team": "T01RBRV5F7H",
            "name": "tony.hathuc",
            "is_restricted": false,
            "is_ultra_restricted": false
        },
        "blocks": [
            {
                "type": "rich_text",
                "block_id": "T63\/",
                "elements": [
                    {
                        "type": "rich_text_section",
                        "elements": [
                            {
                                "type": "emoji",
                                "name": "rolling_on_the_floor_laughing"
                            }
                        ]
                    }
                ]
            }
        ]
    },
    {
        "client_msg_id": "81338f05-4a21-44f7-9a6d-ad6204139493",
        "type": "message",
        "text": "<@U01RSRE0N3D> UK drill is taking over",
        "user": "U01RXCQHMHT",
        "ts": "1616757631.003900",
        "team": "T01RBRV5F7H",
        "user_team": "T01RBRV5F7H",
        "source_team": "T01RBRV5F7H",
        "user_profile": {
            "avatar_hash": "7290c61c38a0",
            "image_72": "https:\/\/avatars.slack-edge.com\/2021-03-22\/1898002028225_7290c61c38a01ad66680_72.jpg",
            "first_name": "Thanh",
            "real_name": "Thanh Tung Ha Thuc DAFT Berlin March 2021",
            "display_name": "Tony Ha",
            "team": "T01RBRV5F7H",
            "name": "tony.hathuc",
            "is_restricted": false,
            "is_ultra_restricted": false
        },
        "blocks": [
            {
                "type": "rich_text",
                "block_id": "GSt",
                "elements": [
                    {
                        "type": "rich_text_section",
                        "elements": [
                            {
                                "type": "user",
                                "user_id": "U01RSRE0N3D"
                            },
                            {
                                "type": "text",
                                "text": " UK drill is taking over"
                            }
                        ]
                    }
                ]
            }
        ],
        "reactions": [
            {
                "name": "smile",
                "users": [
                    "U01RSRE0N3D"
                ],
                "count": 1
            },
            {
                "name": "drum_with_drumsticks",
                "users": [
                    "U01S7KCL3DF"
                ],
                "count": 1
            }
        ]
    },
    {
        "type": "message",
        "text": "<!channel>,",
        "files": [
            {
                "id": "F01SJBJ01BM",
                "created": 1616760236,
                "timestamp": 1616760236,
                "name": "obi_wan_weekly_survey.jpg",
                "title": "obi_wan_weekly_survey.jpg",
                "mimetype": "image\/jpeg",
                "filetype": "jpg",
                "pretty_type": "JPEG",
                "user": "U01SJKB2MG8",
                "editable": false,
                "size": 41122,
                "mode": "hosted",
                "is_external": false,
                "external_type": "",
                "is_public": true,
                "public_url_shared": false,
                "display_as_bot": false,
                "username": "",
                "url_private": "https:\/\/files.slack.com\/files-pri\/T01RBRV5F7H-F01SJBJ01BM\/obi_wan_weekly_survey.jpg?t=xoxe-1861879185255-2047593969042-2053756158948-4cf6552631c579c36efd5d2fd242de30",
                "url_private_download": "https:\/\/files.slack.com\/files-pri\/T01RBRV5F7H-F01SJBJ01BM\/download\/obi_wan_weekly_survey.jpg?t=xoxe-1861879185255-2047593969042-2053756158948-4cf6552631c579c36efd5d2fd242de30",
                "thumb_64": "https:\/\/files.slack.com\/files-tmb\/T01RBRV5F7H-F01SJBJ01BM-eaf805120e\/obi_wan_weekly_survey_64.jpg?t=xoxe-1861879185255-2047593969042-2053756158948-4cf6552631c579c36efd5d2fd242de30",
                "thumb_80": "https:\/\/files.slack.com\/files-tmb\/T01RBRV5F7H-F01SJBJ01BM-eaf805120e\/obi_wan_weekly_survey_80.jpg?t=xoxe-1861879185255-2047593969042-2053756158948-4cf6552631c579c36efd5d2fd242de30",
                "thumb_360": "https:\/\/files.slack.com\/files-tmb\/T01RBRV5F7H-F01SJBJ01BM-eaf805120e\/obi_wan_weekly_survey_360.jpg?t=xoxe-1861879185255-2047593969042-2053756158948-4cf6552631c579c36efd5d2fd242de30",
                "thumb_360_w": 360,
                "thumb_360_h": 171,
                "thumb_480": "https:\/\/files.slack.com\/files-tmb\/T01RBRV5F7H-F01SJBJ01BM-eaf805120e\/obi_wan_weekly_survey_480.jpg?t=xoxe-1861879185255-2047593969042-2053756158948-4cf6552631c579c36efd5d2fd242de30",
                "thumb_480_w": 480,
                "thumb_480_h": 228,
                "thumb_160": "https:\/\/files.slack.com\/files-tmb\/T01RBRV5F7H-F01SJBJ01BM-eaf805120e\/obi_wan_weekly_survey_160.jpg?t=xoxe-1861879185255-2047593969042-2053756158948-4cf6552631c579c36efd5d2fd242de30",
                "original_w": 500,
                "original_h": 238,
                "thumb_tiny": "AwAWADBsTRuQPKXB681YaBY8u6KABwQaohWQZP3T2pZJmlTaWY4HFFxkjXgBB8s+n3u1SAhV80LyByNxqjg8Bux61cLhVOSDu6UhotxnzYg+Rz2qtPsR2BiB\/GmK8sMXyyfL6EVE0jyHk7jQJjkcrnIVs+op\/nccxp19KiopiHmXOf3ac+1Hmnj93Hx\/s0yigCVWaQNlYyPQilZSQPlRcegoh6NT\/wCGgD\/\/2Q==",
                "permalink": "https:\/\/data-ft-ber-03-2021.slack.com\/files\/U01SJKB2MG8\/F01SJBJ01BM\/obi_wan_weekly_survey.jpg",
                "permalink_public": "https:\/\/slack-files.com\/T01RBRV5F7H-F01SJBJ01BM-2c0ae0984a",
                "is_starred": false,
                "has_rich_preview": false
            }
        ],
        "upload": false,
        "blocks": [
            {
                "type": "rich_text",
                "block_id": "dx+5",
                "elements": [
                    {
                        "type": "rich_text_section",
                        "elements": [
                            {
                                "type": "broadcast",
                                "range": "channel"
                            },
                            {
                                "type": "text",
                                "text": ","
                            }
                        ]
                    }
                ]
            }
        ],
        "user": "U01SJKB2MG8",
        "display_as_bot": false,
        "ts": "1616760241.004500",
        "reactions": [
            {
                "name": "joy",
                "users": [
                    "U01RSRE0N3D",
                    "U01S7BM4N81"
                ],
                "count": 2
            }
        ]
    },
    {
        "type": "message",
        "text": "",
        "files": [
            {
                "id": "F01T7UYQQN4",
                "created": 1616760307,
                "timestamp": 1616760307,
                "name": "image.png",
                "title": "image.png",
                "mimetype": "image\/png",
                "filetype": "png",
                "pretty_type": "PNG",
                "user": "U01RW2X7S9Z",
                "editable": false,
                "size": 384034,
                "mode": "hosted",
                "is_external": false,
                "external_type": "",
                "is_public": true,
                "public_url_shared": false,
                "display_as_bot": false,
                "username": "",
                "url_private": "https:\/\/files.slack.com\/files-pri\/T01RBRV5F7H-F01T7UYQQN4\/image.png?t=xoxe-1861879185255-2047593969042-2053756158948-4cf6552631c579c36efd5d2fd242de30",
                "url_private_download": "https:\/\/files.slack.com\/files-pri\/T01RBRV5F7H-F01T7UYQQN4\/download\/image.png?t=xoxe-1861879185255-2047593969042-2053756158948-4cf6552631c579c36efd5d2fd242de30",
                "thumb_64": "https:\/\/files.slack.com\/files-tmb\/T01RBRV5F7H-F01T7UYQQN4-1b025b6d96\/image_64.png?t=xoxe-1861879185255-2047593969042-2053756158948-4cf6552631c579c36efd5d2fd242de30",
                "thumb_80": "https:\/\/files.slack.com\/files-tmb\/T01RBRV5F7H-F01T7UYQQN4-1b025b6d96\/image_80.png?t=xoxe-1861879185255-2047593969042-2053756158948-4cf6552631c579c36efd5d2fd242de30",
                "thumb_360": "https:\/\/files.slack.com\/files-tmb\/T01RBRV5F7H-F01T7UYQQN4-1b025b6d96\/image_360.png?t=xoxe-1861879185255-2047593969042-2053756158948-4cf6552631c579c36efd5d2fd242de30",
                "thumb_360_w": 360,
                "thumb_360_h": 323,
                "thumb_480": "https:\/\/files.slack.com\/files-tmb\/T01RBRV5F7H-F01T7UYQQN4-1b025b6d96\/image_480.png?t=xoxe-1861879185255-2047593969042-2053756158948-4cf6552631c579c36efd5d2fd242de30",
                "thumb_480_w": 480,
                "thumb_480_h": 431,
                "thumb_160": "https:\/\/files.slack.com\/files-tmb\/T01RBRV5F7H-F01T7UYQQN4-1b025b6d96\/image_160.png?t=xoxe-1861879185255-2047593969042-2053756158948-4cf6552631c579c36efd5d2fd242de30",
                "original_w": 506,
                "original_h": 454,
                "thumb_tiny": "AwArADC7vHJByM0x36HnHXrVFLnbM6n+8cj15qaeUCJWjzgnBIGSPamIm3MOcHH1qNkyxOws2MY3Y59aYI28rJLBvQuf6VCpmL4w6nrknIpDHTxTPt8tShA5G\/rzVWCST7RGC7ffHf3p08k0cn32GemGqOAk3MZPXeP50AJN\/r3\/AN4\/zq5YszhtwJA7+tU5v9c\/+8f51atmkFuVT5SDkkigCyQpkwHO8du35UrJuXGMHOciqJLrcB93PcjtVmOSRM5cNn0oAbdRjyjlec5Bz0qpbLmeM+jD+dTztNKfL2gZ5wDTIUeOeMMpXLjqPemBfSFImZgAXJJyaexJAGM5460pRTOc+nrT\/LT0\/WgCIjnAjA9s\/wCfSkXr9zP41MY19P1pvlrnofzpAV3iYXCSYGMbTzU6sGKggEZHWo541wOv4MamRF+U49KAP\/\/Z",
                "permalink": "https:\/\/data-ft-ber-03-2021.slack.com\/files\/U01RW2X7S9Z\/F01T7UYQQN4\/image.png",
                "permalink_public": "https:\/\/slack-files.com\/T01RBRV5F7H-F01T7UYQQN4-e916ee0d77",
                "is_starred": false,
                "has_rich_preview": false
            }
        ],
        "upload": false,
        "user": "U01RW2X7S9Z",
        "display_as_bot": false,
        "ts": "1616760310.005100",
        "reactions": [
            {
                "name": "baby-yoda-soup",
                "users": [
                    "U01SJKB2MG8",
                    "U01RSRE0N3D"
                ],
                "count": 2
            },
            {
                "name": "surprised_owl",
                "users": [
                    "U01RSRE0N3D"
                ],
                "count": 1
            }
        ]
    },
    {
        "bot_id": "B01S7FSR36Y",
        "type": "message",
        "text": "palpatine",
        "user": "U01RXCQHMHT",
        "ts": "1616763804.006000",
        "team": "T01RBRV5F7H",
        "bot_profile": {
            "id": "B01S7FSR36Y",
            "deleted": false,
            "name": "giphy",
            "updated": 1616421896,
            "app_id": "A0F827J2C",
            "icons": {
                "image_36": "https:\/\/a.slack-edge.com\/dc483\/img\/plugins\/giphy\/service_72.png",
                "image_48": "https:\/\/a.slack-edge.com\/dc483\/img\/plugins\/giphy\/service_48.png",
                "image_72": "https:\/\/a.slack-edge.com\/dc483\/img\/plugins\/giphy\/service_72.png"
            },
            "team_id": "T01RBRV5F7H"
        },
        "blocks": [
            {
                "type": "image",
                "block_id": "lAW",
                "image_url": "https:\/\/media2.giphy.com\/media\/3oKIPzLXQYb2Bn5PLG\/giphy-downsized.gif?cid=6104955ec497a63d2b105d264d307687ab99791d8af47abd&rid=giphy-downsized.gif&ct=g",
                "alt_text": "palpatine",
                "title": {
                    "type": "plain_text",
                    "text": "palpatine",
                    "emoji": true
                },
                "fallback": "480x204px image",
                "image_width": 480,
                "image_height": 204,
                "image_bytes": 1952692,
                "is_animated": true
            },
            {
                "type": "context",
                "block_id": "uAm",
                "elements": [
                    {
                        "type": "image",
                        "image_url": "https:\/\/a.slack-edge.com\/dc483\/img\/plugins\/giphy\/service_32.png",
                        "alt_text": "giphy logo"
                    },
                    {
                        "type": "mrkdwn",
                        "text": "Posted using \/giphy | GIF by <https:\/\/giphy.com\/starwars\/|Star Wars>",
                        "verbatim": false
                    }
                ]
            }
        ]
    }
]