[
    {
        "client_msg_id": "465c80e8-4b01-4052-a73b-5437f7a5c255",
        "type": "message",
        "text": "maybe there is an equivalent for another german city, if not berlin - like this <https:\/\/data.london.gov.uk\/dataset\/a-e-attendance-in-london-by-day-and-hour>\nthis data set doesnt indicate broken ribs, but sports injuries…",
        "user": "U01RW140HBP",
        "ts": "1620111662.055600",
        "team": "T01RBRV5F7H",
        "user_team": "T01RBRV5F7H",
        "source_team": "T01RBRV5F7H",
        "user_profile": {
            "avatar_hash": "4c43a3a8d10b",
            "image_72": "https:\/\/avatars.slack-edge.com\/2021-03-21\/1895736308209_4c43a3a8d10bc2fe5e13_72.png",
            "first_name": "siand",
            "real_name": "siand the LT (she\/her)",
            "display_name": "siand the LT (she\/her)",
            "team": "T01RBRV5F7H",
            "name": "sian.davies",
            "is_restricted": false,
            "is_ultra_restricted": false
        },
        "blocks": [
            {
                "type": "rich_text",
                "block_id": "YrRH",
                "elements": [
                    {
                        "type": "rich_text_section",
                        "elements": [
                            {
                                "type": "text",
                                "text": "maybe there is an equivalent for another german city, if not berlin - like this "
                            },
                            {
                                "type": "link",
                                "url": "https:\/\/data.london.gov.uk\/dataset\/a-e-attendance-in-london-by-day-and-hour"
                            },
                            {
                                "type": "text",
                                "text": "\nthis data set doesnt indicate broken ribs, but sports injuries…"
                            }
                        ]
                    }
                ]
            }
        ],
        "thread_ts": "1620110582.052500",
        "parent_user_id": "U01RN7BVD1C"
    },
    {
        "client_msg_id": "56a382a1-3a41-4306-a85d-22e8d11cd8cd",
        "type": "message",
        "text": "good old eu - theres a request form Phine - <https:\/\/www.eurosafe.eu.com\/uploads\/inline-files\/%2311_Request%20form%20IDB-data%20analysis.pdf>\nwould be interested to hear how long it takes though!",
        "user": "U01RW140HBP",
        "ts": "1620111898.055800",
        "team": "T01RBRV5F7H",
        "user_team": "T01RBRV5F7H",
        "source_team": "T01RBRV5F7H",
        "user_profile": {
            "avatar_hash": "4c43a3a8d10b",
            "image_72": "https:\/\/avatars.slack-edge.com\/2021-03-21\/1895736308209_4c43a3a8d10bc2fe5e13_72.png",
            "first_name": "siand",
            "real_name": "siand the LT (she\/her)",
            "display_name": "siand the LT (she\/her)",
            "team": "T01RBRV5F7H",
            "name": "sian.davies",
            "is_restricted": false,
            "is_ultra_restricted": false
        },
        "blocks": [
            {
                "type": "rich_text",
                "block_id": "QAl",
                "elements": [
                    {
                        "type": "rich_text_section",
                        "elements": [
                            {
                                "type": "text",
                                "text": "good old eu - theres a request form Phine - "
                            },
                            {
                                "type": "link",
                                "url": "https:\/\/www.eurosafe.eu.com\/uploads\/inline-files\/%2311_Request%20form%20IDB-data%20analysis.pdf"
                            },
                            {
                                "type": "text",
                                "text": "\nwould be interested to hear how long it takes though!"
                            }
                        ]
                    }
                ]
            }
        ],
        "thread_ts": "1620110582.052500",
        "parent_user_id": "U01RN7BVD1C"
    },
    {
        "client_msg_id": "1bce8ce0-634c-4e61-b826-fec0bb05529f",
        "type": "message",
        "text": "hahaha I was looking for data for the final project, I guess they will not be as fast :open_mouth:\nBut I can try ...",
        "user": "U01RN7BVD1C",
        "ts": "1620111951.056100",
        "team": "T01RBRV5F7H",
        "user_team": "T01RBRV5F7H",
        "source_team": "T01RBRV5F7H",
        "user_profile": {
            "avatar_hash": "55e0c1b57456",
            "image_72": "https:\/\/avatars.slack-edge.com\/2021-03-20\/1882033802643_55e0c1b574562994417f_72.jpg",
            "first_name": "Josephine",
            "real_name": "Josephine Biedermann",
            "display_name": "Phine",
            "team": "T01RBRV5F7H",
            "name": "josephinebiedermann",
            "is_restricted": false,
            "is_ultra_restricted": false
        },
        "blocks": [
            {
                "type": "rich_text",
                "block_id": "oE6",
                "elements": [
                    {
                        "type": "rich_text_section",
                        "elements": [
                            {
                                "type": "text",
                                "text": "hahaha I was looking for data for the final project, I guess they will not be as fast "
                            },
                            {
                                "type": "emoji",
                                "name": "open_mouth"
                            },
                            {
                                "type": "text",
                                "text": "\nBut I can try ..."
                            }
                        ]
                    }
                ]
            }
        ],
        "thread_ts": "1620110582.052500",
        "parent_user_id": "U01RN7BVD1C"
    },
    {
        "type": "message",
        "text": "this is my copy of the working juypter notebook <@U01S0P26NKD> if it helps",
        "files": [
            {
                "id": "F020QFEK553",
                "created": 1620116685,
                "timestamp": 1620116685,
                "name": "8_02_multiple_page_scraping-WIP.ipynb",
                "title": "8_02_multiple_page_scraping-WIP.ipynb",
                "mimetype": "application\/octet-stream",
                "filetype": "binary",
                "pretty_type": "Binary",
                "user": "U01RW140HBP",
                "editable": false,
                "size": 828093,
                "mode": "hosted",
                "is_external": false,
                "external_type": "",
                "is_public": true,
                "public_url_shared": false,
                "display_as_bot": false,
                "username": "",
                "url_private": "https:\/\/files.slack.com\/files-pri\/T01RBRV5F7H-F020QFEK553\/8_02_multiple_page_scraping-wip.ipynb?t=xoxe-1861879185255-2047593969042-2053756158948-4cf6552631c579c36efd5d2fd242de30",
                "url_private_download": "https:\/\/files.slack.com\/files-pri\/T01RBRV5F7H-F020QFEK553\/download\/8_02_multiple_page_scraping-wip.ipynb?t=xoxe-1861879185255-2047593969042-2053756158948-4cf6552631c579c36efd5d2fd242de30",
                "permalink": "https:\/\/data-ft-ber-03-2021.slack.com\/files\/U01RW140HBP\/F020QFEK553\/8_02_multiple_page_scraping-wip.ipynb",
                "permalink_public": "https:\/\/slack-files.com\/T01RBRV5F7H-F020QFEK553-6c83c83471",
                "is_starred": false,
                "has_rich_preview": false
            }
        ],
        "upload": false,
        "blocks": [
            {
                "type": "rich_text",
                "block_id": "z9G",
                "elements": [
                    {
                        "type": "rich_text_section",
                        "elements": [
                            {
                                "type": "text",
                                "text": "this is my copy of the working juypter notebook "
                            },
                            {
                                "type": "user",
                                "user_id": "U01S0P26NKD"
                            },
                            {
                                "type": "text",
                                "text": " if it helps"
                            }
                        ]
                    }
                ]
            }
        ],
        "user": "U01RW140HBP",
        "display_as_bot": false,
        "ts": "1620116688.056700",
        "thread_ts": "1620116688.056700",
        "reply_count": 5,
        "reply_users_count": 3,
        "latest_reply": "1620129453.062700",
        "reply_users": [
            "U01S7BM4N81",
            "U01SK96QF5E",
            "U01RW140HBP"
        ],
        "replies": [
            {
                "user": "U01S7BM4N81",
                "ts": "1620116900.057500"
            },
            {
                "user": "U01SK96QF5E",
                "ts": "1620117566.057800"
            },
            {
                "user": "U01RW140HBP",
                "ts": "1620118487.058200"
            },
            {
                "user": "U01RW140HBP",
                "ts": "1620118509.058400"
            },
            {
                "user": "U01SK96QF5E",
                "ts": "1620129453.062700"
            }
        ],
        "is_locked": false,
        "subscribed": false,
        "reactions": [
            {
                "name": "white_check_mark",
                "users": [
                    "U01S0P26NKD"
                ],
                "count": 1
            },
            {
                "name": "pray",
                "users": [
                    "U01S1CWGTU4"
                ],
                "count": 1
            }
        ]
    },
    {
        "client_msg_id": "7a16dcf4-908f-4a4d-bc76-95c5a6823160",
        "type": "message",
        "text": "Thank you Sian. Found the mistake.",
        "user": "U01S0P26NKD",
        "ts": "1620116812.057200",
        "team": "T01RBRV5F7H",
        "user_team": "T01RBRV5F7H",
        "source_team": "T01RBRV5F7H",
        "user_profile": {
            "avatar_hash": "g7b30129d02b",
            "image_72": "https:\/\/secure.gravatar.com\/avatar\/7b30129d02bcacd7eef985bfd5432c73.jpg?s=72&d=https%3A%2F%2Fa.slack-edge.com%2Fdf10d%2Fimg%2Favatars%2Fava_0021-72.png",
            "first_name": "",
            "real_name": "Jennipher Kasemire",
            "display_name": "Jennipher Kasemire",
            "team": "T01RBRV5F7H",
            "name": "jennipherkasemire",
            "is_restricted": false,
            "is_ultra_restricted": false
        },
        "blocks": [
            {
                "type": "rich_text",
                "block_id": "iiXOk",
                "elements": [
                    {
                        "type": "rich_text_section",
                        "elements": [
                            {
                                "type": "text",
                                "text": "Thank you Sian. Found the mistake."
                            }
                        ]
                    }
                ]
            }
        ],
        "reactions": [
            {
                "name": "raised_hands",
                "users": [
                    "U01RW140HBP"
                ],
                "count": 1
            }
        ]
    },
    {
        "client_msg_id": "9141d643-d6de-4f33-af41-ac8f34ff6001",
        "type": "message",
        "text": "<@U01RVSTNRRT>",
        "user": "U01S7BM4N81",
        "ts": "1620116900.057500",
        "team": "T01RBRV5F7H",
        "user_team": "T01RBRV5F7H",
        "source_team": "T01RBRV5F7H",
        "user_profile": {
            "avatar_hash": "2adfc641e87e",
            "image_72": "https:\/\/avatars.slack-edge.com\/2021-04-16\/1994438084416_2adfc641e87e3a953d9c_72.png",
            "first_name": "Thamo",
            "real_name": "Thamo",
            "display_name": "Thamo",
            "team": "T01RBRV5F7H",
            "name": "thamokoeper",
            "is_restricted": false,
            "is_ultra_restricted": false
        },
        "blocks": [
            {
                "type": "rich_text",
                "block_id": "g8IIt",
                "elements": [
                    {
                        "type": "rich_text_section",
                        "elements": [
                            {
                                "type": "user",
                                "user_id": "U01RVSTNRRT"
                            }
                        ]
                    }
                ]
            }
        ],
        "thread_ts": "1620116688.056700",
        "parent_user_id": "U01RW140HBP"
    },
    {
        "client_msg_id": "7a3fb0c3-cce9-43c1-8e39-710b6c2b1b8c",
        "type": "message",
        "text": "was just about to ask for the notebook because I just arrived now from getting my first vaccine shot :slightly_smiling_face: thanks <@U01RW140HBP>",
        "user": "U01SK96QF5E",
        "ts": "1620117566.057800",
        "team": "T01RBRV5F7H",
        "user_team": "T01RBRV5F7H",
        "source_team": "T01RBRV5F7H",
        "user_profile": {
            "avatar_hash": "94c1e7ff9e09",
            "image_72": "https:\/\/avatars.slack-edge.com\/2021-03-21\/1883381430979_94c1e7ff9e09a95d14cb_72.jpg",
            "first_name": "Lilla",
            "real_name": "Lilla Szulyovszky",
            "display_name": "lilla",
            "team": "T01RBRV5F7H",
            "name": "lilla.szulyovszky",
            "is_restricted": false,
            "is_ultra_restricted": false
        },
        "blocks": [
            {
                "type": "rich_text",
                "block_id": "adZXm",
                "elements": [
                    {
                        "type": "rich_text_section",
                        "elements": [
                            {
                                "type": "text",
                                "text": "was just about to ask for the notebook because I just arrived now from getting my first vaccine shot "
                            },
                            {
                                "type": "emoji",
                                "name": "slightly_smiling_face"
                            },
                            {
                                "type": "text",
                                "text": " thanks "
                            },
                            {
                                "type": "user",
                                "user_id": "U01RW140HBP"
                            }
                        ]
                    }
                ]
            }
        ],
        "thread_ts": "1620116688.056700",
        "parent_user_id": "U01RW140HBP",
        "reactions": [
            {
                "name": "raised_hands",
                "users": [
                    "U01S7KCL3DF",
                    "U01RRV4JX6Z"
                ],
                "count": 2
            },
            {
                "name": "+1",
                "users": [
                    "U01S133DZ9A"
                ],
                "count": 1
            }
        ]
    },
    {
        "client_msg_id": "1538cfae-373a-42a1-9fe0-5542521c96c9",
        "type": "message",
        "text": "no prob!",
        "user": "U01RW140HBP",
        "ts": "1620118487.058200",
        "team": "T01RBRV5F7H",
        "user_team": "T01RBRV5F7H",
        "source_team": "T01RBRV5F7H",
        "user_profile": {
            "avatar_hash": "4c43a3a8d10b",
            "image_72": "https:\/\/avatars.slack-edge.com\/2021-03-21\/1895736308209_4c43a3a8d10bc2fe5e13_72.png",
            "first_name": "siand",
            "real_name": "siand the LT (she\/her)",
            "display_name": "siand the LT (she\/her)",
            "team": "T01RBRV5F7H",
            "name": "sian.davies",
            "is_restricted": false,
            "is_ultra_restricted": false
        },
        "blocks": [
            {
                "type": "rich_text",
                "block_id": "iW3d",
                "elements": [
                    {
                        "type": "rich_text_section",
                        "elements": [
                            {
                                "type": "text",
                                "text": "no prob!"
                            }
                        ]
                    }
                ]
            }
        ],
        "thread_ts": "1620116688.056700",
        "parent_user_id": "U01RW140HBP"
    },
    {
        "type": "message",
        "text": "updated <@U01SK96QF5E>",
        "files": [
            {
                "id": "F020ZR4KBM2",
                "created": 1620118495,
                "timestamp": 1620118495,
                "name": "8_02_multiple_page_scraping-WIP.ipynb",
                "title": "8_02_multiple_page_scraping-WIP.ipynb",
                "mimetype": "application\/octet-stream",
                "filetype": "binary",
                "pretty_type": "Binary",
                "user": "U01RW140HBP",
                "editable": false,
                "size": 437556,
                "mode": "hosted",
                "is_external": false,
                "external_type": "",
                "is_public": true,
                "public_url_shared": false,
                "display_as_bot": false,
                "username": "",
                "url_private": "https:\/\/files.slack.com\/files-pri\/T01RBRV5F7H-F020ZR4KBM2\/8_02_multiple_page_scraping-wip.ipynb?t=xoxe-1861879185255-2047593969042-2053756158948-4cf6552631c579c36efd5d2fd242de30",
                "url_private_download": "https:\/\/files.slack.com\/files-pri\/T01RBRV5F7H-F020ZR4KBM2\/download\/8_02_multiple_page_scraping-wip.ipynb?t=xoxe-1861879185255-2047593969042-2053756158948-4cf6552631c579c36efd5d2fd242de30",
                "permalink": "https:\/\/data-ft-ber-03-2021.slack.com\/files\/U01RW140HBP\/F020ZR4KBM2\/8_02_multiple_page_scraping-wip.ipynb",
                "permalink_public": "https:\/\/slack-files.com\/T01RBRV5F7H-F020ZR4KBM2-0d3c24aace",
                "is_starred": false,
                "has_rich_preview": false
            }
        ],
        "upload": false,
        "blocks": [
            {
                "type": "rich_text",
                "block_id": "hRN",
                "elements": [
                    {
                        "type": "rich_text_section",
                        "elements": [
                            {
                                "type": "text",
                                "text": "updated "
                            },
                            {
                                "type": "user",
                                "user_id": "U01SK96QF5E"
                            }
                        ]
                    }
                ]
            }
        ],
        "user": "U01RW140HBP",
        "display_as_bot": false,
        "ts": "1620118509.058400",
        "thread_ts": "1620116688.056700",
        "parent_user_id": "U01RW140HBP"
    },
    {
        "type": "message",
        "text": "First prototype lecture",
        "files": [
            {
                "id": "F020M51H1HC",
                "created": 1620123715,
                "timestamp": 1620123715,
                "name": "8.03_first_prototype.ipynb",
                "title": "8.03_first_prototype.ipynb",
                "mimetype": "text\/plain",
                "filetype": "text",
                "pretty_type": "Plain Text",
                "user": "U01SJKB2MG8",
                "editable": true,
                "size": 44656,
                "mode": "snippet",
                "is_external": false,
                "external_type": "",
                "is_public": true,
                "public_url_shared": false,
                "display_as_bot": false,
                "username": "",
                "url_private": "https:\/\/files.slack.com\/files-pri\/T01RBRV5F7H-F020M51H1HC\/8.03_first_prototype.ipynb?t=xoxe-1861879185255-2047593969042-2053756158948-4cf6552631c579c36efd5d2fd242de30",
                "url_private_download": "https:\/\/files.slack.com\/files-pri\/T01RBRV5F7H-F020M51H1HC\/download\/8.03_first_prototype.ipynb?t=xoxe-1861879185255-2047593969042-2053756158948-4cf6552631c579c36efd5d2fd242de30",
                "permalink": "https:\/\/data-ft-ber-03-2021.slack.com\/files\/U01SJKB2MG8\/F020M51H1HC\/8.03_first_prototype.ipynb",
                "permalink_public": "https:\/\/slack-files.com\/T01RBRV5F7H-F020M51H1HC-21294f50cc",
                "edit_link": "https:\/\/data-ft-ber-03-2021.slack.com\/files\/U01SJKB2MG8\/F020M51H1HC\/8.03_first_prototype.ipynb\/edit",
                "is_starred": false,
                "has_rich_preview": false
            },
            {
                "id": "F021036GCJG",
                "created": 1620123717,
                "timestamp": 1620123717,
                "name": "gnod_1st_iteration.jpg",
                "title": "gnod_1st_iteration.jpg",
                "mimetype": "image\/jpeg",
                "filetype": "jpg",
                "pretty_type": "JPEG",
                "user": "U01SJKB2MG8",
                "editable": false,
                "size": 25112,
                "mode": "hosted",
                "is_external": false,
                "external_type": "",
                "is_public": true,
                "public_url_shared": false,
                "display_as_bot": false,
                "username": "",
                "url_private": "https:\/\/files.slack.com\/files-pri\/T01RBRV5F7H-F021036GCJG\/gnod_1st_iteration.jpg?t=xoxe-1861879185255-2047593969042-2053756158948-4cf6552631c579c36efd5d2fd242de30",
                "url_private_download": "https:\/\/files.slack.com\/files-pri\/T01RBRV5F7H-F021036GCJG\/download\/gnod_1st_iteration.jpg?t=xoxe-1861879185255-2047593969042-2053756158948-4cf6552631c579c36efd5d2fd242de30",
                "thumb_64": "https:\/\/files.slack.com\/files-tmb\/T01RBRV5F7H-F021036GCJG-8404e63bfc\/gnod_1st_iteration_64.jpg?t=xoxe-1861879185255-2047593969042-2053756158948-4cf6552631c579c36efd5d2fd242de30",
                "thumb_80": "https:\/\/files.slack.com\/files-tmb\/T01RBRV5F7H-F021036GCJG-8404e63bfc\/gnod_1st_iteration_80.jpg?t=xoxe-1861879185255-2047593969042-2053756158948-4cf6552631c579c36efd5d2fd242de30",
                "thumb_360": "https:\/\/files.slack.com\/files-tmb\/T01RBRV5F7H-F021036GCJG-8404e63bfc\/gnod_1st_iteration_360.jpg?t=xoxe-1861879185255-2047593969042-2053756158948-4cf6552631c579c36efd5d2fd242de30",
                "thumb_360_w": 360,
                "thumb_360_h": 203,
                "thumb_480": "https:\/\/files.slack.com\/files-tmb\/T01RBRV5F7H-F021036GCJG-8404e63bfc\/gnod_1st_iteration_480.jpg?t=xoxe-1861879185255-2047593969042-2053756158948-4cf6552631c579c36efd5d2fd242de30",
                "thumb_480_w": 480,
                "thumb_480_h": 270,
                "thumb_160": "https:\/\/files.slack.com\/files-tmb\/T01RBRV5F7H-F021036GCJG-8404e63bfc\/gnod_1st_iteration_160.jpg?t=xoxe-1861879185255-2047593969042-2053756158948-4cf6552631c579c36efd5d2fd242de30",
                "thumb_720": "https:\/\/files.slack.com\/files-tmb\/T01RBRV5F7H-F021036GCJG-8404e63bfc\/gnod_1st_iteration_720.jpg?t=xoxe-1861879185255-2047593969042-2053756158948-4cf6552631c579c36efd5d2fd242de30",
                "thumb_720_w": 720,
                "thumb_720_h": 405,
                "thumb_800": "https:\/\/files.slack.com\/files-tmb\/T01RBRV5F7H-F021036GCJG-8404e63bfc\/gnod_1st_iteration_800.jpg?t=xoxe-1861879185255-2047593969042-2053756158948-4cf6552631c579c36efd5d2fd242de30",
                "thumb_800_w": 800,
                "thumb_800_h": 450,
                "thumb_960": "https:\/\/files.slack.com\/files-tmb\/T01RBRV5F7H-F021036GCJG-8404e63bfc\/gnod_1st_iteration_960.jpg?t=xoxe-1861879185255-2047593969042-2053756158948-4cf6552631c579c36efd5d2fd242de30",
                "thumb_960_w": 960,
                "thumb_960_h": 540,
                "original_w": 960,
                "original_h": 540,
                "thumb_tiny": "AwAbADDR2D1b86AgBzlvzp1FADC+DjIpwb6\/lRgUdKABWyTkYwcfWlpnmLTwcjNABTdh3ZJp1FADSmWzk0MSOAM06igBi5J5UD8KfRRQB\/\/Z",
                "permalink": "https:\/\/data-ft-ber-03-2021.slack.com\/files\/U01SJKB2MG8\/F021036GCJG\/gnod_1st_iteration.jpg",
                "permalink_public": "https:\/\/slack-files.com\/T01RBRV5F7H-F021036GCJG-c10e2defef",
                "is_starred": false,
                "has_rich_preview": false
            }
        ],
        "upload": false,
        "blocks": [
            {
                "type": "rich_text",
                "block_id": "JibQC",
                "elements": [
                    {
                        "type": "rich_text_section",
                        "elements": [
                            {
                                "type": "text",
                                "text": "First prototype lecture"
                            }
                        ]
                    }
                ]
            }
        ],
        "user": "U01SJKB2MG8",
        "ts": "1620123728.058900",
        "reactions": [
            {
                "name": "clap",
                "users": [
                    "U01S7KCL3DF",
                    "U01RN7BVD1C",
                    "U01RKN0EGDV",
                    "U01SD3CDH9P",
                    "U01RV3K524T",
                    "U01S1CWGTU4"
                ],
                "count": 6
            },
            {
                "name": "+1",
                "users": [
                    "U01S79YDELR"
                ],
                "count": 1
            }
        ]
    },
    {
        "client_msg_id": "1a647a78-ec9f-4429-aeb7-f895ca9e91da",
        "type": "message",
        "text": "here that twitter api project: <https:\/\/github.com\/lillaszulyovszky\/udacity-project-twitter-dogswerate-analytics>",
        "user": "U01SK96QF5E",
        "ts": "1620125216.060300",
        "team": "T01RBRV5F7H",
        "user_team": "T01RBRV5F7H",
        "source_team": "T01RBRV5F7H",
        "user_profile": {
            "avatar_hash": "94c1e7ff9e09",
            "image_72": "https:\/\/avatars.slack-edge.com\/2021-03-21\/1883381430979_94c1e7ff9e09a95d14cb_72.jpg",
            "first_name": "Lilla",
            "real_name": "Lilla Szulyovszky",
            "display_name": "lilla",
            "team": "T01RBRV5F7H",
            "name": "lilla.szulyovszky",
            "is_restricted": false,
            "is_ultra_restricted": false
        },
        "attachments": [
            {
                "fallback": "lillaszulyovszky\/udacity-project-twitter-dogswerate-analytics",
                "text": "This project includes data gathering, cleaning and analysis on a twitter page's (DogsWeRate) data set.",
                "title": "lillaszulyovszky\/udacity-project-twitter-dogswerate-analytics",
                "footer": "<https:\/\/github.com\/lillaszulyovszky\/udacity-project-twitter-dogswerate-analytics|lillaszulyovszky\/udacity-project-twitter-dogswerate-analytics>",
                "id": 1,
                "footer_icon": "https:\/\/github.githubassets.com\/favicon.ico",
                "ts": 1609752306,
                "color": "24292f",
                "fields": [
                    {
                        "title": "Language",
                        "value": "Jupyter Notebook",
                        "short": true
                    },
                    {
                        "title": "Last updated",
                        "value": "a month ago",
                        "short": true
                    }
                ],
                "mrkdwn_in": [
                    "text",
                    "fields"
                ],
                "bot_id": "B01RM0CJC4X",
                "app_unfurl_url": "https:\/\/github.com\/lillaszulyovszky\/udacity-project-twitter-dogswerate-analytics",
                "is_app_unfurl": true
            }
        ],
        "blocks": [
            {
                "type": "rich_text",
                "block_id": "=v+9",
                "elements": [
                    {
                        "type": "rich_text_section",
                        "elements": [
                            {
                                "type": "text",
                                "text": "here that twitter api project: "
                            },
                            {
                                "type": "link",
                                "url": "https:\/\/github.com\/lillaszulyovszky\/udacity-project-twitter-dogswerate-analytics"
                            }
                        ]
                    }
                ]
            }
        ],
        "reactions": [
            {
                "name": "ok_hand",
                "users": [
                    "U01RN7BVD1C"
                ],
                "count": 1
            },
            {
                "name": "+1",
                "users": [
                    "U01S79YDELR"
                ],
                "count": 1
            },
            {
                "name": "cool-doge",
                "users": [
                    "U01RW140HBP"
                ],
                "count": 1
            }
        ]
    },
    {
        "client_msg_id": "5c731a27-8831-4ed2-a01c-8e10c5ef1454",
        "type": "message",
        "text": "<https:\/\/github.com\/KC2016\/An_Analysis_of_the_WeRateDogs>",
        "user": "U01S79YDELR",
        "ts": "1620125221.060700",
        "team": "T01RBRV5F7H",
        "user_team": "T01RBRV5F7H",
        "source_team": "T01RBRV5F7H",
        "user_profile": {
            "avatar_hash": "606def897de6",
            "image_72": "https:\/\/avatars.slack-edge.com\/2021-03-22\/1910932493456_606def897de66681d932_72.jpg",
            "first_name": "",
            "real_name": "Karina Condeixa",
            "display_name": "Karina Condeixa",
            "team": "T01RBRV5F7H",
            "name": "karina.condeixa",
            "is_restricted": false,
            "is_ultra_restricted": false
        },
        "attachments": [
            {
                "fallback": "KC2016\/An_Analysis_of_the_WeRateDogs",
                "text": "Fourth project of Nanodegree Udacity: review of the WeRateDogsTM Twitter channel.",
                "title": "KC2016\/An_Analysis_of_the_WeRateDogs",
                "footer": "<https:\/\/github.com\/KC2016\/An_Analysis_of_the_WeRateDogs|KC2016\/An_Analysis_of_the_WeRateDogs>",
                "id": 1,
                "footer_icon": "https:\/\/github.githubassets.com\/favicon.ico",
                "ts": 1581017307,
                "color": "24292f",
                "fields": [
                    {
                        "title": "Language",
                        "value": "Jupyter Notebook",
                        "short": true
                    },
                    {
                        "title": "Last updated",
                        "value": "a year ago",
                        "short": true
                    }
                ],
                "mrkdwn_in": [
                    "text",
                    "fields"
                ],
                "bot_id": "B01RM0CJC4X",
                "app_unfurl_url": "https:\/\/github.com\/KC2016\/An_Analysis_of_the_WeRateDogs",
                "is_app_unfurl": true
            }
        ],
        "blocks": [
            {
                "type": "rich_text",
                "block_id": "1q6+G",
                "elements": [
                    {
                        "type": "rich_text_section",
                        "elements": [
                            {
                                "type": "link",
                                "url": "https:\/\/github.com\/KC2016\/An_Analysis_of_the_WeRateDogs"
                            }
                        ]
                    }
                ]
            }
        ],
        "thread_ts": "1620125221.060700",
        "reply_count": 6,
        "reply_users_count": 4,
        "latest_reply": "1620129790.062900",
        "reply_users": [
            "U01SK96QF5E",
            "U01S7KCL3DF",
            "U01S79YDELR",
            "U01RS9Y6UJH"
        ],
        "replies": [
            {
                "user": "U01SK96QF5E",
                "ts": "1620125261.061100"
            },
            {
                "user": "U01S7KCL3DF",
                "ts": "1620125298.061300"
            },
            {
                "user": "U01S79YDELR",
                "ts": "1620125588.062000"
            },
            {
                "user": "U01RS9Y6UJH",
                "ts": "1620126371.062300"
            },
            {
                "user": "U01S79YDELR",
                "ts": "1620127936.062500"
            },
            {
                "user": "U01RS9Y6UJH",
                "ts": "1620129790.062900"
            }
        ],
        "is_locked": false,
        "subscribed": false,
        "reactions": [
            {
                "name": "+1",
                "users": [
                    "U01RN7BVD1C"
                ],
                "count": 1
            },
            {
                "name": "poodle",
                "users": [
                    "U01RW140HBP"
                ],
                "count": 1
            }
        ]
    },
    {
        "client_msg_id": "021827e1-a1e1-4414-91f8-9207b49ae942",
        "type": "message",
        "text": "haha you so cool, you did the same",
        "user": "U01SK96QF5E",
        "ts": "1620125261.061100",
        "team": "T01RBRV5F7H",
        "user_team": "T01RBRV5F7H",
        "source_team": "T01RBRV5F7H",
        "user_profile": {
            "avatar_hash": "94c1e7ff9e09",
            "image_72": "https:\/\/avatars.slack-edge.com\/2021-03-21\/1883381430979_94c1e7ff9e09a95d14cb_72.jpg",
            "first_name": "Lilla",
            "real_name": "Lilla Szulyovszky",
            "display_name": "lilla",
            "team": "T01RBRV5F7H",
            "name": "lilla.szulyovszky",
            "is_restricted": false,
            "is_ultra_restricted": false
        },
        "blocks": [
            {
                "type": "rich_text",
                "block_id": "d\/OH",
                "elements": [
                    {
                        "type": "rich_text_section",
                        "elements": [
                            {
                                "type": "text",
                                "text": "haha you so cool, you did the same"
                            }
                        ]
                    }
                ]
            }
        ],
        "thread_ts": "1620125221.060700",
        "parent_user_id": "U01S79YDELR"
    },
    {
        "client_msg_id": "8274b985-3393-430d-b64b-c3715a027e03",
        "type": "message",
        "text": "you had me at ‘we rate dogs’ :smiling_face_with_3_hearts:",
        "user": "U01S7KCL3DF",
        "ts": "1620125298.061300",
        "team": "T01RBRV5F7H",
        "user_team": "T01RBRV5F7H",
        "source_team": "T01RBRV5F7H",
        "user_profile": {
            "avatar_hash": "17b52091bb62",
            "image_72": "https:\/\/avatars.slack-edge.com\/2021-03-19\/1875964347925_17b52091bb62c2340b4c_72.png",
            "first_name": "Sam",
            "real_name": "Sam Katterfield",
            "display_name": "Sam",
            "team": "T01RBRV5F7H",
            "name": "samkatterfield",
            "is_restricted": false,
            "is_ultra_restricted": false
        },
        "blocks": [
            {
                "type": "rich_text",
                "block_id": "Uea3r",
                "elements": [
                    {
                        "type": "rich_text_section",
                        "elements": [
                            {
                                "type": "text",
                                "text": "you had me at ‘we rate dogs’ "
                            },
                            {
                                "type": "emoji",
                                "name": "smiling_face_with_3_hearts"
                            }
                        ]
                    }
                ]
            }
        ],
        "thread_ts": "1620125221.060700",
        "parent_user_id": "U01S79YDELR"
    },
    {
        "client_msg_id": "cede8069-b1c6-472e-9e94-91cc1ef4aa00",
        "type": "message",
        "text": "<https:\/\/github.com\/KC2016\/voice-enabled-chatbot\/tree\/master\/microbots\/covid19>",
        "user": "U01S79YDELR",
        "ts": "1620125546.061800",
        "team": "T01RBRV5F7H",
        "user_team": "T01RBRV5F7H",
        "source_team": "T01RBRV5F7H",
        "user_profile": {
            "avatar_hash": "606def897de6",
            "image_72": "https:\/\/avatars.slack-edge.com\/2021-03-22\/1910932493456_606def897de66681d932_72.jpg",
            "first_name": "",
            "real_name": "Karina Condeixa",
            "display_name": "Karina Condeixa",
            "team": "T01RBRV5F7H",
            "name": "karina.condeixa",
            "is_restricted": false,
            "is_ultra_restricted": false
        },
        "blocks": [
            {
                "type": "rich_text",
                "block_id": "+ua",
                "elements": [
                    {
                        "type": "rich_text_section",
                        "elements": [
                            {
                                "type": "link",
                                "url": "https:\/\/github.com\/KC2016\/voice-enabled-chatbot\/tree\/master\/microbots\/covid19"
                            }
                        ]
                    }
                ]
            }
        ]
    },
    {
        "client_msg_id": "c9e9edf7-573c-42c4-a0fa-c1926a38a2ae",
        "type": "message",
        "text": "Yes <@U01SK96QF5E>, we made the same. It was fun.",
        "user": "U01S79YDELR",
        "ts": "1620125588.062000",
        "team": "T01RBRV5F7H",
        "user_team": "T01RBRV5F7H",
        "source_team": "T01RBRV5F7H",
        "user_profile": {
            "avatar_hash": "606def897de6",
            "image_72": "https:\/\/avatars.slack-edge.com\/2021-03-22\/1910932493456_606def897de66681d932_72.jpg",
            "first_name": "",
            "real_name": "Karina Condeixa",
            "display_name": "Karina Condeixa",
            "team": "T01RBRV5F7H",
            "name": "karina.condeixa",
            "is_restricted": false,
            "is_ultra_restricted": false
        },
        "blocks": [
            {
                "type": "rich_text",
                "block_id": "izMW",
                "elements": [
                    {
                        "type": "rich_text_section",
                        "elements": [
                            {
                                "type": "text",
                                "text": "Yes "
                            },
                            {
                                "type": "user",
                                "user_id": "U01SK96QF5E"
                            },
                            {
                                "type": "text",
                                "text": ", we made the same. It was fun."
                            }
                        ]
                    }
                ]
            }
        ],
        "thread_ts": "1620125221.060700",
        "parent_user_id": "U01S79YDELR"
    },
    {
        "client_msg_id": "0d89a9f8-7c05-450d-8784-ddfc9d73d6cb",
        "type": "message",
        "text": "did you two attend the same course? or is tweeting dogs names is the thing to do",
        "user": "U01RS9Y6UJH",
        "ts": "1620126371.062300",
        "team": "T01RBRV5F7H",
        "user_team": "T01RBRV5F7H",
        "source_team": "T01RBRV5F7H",
        "user_profile": {
            "avatar_hash": "g7e6abc9bdfa",
            "image_72": "https:\/\/secure.gravatar.com\/avatar\/0b6817bbfcc61df49d13ad0519e4d67e.jpg?s=72&d=https%3A%2F%2Fa.slack-edge.com%2Fdf10d%2Fimg%2Favatars%2Fava_0024-72.png",
            "first_name": "",
            "real_name": "Neil Corteen",
            "display_name": "",
            "team": "T01RBRV5F7H",
            "name": "neilcorteen",
            "is_restricted": false,
            "is_ultra_restricted": false
        },
        "blocks": [
            {
                "type": "rich_text",
                "block_id": "2TPM",
                "elements": [
                    {
                        "type": "rich_text_section",
                        "elements": [
                            {
                                "type": "text",
                                "text": "did you two attend the same course? or is tweeting dogs names is the thing to do"
                            }
                        ]
                    }
                ]
            }
        ],
        "thread_ts": "1620125221.060700",
        "parent_user_id": "U01S79YDELR"
    },
    {
        "client_msg_id": "4e4b5e0b-bf4f-45de-a10b-452ef767d2d6",
        "type": "message",
        "text": "Yes, we took the Data Analyst Udacity Nanodegree.",
        "user": "U01S79YDELR",
        "ts": "1620127936.062500",
        "team": "T01RBRV5F7H",
        "user_team": "T01RBRV5F7H",
        "source_team": "T01RBRV5F7H",
        "user_profile": {
            "avatar_hash": "606def897de6",
            "image_72": "https:\/\/avatars.slack-edge.com\/2021-03-22\/1910932493456_606def897de66681d932_72.jpg",
            "first_name": "",
            "real_name": "Karina Condeixa",
            "display_name": "Karina Condeixa",
            "team": "T01RBRV5F7H",
            "name": "karina.condeixa",
            "is_restricted": false,
            "is_ultra_restricted": false
        },
        "blocks": [
            {
                "type": "rich_text",
                "block_id": "rGGx",
                "elements": [
                    {
                        "type": "rich_text_section",
                        "elements": [
                            {
                                "type": "text",
                                "text": "Yes, we took the Data Analyst Udacity Nanodegree."
                            }
                        ]
                    }
                ]
            }
        ],
        "thread_ts": "1620125221.060700",
        "parent_user_id": "U01S79YDELR"
    },
    {
        "client_msg_id": "ce1878a5-35a1-4422-b7db-ecfba2c3bdef",
        "type": "message",
        "text": "oh, thank you!",
        "user": "U01SK96QF5E",
        "ts": "1620129453.062700",
        "team": "T01RBRV5F7H",
        "user_team": "T01RBRV5F7H",
        "source_team": "T01RBRV5F7H",
        "user_profile": {
            "avatar_hash": "94c1e7ff9e09",
            "image_72": "https:\/\/avatars.slack-edge.com\/2021-03-21\/1883381430979_94c1e7ff9e09a95d14cb_72.jpg",
            "first_name": "Lilla",
            "real_name": "Lilla Szulyovszky",
            "display_name": "lilla",
            "team": "T01RBRV5F7H",
            "name": "lilla.szulyovszky",
            "is_restricted": false,
            "is_ultra_restricted": false
        },
        "blocks": [
            {
                "type": "rich_text",
                "block_id": "u+Bel",
                "elements": [
                    {
                        "type": "rich_text_section",
                        "elements": [
                            {
                                "type": "text",
                                "text": "oh, thank you!"
                            }
                        ]
                    }
                ]
            }
        ],
        "thread_ts": "1620116688.056700",
        "parent_user_id": "U01RW140HBP"
    },
    {
        "client_msg_id": "157a3272-533c-449a-9d5d-f1be34e6ed47",
        "type": "message",
        "text": "I probably should have done that or similar before this course, had i known",
        "user": "U01RS9Y6UJH",
        "ts": "1620129790.062900",
        "team": "T01RBRV5F7H",
        "user_team": "T01RBRV5F7H",
        "source_team": "T01RBRV5F7H",
        "user_profile": {
            "avatar_hash": "g7e6abc9bdfa",
            "image_72": "https:\/\/secure.gravatar.com\/avatar\/0b6817bbfcc61df49d13ad0519e4d67e.jpg?s=72&d=https%3A%2F%2Fa.slack-edge.com%2Fdf10d%2Fimg%2Favatars%2Fava_0024-72.png",
            "first_name": "",
            "real_name": "Neil Corteen",
            "display_name": "",
            "team": "T01RBRV5F7H",
            "name": "neilcorteen",
            "is_restricted": false,
            "is_ultra_restricted": false
        },
        "blocks": [
            {
                "type": "rich_text",
                "block_id": "I5ii",
                "elements": [
                    {
                        "type": "rich_text_section",
                        "elements": [
                            {
                                "type": "text",
                                "text": "I probably should have done that or similar before this course, had i known"
                            }
                        ]
                    }
                ]
            }
        ],
        "thread_ts": "1620125221.060700",
        "parent_user_id": "U01S79YDELR"
    },
    {
        "type": "message",
        "text": "<!channel>,\n8.04 Intro to APIs notebook",
        "files": [
            {
                "id": "F021J9TU2RW",
                "created": 1620134893,
                "timestamp": 1620134893,
                "name": "gnod_1st_iteration.jpg",
                "title": "gnod_1st_iteration.jpg",
                "mimetype": "image\/jpeg",
                "filetype": "jpg",
                "pretty_type": "JPEG",
                "user": "U01SJKB2MG8",
                "editable": false,
                "size": 25112,
                "mode": "hosted",
                "is_external": false,
                "external_type": "",
                "is_public": true,
                "public_url_shared": false,
                "display_as_bot": false,
                "username": "",
                "url_private": "https:\/\/files.slack.com\/files-pri\/T01RBRV5F7H-F021J9TU2RW\/gnod_1st_iteration.jpg?t=xoxe-1861879185255-2047593969042-2053756158948-4cf6552631c579c36efd5d2fd242de30",
                "url_private_download": "https:\/\/files.slack.com\/files-pri\/T01RBRV5F7H-F021J9TU2RW\/download\/gnod_1st_iteration.jpg?t=xoxe-1861879185255-2047593969042-2053756158948-4cf6552631c579c36efd5d2fd242de30",
                "thumb_64": "https:\/\/files.slack.com\/files-tmb\/T01RBRV5F7H-F021J9TU2RW-73cd32223d\/gnod_1st_iteration_64.jpg?t=xoxe-1861879185255-2047593969042-2053756158948-4cf6552631c579c36efd5d2fd242de30",
                "thumb_80": "https:\/\/files.slack.com\/files-tmb\/T01RBRV5F7H-F021J9TU2RW-73cd32223d\/gnod_1st_iteration_80.jpg?t=xoxe-1861879185255-2047593969042-2053756158948-4cf6552631c579c36efd5d2fd242de30",
                "thumb_360": "https:\/\/files.slack.com\/files-tmb\/T01RBRV5F7H-F021J9TU2RW-73cd32223d\/gnod_1st_iteration_360.jpg?t=xoxe-1861879185255-2047593969042-2053756158948-4cf6552631c579c36efd5d2fd242de30",
                "thumb_360_w": 360,
                "thumb_360_h": 203,
                "thumb_480": "https:\/\/files.slack.com\/files-tmb\/T01RBRV5F7H-F021J9TU2RW-73cd32223d\/gnod_1st_iteration_480.jpg?t=xoxe-1861879185255-2047593969042-2053756158948-4cf6552631c579c36efd5d2fd242de30",
                "thumb_480_w": 480,
                "thumb_480_h": 270,
                "thumb_160": "https:\/\/files.slack.com\/files-tmb\/T01RBRV5F7H-F021J9TU2RW-73cd32223d\/gnod_1st_iteration_160.jpg?t=xoxe-1861879185255-2047593969042-2053756158948-4cf6552631c579c36efd5d2fd242de30",
                "thumb_720": "https:\/\/files.slack.com\/files-tmb\/T01RBRV5F7H-F021J9TU2RW-73cd32223d\/gnod_1st_iteration_720.jpg?t=xoxe-1861879185255-2047593969042-2053756158948-4cf6552631c579c36efd5d2fd242de30",
                "thumb_720_w": 720,
                "thumb_720_h": 405,
                "thumb_800": "https:\/\/files.slack.com\/files-tmb\/T01RBRV5F7H-F021J9TU2RW-73cd32223d\/gnod_1st_iteration_800.jpg?t=xoxe-1861879185255-2047593969042-2053756158948-4cf6552631c579c36efd5d2fd242de30",
                "thumb_800_w": 800,
                "thumb_800_h": 450,
                "thumb_960": "https:\/\/files.slack.com\/files-tmb\/T01RBRV5F7H-F021J9TU2RW-73cd32223d\/gnod_1st_iteration_960.jpg?t=xoxe-1861879185255-2047593969042-2053756158948-4cf6552631c579c36efd5d2fd242de30",
                "thumb_960_w": 960,
                "thumb_960_h": 540,
                "original_w": 960,
                "original_h": 540,
                "thumb_tiny": "AwAbADDR2D1b86AgBzlvzp1FADC+DjIpwb6\/lRgUdKABWyTkYwcfWlpnmLTwcjNABTdh3ZJp1FADSmWzk0MSOAM06igBi5J5UD8KfRRQB\/\/Z",
                "permalink": "https:\/\/data-ft-ber-03-2021.slack.com\/files\/U01SJKB2MG8\/F021J9TU2RW\/gnod_1st_iteration.jpg",
                "permalink_public": "https:\/\/slack-files.com\/T01RBRV5F7H-F021J9TU2RW-d641ca729c",
                "is_starred": false,
                "has_rich_preview": false
            },
            {
                "id": "F02174B5N9F",
                "created": 1620134895,
                "timestamp": 1620134895,
                "name": "gnod_2nd_iteration.jpg",
                "title": "gnod_2nd_iteration.jpg",
                "mimetype": "image\/jpeg",
                "filetype": "jpg",
                "pretty_type": "JPEG",
                "user": "U01SJKB2MG8",
                "editable": false,
                "size": 38154,
                "mode": "hosted",
                "is_external": false,
                "external_type": "",
                "is_public": true,
                "public_url_shared": false,
                "display_as_bot": false,
                "username": "",
                "url_private": "https:\/\/files.slack.com\/files-pri\/T01RBRV5F7H-F02174B5N9F\/gnod_2nd_iteration.jpg?t=xoxe-1861879185255-2047593969042-2053756158948-4cf6552631c579c36efd5d2fd242de30",
                "url_private_download": "https:\/\/files.slack.com\/files-pri\/T01RBRV5F7H-F02174B5N9F\/download\/gnod_2nd_iteration.jpg?t=xoxe-1861879185255-2047593969042-2053756158948-4cf6552631c579c36efd5d2fd242de30",
                "thumb_64": "https:\/\/files.slack.com\/files-tmb\/T01RBRV5F7H-F02174B5N9F-be31f08c2e\/gnod_2nd_iteration_64.jpg?t=xoxe-1861879185255-2047593969042-2053756158948-4cf6552631c579c36efd5d2fd242de30",
                "thumb_80": "https:\/\/files.slack.com\/files-tmb\/T01RBRV5F7H-F02174B5N9F-be31f08c2e\/gnod_2nd_iteration_80.jpg?t=xoxe-1861879185255-2047593969042-2053756158948-4cf6552631c579c36efd5d2fd242de30",
                "thumb_360": "https:\/\/files.slack.com\/files-tmb\/T01RBRV5F7H-F02174B5N9F-be31f08c2e\/gnod_2nd_iteration_360.jpg?t=xoxe-1861879185255-2047593969042-2053756158948-4cf6552631c579c36efd5d2fd242de30",
                "thumb_360_w": 360,
                "thumb_360_h": 203,
                "thumb_480": "https:\/\/files.slack.com\/files-tmb\/T01RBRV5F7H-F02174B5N9F-be31f08c2e\/gnod_2nd_iteration_480.jpg?t=xoxe-1861879185255-2047593969042-2053756158948-4cf6552631c579c36efd5d2fd242de30",
                "thumb_480_w": 480,
                "thumb_480_h": 270,
                "thumb_160": "https:\/\/files.slack.com\/files-tmb\/T01RBRV5F7H-F02174B5N9F-be31f08c2e\/gnod_2nd_iteration_160.jpg?t=xoxe-1861879185255-2047593969042-2053756158948-4cf6552631c579c36efd5d2fd242de30",
                "thumb_720": "https:\/\/files.slack.com\/files-tmb\/T01RBRV5F7H-F02174B5N9F-be31f08c2e\/gnod_2nd_iteration_720.jpg?t=xoxe-1861879185255-2047593969042-2053756158948-4cf6552631c579c36efd5d2fd242de30",
                "thumb_720_w": 720,
                "thumb_720_h": 405,
                "thumb_800": "https:\/\/files.slack.com\/files-tmb\/T01RBRV5F7H-F02174B5N9F-be31f08c2e\/gnod_2nd_iteration_800.jpg?t=xoxe-1861879185255-2047593969042-2053756158948-4cf6552631c579c36efd5d2fd242de30",
                "thumb_800_w": 800,
                "thumb_800_h": 450,
                "thumb_960": "https:\/\/files.slack.com\/files-tmb\/T01RBRV5F7H-F02174B5N9F-be31f08c2e\/gnod_2nd_iteration_960.jpg?t=xoxe-1861879185255-2047593969042-2053756158948-4cf6552631c579c36efd5d2fd242de30",
                "thumb_960_w": 960,
                "thumb_960_h": 540,
                "original_w": 960,
                "original_h": 540,
                "thumb_tiny": "AwAbADDQUK2drE4PODR8qt1bj3NKEAz7+nFBXP8A+ugBSeOM0A0hXIHt70AY7\/rQAu4Zx3ozSEbhj+tCrj\/9dAAd+7jpSHfuGOlPooAazAdaaFUnjNSYzRgelMBm9RxTgcjNLgegopAf\/9k=",
                "permalink": "https:\/\/data-ft-ber-03-2021.slack.com\/files\/U01SJKB2MG8\/F02174B5N9F\/gnod_2nd_iteration.jpg",
                "permalink_public": "https:\/\/slack-files.com\/T01RBRV5F7H-F02174B5N9F-11813dee95",
                "is_starred": false,
                "has_rich_preview": false
            },
            {
                "id": "F02174BAEE5",
                "created": 1620134898,
                "timestamp": 1620134898,
                "name": "restaurant.jpg",
                "title": "restaurant.jpg",
                "mimetype": "image\/jpeg",
                "filetype": "jpg",
                "pretty_type": "JPEG",
                "user": "U01SJKB2MG8",
                "editable": false,
                "size": 31876,
                "mode": "hosted",
                "is_external": false,
                "external_type": "",
                "is_public": true,
                "public_url_shared": false,
                "display_as_bot": false,
                "username": "",
                "url_private": "https:\/\/files.slack.com\/files-pri\/T01RBRV5F7H-F02174BAEE5\/restaurant.jpg?t=xoxe-1861879185255-2047593969042-2053756158948-4cf6552631c579c36efd5d2fd242de30",
                "url_private_download": "https:\/\/files.slack.com\/files-pri\/T01RBRV5F7H-F02174BAEE5\/download\/restaurant.jpg?t=xoxe-1861879185255-2047593969042-2053756158948-4cf6552631c579c36efd5d2fd242de30",
                "thumb_64": "https:\/\/files.slack.com\/files-tmb\/T01RBRV5F7H-F02174BAEE5-6f0bba7074\/restaurant_64.jpg?t=xoxe-1861879185255-2047593969042-2053756158948-4cf6552631c579c36efd5d2fd242de30",
                "thumb_80": "https:\/\/files.slack.com\/files-tmb\/T01RBRV5F7H-F02174BAEE5-6f0bba7074\/restaurant_80.jpg?t=xoxe-1861879185255-2047593969042-2053756158948-4cf6552631c579c36efd5d2fd242de30",
                "thumb_360": "https:\/\/files.slack.com\/files-tmb\/T01RBRV5F7H-F02174BAEE5-6f0bba7074\/restaurant_360.jpg?t=xoxe-1861879185255-2047593969042-2053756158948-4cf6552631c579c36efd5d2fd242de30",
                "thumb_360_w": 360,
                "thumb_360_h": 161,
                "thumb_480": "https:\/\/files.slack.com\/files-tmb\/T01RBRV5F7H-F02174BAEE5-6f0bba7074\/restaurant_480.jpg?t=xoxe-1861879185255-2047593969042-2053756158948-4cf6552631c579c36efd5d2fd242de30",
                "thumb_480_w": 480,
                "thumb_480_h": 215,
                "thumb_160": "https:\/\/files.slack.com\/files-tmb\/T01RBRV5F7H-F02174BAEE5-6f0bba7074\/restaurant_160.jpg?t=xoxe-1861879185255-2047593969042-2053756158948-4cf6552631c579c36efd5d2fd242de30",
                "original_w": 650,
                "original_h": 291,
                "thumb_tiny": "AwAVADCnIojcfWrssqTWfy+vPtVMQvIxVm+Ydic1MX2RiPbzk5wO9IoagdU+UgDODxmknUo4Bp3mFF5OOeQO1MLBiCQWHPSgCwrDywNy\/nUNv\/x8ED1qPJU7SDmnMWgnDlNuR0NSkNsZFKVlDdTmn3Up8wjA+tQp94fWn3X+uNUSQ1IgyjN0K88VHUkf+rk+lAIsWADSs7c7BxTLtzLdHPHQVJp3WX6CoZf+Pr\/gQoA\/\/9k=",
                "permalink": "https:\/\/data-ft-ber-03-2021.slack.com\/files\/U01SJKB2MG8\/F02174BAEE5\/restaurant.jpg",
                "permalink_public": "https:\/\/slack-files.com\/T01RBRV5F7H-F02174BAEE5-a24eaf21a9",
                "is_starred": false,
                "has_rich_preview": false
            },
            {
                "id": "F020UFN7DLJ",
                "created": 1620134899,
                "timestamp": 1620134899,
                "name": "8.04_intro_to_APIs.ipynb",
                "title": "8.04_intro_to_APIs.ipynb",
                "mimetype": "text\/plain",
                "filetype": "text",
                "pretty_type": "Plain Text",
                "user": "U01SJKB2MG8",
                "editable": true,
                "size": 174914,
                "mode": "snippet",
                "is_external": false,
                "external_type": "",
                "is_public": true,
                "public_url_shared": false,
                "display_as_bot": false,
                "username": "",
                "url_private": "https:\/\/files.slack.com\/files-pri\/T01RBRV5F7H-F020UFN7DLJ\/8.04_intro_to_apis.ipynb?t=xoxe-1861879185255-2047593969042-2053756158948-4cf6552631c579c36efd5d2fd242de30",
                "url_private_download": "https:\/\/files.slack.com\/files-pri\/T01RBRV5F7H-F020UFN7DLJ\/download\/8.04_intro_to_apis.ipynb?t=xoxe-1861879185255-2047593969042-2053756158948-4cf6552631c579c36efd5d2fd242de30",
                "permalink": "https:\/\/data-ft-ber-03-2021.slack.com\/files\/U01SJKB2MG8\/F020UFN7DLJ\/8.04_intro_to_apis.ipynb",
                "permalink_public": "https:\/\/slack-files.com\/T01RBRV5F7H-F020UFN7DLJ-77bebc519f",
                "edit_link": "https:\/\/data-ft-ber-03-2021.slack.com\/files\/U01SJKB2MG8\/F020UFN7DLJ\/8.04_intro_to_apis.ipynb\/edit",
                "is_starred": false,
                "has_rich_preview": false
            }
        ],
        "upload": false,
        "blocks": [
            {
                "type": "rich_text",
                "block_id": "zVp\/",
                "elements": [
                    {
                        "type": "rich_text_section",
                        "elements": [
                            {
                                "type": "broadcast",
                                "range": "channel"
                            },
                            {
                                "type": "text",
                                "text": ",\n8.04 Intro to APIs notebook"
                            }
                        ]
                    }
                ]
            }
        ],
        "user": "U01SJKB2MG8",
        "ts": "1620134911.063700",
        "edited": {
            "user": "U01SJKB2MG8",
            "ts": "1620134926.000000"
        }
    },
    {
        "client_msg_id": "ce6979a0-d8a3-448b-99e5-f7b3f1d58ed9",
        "type": "message",
        "text": "<!channel>,\ndon't forget to get a :spotify:  spotify account for tomorrow :slightly_smiling_face:\n<https:\/\/data-ft-ber-03-2021.slack.com\/archives\/C01RKRMS10W\/p1620060662050400>",
        "user": "U01SJKB2MG8",
        "ts": "1620145131.064900",
        "team": "T01RBRV5F7H",
        "user_team": "T01RBRV5F7H",
        "source_team": "T01RBRV5F7H",
        "user_profile": {
            "avatar_hash": "88fa894fdb53",
            "image_72": "https:\/\/avatars.slack-edge.com\/2021-03-19\/1885033153332_88fa894fdb5366452adf_72.jpg",
            "first_name": "Florian",
            "real_name": "Florian Titze",
            "display_name": "Flo Titze",
            "team": "T01RBRV5F7H",
            "name": "florian.titze",
            "is_restricted": false,
            "is_ultra_restricted": false
        },
        "attachments": [
            {
                "from_url": "https:\/\/data-ft-ber-03-2021.slack.com\/archives\/C01RKRMS10W\/p1620060662050400",
                "fallback": "[May 3rd, 2021 9:51 AM] sian.davies: <!channel> task for the morning - does everyone have their own spotify account already??\nif not - *dont worry we arent saying to pay for a premium account*, just the freebie version - sign up here:  <https:\/\/www.spotify.com\/uk\/signup\/>\n\nyou might have guessed already but later this week we will be using a webwrapper API - in this case spotiPy- to get hold of a playlist of songs; for that reason you will need to have a spotify account - you can of course delete your free account after the week is over!\n\n- I would recommend being careful with these boxes - tick the first, untick the second.",
                "ts": "1620060662.050400",
                "author_id": "U01RW140HBP",
                "author_subname": "siand the LT (she\/her)",
                "channel_id": "C01RKRMS10W",
                "channel_name": "general",
                "is_msg_unfurl": true,
                "text": "<!channel> task for the morning - does everyone have their own spotify account already??\nif not - *dont worry we arent saying to pay for a premium account*, just the freebie version - sign up here:  <https:\/\/www.spotify.com\/uk\/signup\/>\n\nyou might have guessed already but later this week we will be using a webwrapper API - in this case spotiPy- to get hold of a playlist of songs; for that reason you will need to have a spotify account - you can of course delete your free account after the week is over!\n\n- I would recommend being careful with these boxes - tick the first, untick the second.",
                "author_name": "siand the LT (she\/her)",
                "author_link": "https:\/\/data-ft-ber-03-2021.slack.com\/team\/U01RW140HBP",
                "author_icon": "https:\/\/avatars.slack-edge.com\/2021-03-21\/1895736308209_4c43a3a8d10bc2fe5e13_48.png",
                "mrkdwn_in": [
                    "text"
                ],
                "files": [
                    {
                        "id": "F020JG8SLFQ",
                        "created": 1620060407,
                        "timestamp": 1620060407,
                        "name": "image.png",
                        "title": "image.png",
                        "mimetype": "image\/png",
                        "filetype": "png",
                        "pretty_type": "PNG",
                        "user": "U01RW140HBP",
                        "editable": false,
                        "size": 45368,
                        "mode": "hosted",
                        "is_external": false,
                        "external_type": "",
                        "is_public": true,
                        "public_url_shared": false,
                        "display_as_bot": false,
                        "username": "",
                        "url_private": "https:\/\/files.slack.com\/files-pri\/T01RBRV5F7H-F020JG8SLFQ\/image.png",
                        "url_private_download": "https:\/\/files.slack.com\/files-pri\/T01RBRV5F7H-F020JG8SLFQ\/download\/image.png",
                        "thumb_64": "https:\/\/files.slack.com\/files-tmb\/T01RBRV5F7H-F020JG8SLFQ-bc49b94508\/image_64.png",
                        "thumb_80": "https:\/\/files.slack.com\/files-tmb\/T01RBRV5F7H-F020JG8SLFQ-bc49b94508\/image_80.png",
                        "thumb_360": "https:\/\/files.slack.com\/files-tmb\/T01RBRV5F7H-F020JG8SLFQ-bc49b94508\/image_360.png",
                        "thumb_360_w": 360,
                        "thumb_360_h": 122,
                        "thumb_480": "https:\/\/files.slack.com\/files-tmb\/T01RBRV5F7H-F020JG8SLFQ-bc49b94508\/image_480.png",
                        "thumb_480_w": 480,
                        "thumb_480_h": 163,
                        "thumb_160": "https:\/\/files.slack.com\/files-tmb\/T01RBRV5F7H-F020JG8SLFQ-bc49b94508\/image_160.png",
                        "thumb_720": "https:\/\/files.slack.com\/files-tmb\/T01RBRV5F7H-F020JG8SLFQ-bc49b94508\/image_720.png",
                        "thumb_720_w": 720,
                        "thumb_720_h": 244,
                        "thumb_800": "https:\/\/files.slack.com\/files-tmb\/T01RBRV5F7H-F020JG8SLFQ-bc49b94508\/image_800.png",
                        "thumb_800_w": 800,
                        "thumb_800_h": 271,
                        "thumb_960": "https:\/\/files.slack.com\/files-tmb\/T01RBRV5F7H-F020JG8SLFQ-bc49b94508\/image_960.png",
                        "thumb_960_w": 960,
                        "thumb_960_h": 326,
                        "thumb_1024": "https:\/\/files.slack.com\/files-tmb\/T01RBRV5F7H-F020JG8SLFQ-bc49b94508\/image_1024.png",
                        "thumb_1024_w": 1024,
                        "thumb_1024_h": 347,
                        "original_w": 1044,
                        "original_h": 354,
                        "thumb_tiny": "AwAQADDSJI6DNHzeo\/Khs44pnze9AD\/m9R+VHzeo\/KmfN\/tUfN70AP8Am9R+VLUfze9PUHHJNAH\/2Q==",
                        "permalink": "https:\/\/data-ft-ber-03-2021.slack.com\/files\/U01RW140HBP\/F020JG8SLFQ\/image.png",
                        "permalink_public": "https:\/\/slack-files.com\/T01RBRV5F7H-F020JG8SLFQ-c8458a1b30",
                        "has_rich_preview": false
                    }
                ],
                "id": 1,
                "original_url": "https:\/\/data-ft-ber-03-2021.slack.com\/archives\/C01RKRMS10W\/p1620060662050400",
                "footer": "Posted in #general"
            }
        ],
        "blocks": [
            {
                "type": "rich_text",
                "block_id": "0Rfv",
                "elements": [
                    {
                        "type": "rich_text_section",
                        "elements": [
                            {
                                "type": "broadcast",
                                "range": "channel"
                            },
                            {
                                "type": "text",
                                "text": ",\ndon't forget to get a "
                            },
                            {
                                "type": "emoji",
                                "name": "spotify"
                            },
                            {
                                "type": "text",
                                "text": "  spotify account for tomorrow "
                            },
                            {
                                "type": "emoji",
                                "name": "slightly_smiling_face"
                            },
                            {
                                "type": "text",
                                "text": "\n"
                            },
                            {
                                "type": "link",
                                "url": "https:\/\/data-ft-ber-03-2021.slack.com\/archives\/C01RKRMS10W\/p1620060662050400"
                            }
                        ]
                    }
                ]
            }
        ]
    },
    {
        "type": "message",
        "text": "<!channel>,\nTwo things need to be done by you before or during (depeding on how quick you are with those things) Wednesday's lecture:\n\n1. *Setup a* :spotify: *App and get the credentials*\nhead to <https:\/\/developer.spotify.com\/> and setup an app:\n1. click on DASHBOARD on the above panel\n2. login in with your credentials\n3. click \"create an app\", give it a name and if you want a description, tick the :tick_checkmark:, click \"create\"\n4. click the huge green box (left picture) for your app that was created. You should see your *Client ID* and if you click SHOW CLIENT SECRET, there's your *client secret* (right picture)*.* Especially don't share the latter with anyone \/ push it to github. You can revoke it though, if you accidentally did.\n\nWe need both the client id and the client secret to connect to the Spotify API and use the Spotipy wrapper.\n\n\n*2.* :python:  *Install SpotiPy into your anaconda environment:*\n`conda install -c conda-forge spotipy`",
        "files": [
            {
                "id": "F021K781N6L",
                "created": 1620145675,
                "timestamp": 1620145675,
                "name": "Screenshot_2021-05-04 My Dashboard Spotify for Developers.png",
                "title": "Screenshot_2021-05-04 My Dashboard Spotify for Developers.png",
                "mimetype": "image\/png",
                "filetype": "png",
                "pretty_type": "PNG",
                "user": "U01SJKB2MG8",
                "editable": false,
                "size": 45556,
                "mode": "hosted",
                "is_external": false,
                "external_type": "",
                "is_public": true,
                "public_url_shared": false,
                "display_as_bot": false,
                "username": "",
                "url_private": "https:\/\/files.slack.com\/files-pri\/T01RBRV5F7H-F021K781N6L\/screenshot_2021-05-04_my_dashboard_spotify_for_developers.png?t=xoxe-1861879185255-2047593969042-2053756158948-4cf6552631c579c36efd5d2fd242de30",
                "url_private_download": "https:\/\/files.slack.com\/files-pri\/T01RBRV5F7H-F021K781N6L\/download\/screenshot_2021-05-04_my_dashboard_spotify_for_developers.png?t=xoxe-1861879185255-2047593969042-2053756158948-4cf6552631c579c36efd5d2fd242de30",
                "thumb_64": "https:\/\/files.slack.com\/files-tmb\/T01RBRV5F7H-F021K781N6L-5a95a01fc5\/screenshot_2021-05-04_my_dashboard_spotify_for_developers_64.png?t=xoxe-1861879185255-2047593969042-2053756158948-4cf6552631c579c36efd5d2fd242de30",
                "thumb_80": "https:\/\/files.slack.com\/files-tmb\/T01RBRV5F7H-F021K781N6L-5a95a01fc5\/screenshot_2021-05-04_my_dashboard_spotify_for_developers_80.png?t=xoxe-1861879185255-2047593969042-2053756158948-4cf6552631c579c36efd5d2fd242de30",
                "thumb_360": "https:\/\/files.slack.com\/files-tmb\/T01RBRV5F7H-F021K781N6L-5a95a01fc5\/screenshot_2021-05-04_my_dashboard_spotify_for_developers_360.png?t=xoxe-1861879185255-2047593969042-2053756158948-4cf6552631c579c36efd5d2fd242de30",
                "thumb_360_w": 360,
                "thumb_360_h": 179,
                "thumb_480": "https:\/\/files.slack.com\/files-tmb\/T01RBRV5F7H-F021K781N6L-5a95a01fc5\/screenshot_2021-05-04_my_dashboard_spotify_for_developers_480.png?t=xoxe-1861879185255-2047593969042-2053756158948-4cf6552631c579c36efd5d2fd242de30",
                "thumb_480_w": 480,
                "thumb_480_h": 238,
                "thumb_160": "https:\/\/files.slack.com\/files-tmb\/T01RBRV5F7H-F021K781N6L-5a95a01fc5\/screenshot_2021-05-04_my_dashboard_spotify_for_developers_160.png?t=xoxe-1861879185255-2047593969042-2053756158948-4cf6552631c579c36efd5d2fd242de30",
                "thumb_720": "https:\/\/files.slack.com\/files-tmb\/T01RBRV5F7H-F021K781N6L-5a95a01fc5\/screenshot_2021-05-04_my_dashboard_spotify_for_developers_720.png?t=xoxe-1861879185255-2047593969042-2053756158948-4cf6552631c579c36efd5d2fd242de30",
                "thumb_720_w": 720,
                "thumb_720_h": 358,
                "thumb_800": "https:\/\/files.slack.com\/files-tmb\/T01RBRV5F7H-F021K781N6L-5a95a01fc5\/screenshot_2021-05-04_my_dashboard_spotify_for_developers_800.png?t=xoxe-1861879185255-2047593969042-2053756158948-4cf6552631c579c36efd5d2fd242de30",
                "thumb_800_w": 800,
                "thumb_800_h": 397,
                "thumb_960": "https:\/\/files.slack.com\/files-tmb\/T01RBRV5F7H-F021K781N6L-5a95a01fc5\/screenshot_2021-05-04_my_dashboard_spotify_for_developers_960.png?t=xoxe-1861879185255-2047593969042-2053756158948-4cf6552631c579c36efd5d2fd242de30",
                "thumb_960_w": 960,
                "thumb_960_h": 477,
                "thumb_1024": "https:\/\/files.slack.com\/files-tmb\/T01RBRV5F7H-F021K781N6L-5a95a01fc5\/screenshot_2021-05-04_my_dashboard_spotify_for_developers_1024.png?t=xoxe-1861879185255-2047593969042-2053756158948-4cf6552631c579c36efd5d2fd242de30",
                "thumb_1024_w": 1024,
                "thumb_1024_h": 509,
                "original_w": 1669,
                "original_h": 829,
                "thumb_tiny": "AwAXADC09nBjPk7vxNM+yW\/\/AD6n8\/8A69TXJIiyM9aqb2\/vH86TZEp2diwLC2x\/qh+ZpfsFt\/zyH5mn2xJhBJzyalplJ3VysbG2H\/LHP0J\/xpBY2x\/5Y\/qf8atUUDI50Mke1cZzVf7LJ\/s\/nVyilYlxTI4UKRhT19qkooplJWCiiigD\/9k=",
                "permalink": "https:\/\/data-ft-ber-03-2021.slack.com\/files\/U01SJKB2MG8\/F021K781N6L\/screenshot_2021-05-04_my_dashboard_spotify_for_developers.png",
                "permalink_public": "https:\/\/slack-files.com\/T01RBRV5F7H-F021K781N6L-2aa5dd951d",
                "is_starred": false,
                "has_rich_preview": false
            },
            {
                "id": "F0211HTDM44",
                "created": 1620145678,
                "timestamp": 1620145678,
                "name": "Screenshot_2021-05-04 My Dashboard Spotify for Developers(1).png",
                "title": "Screenshot_2021-05-04 My Dashboard Spotify for Developers(1).png",
                "mimetype": "image\/png",
                "filetype": "png",
                "pretty_type": "PNG",
                "user": "U01SJKB2MG8",
                "editable": false,
                "size": 81275,
                "mode": "hosted",
                "is_external": false,
                "external_type": "",
                "is_public": true,
                "public_url_shared": false,
                "display_as_bot": false,
                "username": "",
                "url_private": "https:\/\/files.slack.com\/files-pri\/T01RBRV5F7H-F0211HTDM44\/screenshot_2021-05-04_my_dashboard_spotify_for_developers_1_.png?t=xoxe-1861879185255-2047593969042-2053756158948-4cf6552631c579c36efd5d2fd242de30",
                "url_private_download": "https:\/\/files.slack.com\/files-pri\/T01RBRV5F7H-F0211HTDM44\/download\/screenshot_2021-05-04_my_dashboard_spotify_for_developers_1_.png?t=xoxe-1861879185255-2047593969042-2053756158948-4cf6552631c579c36efd5d2fd242de30",
                "thumb_64": "https:\/\/files.slack.com\/files-tmb\/T01RBRV5F7H-F0211HTDM44-d99daa4a0f\/screenshot_2021-05-04_my_dashboard_spotify_for_developers_1__64.png?t=xoxe-1861879185255-2047593969042-2053756158948-4cf6552631c579c36efd5d2fd242de30",
                "thumb_80": "https:\/\/files.slack.com\/files-tmb\/T01RBRV5F7H-F0211HTDM44-d99daa4a0f\/screenshot_2021-05-04_my_dashboard_spotify_for_developers_1__80.png?t=xoxe-1861879185255-2047593969042-2053756158948-4cf6552631c579c36efd5d2fd242de30",
                "thumb_360": "https:\/\/files.slack.com\/files-tmb\/T01RBRV5F7H-F0211HTDM44-d99daa4a0f\/screenshot_2021-05-04_my_dashboard_spotify_for_developers_1__360.png?t=xoxe-1861879185255-2047593969042-2053756158948-4cf6552631c579c36efd5d2fd242de30",
                "thumb_360_w": 360,
                "thumb_360_h": 162,
                "thumb_480": "https:\/\/files.slack.com\/files-tmb\/T01RBRV5F7H-F0211HTDM44-d99daa4a0f\/screenshot_2021-05-04_my_dashboard_spotify_for_developers_1__480.png?t=xoxe-1861879185255-2047593969042-2053756158948-4cf6552631c579c36efd5d2fd242de30",
                "thumb_480_w": 480,
                "thumb_480_h": 216,
                "thumb_160": "https:\/\/files.slack.com\/files-tmb\/T01RBRV5F7H-F0211HTDM44-d99daa4a0f\/screenshot_2021-05-04_my_dashboard_spotify_for_developers_1__160.png?t=xoxe-1861879185255-2047593969042-2053756158948-4cf6552631c579c36efd5d2fd242de30",
                "thumb_720": "https:\/\/files.slack.com\/files-tmb\/T01RBRV5F7H-F0211HTDM44-d99daa4a0f\/screenshot_2021-05-04_my_dashboard_spotify_for_developers_1__720.png?t=xoxe-1861879185255-2047593969042-2053756158948-4cf6552631c579c36efd5d2fd242de30",
                "thumb_720_w": 720,
                "thumb_720_h": 324,
                "thumb_800": "https:\/\/files.slack.com\/files-tmb\/T01RBRV5F7H-F0211HTDM44-d99daa4a0f\/screenshot_2021-05-04_my_dashboard_spotify_for_developers_1__800.png?t=xoxe-1861879185255-2047593969042-2053756158948-4cf6552631c579c36efd5d2fd242de30",
                "thumb_800_w": 800,
                "thumb_800_h": 360,
                "thumb_960": "https:\/\/files.slack.com\/files-tmb\/T01RBRV5F7H-F0211HTDM44-d99daa4a0f\/screenshot_2021-05-04_my_dashboard_spotify_for_developers_1__960.png?t=xoxe-1861879185255-2047593969042-2053756158948-4cf6552631c579c36efd5d2fd242de30",
                "thumb_960_w": 960,
                "thumb_960_h": 433,
                "thumb_1024": "https:\/\/files.slack.com\/files-tmb\/T01RBRV5F7H-F0211HTDM44-d99daa4a0f\/screenshot_2021-05-04_my_dashboard_spotify_for_developers_1__1024.png?t=xoxe-1861879185255-2047593969042-2053756158948-4cf6552631c579c36efd5d2fd242de30",
                "thumb_1024_w": 1024,
                "thumb_1024_h": 461,
                "original_w": 1802,
                "original_h": 812,
                "thumb_tiny": "AwAVADCgeRknJNNxS0UAJijApaKAEAXPP6UuFzxmiigBKKWigABxQTmkooAKKWigD\/\/Z",
                "permalink": "https:\/\/data-ft-ber-03-2021.slack.com\/files\/U01SJKB2MG8\/F0211HTDM44\/screenshot_2021-05-04_my_dashboard_spotify_for_developers_1_.png",
                "permalink_public": "https:\/\/slack-files.com\/T01RBRV5F7H-F0211HTDM44-e695525cd0",
                "is_starred": false,
                "has_rich_preview": false
            }
        ],
        "upload": false,
        "blocks": [
            {
                "type": "rich_text",
                "block_id": "Lqi2O",
                "elements": [
                    {
                        "type": "rich_text_section",
                        "elements": [
                            {
                                "type": "broadcast",
                                "range": "channel"
                            },
                            {
                                "type": "text",
                                "text": ",\nTwo things need to be done by you before or during (depeding on how quick you are with those things) Wednesday's lecture:\n\n"
                            }
                        ]
                    },
                    {
                        "type": "rich_text_list",
                        "style": "ordered",
                        "indent": 0,
                        "elements": [
                            {
                                "type": "rich_text_section",
                                "elements": [
                                    {
                                        "type": "text",
                                        "text": "Setup a ",
                                        "style": {
                                            "bold": true
                                        }
                                    },
                                    {
                                        "type": "emoji",
                                        "name": "spotify",
                                        "style": {
                                            "bold": true
                                        }
                                    },
                                    {
                                        "type": "text",
                                        "text": " App and get the credentials",
                                        "style": {
                                            "bold": true
                                        }
                                    }
                                ]
                            }
                        ]
                    },
                    {
                        "type": "rich_text_section",
                        "elements": [
                            {
                                "type": "text",
                                "text": "\nhead to "
                            },
                            {
                                "type": "link",
                                "url": "https:\/\/developer.spotify.com\/"
                            },
                            {
                                "type": "text",
                                "text": " and setup an app:\n1. click on DASHBOARD on the above panel\n2. login in with your credentials\n3. click \"create an app\", give it a name and if you want a description, tick the "
                            },
                            {
                                "type": "emoji",
                                "name": "tick_checkmark"
                            },
                            {
                                "type": "text",
                                "text": ", click \"create\"\n4. click the huge green box (left picture) for your app that was created. You should see your "
                            },
                            {
                                "type": "text",
                                "text": "Client ID",
                                "style": {
                                    "bold": true
                                }
                            },
                            {
                                "type": "text",
                                "text": " and if you click SHOW CLIENT SECRET, there's your "
                            },
                            {
                                "type": "text",
                                "text": "client secret ",
                                "style": {
                                    "bold": true
                                }
                            },
                            {
                                "type": "text",
                                "text": "(right picture)"
                            },
                            {
                                "type": "text",
                                "text": ". ",
                                "style": {
                                    "bold": true
                                }
                            },
                            {
                                "type": "text",
                                "text": "Especially don't share the latter with anyone \/ push it to github. You can revoke it though, if you accidentally did.\n\nWe need both the client id and the client secret to connect to the Spotify API and use the Spotipy wrapper.\n\n\n"
                            },
                            {
                                "type": "text",
                                "text": "2. ",
                                "style": {
                                    "bold": true
                                }
                            },
                            {
                                "type": "emoji",
                                "name": "python",
                                "style": {
                                    "bold": true
                                }
                            },
                            {
                                "type": "text",
                                "text": "  Install SpotiPy into your anaconda environment:",
                                "style": {
                                    "bold": true
                                }
                            },
                            {
                                "type": "text",
                                "text": "\n"
                            },
                            {
                                "type": "text",
                                "text": "conda install -c conda-forge spotipy",
                                "style": {
                                    "code": true
                                }
                            }
                        ]
                    }
                ]
            }
        ],
        "user": "U01SJKB2MG8",
        "ts": "1620145718.070300",
        "edited": {
            "user": "U01SJKB2MG8",
            "ts": "1620155624.000000"
        },
        "reactions": [
            {
                "name": "+1",
                "users": [
                    "U01S1CWGTU4"
                ],
                "count": 1
            }
        ]
    }
]