[
    {
        "client_msg_id": "c2cbfd61-e48c-497b-8723-4ed3920a1424",
        "type": "message",
        "text": "hey, sorry I hate asking on saturday at this time.... but someone knows what should we do this weekend of Careerhack? because says stage 1, but we already did it, or? is then just the resume worded and check our CV score or another stage?",
        "user": "U01RKN0EGDV",
        "ts": "1620460769.031500",
        "team": "T01RBRV5F7H",
        "user_team": "T01RBRV5F7H",
        "source_team": "T01RBRV5F7H",
        "user_profile": {
            "avatar_hash": "abe46e9352ee",
            "image_72": "https:\/\/avatars.slack-edge.com\/2021-03-24\/1878427345639_abe46e9352ee26531094_72.jpg",
            "first_name": "Marian",
            "real_name": "Marian Moreno",
            "display_name": "Marian (she\/her)",
            "team": "T01RBRV5F7H",
            "name": "marimor62",
            "is_restricted": false,
            "is_ultra_restricted": false
        },
        "edited": {
            "user": "U01RKN0EGDV",
            "ts": "1620460792.000000"
        },
        "blocks": [
            {
                "type": "rich_text",
                "block_id": "OsV",
                "elements": [
                    {
                        "type": "rich_text_section",
                        "elements": [
                            {
                                "type": "text",
                                "text": "hey, sorry I hate asking on saturday at this time.... but someone knows what should we do this weekend of Careerhack? because says stage 1, but we already did it, or? is then just the resume worded and check our CV score or another stage?"
                            }
                        ]
                    }
                ]
            }
        ]
    },
    {
        "client_msg_id": "e7f0b837-05d2-4229-887e-82010d88a1e5",
        "type": "message",
        "text": "yes, phase 1,",
        "user": "U01S79YDELR",
        "ts": "1620460793.031800",
        "team": "T01RBRV5F7H",
        "user_team": "T01RBRV5F7H",
        "source_team": "T01RBRV5F7H",
        "user_profile": {
            "avatar_hash": "606def897de6",
            "image_72": "https:\/\/avatars.slack-edge.com\/2021-03-22\/1910932493456_606def897de66681d932_72.jpg",
            "first_name": "",
            "real_name": "Karina Condeixa",
            "display_name": "Karina Condeixa",
            "team": "T01RBRV5F7H",
            "name": "karina.condeixa",
            "is_restricted": false,
            "is_ultra_restricted": false
        },
        "blocks": [
            {
                "type": "rich_text",
                "block_id": "Nw2w",
                "elements": [
                    {
                        "type": "rich_text_section",
                        "elements": [
                            {
                                "type": "text",
                                "text": "yes, phase 1,"
                            }
                        ]
                    }
                ]
            }
        ]
    },
    {
        "client_msg_id": "80ab9bbf-98da-4a1d-a751-1b6039a1e13d",
        "type": "message",
        "text": "and we need to create profile in the portal",
        "user": "U01S79YDELR",
        "ts": "1620460807.032200",
        "team": "T01RBRV5F7H",
        "user_team": "T01RBRV5F7H",
        "source_team": "T01RBRV5F7H",
        "user_profile": {
            "avatar_hash": "606def897de6",
            "image_72": "https:\/\/avatars.slack-edge.com\/2021-03-22\/1910932493456_606def897de66681d932_72.jpg",
            "first_name": "",
            "real_name": "Karina Condeixa",
            "display_name": "Karina Condeixa",
            "team": "T01RBRV5F7H",
            "name": "karina.condeixa",
            "is_restricted": false,
            "is_ultra_restricted": false
        },
        "blocks": [
            {
                "type": "rich_text",
                "block_id": "qiZ",
                "elements": [
                    {
                        "type": "rich_text_section",
                        "elements": [
                            {
                                "type": "text",
                                "text": "and we need to create profile in the portal"
                            }
                        ]
                    }
                ]
            }
        ]
    },
    {
        "client_msg_id": "10b7c19e-59e0-4068-842d-fe86587d362b",
        "type": "message",
        "text": "also run our CV in the resumeworded",
        "user": "U01S79YDELR",
        "ts": "1620460828.033000",
        "team": "T01RBRV5F7H",
        "user_team": "T01RBRV5F7H",
        "source_team": "T01RBRV5F7H",
        "user_profile": {
            "avatar_hash": "606def897de6",
            "image_72": "https:\/\/avatars.slack-edge.com\/2021-03-22\/1910932493456_606def897de66681d932_72.jpg",
            "first_name": "",
            "real_name": "Karina Condeixa",
            "display_name": "Karina Condeixa",
            "team": "T01RBRV5F7H",
            "name": "karina.condeixa",
            "is_restricted": false,
            "is_ultra_restricted": false
        },
        "blocks": [
            {
                "type": "rich_text",
                "block_id": "+6Epd",
                "elements": [
                    {
                        "type": "rich_text_section",
                        "elements": [
                            {
                                "type": "text",
                                "text": "also run our CV in the resumeworded"
                            }
                        ]
                    }
                ]
            }
        ]
    },
    {
        "client_msg_id": "1026c79a-708a-4e78-816e-be34be7c24a8",
        "type": "message",
        "text": "so stage 1 again and the score? okey thanks karina! now that we talk about it just to tell everyone that the *deadline for that is tomorrow* in case someone forgot heheh :this-is-fine-fire:",
        "user": "U01RKN0EGDV",
        "ts": "1620460887.033900",
        "team": "T01RBRV5F7H",
        "user_team": "T01RBRV5F7H",
        "source_team": "T01RBRV5F7H",
        "user_profile": {
            "avatar_hash": "abe46e9352ee",
            "image_72": "https:\/\/avatars.slack-edge.com\/2021-03-24\/1878427345639_abe46e9352ee26531094_72.jpg",
            "first_name": "Marian",
            "real_name": "Marian Moreno",
            "display_name": "Marian (she\/her)",
            "team": "T01RBRV5F7H",
            "name": "marimor62",
            "is_restricted": false,
            "is_ultra_restricted": false
        },
        "blocks": [
            {
                "type": "rich_text",
                "block_id": "07\/",
                "elements": [
                    {
                        "type": "rich_text_section",
                        "elements": [
                            {
                                "type": "text",
                                "text": "so stage 1 again and the score? okey thanks karina! now that we talk about it just to tell everyone that the "
                            },
                            {
                                "type": "text",
                                "text": "deadline for that is tomorrow",
                                "style": {
                                    "bold": true
                                }
                            },
                            {
                                "type": "text",
                                "text": " in case someone forgot heheh "
                            },
                            {
                                "type": "emoji",
                                "name": "this-is-fine-fire"
                            }
                        ]
                    }
                ]
            }
        ]
    },
    {
        "client_msg_id": "adf4239b-330a-4a65-b803-71d5f00d1a21",
        "type": "message",
        "text": "yes, and I have to run my cv in the resumeworded.",
        "user": "U01S79YDELR",
        "ts": "1620460937.034600",
        "team": "T01RBRV5F7H",
        "user_team": "T01RBRV5F7H",
        "source_team": "T01RBRV5F7H",
        "user_profile": {
            "avatar_hash": "606def897de6",
            "image_72": "https:\/\/avatars.slack-edge.com\/2021-03-22\/1910932493456_606def897de66681d932_72.jpg",
            "first_name": "",
            "real_name": "Karina Condeixa",
            "display_name": "Karina Condeixa",
            "team": "T01RBRV5F7H",
            "name": "karina.condeixa",
            "is_restricted": false,
            "is_ultra_restricted": false
        },
        "blocks": [
            {
                "type": "rich_text",
                "block_id": "pf4ks",
                "elements": [
                    {
                        "type": "rich_text_section",
                        "elements": [
                            {
                                "type": "text",
                                "text": "yes, and I have to run my cv in the resumeworded."
                            }
                        ]
                    }
                ]
            }
        ]
    },
    {
        "client_msg_id": "55f9ff0d-167e-4313-a6e9-addb4e918a4f",
        "type": "message",
        "text": "the recording from yesterday with the presentations and project kick off is up on Notion <@U01SK96QF5E> : <https:\/\/www.notion.so\/ironhack\/a19c60daecc2460396bfd3e2f32ccd34?v=c9cfed266f074df580579b93192d0b96>\nI think we forgot to remind you  <!channel> about the weekly survey, so can I ask that you all please do that next time you log into the student portal :pray:\nhave a great weekend everyone !",
        "user": "U01RW140HBP",
        "ts": "1620462291.036400",
        "team": "T01RBRV5F7H",
        "user_team": "T01RBRV5F7H",
        "source_team": "T01RBRV5F7H",
        "user_profile": {
            "avatar_hash": "4c43a3a8d10b",
            "image_72": "https:\/\/avatars.slack-edge.com\/2021-03-21\/1895736308209_4c43a3a8d10bc2fe5e13_72.png",
            "first_name": "siand",
            "real_name": "siand the LT (she\/her)",
            "display_name": "siand the LT (she\/her)",
            "team": "T01RBRV5F7H",
            "name": "sian.davies",
            "is_restricted": false,
            "is_ultra_restricted": false
        },
        "attachments": [
            {
                "service_name": "ironhack on Notion",
                "title": "Classroom Recordings",
                "title_link": "https:\/\/www.notion.so\/ironhack\/a19c60daecc2460396bfd3e2f32ccd34?v=c9cfed266f074df580579b93192d0b96",
                "text": "A new tool for teams &amp; individuals that blends everyday work apps into one.",
                "fallback": "ironhack on Notion: Classroom Recordings",
                "from_url": "https:\/\/www.notion.so\/ironhack\/a19c60daecc2460396bfd3e2f32ccd34?v=c9cfed266f074df580579b93192d0b96",
                "id": 1,
                "original_url": "https:\/\/www.notion.so\/ironhack\/a19c60daecc2460396bfd3e2f32ccd34?v=c9cfed266f074df580579b93192d0b96"
            }
        ],
        "blocks": [
            {
                "type": "rich_text",
                "block_id": "Jf7",
                "elements": [
                    {
                        "type": "rich_text_section",
                        "elements": [
                            {
                                "type": "text",
                                "text": "the recording from yesterday with the presentations and project kick off is up on Notion "
                            },
                            {
                                "type": "user",
                                "user_id": "U01SK96QF5E"
                            },
                            {
                                "type": "text",
                                "text": " : "
                            },
                            {
                                "type": "link",
                                "url": "https:\/\/www.notion.so\/ironhack\/a19c60daecc2460396bfd3e2f32ccd34?v=c9cfed266f074df580579b93192d0b96"
                            },
                            {
                                "type": "text",
                                "text": "\nI think we forgot to remind you  "
                            },
                            {
                                "type": "broadcast",
                                "range": "channel"
                            },
                            {
                                "type": "text",
                                "text": " about the weekly survey, so can I ask that you all please do that next time you log into the student portal "
                            },
                            {
                                "type": "emoji",
                                "name": "pray"
                            },
                            {
                                "type": "text",
                                "text": "\nhave a great weekend everyone !"
                            }
                        ]
                    }
                ]
            }
        ],
        "thread_ts": "1620462291.036400",
        "reply_count": 2,
        "reply_users_count": 2,
        "latest_reply": "1620471115.037100",
        "reply_users": [
            "U01S79YDELR",
            "U01SK96QF5E"
        ],
        "replies": [
            {
                "user": "U01S79YDELR",
                "ts": "1620462439.036600"
            },
            {
                "user": "U01SK96QF5E",
                "ts": "1620471115.037100"
            }
        ],
        "is_locked": false,
        "subscribed": false
    },
    {
        "client_msg_id": "c3f4d87f-6029-46c6-aeb3-8ccd21ad8ff1",
        "type": "message",
        "text": "thanks, Siand. I didn’t forget it this week, I am just fixing my github before doing that. Have a good weekend.",
        "user": "U01S79YDELR",
        "ts": "1620462439.036600",
        "team": "T01RBRV5F7H",
        "user_team": "T01RBRV5F7H",
        "source_team": "T01RBRV5F7H",
        "user_profile": {
            "avatar_hash": "606def897de6",
            "image_72": "https:\/\/avatars.slack-edge.com\/2021-03-22\/1910932493456_606def897de66681d932_72.jpg",
            "first_name": "",
            "real_name": "Karina Condeixa",
            "display_name": "Karina Condeixa",
            "team": "T01RBRV5F7H",
            "name": "karina.condeixa",
            "is_restricted": false,
            "is_ultra_restricted": false
        },
        "blocks": [
            {
                "type": "rich_text",
                "block_id": "ucY",
                "elements": [
                    {
                        "type": "rich_text_section",
                        "elements": [
                            {
                                "type": "text",
                                "text": "thanks, Siand. I didn’t forget it this week, I am just fixing my github before doing that. Have a good weekend."
                            }
                        ]
                    }
                ]
            }
        ],
        "thread_ts": "1620462291.036400",
        "parent_user_id": "U01RW140HBP"
    },
    {
        "client_msg_id": "D27F29E7-F8E1-4112-AE59-A9BA8F0DF3DF",
        "type": "message",
        "text": "Thansk <@U01RW140HBP> :heart::heart:",
        "user": "U01SK96QF5E",
        "ts": "1620471115.037100",
        "team": "T01RBRV5F7H",
        "user_team": "T01RBRV5F7H",
        "source_team": "T01RBRV5F7H",
        "user_profile": {
            "avatar_hash": "94c1e7ff9e09",
            "image_72": "https:\/\/avatars.slack-edge.com\/2021-03-21\/1883381430979_94c1e7ff9e09a95d14cb_72.jpg",
            "first_name": "Lilla",
            "real_name": "Lilla Szulyovszky",
            "display_name": "lilla",
            "team": "T01RBRV5F7H",
            "name": "lilla.szulyovszky",
            "is_restricted": false,
            "is_ultra_restricted": false
        },
        "blocks": [
            {
                "type": "rich_text",
                "block_id": "d6zXi",
                "elements": [
                    {
                        "type": "rich_text_section",
                        "elements": [
                            {
                                "type": "text",
                                "text": "Thansk "
                            },
                            {
                                "type": "user",
                                "user_id": "U01RW140HBP"
                            },
                            {
                                "type": "text",
                                "text": " "
                            },
                            {
                                "type": "emoji",
                                "name": "heart"
                            },
                            {
                                "type": "emoji",
                                "name": "heart"
                            }
                        ]
                    }
                ]
            }
        ],
        "thread_ts": "1620462291.036400",
        "parent_user_id": "U01RW140HBP"
    },
    {
        "client_msg_id": "3d967fa9-a1ac-4412-8a29-06725d6782df",
        "type": "message",
        "text": "UPDATE: (managed to improve my score with a little trick, which was including Ironhack as a work experience). I have a problem with Resumeworded. When i download my CV, it does so in Portuguese, and therefore my score in Resumeworded is lower than it should be because the algorithm doesn't recognize certain categories, such as skills. In my settings the language is english, but this happens regardless.. Did someone have the same issue?",
        "user": "U01RRV4JX6Z",
        "ts": "1620487707.038600",
        "team": "T01RBRV5F7H",
        "user_team": "T01RBRV5F7H",
        "source_team": "T01RBRV5F7H",
        "user_profile": {
            "avatar_hash": "339c4d69b7d9",
            "image_72": "https:\/\/avatars.slack-edge.com\/2021-04-14\/1961122781618_339c4d69b7d9fe16343a_72.jpg",
            "first_name": "",
            "real_name": "Francisco Ebeling",
            "display_name": "Francisco Ebeling",
            "team": "T01RBRV5F7H",
            "name": "ebelingbarros",
            "is_restricted": false,
            "is_ultra_restricted": false
        },
        "edited": {
            "user": "U01RRV4JX6Z",
            "ts": "1620494366.000000"
        },
        "blocks": [
            {
                "type": "rich_text",
                "block_id": "J1bP",
                "elements": [
                    {
                        "type": "rich_text_section",
                        "elements": [
                            {
                                "type": "text",
                                "text": "UPDATE: (managed to improve my score with a little trick, which was including Ironhack as a work experience). I have a problem with Resumeworded. When i download my CV, it does so in Portuguese, and therefore my score in Resumeworded is lower than it should be because the algorithm doesn't recognize certain categories, such as skills. In my settings the language is english, but this happens regardless.. Did someone have the same issue?"
                            }
                        ]
                    }
                ]
            }
        ],
        "thread_ts": "1620487707.038600",
        "reply_count": 4,
        "reply_users_count": 2,
        "latest_reply": "1620547261.000500",
        "reply_users": [
            "U01S79YDELR",
            "U01RRV4JX6Z"
        ],
        "replies": [
            {
                "user": "U01S79YDELR",
                "ts": "1620488252.039500"
            },
            {
                "user": "U01RRV4JX6Z",
                "ts": "1620494379.040000"
            },
            {
                "user": "U01S79YDELR",
                "ts": "1620547226.000300"
            },
            {
                "user": "U01S79YDELR",
                "ts": "1620547261.000500"
            }
        ],
        "is_locked": false,
        "subscribed": false
    },
    {
        "client_msg_id": "afc60945-28bf-43d4-a367-39b435deda3a",
        "type": "message",
        "text": "I didn’t check it yet, maybe I have  the same problem",
        "user": "U01S79YDELR",
        "ts": "1620488252.039500",
        "team": "T01RBRV5F7H",
        "user_team": "T01RBRV5F7H",
        "source_team": "T01RBRV5F7H",
        "user_profile": {
            "avatar_hash": "606def897de6",
            "image_72": "https:\/\/avatars.slack-edge.com\/2021-03-22\/1910932493456_606def897de66681d932_72.jpg",
            "first_name": "",
            "real_name": "Karina Condeixa",
            "display_name": "Karina Condeixa",
            "team": "T01RBRV5F7H",
            "name": "karina.condeixa",
            "is_restricted": false,
            "is_ultra_restricted": false
        },
        "blocks": [
            {
                "type": "rich_text",
                "block_id": "HuzpU",
                "elements": [
                    {
                        "type": "rich_text_section",
                        "elements": [
                            {
                                "type": "text",
                                "text": "I didn’t check it yet, maybe I have  the same problem"
                            }
                        ]
                    }
                ]
            }
        ],
        "thread_ts": "1620487707.038600",
        "parent_user_id": "U01RRV4JX6Z"
    },
    {
        "client_msg_id": "d73eed08-6d96-483c-9f1a-7a1434c8a2c4",
        "type": "message",
        "text": "UPDATE: (managed to improve my score with a little trick, which was including Ironhack as a work experience).",
        "user": "U01RRV4JX6Z",
        "ts": "1620494379.040000",
        "team": "T01RBRV5F7H",
        "user_team": "T01RBRV5F7H",
        "source_team": "T01RBRV5F7H",
        "user_profile": {
            "avatar_hash": "339c4d69b7d9",
            "image_72": "https:\/\/avatars.slack-edge.com\/2021-04-14\/1961122781618_339c4d69b7d9fe16343a_72.jpg",
            "first_name": "",
            "real_name": "Francisco Ebeling",
            "display_name": "Francisco Ebeling",
            "team": "T01RBRV5F7H",
            "name": "ebelingbarros",
            "is_restricted": false,
            "is_ultra_restricted": false
        },
        "blocks": [
            {
                "type": "rich_text",
                "block_id": "Sbj",
                "elements": [
                    {
                        "type": "rich_text_section",
                        "elements": [
                            {
                                "type": "text",
                                "text": "UPDATE: (managed to improve my score with a little trick, which was including Ironhack as a work experience)."
                            }
                        ]
                    }
                ]
            }
        ],
        "thread_ts": "1620487707.038600",
        "parent_user_id": "U01RRV4JX6Z"
    }
]