[
    {
        "type": "message",
        "text": "",
        "files": [
            {
                "id": "F01TX5A8X8W",
                "created": 1618300945,
                "timestamp": 1618300945,
                "name": "process.jpg",
                "title": "process.jpg",
                "mimetype": "image\/jpeg",
                "filetype": "jpg",
                "pretty_type": "JPEG",
                "user": "U01S0MFJ3HR",
                "editable": false,
                "size": 1763612,
                "mode": "hosted",
                "is_external": false,
                "external_type": "",
                "is_public": true,
                "public_url_shared": false,
                "display_as_bot": false,
                "username": "",
                "url_private": "https:\/\/files.slack.com\/files-pri\/T01RBRV5F7H-F01TX5A8X8W\/process.jpg?t=xoxe-1861879185255-2047593969042-2053756158948-4cf6552631c579c36efd5d2fd242de30",
                "url_private_download": "https:\/\/files.slack.com\/files-pri\/T01RBRV5F7H-F01TX5A8X8W\/download\/process.jpg?t=xoxe-1861879185255-2047593969042-2053756158948-4cf6552631c579c36efd5d2fd242de30",
                "thumb_64": "https:\/\/files.slack.com\/files-tmb\/T01RBRV5F7H-F01TX5A8X8W-3c573d63b0\/process_64.jpg?t=xoxe-1861879185255-2047593969042-2053756158948-4cf6552631c579c36efd5d2fd242de30",
                "thumb_80": "https:\/\/files.slack.com\/files-tmb\/T01RBRV5F7H-F01TX5A8X8W-3c573d63b0\/process_80.jpg?t=xoxe-1861879185255-2047593969042-2053756158948-4cf6552631c579c36efd5d2fd242de30",
                "thumb_360": "https:\/\/files.slack.com\/files-tmb\/T01RBRV5F7H-F01TX5A8X8W-3c573d63b0\/process_360.jpg?t=xoxe-1861879185255-2047593969042-2053756158948-4cf6552631c579c36efd5d2fd242de30",
                "thumb_360_w": 360,
                "thumb_360_h": 270,
                "thumb_480": "https:\/\/files.slack.com\/files-tmb\/T01RBRV5F7H-F01TX5A8X8W-3c573d63b0\/process_480.jpg?t=xoxe-1861879185255-2047593969042-2053756158948-4cf6552631c579c36efd5d2fd242de30",
                "thumb_480_w": 480,
                "thumb_480_h": 360,
                "thumb_160": "https:\/\/files.slack.com\/files-tmb\/T01RBRV5F7H-F01TX5A8X8W-3c573d63b0\/process_160.jpg?t=xoxe-1861879185255-2047593969042-2053756158948-4cf6552631c579c36efd5d2fd242de30",
                "thumb_720": "https:\/\/files.slack.com\/files-tmb\/T01RBRV5F7H-F01TX5A8X8W-3c573d63b0\/process_720.jpg?t=xoxe-1861879185255-2047593969042-2053756158948-4cf6552631c579c36efd5d2fd242de30",
                "thumb_720_w": 720,
                "thumb_720_h": 540,
                "thumb_800": "https:\/\/files.slack.com\/files-tmb\/T01RBRV5F7H-F01TX5A8X8W-3c573d63b0\/process_800.jpg?t=xoxe-1861879185255-2047593969042-2053756158948-4cf6552631c579c36efd5d2fd242de30",
                "thumb_800_w": 800,
                "thumb_800_h": 600,
                "thumb_960": "https:\/\/files.slack.com\/files-tmb\/T01RBRV5F7H-F01TX5A8X8W-3c573d63b0\/process_960.jpg?t=xoxe-1861879185255-2047593969042-2053756158948-4cf6552631c579c36efd5d2fd242de30",
                "thumb_960_w": 960,
                "thumb_960_h": 720,
                "thumb_1024": "https:\/\/files.slack.com\/files-tmb\/T01RBRV5F7H-F01TX5A8X8W-3c573d63b0\/process_1024.jpg?t=xoxe-1861879185255-2047593969042-2053756158948-4cf6552631c579c36efd5d2fd242de30",
                "thumb_1024_w": 1024,
                "thumb_1024_h": 768,
                "original_w": 4032,
                "original_h": 3024,
                "thumb_tiny": "AwAkADB4Ue\/50uPc\/nSA0tAC49zS4HqaB9aWgAx7mjHvSilxQBBmnCmU4GkAoNOJ5pmaWmBIKUCmA04GgCGiiikAUtJRQA4GnA0wU8UwP\/\/Z",
                "permalink": "https:\/\/data-ft-ber-03-2021.slack.com\/files\/U01S0MFJ3HR\/F01TX5A8X8W\/process.jpg",
                "permalink_public": "https:\/\/slack-files.com\/T01RBRV5F7H-F01TX5A8X8W-20e04b52c1",
                "is_starred": false,
                "has_rich_preview": false
            }
        ],
        "upload": false,
        "user": "U01S0MFJ3HR",
        "display_as_bot": false,
        "ts": "1618300951.044500",
        "reactions": [
            {
                "name": "white_check_mark",
                "users": [
                    "U01RXCQHMHT",
                    "U01RRV4JX6Z",
                    "U01S7KCL3DF"
                ],
                "count": 3
            },
            {
                "name": "raised_hands",
                "users": [
                    "U01RW140HBP"
                ],
                "count": 1
            }
        ]
    },
    {
        "type": "message",
        "text": "",
        "files": [
            {
                "id": "F01UA3NES68",
                "created": 1618300968,
                "timestamp": 1618300968,
                "name": "Image from iOS.jpg",
                "title": "Image from iOS",
                "mimetype": "image\/jpeg",
                "filetype": "jpg",
                "pretty_type": "JPEG",
                "user": "U01S6L7HLUC",
                "editable": false,
                "size": 676561,
                "mode": "hosted",
                "is_external": false,
                "external_type": "",
                "is_public": true,
                "public_url_shared": false,
                "display_as_bot": false,
                "username": "",
                "url_private": "https:\/\/files.slack.com\/files-pri\/T01RBRV5F7H-F01UA3NES68\/image_from_ios.jpg?t=xoxe-1861879185255-2047593969042-2053756158948-4cf6552631c579c36efd5d2fd242de30",
                "url_private_download": "https:\/\/files.slack.com\/files-pri\/T01RBRV5F7H-F01UA3NES68\/download\/image_from_ios.jpg?t=xoxe-1861879185255-2047593969042-2053756158948-4cf6552631c579c36efd5d2fd242de30",
                "thumb_64": "https:\/\/files.slack.com\/files-tmb\/T01RBRV5F7H-F01UA3NES68-a9136e6874\/image_from_ios_64.jpg?t=xoxe-1861879185255-2047593969042-2053756158948-4cf6552631c579c36efd5d2fd242de30",
                "thumb_80": "https:\/\/files.slack.com\/files-tmb\/T01RBRV5F7H-F01UA3NES68-a9136e6874\/image_from_ios_80.jpg?t=xoxe-1861879185255-2047593969042-2053756158948-4cf6552631c579c36efd5d2fd242de30",
                "thumb_360": "https:\/\/files.slack.com\/files-tmb\/T01RBRV5F7H-F01UA3NES68-a9136e6874\/image_from_ios_360.jpg?t=xoxe-1861879185255-2047593969042-2053756158948-4cf6552631c579c36efd5d2fd242de30",
                "thumb_360_w": 270,
                "thumb_360_h": 360,
                "thumb_480": "https:\/\/files.slack.com\/files-tmb\/T01RBRV5F7H-F01UA3NES68-a9136e6874\/image_from_ios_480.jpg?t=xoxe-1861879185255-2047593969042-2053756158948-4cf6552631c579c36efd5d2fd242de30",
                "thumb_480_w": 360,
                "thumb_480_h": 480,
                "thumb_160": "https:\/\/files.slack.com\/files-tmb\/T01RBRV5F7H-F01UA3NES68-a9136e6874\/image_from_ios_160.jpg?t=xoxe-1861879185255-2047593969042-2053756158948-4cf6552631c579c36efd5d2fd242de30",
                "thumb_720": "https:\/\/files.slack.com\/files-tmb\/T01RBRV5F7H-F01UA3NES68-a9136e6874\/image_from_ios_720.jpg?t=xoxe-1861879185255-2047593969042-2053756158948-4cf6552631c579c36efd5d2fd242de30",
                "thumb_720_w": 540,
                "thumb_720_h": 720,
                "thumb_800": "https:\/\/files.slack.com\/files-tmb\/T01RBRV5F7H-F01UA3NES68-a9136e6874\/image_from_ios_800.jpg?t=xoxe-1861879185255-2047593969042-2053756158948-4cf6552631c579c36efd5d2fd242de30",
                "thumb_800_w": 800,
                "thumb_800_h": 1067,
                "thumb_960": "https:\/\/files.slack.com\/files-tmb\/T01RBRV5F7H-F01UA3NES68-a9136e6874\/image_from_ios_960.jpg?t=xoxe-1861879185255-2047593969042-2053756158948-4cf6552631c579c36efd5d2fd242de30",
                "thumb_960_w": 720,
                "thumb_960_h": 960,
                "thumb_1024": "https:\/\/files.slack.com\/files-tmb\/T01RBRV5F7H-F01UA3NES68-a9136e6874\/image_from_ios_1024.jpg?t=xoxe-1861879185255-2047593969042-2053756158948-4cf6552631c579c36efd5d2fd242de30",
                "thumb_1024_w": 768,
                "thumb_1024_h": 1024,
                "original_w": 3024,
                "original_h": 4032,
                "thumb_tiny": "AwAwACSWEbUA6nFSgnHNRRHKAn0qTPekMXNJn86Q0ZpiK9x\/re\/SovzqafmT8KixSGWIeYlz6U\/pTIj+7XHpS96BC5+lLTaWmAyUZambakbk0mKQxV4UD2pe+c1F56jAwx+goM6AZO4fhQBLgGgfWoBdQ\/3z+VKLmInAfn6UxEx60VH5i\/3hR5i\/3l\/OkB\/\/2Q==",
                "permalink": "https:\/\/data-ft-ber-03-2021.slack.com\/files\/U01S6L7HLUC\/F01UA3NES68\/image_from_ios.jpg",
                "permalink_public": "https:\/\/slack-files.com\/T01RBRV5F7H-F01UA3NES68-6a9cca4311",
                "is_starred": false,
                "has_rich_preview": false
            }
        ],
        "upload": false,
        "blocks": [
            {
                "type": "rich_text",
                "block_id": "eTMkz",
                "elements": []
            }
        ],
        "user": "U01S6L7HLUC",
        "display_as_bot": false,
        "ts": "1618300978.044600",
        "client_msg_id": "A4F0EB40-262C-4F15-A5A9-154C452BBA45",
        "reactions": [
            {
                "name": "white_check_mark",
                "users": [
                    "U01RXCQHMHT",
                    "U01S7KCL3DF"
                ],
                "count": 2
            },
            {
                "name": "raised_hands",
                "users": [
                    "U01RW140HBP"
                ],
                "count": 1
            }
        ]
    },
    {
        "type": "message",
        "text": "",
        "files": [
            {
                "id": "F01U451BV1R",
                "created": 1618300990,
                "timestamp": 1618300990,
                "name": "Image from iOS.jpg",
                "title": "Image from iOS",
                "mimetype": "image\/jpeg",
                "filetype": "jpg",
                "pretty_type": "JPEG",
                "user": "U01SK96QF5E",
                "editable": false,
                "size": 487012,
                "mode": "hosted",
                "is_external": false,
                "external_type": "",
                "is_public": true,
                "public_url_shared": false,
                "display_as_bot": false,
                "username": "",
                "url_private": "https:\/\/files.slack.com\/files-pri\/T01RBRV5F7H-F01U451BV1R\/image_from_ios.jpg?t=xoxe-1861879185255-2047593969042-2053756158948-4cf6552631c579c36efd5d2fd242de30",
                "url_private_download": "https:\/\/files.slack.com\/files-pri\/T01RBRV5F7H-F01U451BV1R\/download\/image_from_ios.jpg?t=xoxe-1861879185255-2047593969042-2053756158948-4cf6552631c579c36efd5d2fd242de30",
                "thumb_64": "https:\/\/files.slack.com\/files-tmb\/T01RBRV5F7H-F01U451BV1R-6ce30d9192\/image_from_ios_64.jpg?t=xoxe-1861879185255-2047593969042-2053756158948-4cf6552631c579c36efd5d2fd242de30",
                "thumb_80": "https:\/\/files.slack.com\/files-tmb\/T01RBRV5F7H-F01U451BV1R-6ce30d9192\/image_from_ios_80.jpg?t=xoxe-1861879185255-2047593969042-2053756158948-4cf6552631c579c36efd5d2fd242de30",
                "thumb_360": "https:\/\/files.slack.com\/files-tmb\/T01RBRV5F7H-F01U451BV1R-6ce30d9192\/image_from_ios_360.jpg?t=xoxe-1861879185255-2047593969042-2053756158948-4cf6552631c579c36efd5d2fd242de30",
                "thumb_360_w": 270,
                "thumb_360_h": 360,
                "thumb_480": "https:\/\/files.slack.com\/files-tmb\/T01RBRV5F7H-F01U451BV1R-6ce30d9192\/image_from_ios_480.jpg?t=xoxe-1861879185255-2047593969042-2053756158948-4cf6552631c579c36efd5d2fd242de30",
                "thumb_480_w": 360,
                "thumb_480_h": 480,
                "thumb_160": "https:\/\/files.slack.com\/files-tmb\/T01RBRV5F7H-F01U451BV1R-6ce30d9192\/image_from_ios_160.jpg?t=xoxe-1861879185255-2047593969042-2053756158948-4cf6552631c579c36efd5d2fd242de30",
                "thumb_720": "https:\/\/files.slack.com\/files-tmb\/T01RBRV5F7H-F01U451BV1R-6ce30d9192\/image_from_ios_720.jpg?t=xoxe-1861879185255-2047593969042-2053756158948-4cf6552631c579c36efd5d2fd242de30",
                "thumb_720_w": 540,
                "thumb_720_h": 720,
                "thumb_800": "https:\/\/files.slack.com\/files-tmb\/T01RBRV5F7H-F01U451BV1R-6ce30d9192\/image_from_ios_800.jpg?t=xoxe-1861879185255-2047593969042-2053756158948-4cf6552631c579c36efd5d2fd242de30",
                "thumb_800_w": 800,
                "thumb_800_h": 1067,
                "thumb_960": "https:\/\/files.slack.com\/files-tmb\/T01RBRV5F7H-F01U451BV1R-6ce30d9192\/image_from_ios_960.jpg?t=xoxe-1861879185255-2047593969042-2053756158948-4cf6552631c579c36efd5d2fd242de30",
                "thumb_960_w": 720,
                "thumb_960_h": 960,
                "thumb_1024": "https:\/\/files.slack.com\/files-tmb\/T01RBRV5F7H-F01U451BV1R-6ce30d9192\/image_from_ios_1024.jpg?t=xoxe-1861879185255-2047593969042-2053756158948-4cf6552631c579c36efd5d2fd242de30",
                "thumb_1024_w": 768,
                "thumb_1024_h": 1024,
                "original_w": 3024,
                "original_h": 4032,
                "thumb_tiny": "AwAwACSbNGcUcUdaQBmjNH6UDrQBGRyc+vc0mB\/s\/nS8ZOMdewpfx\/SkaDjjNISR9KU4zRTMxAWPPanU3mnUDGZPq35Uc\/7VHPo340fgaRQtL3pKKZAY5pwptLmgY0Dj7v5GlwfQ\/nSL06fkeKX8D+dIo\/\/Z",
                "permalink": "https:\/\/data-ft-ber-03-2021.slack.com\/files\/U01SK96QF5E\/F01U451BV1R\/image_from_ios.jpg",
                "permalink_public": "https:\/\/slack-files.com\/T01RBRV5F7H-F01U451BV1R-25f870edee",
                "is_starred": false,
                "has_rich_preview": false
            }
        ],
        "upload": false,
        "blocks": [
            {
                "type": "rich_text",
                "block_id": "MsAJ",
                "elements": []
            }
        ],
        "user": "U01SK96QF5E",
        "display_as_bot": false,
        "ts": "1618301000.044700",
        "client_msg_id": "8EEF152D-7895-4C42-88B3-1968670F3650",
        "reactions": [
            {
                "name": "white_check_mark",
                "users": [
                    "U01RXCQHMHT",
                    "U01S7KCL3DF"
                ],
                "count": 2
            },
            {
                "name": "raised_hands",
                "users": [
                    "U01RW140HBP"
                ],
                "count": 1
            }
        ]
    },
    {
        "type": "message",
        "text": "",
        "files": [
            {
                "id": "F01UA3T4960",
                "created": 1618301044,
                "timestamp": 1618301044,
                "name": "20210413_100327.jpg",
                "title": "20210413_100327.jpg",
                "mimetype": "image\/jpeg",
                "filetype": "jpg",
                "pretty_type": "JPEG",
                "user": "U01RRV4JX6Z",
                "editable": false,
                "size": 516393,
                "mode": "hosted",
                "is_external": false,
                "external_type": "",
                "is_public": true,
                "public_url_shared": false,
                "display_as_bot": false,
                "username": "",
                "url_private": "https:\/\/files.slack.com\/files-pri\/T01RBRV5F7H-F01UA3T4960\/20210413_100327.jpg?t=xoxe-1861879185255-2047593969042-2053756158948-4cf6552631c579c36efd5d2fd242de30",
                "url_private_download": "https:\/\/files.slack.com\/files-pri\/T01RBRV5F7H-F01UA3T4960\/download\/20210413_100327.jpg?t=xoxe-1861879185255-2047593969042-2053756158948-4cf6552631c579c36efd5d2fd242de30",
                "thumb_64": "https:\/\/files.slack.com\/files-tmb\/T01RBRV5F7H-F01UA3T4960-961e5ac4c4\/20210413_100327_64.jpg?t=xoxe-1861879185255-2047593969042-2053756158948-4cf6552631c579c36efd5d2fd242de30",
                "thumb_80": "https:\/\/files.slack.com\/files-tmb\/T01RBRV5F7H-F01UA3T4960-961e5ac4c4\/20210413_100327_80.jpg?t=xoxe-1861879185255-2047593969042-2053756158948-4cf6552631c579c36efd5d2fd242de30",
                "thumb_360": "https:\/\/files.slack.com\/files-tmb\/T01RBRV5F7H-F01UA3T4960-961e5ac4c4\/20210413_100327_360.jpg?t=xoxe-1861879185255-2047593969042-2053756158948-4cf6552631c579c36efd5d2fd242de30",
                "thumb_360_w": 360,
                "thumb_360_h": 270,
                "thumb_480": "https:\/\/files.slack.com\/files-tmb\/T01RBRV5F7H-F01UA3T4960-961e5ac4c4\/20210413_100327_480.jpg?t=xoxe-1861879185255-2047593969042-2053756158948-4cf6552631c579c36efd5d2fd242de30",
                "thumb_480_w": 480,
                "thumb_480_h": 360,
                "thumb_160": "https:\/\/files.slack.com\/files-tmb\/T01RBRV5F7H-F01UA3T4960-961e5ac4c4\/20210413_100327_160.jpg?t=xoxe-1861879185255-2047593969042-2053756158948-4cf6552631c579c36efd5d2fd242de30",
                "thumb_720": "https:\/\/files.slack.com\/files-tmb\/T01RBRV5F7H-F01UA3T4960-961e5ac4c4\/20210413_100327_720.jpg?t=xoxe-1861879185255-2047593969042-2053756158948-4cf6552631c579c36efd5d2fd242de30",
                "thumb_720_w": 720,
                "thumb_720_h": 540,
                "thumb_800": "https:\/\/files.slack.com\/files-tmb\/T01RBRV5F7H-F01UA3T4960-961e5ac4c4\/20210413_100327_800.jpg?t=xoxe-1861879185255-2047593969042-2053756158948-4cf6552631c579c36efd5d2fd242de30",
                "thumb_800_w": 800,
                "thumb_800_h": 600,
                "thumb_960": "https:\/\/files.slack.com\/files-tmb\/T01RBRV5F7H-F01UA3T4960-961e5ac4c4\/20210413_100327_960.jpg?t=xoxe-1861879185255-2047593969042-2053756158948-4cf6552631c579c36efd5d2fd242de30",
                "thumb_960_w": 960,
                "thumb_960_h": 720,
                "thumb_1024": "https:\/\/files.slack.com\/files-tmb\/T01RBRV5F7H-F01UA3T4960-961e5ac4c4\/20210413_100327_1024.jpg?t=xoxe-1861879185255-2047593969042-2053756158948-4cf6552631c579c36efd5d2fd242de30",
                "thumb_1024_w": 1024,
                "thumb_1024_h": 768,
                "original_w": 4032,
                "original_h": 3024,
                "thumb_tiny": "AwAkADCuiZYgnpUnlD1NNg6salFJIpsaIvel8v3p4peaLCuxgjHrUigLSUjHC0WC5DB\/FUq\/WooOh+tS0LYHuOHWgfSmg04GqEKKa\/3TSg89\/wAqRz8p4pMERQfdP1qXNRQfdP1qWhDe4uTS5NJS0CDJof7hoof7hoYI\/9k=",
                "permalink": "https:\/\/data-ft-ber-03-2021.slack.com\/files\/U01RRV4JX6Z\/F01UA3T4960\/20210413_100327.jpg",
                "permalink_public": "https:\/\/slack-files.com\/T01RBRV5F7H-F01UA3T4960-d0fe29f286",
                "is_starred": false,
                "has_rich_preview": false
            }
        ],
        "upload": false,
        "blocks": [
            {
                "type": "rich_text",
                "block_id": "TybGg",
                "elements": [
                    {
                        "type": "rich_text_section",
                        "elements": []
                    }
                ]
            }
        ],
        "user": "U01RRV4JX6Z",
        "display_as_bot": false,
        "ts": "1618301049.045300",
        "client_msg_id": "da52580d-d363-43a0-af48-9046ea400863",
        "reactions": [
            {
                "name": "eyes",
                "users": [
                    "U01RW140HBP"
                ],
                "count": 1
            },
            {
                "name": "raised_hands",
                "users": [
                    "U01RW140HBP"
                ],
                "count": 1
            }
        ]
    },
    {
        "client_msg_id": "dd81e0e8-159d-4481-9db7-96f080736617",
        "type": "message",
        "text": "ok my WIP notebook is up on notion if you want to run through it and use any of the code in your own !",
        "user": "U01RW140HBP",
        "ts": "1618305209.046200",
        "team": "T01RBRV5F7H",
        "user_team": "T01RBRV5F7H",
        "source_team": "T01RBRV5F7H",
        "user_profile": {
            "avatar_hash": "4c43a3a8d10b",
            "image_72": "https:\/\/avatars.slack-edge.com\/2021-03-21\/1895736308209_4c43a3a8d10bc2fe5e13_72.png",
            "first_name": "siand",
            "real_name": "siand the LT (she\/her)",
            "display_name": "siand the LT (she\/her)",
            "team": "T01RBRV5F7H",
            "name": "sian.davies",
            "is_restricted": false,
            "is_ultra_restricted": false
        },
        "blocks": [
            {
                "type": "rich_text",
                "block_id": "VpN",
                "elements": [
                    {
                        "type": "rich_text_section",
                        "elements": [
                            {
                                "type": "text",
                                "text": "ok my WIP notebook is up on notion if you want to run through it and use any of the code in your own !"
                            }
                        ]
                    }
                ]
            }
        ],
        "thread_ts": "1618305209.046200",
        "reply_count": 3,
        "reply_users_count": 2,
        "latest_reply": "1618307606.047800",
        "reply_users": [
            "U01S7KCL3DF",
            "U01SD3CDH9P"
        ],
        "replies": [
            {
                "user": "U01S7KCL3DF",
                "ts": "1618305626.047000"
            },
            {
                "user": "U01SD3CDH9P",
                "ts": "1618306440.047400"
            },
            {
                "user": "U01S7KCL3DF",
                "ts": "1618307606.047800"
            }
        ],
        "is_locked": false,
        "subscribed": false,
        "reactions": [
            {
                "name": "white_check_mark",
                "users": [
                    "U01S7BM4N81",
                    "U01S0P26NKD",
                    "U01RN7BVD1C",
                    "U01SD3CDH9P",
                    "U01SK96QF5E",
                    "U01S0MFJ3HR"
                ],
                "count": 6
            }
        ]
    },
    {
        "client_msg_id": "a9736310-b5b3-4399-9664-092ea818c167",
        "type": "message",
        "text": "thanks! i tried switching to a german keyboard layout whilst typing along…with disastrous results",
        "user": "U01S7KCL3DF",
        "ts": "1618305626.047000",
        "team": "T01RBRV5F7H",
        "user_team": "T01RBRV5F7H",
        "source_team": "T01RBRV5F7H",
        "user_profile": {
            "avatar_hash": "17b52091bb62",
            "image_72": "https:\/\/avatars.slack-edge.com\/2021-03-19\/1875964347925_17b52091bb62c2340b4c_72.png",
            "first_name": "Sam",
            "real_name": "Sam Katterfield",
            "display_name": "Sam",
            "team": "T01RBRV5F7H",
            "name": "samkatterfield",
            "is_restricted": false,
            "is_ultra_restricted": false
        },
        "blocks": [
            {
                "type": "rich_text",
                "block_id": "O+5g",
                "elements": [
                    {
                        "type": "rich_text_section",
                        "elements": [
                            {
                                "type": "text",
                                "text": "thanks! i tried switching to a german keyboard layout whilst typing along…with disastrous results"
                            }
                        ]
                    }
                ]
            }
        ],
        "thread_ts": "1618305209.046200",
        "parent_user_id": "U01RW140HBP",
        "reactions": [
            {
                "name": "rolling_on_the_floor_laughing",
                "users": [
                    "U01RW140HBP"
                ],
                "count": 1
            }
        ]
    },
    {
        "client_msg_id": "f198287b-941e-4796-a5e8-7b18ecedf32a",
        "type": "message",
        "text": "where do I find the notebook? I cannot find it on notion:(",
        "user": "U01SD3CDH9P",
        "ts": "1618306440.047400",
        "team": "T01RBRV5F7H",
        "user_team": "T01RBRV5F7H",
        "source_team": "T01RBRV5F7H",
        "user_profile": {
            "avatar_hash": "735d50ad8f34",
            "image_72": "https:\/\/avatars.slack-edge.com\/2021-04-15\/1962810903269_735d50ad8f345a94bd76_72.jpg",
            "first_name": "",
            "real_name": "Andrea Tognoli",
            "display_name": "Andrea Tognoli",
            "team": "T01RBRV5F7H",
            "name": "andreatognoli001",
            "is_restricted": false,
            "is_ultra_restricted": false
        },
        "blocks": [
            {
                "type": "rich_text",
                "block_id": "5Z1",
                "elements": [
                    {
                        "type": "rich_text_section",
                        "elements": [
                            {
                                "type": "text",
                                "text": "where do I find the notebook? I cannot find it on notion:("
                            }
                        ]
                    }
                ]
            }
        ],
        "thread_ts": "1618305209.046200",
        "parent_user_id": "U01RW140HBP"
    },
    {
        "type": "message",
        "text": "",
        "files": [
            {
                "id": "F01U17ZDQGM",
                "created": 1618307597,
                "timestamp": 1618307597,
                "name": "WIP_Log_Regr_Bank.ipynb (1).zip",
                "title": "WIP_Log_Regr_Bank.ipynb (1).zip",
                "mimetype": "application\/zip",
                "filetype": "zip",
                "pretty_type": "Zip",
                "user": "U01S7KCL3DF",
                "editable": false,
                "size": 60948,
                "mode": "hosted",
                "is_external": false,
                "external_type": "",
                "is_public": true,
                "public_url_shared": false,
                "display_as_bot": false,
                "username": "",
                "url_private": "https:\/\/files.slack.com\/files-pri\/T01RBRV5F7H-F01U17ZDQGM\/wip_log_regr_bank.ipynb__1_.zip?t=xoxe-1861879185255-2047593969042-2053756158948-4cf6552631c579c36efd5d2fd242de30",
                "url_private_download": "https:\/\/files.slack.com\/files-pri\/T01RBRV5F7H-F01U17ZDQGM\/download\/wip_log_regr_bank.ipynb__1_.zip?t=xoxe-1861879185255-2047593969042-2053756158948-4cf6552631c579c36efd5d2fd242de30",
                "permalink": "https:\/\/data-ft-ber-03-2021.slack.com\/files\/U01S7KCL3DF\/F01U17ZDQGM\/wip_log_regr_bank.ipynb__1_.zip",
                "permalink_public": "https:\/\/slack-files.com\/T01RBRV5F7H-F01U17ZDQGM-0871fabeb6",
                "is_starred": false,
                "has_rich_preview": false
            }
        ],
        "upload": false,
        "user": "U01S7KCL3DF",
        "display_as_bot": false,
        "ts": "1618307606.047800",
        "thread_ts": "1618305209.046200",
        "parent_user_id": "U01RW140HBP"
    },
    {
        "client_msg_id": "4a85f203-6a33-49a2-9e57-569b2b023efa",
        "type": "message",
        "text": "the LT is back online …. your afternoon schedule :\n• 2pm (optional) Kosta will be on the zoom (in a breakout room?)  to guide beginners through a few ~stringy~ function-y pythons - join if you would benefit from more time on python ~strings~  functions\n• 2:30 meet me back in the main zoom classroom, we will talk about how to evaluate logistic regression models, overfit and class imbalance. \n• 4pm robert will join us \n• the remainder of the day, there are a few optional labs in the Notion to keep you entertained, or you can work on tidying up your regression model to submit it on your student portal. PLEASE everyone submit a logistic regression notebook as your lab (in whatever state) today- either the iris data set or the bank A\/B prediction- not just a copy of my or Flo’s notebook though, create your own version with a nice structure (we can tell if you copy+paste !)  ",
        "user": "U01RW140HBP",
        "ts": "1618313545.052500",
        "team": "T01RBRV5F7H",
        "user_team": "T01RBRV5F7H",
        "source_team": "T01RBRV5F7H",
        "user_profile": {
            "avatar_hash": "4c43a3a8d10b",
            "image_72": "https:\/\/avatars.slack-edge.com\/2021-03-21\/1895736308209_4c43a3a8d10bc2fe5e13_72.png",
            "first_name": "siand",
            "real_name": "siand the LT (she\/her)",
            "display_name": "siand the LT (she\/her)",
            "team": "T01RBRV5F7H",
            "name": "sian.davies",
            "is_restricted": false,
            "is_ultra_restricted": false
        },
        "edited": {
            "user": "U01RW140HBP",
            "ts": "1618314132.000000"
        },
        "blocks": [
            {
                "type": "rich_text",
                "block_id": "6cfx",
                "elements": [
                    {
                        "type": "rich_text_section",
                        "elements": [
                            {
                                "type": "text",
                                "text": "the LT is back online …. your afternoon schedule :\n"
                            }
                        ]
                    },
                    {
                        "type": "rich_text_list",
                        "elements": [
                            {
                                "type": "rich_text_section",
                                "elements": [
                                    {
                                        "type": "text",
                                        "text": "2pm (optional) Kosta will be on the zoom (in a breakout room?)  to guide beginners through a few "
                                    },
                                    {
                                        "type": "text",
                                        "text": "stringy",
                                        "style": {
                                            "strike": true
                                        }
                                    },
                                    {
                                        "type": "text",
                                        "text": " function-y pythons - join if you would benefit from more time on python"
                                    },
                                    {
                                        "type": "text",
                                        "text": " strings  ",
                                        "style": {
                                            "strike": true
                                        }
                                    },
                                    {
                                        "type": "text",
                                        "text": "functions"
                                    }
                                ]
                            },
                            {
                                "type": "rich_text_section",
                                "elements": [
                                    {
                                        "type": "text",
                                        "text": "2:30 meet me back in the main zoom classroom, we will talk about how to evaluate logistic regression models, overfit and class imbalance. "
                                    }
                                ]
                            },
                            {
                                "type": "rich_text_section",
                                "elements": [
                                    {
                                        "type": "text",
                                        "text": "4pm robert will join us "
                                    }
                                ]
                            },
                            {
                                "type": "rich_text_section",
                                "elements": [
                                    {
                                        "type": "text",
                                        "text": "the remainder of the day, there are a few optional labs in the Notion to keep you entertained, or you can work on tidying up your regression model to submit it on your student portal. PLEASE everyone submit a logistic regression notebook as your lab (in whatever state) today- either the iris data set or the bank A\/B prediction- not just a copy of my or Flo’s notebook though, create your own version with a nice structure (we can tell if you copy+paste !)  "
                                    }
                                ]
                            }
                        ],
                        "style": "bullet",
                        "indent": 0
                    }
                ]
            }
        ],
        "thread_ts": "1618313545.052500",
        "reply_count": 4,
        "reply_users_count": 4,
        "latest_reply": "1618315358.053600",
        "reply_users": [
            "U01RSRE0N3D",
            "U01RW140HBP",
            "U01SJKB2MG8",
            "U01RKN0EGDV"
        ],
        "replies": [
            {
                "user": "U01RSRE0N3D",
                "ts": "1618313722.052700"
            },
            {
                "user": "U01RW140HBP",
                "ts": "1618314059.053000"
            },
            {
                "user": "U01SJKB2MG8",
                "ts": "1618315330.053400"
            },
            {
                "user": "U01RKN0EGDV",
                "ts": "1618315358.053600"
            }
        ],
        "is_locked": false,
        "subscribed": true,
        "last_read": "1618315358.053600"
    },
    {
        "client_msg_id": "458bf3df-ccc7-4352-975e-36f116e2d01d",
        "type": "message",
        "text": "Update: turns out people prefer functions over strings, thus I am going to talk about that!",
        "user": "U01RSRE0N3D",
        "ts": "1618313722.052700",
        "team": "T01RBRV5F7H",
        "user_team": "T01RBRV5F7H",
        "source_team": "T01RBRV5F7H",
        "user_profile": {
            "avatar_hash": "5b0571ca5e6f",
            "image_72": "https:\/\/avatars.slack-edge.com\/2021-03-18\/1876877550179_5b0571ca5e6fe1f759fe_72.jpg",
            "first_name": "Kosta",
            "real_name": "Kosta",
            "display_name": "Kosta",
            "team": "T01RBRV5F7H",
            "name": "kostadin.mitkov",
            "is_restricted": false,
            "is_ultra_restricted": false
        },
        "blocks": [
            {
                "type": "rich_text",
                "block_id": "3sxlz",
                "elements": [
                    {
                        "type": "rich_text_section",
                        "elements": [
                            {
                                "type": "text",
                                "text": "Update: turns out people prefer functions over strings, thus I am going to talk about that!"
                            }
                        ]
                    }
                ]
            }
        ],
        "thread_ts": "1618313545.052500",
        "parent_user_id": "U01RW140HBP",
        "reactions": [
            {
                "name": "handshake",
                "users": [
                    "U01S7BM4N81"
                ],
                "count": 1
            }
        ]
    },
    {
        "client_msg_id": "73214bf6-81a1-4ba7-a202-0aee2d9919a1",
        "type": "message",
        "text": "ahhh ok",
        "user": "U01RW140HBP",
        "ts": "1618314059.053000",
        "team": "T01RBRV5F7H",
        "user_team": "T01RBRV5F7H",
        "source_team": "T01RBRV5F7H",
        "user_profile": {
            "avatar_hash": "4c43a3a8d10b",
            "image_72": "https:\/\/avatars.slack-edge.com\/2021-03-21\/1895736308209_4c43a3a8d10bc2fe5e13_72.png",
            "first_name": "siand",
            "real_name": "siand the LT (she\/her)",
            "display_name": "siand the LT (she\/her)",
            "team": "T01RBRV5F7H",
            "name": "sian.davies",
            "is_restricted": false,
            "is_ultra_restricted": false
        },
        "blocks": [
            {
                "type": "rich_text",
                "block_id": "gTXCI",
                "elements": [
                    {
                        "type": "rich_text_section",
                        "elements": [
                            {
                                "type": "text",
                                "text": "ahhh ok"
                            }
                        ]
                    }
                ]
            }
        ],
        "thread_ts": "1618313545.052500",
        "parent_user_id": "U01RW140HBP"
    },
    {
        "client_msg_id": "b7cbf2ad-c595-4463-8d69-1f23170d481b",
        "type": "message",
        "text": "Ok, students assume we continue now. Haven't told them explicitely we will continue at 2:10",
        "user": "U01SJKB2MG8",
        "ts": "1618315330.053400",
        "team": "T01RBRV5F7H",
        "user_team": "T01RBRV5F7H",
        "source_team": "T01RBRV5F7H",
        "user_profile": {
            "avatar_hash": "88fa894fdb53",
            "image_72": "https:\/\/avatars.slack-edge.com\/2021-03-19\/1885033153332_88fa894fdb5366452adf_72.jpg",
            "first_name": "Florian",
            "real_name": "Florian Titze",
            "display_name": "Flo Titze",
            "team": "T01RBRV5F7H",
            "name": "florian.titze",
            "is_restricted": false,
            "is_ultra_restricted": false
        },
        "blocks": [
            {
                "type": "rich_text",
                "block_id": "4uTX",
                "elements": [
                    {
                        "type": "rich_text_section",
                        "elements": [
                            {
                                "type": "text",
                                "text": "Ok, students assume we continue now. Haven't told them explicitely we will continue at 2:10"
                            }
                        ]
                    }
                ]
            }
        ],
        "thread_ts": "1618313545.052500",
        "parent_user_id": "U01RW140HBP"
    },
    {
        "client_msg_id": "ce867c04-7224-4856-a087-9a3b5127bcc8",
        "type": "message",
        "text": "and will flo later continue\/finish the guided lab we were doing together?",
        "user": "U01RKN0EGDV",
        "ts": "1618315358.053600",
        "team": "T01RBRV5F7H",
        "user_team": "T01RBRV5F7H",
        "source_team": "T01RBRV5F7H",
        "user_profile": {
            "avatar_hash": "abe46e9352ee",
            "image_72": "https:\/\/avatars.slack-edge.com\/2021-03-24\/1878427345639_abe46e9352ee26531094_72.jpg",
            "first_name": "Marian",
            "real_name": "Marian Moreno",
            "display_name": "Marian (she\/her)",
            "team": "T01RBRV5F7H",
            "name": "marimor62",
            "is_restricted": false,
            "is_ultra_restricted": false
        },
        "blocks": [
            {
                "type": "rich_text",
                "block_id": "Ah10=",
                "elements": [
                    {
                        "type": "rich_text_section",
                        "elements": [
                            {
                                "type": "text",
                                "text": "and will flo later continue\/finish the guided lab we were doing together?"
                            }
                        ]
                    }
                ]
            }
        ],
        "thread_ts": "1618313545.052500",
        "parent_user_id": "U01RW140HBP"
    },
    {
        "type": "message",
        "text": "<!channel>,\nthe Notebook from this morning's code along of the Logistic Regression for the :bank: bank dataset",
        "files": [
            {
                "id": "F01U1QYCWAZ",
                "created": 1618318386,
                "timestamp": 1618318386,
                "name": "bank_logistic_regression_walkthrough_live.ipynb",
                "title": "bank_logistic_regression_walkthrough_live.ipynb",
                "mimetype": "application\/octet-stream",
                "filetype": "binary",
                "pretty_type": "Binary",
                "user": "U01SJKB2MG8",
                "editable": false,
                "size": 98848,
                "mode": "hosted",
                "is_external": false,
                "external_type": "",
                "is_public": true,
                "public_url_shared": false,
                "display_as_bot": false,
                "username": "",
                "url_private": "https:\/\/files.slack.com\/files-pri\/T01RBRV5F7H-F01U1QYCWAZ\/bank_logistic_regression_walkthrough_live.ipynb?t=xoxe-1861879185255-2047593969042-2053756158948-4cf6552631c579c36efd5d2fd242de30",
                "url_private_download": "https:\/\/files.slack.com\/files-pri\/T01RBRV5F7H-F01U1QYCWAZ\/download\/bank_logistic_regression_walkthrough_live.ipynb?t=xoxe-1861879185255-2047593969042-2053756158948-4cf6552631c579c36efd5d2fd242de30",
                "permalink": "https:\/\/data-ft-ber-03-2021.slack.com\/files\/U01SJKB2MG8\/F01U1QYCWAZ\/bank_logistic_regression_walkthrough_live.ipynb",
                "permalink_public": "https:\/\/slack-files.com\/T01RBRV5F7H-F01U1QYCWAZ-23868addce",
                "is_starred": false,
                "has_rich_preview": false
            }
        ],
        "upload": false,
        "blocks": [
            {
                "type": "rich_text",
                "block_id": "7RI",
                "elements": [
                    {
                        "type": "rich_text_section",
                        "elements": [
                            {
                                "type": "broadcast",
                                "range": "channel"
                            },
                            {
                                "type": "text",
                                "text": ",\nthe Notebook from this morning's code along of the Logistic Regression for the "
                            },
                            {
                                "type": "emoji",
                                "name": "bank"
                            },
                            {
                                "type": "text",
                                "text": " bank dataset"
                            }
                        ]
                    }
                ]
            }
        ],
        "user": "U01SJKB2MG8",
        "display_as_bot": false,
        "ts": "1618318410.054700",
        "thread_ts": "1618318410.054700",
        "reply_count": 3,
        "reply_users_count": 3,
        "latest_reply": "1618321251.055900",
        "reply_users": [
            "U01S7KCL3DF",
            "U01SK96QF5E",
            "U01SJKB2MG8"
        ],
        "replies": [
            {
                "user": "U01S7KCL3DF",
                "ts": "1618318522.055100"
            },
            {
                "user": "U01SK96QF5E",
                "ts": "1618319447.055700"
            },
            {
                "user": "U01SJKB2MG8",
                "ts": "1618321251.055900"
            }
        ],
        "is_locked": false,
        "subscribed": false,
        "reactions": [
            {
                "name": "white_check_mark",
                "users": [
                    "U01RXCQHMHT",
                    "U01S7BM4N81",
                    "U01S7KCL3DF",
                    "U01S081EULS",
                    "U01S0MFJ3HR"
                ],
                "count": 5
            },
            {
                "name": "+1",
                "users": [
                    "U01S79YDELR",
                    "U01RP2K1606"
                ],
                "count": 2
            }
        ]
    },
    {
        "client_msg_id": "6b2666f5-4d91-48b3-a2ce-2e38cd99f891",
        "type": "message",
        "text": "is it possible to add it to the notion calendar as well?",
        "user": "U01S7KCL3DF",
        "ts": "1618318522.055100",
        "team": "T01RBRV5F7H",
        "user_team": "T01RBRV5F7H",
        "source_team": "T01RBRV5F7H",
        "user_profile": {
            "avatar_hash": "17b52091bb62",
            "image_72": "https:\/\/avatars.slack-edge.com\/2021-03-19\/1875964347925_17b52091bb62c2340b4c_72.png",
            "first_name": "Sam",
            "real_name": "Sam Katterfield",
            "display_name": "Sam",
            "team": "T01RBRV5F7H",
            "name": "samkatterfield",
            "is_restricted": false,
            "is_ultra_restricted": false
        },
        "blocks": [
            {
                "type": "rich_text",
                "block_id": "TZlW8",
                "elements": [
                    {
                        "type": "rich_text_section",
                        "elements": [
                            {
                                "type": "text",
                                "text": "is it possible to add it to the notion calendar as well?"
                            }
                        ]
                    }
                ]
            }
        ],
        "thread_ts": "1618318410.054700",
        "parent_user_id": "U01SJKB2MG8"
    },
    {
        "client_msg_id": "e6e0cc29-a932-4800-8de0-7911fac76439",
        "type": "message",
        "text": "will we continue? :pray:",
        "user": "U01SK96QF5E",
        "ts": "1618319447.055700",
        "team": "T01RBRV5F7H",
        "user_team": "T01RBRV5F7H",
        "source_team": "T01RBRV5F7H",
        "user_profile": {
            "avatar_hash": "94c1e7ff9e09",
            "image_72": "https:\/\/avatars.slack-edge.com\/2021-03-21\/1883381430979_94c1e7ff9e09a95d14cb_72.jpg",
            "first_name": "Lilla",
            "real_name": "Lilla Szulyovszky",
            "display_name": "lilla",
            "team": "T01RBRV5F7H",
            "name": "lilla.szulyovszky",
            "is_restricted": false,
            "is_ultra_restricted": false
        },
        "blocks": [
            {
                "type": "rich_text",
                "block_id": "W7jXn",
                "elements": [
                    {
                        "type": "rich_text_section",
                        "elements": [
                            {
                                "type": "text",
                                "text": "will we continue? "
                            },
                            {
                                "type": "emoji",
                                "name": "pray"
                            }
                        ]
                    }
                ]
            }
        ],
        "thread_ts": "1618318410.054700",
        "parent_user_id": "U01SJKB2MG8"
    },
    {
        "client_msg_id": "0a4582bf-ca66-4f05-ab75-59d6936ffa1e",
        "type": "message",
        "text": "Added to Notion :tick_checkmark:",
        "user": "U01SJKB2MG8",
        "ts": "1618321251.055900",
        "team": "T01RBRV5F7H",
        "user_team": "T01RBRV5F7H",
        "source_team": "T01RBRV5F7H",
        "user_profile": {
            "avatar_hash": "88fa894fdb53",
            "image_72": "https:\/\/avatars.slack-edge.com\/2021-03-19\/1885033153332_88fa894fdb5366452adf_72.jpg",
            "first_name": "Florian",
            "real_name": "Florian Titze",
            "display_name": "Flo Titze",
            "team": "T01RBRV5F7H",
            "name": "florian.titze",
            "is_restricted": false,
            "is_ultra_restricted": false
        },
        "blocks": [
            {
                "type": "rich_text",
                "block_id": "nQ0g",
                "elements": [
                    {
                        "type": "rich_text_section",
                        "elements": [
                            {
                                "type": "text",
                                "text": "Added to Notion "
                            },
                            {
                                "type": "emoji",
                                "name": "tick_checkmark"
                            }
                        ]
                    }
                ]
            }
        ],
        "thread_ts": "1618318410.054700",
        "parent_user_id": "U01SJKB2MG8",
        "reactions": [
            {
                "name": "white_check_mark",
                "users": [
                    "U01S7KCL3DF"
                ],
                "count": 1
            }
        ]
    },
    {
        "client_msg_id": "f901a2d3-2cf8-4945-9e90-561aa2becc4a",
        "type": "message",
        "text": "logistic regression notebook and imbalance slides now published to Notion for your viewing pleasure :slightly_smiling_face:",
        "user": "U01RW140HBP",
        "ts": "1618322086.056900",
        "team": "T01RBRV5F7H",
        "user_team": "T01RBRV5F7H",
        "source_team": "T01RBRV5F7H",
        "user_profile": {
            "avatar_hash": "4c43a3a8d10b",
            "image_72": "https:\/\/avatars.slack-edge.com\/2021-03-21\/1895736308209_4c43a3a8d10bc2fe5e13_72.png",
            "first_name": "siand",
            "real_name": "siand the LT (she\/her)",
            "display_name": "siand the LT (she\/her)",
            "team": "T01RBRV5F7H",
            "name": "sian.davies",
            "is_restricted": false,
            "is_ultra_restricted": false
        },
        "blocks": [
            {
                "type": "rich_text",
                "block_id": "MerD",
                "elements": [
                    {
                        "type": "rich_text_section",
                        "elements": [
                            {
                                "type": "text",
                                "text": "logistic regression notebook and imbalance slides now published to Notion for your viewing pleasure "
                            },
                            {
                                "type": "emoji",
                                "name": "slightly_smiling_face"
                            }
                        ]
                    }
                ]
            }
        ]
    },
    {
        "client_msg_id": "2f6ea102-de3b-4fae-ba5b-e1cbad1aa2ed",
        "type": "message",
        "text": "<!channel> note to all to jump on the zoom for the chair yoga with robert … we are missing a few of you!",
        "user": "U01RW140HBP",
        "ts": "1618322454.057700",
        "team": "T01RBRV5F7H",
        "user_team": "T01RBRV5F7H",
        "source_team": "T01RBRV5F7H",
        "user_profile": {
            "avatar_hash": "4c43a3a8d10b",
            "image_72": "https:\/\/avatars.slack-edge.com\/2021-03-21\/1895736308209_4c43a3a8d10bc2fe5e13_72.png",
            "first_name": "siand",
            "real_name": "siand the LT (she\/her)",
            "display_name": "siand the LT (she\/her)",
            "team": "T01RBRV5F7H",
            "name": "sian.davies",
            "is_restricted": false,
            "is_ultra_restricted": false
        },
        "blocks": [
            {
                "type": "rich_text",
                "block_id": "Et0q",
                "elements": [
                    {
                        "type": "rich_text_section",
                        "elements": [
                            {
                                "type": "broadcast",
                                "range": "channel"
                            },
                            {
                                "type": "text",
                                "text": " note to all to jump on the zoom for the chair yoga with robert … we are missing a few of you!"
                            }
                        ]
                    }
                ]
            }
        ]
    },
    {
        "client_msg_id": "6f2c55e7-99c7-4142-b6ab-608375514a8b",
        "type": "message",
        "text": "my internet went bananas right now",
        "user": "U01RW2X7S9Z",
        "ts": "1618322471.058000",
        "team": "T01RBRV5F7H",
        "user_team": "T01RBRV5F7H",
        "source_team": "T01RBRV5F7H",
        "user_profile": {
            "avatar_hash": "7e12d75d168a",
            "image_72": "https:\/\/avatars.slack-edge.com\/2021-03-19\/1880105796643_7e12d75d168ae25c167d_72.jpg",
            "first_name": "Alexandre",
            "real_name": "Alexandre Sommerkamp",
            "display_name": "Alexandre Sommerkamp",
            "team": "T01RBRV5F7H",
            "name": "alex.c.skp",
            "is_restricted": false,
            "is_ultra_restricted": false
        },
        "blocks": [
            {
                "type": "rich_text",
                "block_id": "Xzk",
                "elements": [
                    {
                        "type": "rich_text_section",
                        "elements": [
                            {
                                "type": "text",
                                "text": "my internet went bananas right now"
                            }
                        ]
                    }
                ]
            }
        ],
        "reactions": [
            {
                "name": "internet-problems",
                "users": [
                    "U01RSRE0N3D"
                ],
                "count": 1
            }
        ]
    },
    {
        "client_msg_id": "fc167fa1-9acb-40c9-81fd-25f4b3a6bb54",
        "type": "message",
        "text": "same...",
        "user": "U01RSRE0N3D",
        "ts": "1618322476.058500",
        "team": "T01RBRV5F7H",
        "user_team": "T01RBRV5F7H",
        "source_team": "T01RBRV5F7H",
        "user_profile": {
            "avatar_hash": "5b0571ca5e6f",
            "image_72": "https:\/\/avatars.slack-edge.com\/2021-03-18\/1876877550179_5b0571ca5e6fe1f759fe_72.jpg",
            "first_name": "Kosta",
            "real_name": "Kosta",
            "display_name": "Kosta",
            "team": "T01RBRV5F7H",
            "name": "kostadin.mitkov",
            "is_restricted": false,
            "is_ultra_restricted": false
        },
        "blocks": [
            {
                "type": "rich_text",
                "block_id": "V1ry",
                "elements": [
                    {
                        "type": "rich_text_section",
                        "elements": [
                            {
                                "type": "text",
                                "text": "same..."
                            }
                        ]
                    }
                ]
            }
        ]
    },
    {
        "client_msg_id": "0b75f8ec-f681-47f7-916b-061fcf65ad69",
        "type": "message",
        "text": "mine too",
        "user": "U01S7KCL3DF",
        "ts": "1618322479.058600",
        "team": "T01RBRV5F7H",
        "user_team": "T01RBRV5F7H",
        "source_team": "T01RBRV5F7H",
        "user_profile": {
            "avatar_hash": "17b52091bb62",
            "image_72": "https:\/\/avatars.slack-edge.com\/2021-03-19\/1875964347925_17b52091bb62c2340b4c_72.png",
            "first_name": "Sam",
            "real_name": "Sam Katterfield",
            "display_name": "Sam",
            "team": "T01RBRV5F7H",
            "name": "samkatterfield",
            "is_restricted": false,
            "is_ultra_restricted": false
        },
        "blocks": [
            {
                "type": "rich_text",
                "block_id": "KGujd",
                "elements": [
                    {
                        "type": "rich_text_section",
                        "elements": [
                            {
                                "type": "text",
                                "text": "mine too"
                            }
                        ]
                    }
                ]
            }
        ]
    },
    {
        "client_msg_id": "1f242f2f-2103-41a9-aa34-af91e58f403e",
        "type": "message",
        "text": "having some connection problem, trying to join",
        "user": "U01RP2K1606",
        "ts": "1618322491.059300",
        "team": "T01RBRV5F7H",
        "user_team": "T01RBRV5F7H",
        "source_team": "T01RBRV5F7H",
        "user_profile": {
            "avatar_hash": "cf57933e3b00",
            "image_72": "https:\/\/avatars.slack-edge.com\/2021-03-19\/1880079302355_cf57933e3b00451b4617_72.png",
            "first_name": "",
            "real_name": "Jalal Karimov",
            "display_name": "Jalal Karimov",
            "team": "T01RBRV5F7H",
            "name": "jalalkrmv",
            "is_restricted": false,
            "is_ultra_restricted": false
        },
        "blocks": [
            {
                "type": "rich_text",
                "block_id": "eSd",
                "elements": [
                    {
                        "type": "rich_text_section",
                        "elements": [
                            {
                                "type": "text",
                                "text": "having some connection problem, trying to join"
                            }
                        ]
                    }
                ]
            }
        ]
    },
    {
        "client_msg_id": "fb2558dc-2e8d-45f2-b0fa-ea48b3622467",
        "type": "message",
        "text": "my zoom is restarting all the time",
        "user": "U01RKN0EGDV",
        "ts": "1618322499.059600",
        "team": "T01RBRV5F7H",
        "user_team": "T01RBRV5F7H",
        "source_team": "T01RBRV5F7H",
        "user_profile": {
            "avatar_hash": "abe46e9352ee",
            "image_72": "https:\/\/avatars.slack-edge.com\/2021-03-24\/1878427345639_abe46e9352ee26531094_72.jpg",
            "first_name": "Marian",
            "real_name": "Marian Moreno",
            "display_name": "Marian (she\/her)",
            "team": "T01RBRV5F7H",
            "name": "marimor62",
            "is_restricted": false,
            "is_ultra_restricted": false
        },
        "blocks": [
            {
                "type": "rich_text",
                "block_id": "hCrxn",
                "elements": [
                    {
                        "type": "rich_text_section",
                        "elements": [
                            {
                                "type": "text",
                                "text": "my zoom is restarting all the time"
                            }
                        ]
                    }
                ]
            }
        ]
    },
    {
        "client_msg_id": "0da8e65a-e8c3-4f3d-a2b5-41ae8bee68c2",
        "type": "message",
        "text": "same here",
        "user": "U01S0P26NKD",
        "ts": "1618322499.059700",
        "team": "T01RBRV5F7H",
        "user_team": "T01RBRV5F7H",
        "source_team": "T01RBRV5F7H",
        "user_profile": {
            "avatar_hash": "g7b30129d02b",
            "image_72": "https:\/\/secure.gravatar.com\/avatar\/7b30129d02bcacd7eef985bfd5432c73.jpg?s=72&d=https%3A%2F%2Fa.slack-edge.com%2Fdf10d%2Fimg%2Favatars%2Fava_0021-72.png",
            "first_name": "",
            "real_name": "Jennipher Kasemire",
            "display_name": "Jennipher Kasemire",
            "team": "T01RBRV5F7H",
            "name": "jennipherkasemire",
            "is_restricted": false,
            "is_ultra_restricted": false
        },
        "blocks": [
            {
                "type": "rich_text",
                "block_id": "rvtU",
                "elements": [
                    {
                        "type": "rich_text_section",
                        "elements": [
                            {
                                "type": "text",
                                "text": "same here"
                            }
                        ]
                    }
                ]
            }
        ]
    },
    {
        "bot_id": "B01S7FSR36Y",
        "type": "message",
        "text": "conspiracy",
        "user": "U01RW2X7S9Z",
        "ts": "1618322515.059900",
        "team": "T01RBRV5F7H",
        "bot_profile": {
            "id": "B01S7FSR36Y",
            "deleted": false,
            "name": "giphy",
            "updated": 1616421896,
            "app_id": "A0F827J2C",
            "icons": {
                "image_36": "https:\/\/a.slack-edge.com\/dc483\/img\/plugins\/giphy\/service_72.png",
                "image_48": "https:\/\/a.slack-edge.com\/dc483\/img\/plugins\/giphy\/service_48.png",
                "image_72": "https:\/\/a.slack-edge.com\/dc483\/img\/plugins\/giphy\/service_72.png"
            },
            "team_id": "T01RBRV5F7H"
        },
        "blocks": [
            {
                "type": "image",
                "block_id": "zg+a",
                "image_url": "https:\/\/media0.giphy.com\/media\/8cGGP5WuatATC\/giphy.gif?cid=6104955e3efd6f88523be6946f76fe73504c4498ad19b5f4&rid=giphy.gif&ct=g",
                "alt_text": "conspiracy",
                "title": {
                    "type": "plain_text",
                    "text": "conspiracy",
                    "emoji": true
                },
                "fallback": "460x243px image",
                "image_width": 460,
                "image_height": 243,
                "image_bytes": 809959,
                "is_animated": true
            },
            {
                "type": "context",
                "block_id": "4qq",
                "elements": [
                    {
                        "type": "image",
                        "image_url": "https:\/\/a.slack-edge.com\/dc483\/img\/plugins\/giphy\/service_32.png",
                        "alt_text": "giphy logo"
                    },
                    {
                        "type": "mrkdwn",
                        "text": "Posted using \/giphy",
                        "verbatim": false
                    }
                ]
            }
        ],
        "reactions": [
            {
                "name": "joy",
                "users": [
                    "U01RSRE0N3D",
                    "U01SJKB2MG8"
                ],
                "count": 2
            }
        ]
    },
    {
        "client_msg_id": "fc1a910e-c5c2-4595-886f-de9950629163",
        "type": "message",
        "text": "same here",
        "user": "U01S79YDELR",
        "ts": "1618322561.060300",
        "team": "T01RBRV5F7H",
        "user_team": "T01RBRV5F7H",
        "source_team": "T01RBRV5F7H",
        "user_profile": {
            "avatar_hash": "606def897de6",
            "image_72": "https:\/\/avatars.slack-edge.com\/2021-03-22\/1910932493456_606def897de66681d932_72.jpg",
            "first_name": "",
            "real_name": "Karina Condeixa",
            "display_name": "Karina Condeixa",
            "team": "T01RBRV5F7H",
            "name": "karina.condeixa",
            "is_restricted": false,
            "is_ultra_restricted": false
        },
        "blocks": [
            {
                "type": "rich_text",
                "block_id": "ABE4B",
                "elements": [
                    {
                        "type": "rich_text_section",
                        "elements": [
                            {
                                "type": "text",
                                "text": "same here"
                            }
                        ]
                    }
                ]
            }
        ]
    },
    {
        "client_msg_id": "5ffb1462-0646-479e-88a6-63351754e7b5",
        "type": "message",
        "text": "zoom is anti-yoga :disappointed:",
        "user": "U01S7KCL3DF",
        "ts": "1618322610.060500",
        "team": "T01RBRV5F7H",
        "user_team": "T01RBRV5F7H",
        "source_team": "T01RBRV5F7H",
        "user_profile": {
            "avatar_hash": "17b52091bb62",
            "image_72": "https:\/\/avatars.slack-edge.com\/2021-03-19\/1875964347925_17b52091bb62c2340b4c_72.png",
            "first_name": "Sam",
            "real_name": "Sam Katterfield",
            "display_name": "Sam",
            "team": "T01RBRV5F7H",
            "name": "samkatterfield",
            "is_restricted": false,
            "is_ultra_restricted": false
        },
        "blocks": [
            {
                "type": "rich_text",
                "block_id": "Warw+",
                "elements": [
                    {
                        "type": "rich_text_section",
                        "elements": [
                            {
                                "type": "text",
                                "text": "zoom is anti-yoga "
                            },
                            {
                                "type": "emoji",
                                "name": "disappointed"
                            }
                        ]
                    }
                ]
            }
        ]
    }
]