[
    {
        "client_msg_id": "14777880-adf2-439d-a155-66fa167e0cb9",
        "type": "message",
        "text": "<!channel>,\nI hope you're having a relaxed May Day weekend! :hibiscus::bicyclist::fist:\n\nKeep in mind that the week starts at *9 am* with a\n*Careerhack Q &amp; A* with Hang (check our Notion calendar). It will happen here <https:\/\/ironhack.zoom.us\/j\/98542857475>\nand will last until *10 am* (you also should have received an Email)\n\nThose who have completed stage 1 of careerhack or are not looking for jobs have free time from 9 am to 10 am. \"Free\" or you can make use of that time and already install some API &amp; webscraping packages into your conda :python: environment over a :coffee: (information will follow :slightly_smiling_face:)",
        "user": "U01SJKB2MG8",
        "ts": "1619953389.026600",
        "team": "T01RBRV5F7H",
        "user_team": "T01RBRV5F7H",
        "source_team": "T01RBRV5F7H",
        "user_profile": {
            "avatar_hash": "88fa894fdb53",
            "image_72": "https:\/\/avatars.slack-edge.com\/2021-03-19\/1885033153332_88fa894fdb5366452adf_72.jpg",
            "first_name": "Florian",
            "real_name": "Florian Titze",
            "display_name": "Flo Titze",
            "team": "T01RBRV5F7H",
            "name": "florian.titze",
            "is_restricted": false,
            "is_ultra_restricted": false
        },
        "blocks": [
            {
                "type": "rich_text",
                "block_id": "hSH+",
                "elements": [
                    {
                        "type": "rich_text_section",
                        "elements": [
                            {
                                "type": "broadcast",
                                "range": "channel"
                            },
                            {
                                "type": "text",
                                "text": ",\nI hope you're having a relaxed May Day weekend! "
                            },
                            {
                                "type": "emoji",
                                "name": "hibiscus"
                            },
                            {
                                "type": "emoji",
                                "name": "bicyclist"
                            },
                            {
                                "type": "emoji",
                                "name": "fist"
                            },
                            {
                                "type": "text",
                                "text": "\n\nKeep in mind that the week starts at "
                            },
                            {
                                "type": "text",
                                "text": "9 am",
                                "style": {
                                    "bold": true
                                }
                            },
                            {
                                "type": "text",
                                "text": " with a\n"
                            },
                            {
                                "type": "text",
                                "text": "Careerhack Q & A",
                                "style": {
                                    "bold": true
                                }
                            },
                            {
                                "type": "text",
                                "text": " with Hang (check our Notion calendar). It will happen here "
                            },
                            {
                                "type": "link",
                                "url": "https:\/\/ironhack.zoom.us\/j\/98542857475"
                            },
                            {
                                "type": "text",
                                "text": "\nand will last until "
                            },
                            {
                                "type": "text",
                                "text": "10 am",
                                "style": {
                                    "bold": true
                                }
                            },
                            {
                                "type": "text",
                                "text": " (you also should have received an Email)\n\nThose who have completed stage 1 of careerhack or are not looking for jobs have free time from 9 am to 10 am. \"Free\" or you can make use of that time and already install some API & webscraping packages into your conda "
                            },
                            {
                                "type": "emoji",
                                "name": "python"
                            },
                            {
                                "type": "text",
                                "text": " environment over a "
                            },
                            {
                                "type": "emoji",
                                "name": "coffee"
                            },
                            {
                                "type": "text",
                                "text": " (information will follow "
                            },
                            {
                                "type": "emoji",
                                "name": "slightly_smiling_face"
                            },
                            {
                                "type": "text",
                                "text": ")"
                            }
                        ]
                    }
                ]
            }
        ],
        "reactions": [
            {
                "name": "+1",
                "users": [
                    "U01S7BM4N81",
                    "U01S0P26NKD",
                    "U01S79YDELR",
                    "U01S1CWGTU4"
                ],
                "count": 4
            }
        ]
    },
    {
        "client_msg_id": "05048968-8b90-4505-96c9-0e518e266021",
        "type": "message",
        "text": "Some preparations (can be done before lecture, but shouldn't take long):\n\n• Make sure you can access the *Inspect Element* feature in your webbrowser (every browser nowadays should have this feature, with which you can inspect the html code):\n    ◦ :apple_logo: MAC-OS users: It can be, that the feature has to be enabled first in Safari. <https:\/\/apple.stackexchange.com\/questions\/139767\/inspect-element-in-safari|How-To here>. Then you simply press `Command` + `Option` + `I` or do a rightclick on the element of interest and select `Inspect Element`\n    ◦ :firefox: Firefox: Rightclick on the element of interest -&gt; \"Inspect\", or rightclick + `Q`\n    ◦ :chrome: Chrome: Also, rightclick + \"Inspect\". More info on the inspector <https:\/\/www.hostinger.com\/tutorials\/website\/how-to-inspect-and-change-style-using-google-chrome|here>\n• Install BeautifulSoup :baby-yoda-soup: into your conda environment with `conda install -c anaconda beautifulsoup4`\n• more to follow....",
        "user": "U01SJKB2MG8",
        "ts": "1619962801.033700",
        "team": "T01RBRV5F7H",
        "user_team": "T01RBRV5F7H",
        "source_team": "T01RBRV5F7H",
        "user_profile": {
            "avatar_hash": "88fa894fdb53",
            "image_72": "https:\/\/avatars.slack-edge.com\/2021-03-19\/1885033153332_88fa894fdb5366452adf_72.jpg",
            "first_name": "Florian",
            "real_name": "Florian Titze",
            "display_name": "Flo Titze",
            "team": "T01RBRV5F7H",
            "name": "florian.titze",
            "is_restricted": false,
            "is_ultra_restricted": false
        },
        "blocks": [
            {
                "type": "rich_text",
                "block_id": "TOhl",
                "elements": [
                    {
                        "type": "rich_text_section",
                        "elements": [
                            {
                                "type": "text",
                                "text": "Some preparations (can be done before lecture, but shouldn't take long):\n\n"
                            }
                        ]
                    },
                    {
                        "type": "rich_text_list",
                        "elements": [
                            {
                                "type": "rich_text_section",
                                "elements": [
                                    {
                                        "type": "text",
                                        "text": "Make sure you can access the "
                                    },
                                    {
                                        "type": "text",
                                        "text": "Inspect Element",
                                        "style": {
                                            "bold": true
                                        }
                                    },
                                    {
                                        "type": "text",
                                        "text": " feature in your webbrowser (every browser nowadays should have this feature, with which you can inspect the html code):"
                                    }
                                ]
                            }
                        ],
                        "style": "bullet",
                        "indent": 0
                    },
                    {
                        "type": "rich_text_list",
                        "elements": [
                            {
                                "type": "rich_text_section",
                                "elements": [
                                    {
                                        "type": "emoji",
                                        "name": "apple_logo"
                                    },
                                    {
                                        "type": "text",
                                        "text": " MAC-OS users: It can be, that the feature has to be enabled first in Safari. "
                                    },
                                    {
                                        "type": "link",
                                        "url": "https:\/\/apple.stackexchange.com\/questions\/139767\/inspect-element-in-safari",
                                        "text": "How-To here"
                                    },
                                    {
                                        "type": "text",
                                        "text": ". Then you simply press "
                                    },
                                    {
                                        "type": "text",
                                        "text": "Command",
                                        "style": {
                                            "code": true
                                        }
                                    },
                                    {
                                        "type": "text",
                                        "text": " + "
                                    },
                                    {
                                        "type": "text",
                                        "text": "Option",
                                        "style": {
                                            "code": true
                                        }
                                    },
                                    {
                                        "type": "text",
                                        "text": " + "
                                    },
                                    {
                                        "type": "text",
                                        "text": "I",
                                        "style": {
                                            "code": true
                                        }
                                    },
                                    {
                                        "type": "text",
                                        "text": " or do a rightclick on the element of interest and select "
                                    },
                                    {
                                        "type": "text",
                                        "text": "Inspect Element",
                                        "style": {
                                            "code": true
                                        }
                                    }
                                ]
                            },
                            {
                                "type": "rich_text_section",
                                "elements": [
                                    {
                                        "type": "emoji",
                                        "name": "firefox"
                                    },
                                    {
                                        "type": "text",
                                        "text": " Firefox: Rightclick on the element of interest -> \"Inspect\", or rightclick + "
                                    },
                                    {
                                        "type": "text",
                                        "text": "Q",
                                        "style": {
                                            "code": true
                                        }
                                    }
                                ]
                            },
                            {
                                "type": "rich_text_section",
                                "elements": [
                                    {
                                        "type": "emoji",
                                        "name": "chrome"
                                    },
                                    {
                                        "type": "text",
                                        "text": " Chrome: Also, rightclick + \"Inspect\". More info on the inspector "
                                    },
                                    {
                                        "type": "link",
                                        "url": "https:\/\/www.hostinger.com\/tutorials\/website\/how-to-inspect-and-change-style-using-google-chrome",
                                        "text": "here"
                                    }
                                ]
                            }
                        ],
                        "style": "bullet",
                        "indent": 1
                    },
                    {
                        "type": "rich_text_list",
                        "elements": [
                            {
                                "type": "rich_text_section",
                                "elements": [
                                    {
                                        "type": "text",
                                        "text": "Install BeautifulSoup "
                                    },
                                    {
                                        "type": "emoji",
                                        "name": "baby-yoda-soup"
                                    },
                                    {
                                        "type": "text",
                                        "text": " into your conda environment with "
                                    },
                                    {
                                        "type": "text",
                                        "text": "conda install -c anaconda beautifulsoup4",
                                        "style": {
                                            "code": true
                                        }
                                    }
                                ]
                            },
                            {
                                "type": "rich_text_section",
                                "elements": [
                                    {
                                        "type": "text",
                                        "text": "more to follow...."
                                    }
                                ]
                            }
                        ],
                        "style": "bullet",
                        "indent": 0
                    }
                ]
            }
        ],
        "reactions": [
            {
                "name": "+1",
                "users": [
                    "U01S79YDELR",
                    "U01S1CWGTU4",
                    "U01S7BM4N81",
                    "U01RW2X7S9Z",
                    "U01S7KCL3DF",
                    "U01SD3CDH9P",
                    "U01S081EULS",
                    "U01RKN0EGDV"
                ],
                "count": 8
            }
        ]
    }
]