[
    {
        "type": "message",
        "subtype": "channel_join",
        "ts": "1616400467.000600",
        "user": "U01RRV4JX6Z",
        "text": "<@U01RRV4JX6Z> has joined the channel"
    },
    {
        "type": "message",
        "subtype": "channel_topic",
        "ts": "1616400826.001300",
        "user": "U01SJKB2MG8",
        "text": "<@U01SJKB2MG8> set the channel topic: :zoom: classroom:\n<https:\/\/zoom.us\/j\/877626245>\npw: 986565",
        "topic": ":zoom: classroom:\n<https:\/\/zoom.us\/j\/877626245>\npw: 986565"
    },
    {
        "client_msg_id": "778fcab3-34fc-45b3-a0e8-2e73c53afd1a",
        "type": "message",
        "text": "i guess the IH welcome finished earlier than planned <!channel>! get yourself a cup of something, and lets meet on our data classroom in 10 minutes then",
        "user": "U01RW140HBP",
        "ts": "1616401557.002500",
        "team": "T01RBRV5F7H",
        "user_team": "T01RBRV5F7H",
        "source_team": "T01RBRV5F7H",
        "user_profile": {
            "avatar_hash": "4c43a3a8d10b",
            "image_72": "https:\/\/avatars.slack-edge.com\/2021-03-21\/1895736308209_4c43a3a8d10bc2fe5e13_72.png",
            "first_name": "siand",
            "real_name": "siand the LT (she\/her)",
            "display_name": "siand the LT (she\/her)",
            "team": "T01RBRV5F7H",
            "name": "sian.davies",
            "is_restricted": false,
            "is_ultra_restricted": false
        },
        "blocks": [
            {
                "type": "rich_text",
                "block_id": "ovX",
                "elements": [
                    {
                        "type": "rich_text_section",
                        "elements": [
                            {
                                "type": "text",
                                "text": "i guess the IH welcome finished earlier than planned "
                            },
                            {
                                "type": "broadcast",
                                "range": "channel"
                            },
                            {
                                "type": "text",
                                "text": "! get yourself a cup of something, and lets meet on our data classroom in 10 minutes then"
                            }
                        ]
                    }
                ]
            }
        ],
        "reactions": [
            {
                "name": "+1",
                "users": [
                    "U01RN7BVD1C",
                    "U01S7BM4N81",
                    "U01RS9Y6UJH"
                ],
                "count": 3
            }
        ]
    },
    {
        "client_msg_id": "193e6c6f-21c5-4971-b0e6-ba7546ef03cc",
        "type": "message",
        "text": "<https:\/\/www.notion.so\/ironhack\/d069723dff344c84a2671d31010d3c11?v=e92549911eb9432ba98ede76c4e86042|Notion Calendar>",
        "user": "U01RSRE0N3D",
        "ts": "1616406027.003400",
        "team": "T01RBRV5F7H",
        "user_team": "T01RBRV5F7H",
        "source_team": "T01RBRV5F7H",
        "user_profile": {
            "avatar_hash": "5b0571ca5e6f",
            "image_72": "https:\/\/avatars.slack-edge.com\/2021-03-18\/1876877550179_5b0571ca5e6fe1f759fe_72.jpg",
            "first_name": "Kosta",
            "real_name": "Kosta",
            "display_name": "Kosta",
            "team": "T01RBRV5F7H",
            "name": "kostadin.mitkov",
            "is_restricted": false,
            "is_ultra_restricted": false
        },
        "attachments": [
            {
                "service_name": "ironhack on Notion",
                "title": "Our Class Calendar",
                "title_link": "https:\/\/www.notion.so\/ironhack\/d069723dff344c84a2671d31010d3c11?v=e92549911eb9432ba98ede76c4e86042",
                "text": "A new tool for teams &amp; individuals that blends everyday work apps into one.",
                "fallback": "ironhack on Notion: Our Class Calendar",
                "image_url": "https:\/\/www.notion.so\/image\/https%3A%2F%2Fwww.notion.so%2Fimages%2Fpage-cover%2Fwoodcuts_8.jpg?table=collection&id=bff01f6e-ccc5-465e-be32-585448116db9&width=2050&userId=&cache=v2",
                "from_url": "https:\/\/www.notion.so\/ironhack\/d069723dff344c84a2671d31010d3c11?v=e92549911eb9432ba98ede76c4e86042",
                "image_width": 377,
                "image_height": 250,
                "image_bytes": 348341,
                "id": 1,
                "original_url": "https:\/\/www.notion.so\/ironhack\/d069723dff344c84a2671d31010d3c11?v=e92549911eb9432ba98ede76c4e86042"
            }
        ],
        "blocks": [
            {
                "type": "rich_text",
                "block_id": "ossBv",
                "elements": [
                    {
                        "type": "rich_text_section",
                        "elements": [
                            {
                                "type": "link",
                                "url": "https:\/\/www.notion.so\/ironhack\/d069723dff344c84a2671d31010d3c11?v=e92549911eb9432ba98ede76c4e86042",
                                "text": "Notion Calendar"
                            }
                        ]
                    }
                ]
            }
        ],
        "thread_ts": "1616406027.003400",
        "reply_count": 5,
        "reply_users_count": 4,
        "latest_reply": "1616414715.008500",
        "reply_users": [
            "U01RSRE0N3D",
            "U01S0MFJ3HR",
            "U01S7KCL3DF",
            "U01RW140HBP"
        ],
        "replies": [
            {
                "user": "U01RSRE0N3D",
                "ts": "1616406704.004400"
            },
            {
                "user": "U01S0MFJ3HR",
                "ts": "1616407166.004600"
            },
            {
                "user": "U01S7KCL3DF",
                "ts": "1616412225.005800"
            },
            {
                "user": "U01RSRE0N3D",
                "ts": "1616412537.006400"
            },
            {
                "user": "U01RW140HBP",
                "ts": "1616414715.008500"
            }
        ],
        "is_locked": false,
        "subscribed": true,
        "last_read": "1616414715.008500"
    },
    {
        "client_msg_id": "7817e767-8321-488e-9536-227efd08d312",
        "type": "message",
        "text": "<@U01S0E0MRJ7>, hey, can you see this post?",
        "user": "U01RSRE0N3D",
        "ts": "1616406704.004400",
        "team": "T01RBRV5F7H",
        "user_team": "T01RBRV5F7H",
        "source_team": "T01RBRV5F7H",
        "user_profile": {
            "avatar_hash": "5b0571ca5e6f",
            "image_72": "https:\/\/avatars.slack-edge.com\/2021-03-18\/1876877550179_5b0571ca5e6fe1f759fe_72.jpg",
            "first_name": "Kosta",
            "real_name": "Kosta",
            "display_name": "Kosta",
            "team": "T01RBRV5F7H",
            "name": "kostadin.mitkov",
            "is_restricted": false,
            "is_ultra_restricted": false
        },
        "blocks": [
            {
                "type": "rich_text",
                "block_id": "3HVoX",
                "elements": [
                    {
                        "type": "rich_text_section",
                        "elements": [
                            {
                                "type": "user",
                                "user_id": "U01S0E0MRJ7"
                            },
                            {
                                "type": "text",
                                "text": ", hey, can you see this post?"
                            }
                        ]
                    }
                ]
            }
        ],
        "thread_ts": "1616406027.003400",
        "parent_user_id": "U01RSRE0N3D"
    },
    {
        "client_msg_id": "e68af05c-764e-4a83-96c3-46e39beb7401",
        "type": "message",
        "text": "yes, thank you",
        "user": "U01S0MFJ3HR",
        "ts": "1616407166.004600",
        "team": "T01RBRV5F7H",
        "user_team": "T01RBRV5F7H",
        "source_team": "T01RBRV5F7H",
        "user_profile": {
            "avatar_hash": "16aa576b8645",
            "image_72": "https:\/\/avatars.slack-edge.com\/2021-03-23\/1903189544593_16aa576b864568c61af7_72.jpg",
            "first_name": "",
            "real_name": "Anja Fechner",
            "display_name": "Anja Fechner",
            "team": "T01RBRV5F7H",
            "name": "anja.fechner",
            "is_restricted": false,
            "is_ultra_restricted": false
        },
        "blocks": [
            {
                "type": "rich_text",
                "block_id": "feb",
                "elements": [
                    {
                        "type": "rich_text_section",
                        "elements": [
                            {
                                "type": "text",
                                "text": "yes, thank you"
                            }
                        ]
                    }
                ]
            }
        ],
        "thread_ts": "1616406027.003400",
        "parent_user_id": "U01RSRE0N3D",
        "reactions": [
            {
                "name": "raised_hands",
                "users": [
                    "U01RSRE0N3D"
                ],
                "count": 1
            }
        ]
    },
    {
        "client_msg_id": "0f471634-3510-4b7b-8888-2554f228d874",
        "type": "message",
        "text": "our Code of Conduct : <https:\/\/www.notion.so\/ironhack\/Our-Code-of-Conduct-c23f61263a7c4ef3a6b1c46a2ec61e3e>",
        "user": "U01RW140HBP",
        "ts": "1616407360.005000",
        "team": "T01RBRV5F7H",
        "user_team": "T01RBRV5F7H",
        "source_team": "T01RBRV5F7H",
        "user_profile": {
            "avatar_hash": "4c43a3a8d10b",
            "image_72": "https:\/\/avatars.slack-edge.com\/2021-03-21\/1895736308209_4c43a3a8d10bc2fe5e13_72.png",
            "first_name": "siand",
            "real_name": "siand the LT (she\/her)",
            "display_name": "siand the LT (she\/her)",
            "team": "T01RBRV5F7H",
            "name": "sian.davies",
            "is_restricted": false,
            "is_ultra_restricted": false
        },
        "attachments": [
            {
                "service_name": "ironhack on Notion",
                "title": "Our Code of Conduct",
                "title_link": "https:\/\/www.notion.so\/ironhack\/Our-Code-of-Conduct-c23f61263a7c4ef3a6b1c46a2ec61e3e",
                "text": "Introduction",
                "fallback": "ironhack on Notion: Our Code of Conduct",
                "from_url": "https:\/\/www.notion.so\/ironhack\/Our-Code-of-Conduct-c23f61263a7c4ef3a6b1c46a2ec61e3e",
                "id": 1,
                "original_url": "https:\/\/www.notion.so\/ironhack\/Our-Code-of-Conduct-c23f61263a7c4ef3a6b1c46a2ec61e3e"
            }
        ],
        "blocks": [
            {
                "type": "rich_text",
                "block_id": "snQ",
                "elements": [
                    {
                        "type": "rich_text_section",
                        "elements": [
                            {
                                "type": "text",
                                "text": "our Code of Conduct : "
                            },
                            {
                                "type": "link",
                                "url": "https:\/\/www.notion.so\/ironhack\/Our-Code-of-Conduct-c23f61263a7c4ef3a6b1c46a2ec61e3e"
                            }
                        ]
                    }
                ]
            }
        ]
    },
    {
        "client_msg_id": "0cd42b47-e84b-4fed-be78-88935332333e",
        "type": "message",
        "text": "thanks <@U01RSRE0N3D> for a fun icebreaker !",
        "user": "U01RW140HBP",
        "ts": "1616407992.005600",
        "team": "T01RBRV5F7H",
        "user_team": "T01RBRV5F7H",
        "source_team": "T01RBRV5F7H",
        "user_profile": {
            "avatar_hash": "4c43a3a8d10b",
            "image_72": "https:\/\/avatars.slack-edge.com\/2021-03-21\/1895736308209_4c43a3a8d10bc2fe5e13_72.png",
            "first_name": "siand",
            "real_name": "siand the LT (she\/her)",
            "display_name": "siand the LT (she\/her)",
            "team": "T01RBRV5F7H",
            "name": "sian.davies",
            "is_restricted": false,
            "is_ultra_restricted": false
        },
        "blocks": [
            {
                "type": "rich_text",
                "block_id": "rueGv",
                "elements": [
                    {
                        "type": "rich_text_section",
                        "elements": [
                            {
                                "type": "text",
                                "text": "thanks "
                            },
                            {
                                "type": "user",
                                "user_id": "U01RSRE0N3D"
                            },
                            {
                                "type": "text",
                                "text": " for a fun icebreaker !"
                            }
                        ]
                    }
                ]
            }
        ]
    },
    {
        "client_msg_id": "35a3d2cd-4e88-47bb-9177-42cd10e5e9d9",
        "type": "message",
        "text": "i'm new with Notion calendars :smile:\n\nI see that a lot of modules (so we call them that?) dont have specific times attached... is that because the order can change throughout the day?\n\nwhat's the prioritization? 1 is most important and 10 least important?",
        "user": "U01S7KCL3DF",
        "ts": "1616412225.005800",
        "team": "T01RBRV5F7H",
        "user_team": "T01RBRV5F7H",
        "source_team": "T01RBRV5F7H",
        "user_profile": {
            "avatar_hash": "17b52091bb62",
            "image_72": "https:\/\/avatars.slack-edge.com\/2021-03-19\/1875964347925_17b52091bb62c2340b4c_72.png",
            "first_name": "Sam",
            "real_name": "Sam Katterfield",
            "display_name": "Sam",
            "team": "T01RBRV5F7H",
            "name": "samkatterfield",
            "is_restricted": false,
            "is_ultra_restricted": false
        },
        "blocks": [
            {
                "type": "rich_text",
                "block_id": "90mk=",
                "elements": [
                    {
                        "type": "rich_text_section",
                        "elements": [
                            {
                                "type": "text",
                                "text": "i'm new with Notion calendars "
                            },
                            {
                                "type": "emoji",
                                "name": "smile"
                            },
                            {
                                "type": "text",
                                "text": "\n\nI see that a lot of modules (so we call them that?) dont have specific times attached... is that because the order can change throughout the day?\n\nwhat's the prioritization? 1 is most important and 10 least important?"
                            }
                        ]
                    }
                ]
            }
        ],
        "thread_ts": "1616406027.003400",
        "parent_user_id": "U01RSRE0N3D"
    },
    {
        "client_msg_id": "e057431c-5221-4665-90cc-7f8af11154e6",
        "type": "message",
        "text": "Yea, time changes all the time (if there are more questions) or as you said rearranging, thus we did not see the need to include them, however, we will always let you know if you need to be somewhere :))\n(1 = crucial, 5+ = less important)",
        "user": "U01RSRE0N3D",
        "ts": "1616412537.006400",
        "team": "T01RBRV5F7H",
        "user_team": "T01RBRV5F7H",
        "source_team": "T01RBRV5F7H",
        "user_profile": {
            "avatar_hash": "5b0571ca5e6f",
            "image_72": "https:\/\/avatars.slack-edge.com\/2021-03-18\/1876877550179_5b0571ca5e6fe1f759fe_72.jpg",
            "first_name": "Kosta",
            "real_name": "Kosta",
            "display_name": "Kosta",
            "team": "T01RBRV5F7H",
            "name": "kostadin.mitkov",
            "is_restricted": false,
            "is_ultra_restricted": false
        },
        "edited": {
            "user": "U01RSRE0N3D",
            "ts": "1616412578.000000"
        },
        "blocks": [
            {
                "type": "rich_text",
                "block_id": "IQzy9",
                "elements": [
                    {
                        "type": "rich_text_section",
                        "elements": [
                            {
                                "type": "text",
                                "text": "Yea, time changes all the time (if there are more questions) or as you said rearranging, thus we did not see the need to include them, however, we will always let you know if you need to be somewhere :))\n(1 = crucial, 5+ = less important)"
                            }
                        ]
                    }
                ]
            }
        ],
        "thread_ts": "1616406027.003400",
        "parent_user_id": "U01RSRE0N3D",
        "reactions": [
            {
                "name": "cattyping",
                "users": [
                    "U01S7KCL3DF"
                ],
                "count": 1
            }
        ]
    },
    {
        "client_msg_id": "230776b6-06ed-4634-88f2-21875b533883",
        "type": "message",
        "text": "Regarding the maximum of three days absences rule, what happens if someone has Corona?",
        "user": "U01RRV4JX6Z",
        "ts": "1616412569.007000",
        "team": "T01RBRV5F7H",
        "user_team": "T01RBRV5F7H",
        "source_team": "T01RBRV5F7H",
        "user_profile": {
            "avatar_hash": "339c4d69b7d9",
            "image_72": "https:\/\/avatars.slack-edge.com\/2021-04-14\/1961122781618_339c4d69b7d9fe16343a_72.jpg",
            "first_name": "",
            "real_name": "Francisco Ebeling",
            "display_name": "Francisco Ebeling",
            "team": "T01RBRV5F7H",
            "name": "ebelingbarros",
            "is_restricted": false,
            "is_ultra_restricted": false
        },
        "blocks": [
            {
                "type": "rich_text",
                "block_id": "Qms+I",
                "elements": [
                    {
                        "type": "rich_text_section",
                        "elements": [
                            {
                                "type": "text",
                                "text": "Regarding the maximum of three days absences rule, what happens if someone has Corona?"
                            }
                        ]
                    }
                ]
            }
        ],
        "thread_ts": "1616412569.007000",
        "reply_count": 3,
        "reply_users_count": 3,
        "latest_reply": "1616414494.008100",
        "reply_users": [
            "U01RSRE0N3D",
            "U01RRV4JX6Z",
            "U01RW140HBP"
        ],
        "replies": [
            {
                "user": "U01RSRE0N3D",
                "ts": "1616412618.007700"
            },
            {
                "user": "U01RRV4JX6Z",
                "ts": "1616412653.007900"
            },
            {
                "user": "U01RW140HBP",
                "ts": "1616414494.008100"
            }
        ],
        "is_locked": false,
        "subscribed": true,
        "last_read": "1616414494.008100"
    },
    {
        "client_msg_id": "1af42f96-b126-4c7d-ad5e-cdc4238ef696",
        "type": "message",
        "text": "Make sure to let us know and we will figure something out!",
        "user": "U01RSRE0N3D",
        "ts": "1616412618.007700",
        "team": "T01RBRV5F7H",
        "user_team": "T01RBRV5F7H",
        "source_team": "T01RBRV5F7H",
        "user_profile": {
            "avatar_hash": "5b0571ca5e6f",
            "image_72": "https:\/\/avatars.slack-edge.com\/2021-03-18\/1876877550179_5b0571ca5e6fe1f759fe_72.jpg",
            "first_name": "Kosta",
            "real_name": "Kosta",
            "display_name": "Kosta",
            "team": "T01RBRV5F7H",
            "name": "kostadin.mitkov",
            "is_restricted": false,
            "is_ultra_restricted": false
        },
        "blocks": [
            {
                "type": "rich_text",
                "block_id": "A8U",
                "elements": [
                    {
                        "type": "rich_text_section",
                        "elements": [
                            {
                                "type": "text",
                                "text": "Make sure to let us know and we will figure something out!"
                            }
                        ]
                    }
                ]
            }
        ],
        "thread_ts": "1616412569.007000",
        "parent_user_id": "U01RRV4JX6Z"
    },
    {
        "client_msg_id": "460f000d-2d95-4382-8603-0b7574095366",
        "type": "message",
        "text": ":thumbsup:",
        "user": "U01RRV4JX6Z",
        "ts": "1616412653.007900",
        "team": "T01RBRV5F7H",
        "user_team": "T01RBRV5F7H",
        "source_team": "T01RBRV5F7H",
        "user_profile": {
            "avatar_hash": "339c4d69b7d9",
            "image_72": "https:\/\/avatars.slack-edge.com\/2021-04-14\/1961122781618_339c4d69b7d9fe16343a_72.jpg",
            "first_name": "",
            "real_name": "Francisco Ebeling",
            "display_name": "Francisco Ebeling",
            "team": "T01RBRV5F7H",
            "name": "ebelingbarros",
            "is_restricted": false,
            "is_ultra_restricted": false
        },
        "blocks": [
            {
                "type": "rich_text",
                "block_id": "ADJ",
                "elements": [
                    {
                        "type": "rich_text_section",
                        "elements": [
                            {
                                "type": "emoji",
                                "name": "thumbsup"
                            }
                        ]
                    }
                ]
            }
        ],
        "thread_ts": "1616412569.007000",
        "parent_user_id": "U01RRV4JX6Z"
    },
    {
        "client_msg_id": "ccd10bf5-90ac-400f-99f6-44f0a7120d47",
        "type": "message",
        "text": "absolutely! these are scary times, and we take the health of everyone very seriously. if it happens : of course let us know, but also we will find a way to manage it and the important thing is to stay home and rest :slightly_smiling_face:",
        "user": "U01RW140HBP",
        "ts": "1616414494.008100",
        "team": "T01RBRV5F7H",
        "user_team": "T01RBRV5F7H",
        "source_team": "T01RBRV5F7H",
        "user_profile": {
            "avatar_hash": "4c43a3a8d10b",
            "image_72": "https:\/\/avatars.slack-edge.com\/2021-03-21\/1895736308209_4c43a3a8d10bc2fe5e13_72.png",
            "first_name": "siand",
            "real_name": "siand the LT (she\/her)",
            "display_name": "siand the LT (she\/her)",
            "team": "T01RBRV5F7H",
            "name": "sian.davies",
            "is_restricted": false,
            "is_ultra_restricted": false
        },
        "blocks": [
            {
                "type": "rich_text",
                "block_id": "fsnrB",
                "elements": [
                    {
                        "type": "rich_text_section",
                        "elements": [
                            {
                                "type": "text",
                                "text": "absolutely! these are scary times, and we take the health of everyone very seriously. if it happens : of course let us know, but also we will find a way to manage it and the important thing is to stay home and rest "
                            },
                            {
                                "type": "emoji",
                                "name": "slightly_smiling_face"
                            }
                        ]
                    }
                ]
            }
        ],
        "thread_ts": "1616412569.007000",
        "parent_user_id": "U01RRV4JX6Z"
    },
    {
        "client_msg_id": "e3d6e7a0-94ef-4b12-a6ac-f6f3f8450488",
        "type": "message",
        "text": "also i use the prioritisation to manage the display of everything over a day so dont pay too much attention to a priority.\n- You will get comfortable with Notion during the week, dont worry - the main thing is so you can see what each day contains and access the slides\/ data\/ labs \/assignments and recordings in one place.",
        "user": "U01RW140HBP",
        "ts": "1616414715.008500",
        "team": "T01RBRV5F7H",
        "user_team": "T01RBRV5F7H",
        "source_team": "T01RBRV5F7H",
        "user_profile": {
            "avatar_hash": "4c43a3a8d10b",
            "image_72": "https:\/\/avatars.slack-edge.com\/2021-03-21\/1895736308209_4c43a3a8d10bc2fe5e13_72.png",
            "first_name": "siand",
            "real_name": "siand the LT (she\/her)",
            "display_name": "siand the LT (she\/her)",
            "team": "T01RBRV5F7H",
            "name": "sian.davies",
            "is_restricted": false,
            "is_ultra_restricted": false
        },
        "blocks": [
            {
                "type": "rich_text",
                "block_id": "Ywb",
                "elements": [
                    {
                        "type": "rich_text_section",
                        "elements": [
                            {
                                "type": "text",
                                "text": "also i use the prioritisation to manage the display of everything over a day so dont pay too much attention to a priority.\n- You will get comfortable with Notion during the week, dont worry - the main thing is so you can see what each day contains and access the slides\/ data\/ labs \/assignments and recordings in one place."
                            }
                        ]
                    }
                ]
            }
        ],
        "thread_ts": "1616406027.003400",
        "parent_user_id": "U01RSRE0N3D",
        "reactions": [
            {
                "name": "+1",
                "users": [
                    "U01S7KCL3DF"
                ],
                "count": 1
            }
        ]
    },
    {
        "client_msg_id": "1d9971f9-2fc1-42f0-a972-b9c7391976ae",
        "type": "message",
        "text": "tip of the day : use nbviewer to load and resolve the larger jupyternotebook files <https:\/\/nbviewer.jupyter.org\/>",
        "user": "U01RW140HBP",
        "ts": "1616422361.010000",
        "team": "T01RBRV5F7H",
        "user_team": "T01RBRV5F7H",
        "source_team": "T01RBRV5F7H",
        "user_profile": {
            "avatar_hash": "4c43a3a8d10b",
            "image_72": "https:\/\/avatars.slack-edge.com\/2021-03-21\/1895736308209_4c43a3a8d10bc2fe5e13_72.png",
            "first_name": "siand",
            "real_name": "siand the LT (she\/her)",
            "display_name": "siand the LT (she\/her)",
            "team": "T01RBRV5F7H",
            "name": "sian.davies",
            "is_restricted": false,
            "is_ultra_restricted": false
        },
        "blocks": [
            {
                "type": "rich_text",
                "block_id": "e5QOW",
                "elements": [
                    {
                        "type": "rich_text_section",
                        "elements": [
                            {
                                "type": "text",
                                "text": "tip of the day : use nbviewer to load and resolve the larger jupyternotebook files "
                            },
                            {
                                "type": "link",
                                "url": "https:\/\/nbviewer.jupyter.org\/"
                            }
                        ]
                    }
                ]
            }
        ]
    },
    {
        "client_msg_id": "0f59781e-aa4d-4874-a4da-9ac93d12d58f",
        "type": "message",
        "text": "hi, guys , i don’t know what happen with zoom. I and Sam are alone",
        "user": "U01S79YDELR",
        "ts": "1616425226.011100",
        "team": "T01RBRV5F7H",
        "user_team": "T01RBRV5F7H",
        "source_team": "T01RBRV5F7H",
        "user_profile": {
            "avatar_hash": "606def897de6",
            "image_72": "https:\/\/avatars.slack-edge.com\/2021-03-22\/1910932493456_606def897de66681d932_72.jpg",
            "first_name": "",
            "real_name": "Karina Condeixa",
            "display_name": "Karina Condeixa",
            "team": "T01RBRV5F7H",
            "name": "karina.condeixa",
            "is_restricted": false,
            "is_ultra_restricted": false
        },
        "blocks": [
            {
                "type": "rich_text",
                "block_id": "7\/2\/I",
                "elements": [
                    {
                        "type": "rich_text_section",
                        "elements": [
                            {
                                "type": "text",
                                "text": "hi, guys , i don’t know what happen with zoom. I and Sam are alone"
                            }
                        ]
                    }
                ]
            }
        ],
        "thread_ts": "1616425226.011100",
        "reply_count": 3,
        "reply_users_count": 3,
        "latest_reply": "1616425287.012900",
        "reply_users": [
            "U01S7BM4N81",
            "U01S79YDELR",
            "U01SJKB2MG8"
        ],
        "replies": [
            {
                "user": "U01S7BM4N81",
                "ts": "1616425251.011500"
            },
            {
                "user": "U01S79YDELR",
                "ts": "1616425272.012400"
            },
            {
                "user": "U01SJKB2MG8",
                "ts": "1616425287.012900"
            }
        ],
        "is_locked": false,
        "subscribed": false
    },
    {
        "client_msg_id": "24edc903-d3eb-4775-bb69-f089354cd209",
        "type": "message",
        "text": "Thatss the plan, you should do the lab together I guess",
        "user": "U01S7BM4N81",
        "ts": "1616425251.011500",
        "team": "T01RBRV5F7H",
        "user_team": "T01RBRV5F7H",
        "source_team": "T01RBRV5F7H",
        "user_profile": {
            "avatar_hash": "2adfc641e87e",
            "image_72": "https:\/\/avatars.slack-edge.com\/2021-04-16\/1994438084416_2adfc641e87e3a953d9c_72.png",
            "first_name": "Thamo",
            "real_name": "Thamo",
            "display_name": "Thamo",
            "team": "T01RBRV5F7H",
            "name": "thamokoeper",
            "is_restricted": false,
            "is_ultra_restricted": false
        },
        "blocks": [
            {
                "type": "rich_text",
                "block_id": "UWJuO",
                "elements": [
                    {
                        "type": "rich_text_section",
                        "elements": [
                            {
                                "type": "text",
                                "text": "Thatss the plan, you should do the lab together I guess"
                            }
                        ]
                    }
                ]
            }
        ],
        "thread_ts": "1616425226.011100",
        "parent_user_id": "U01S79YDELR",
        "reactions": [
            {
                "name": "+1",
                "users": [
                    "U01SJKB2MG8",
                    "U01S79YDELR"
                ],
                "count": 2
            }
        ]
    },
    {
        "client_msg_id": "ac2b3ea1-aaae-4d55-8f84-dd5d330f08d4",
        "type": "message",
        "text": "You are in breakout rooms to work together on the labs!",
        "user": "U01RSRE0N3D",
        "ts": "1616425262.012100",
        "team": "T01RBRV5F7H",
        "user_team": "T01RBRV5F7H",
        "source_team": "T01RBRV5F7H",
        "user_profile": {
            "avatar_hash": "5b0571ca5e6f",
            "image_72": "https:\/\/avatars.slack-edge.com\/2021-03-18\/1876877550179_5b0571ca5e6fe1f759fe_72.jpg",
            "first_name": "Kosta",
            "real_name": "Kosta",
            "display_name": "Kosta",
            "team": "T01RBRV5F7H",
            "name": "kostadin.mitkov",
            "is_restricted": false,
            "is_ultra_restricted": false
        },
        "blocks": [
            {
                "type": "rich_text",
                "block_id": "VB91b",
                "elements": [
                    {
                        "type": "rich_text_section",
                        "elements": [
                            {
                                "type": "text",
                                "text": "You are in breakout rooms to work together on the labs!"
                            }
                        ]
                    }
                ]
            }
        ]
    },
    {
        "client_msg_id": "f018c1c5-98ae-46e9-bbbc-ee6d1c9292e1",
        "type": "message",
        "text": "thanks",
        "user": "U01S79YDELR",
        "ts": "1616425272.012400",
        "team": "T01RBRV5F7H",
        "user_team": "T01RBRV5F7H",
        "source_team": "T01RBRV5F7H",
        "user_profile": {
            "avatar_hash": "606def897de6",
            "image_72": "https:\/\/avatars.slack-edge.com\/2021-03-22\/1910932493456_606def897de66681d932_72.jpg",
            "first_name": "",
            "real_name": "Karina Condeixa",
            "display_name": "Karina Condeixa",
            "team": "T01RBRV5F7H",
            "name": "karina.condeixa",
            "is_restricted": false,
            "is_ultra_restricted": false
        },
        "blocks": [
            {
                "type": "rich_text",
                "block_id": "4zcY",
                "elements": [
                    {
                        "type": "rich_text_section",
                        "elements": [
                            {
                                "type": "text",
                                "text": "thanks"
                            }
                        ]
                    }
                ]
            }
        ],
        "thread_ts": "1616425226.011100",
        "parent_user_id": "U01S79YDELR"
    },
    {
        "client_msg_id": "36b38e10-5433-4f89-823c-7745a3b5473a",
        "type": "message",
        "text": "Labs are done within a group!",
        "user": "U01RSRE0N3D",
        "ts": "1616425275.012700",
        "team": "T01RBRV5F7H",
        "user_team": "T01RBRV5F7H",
        "source_team": "T01RBRV5F7H",
        "user_profile": {
            "avatar_hash": "5b0571ca5e6f",
            "image_72": "https:\/\/avatars.slack-edge.com\/2021-03-18\/1876877550179_5b0571ca5e6fe1f759fe_72.jpg",
            "first_name": "Kosta",
            "real_name": "Kosta",
            "display_name": "Kosta",
            "team": "T01RBRV5F7H",
            "name": "kostadin.mitkov",
            "is_restricted": false,
            "is_ultra_restricted": false
        },
        "blocks": [
            {
                "type": "rich_text",
                "block_id": "5X3LN",
                "elements": [
                    {
                        "type": "rich_text_section",
                        "elements": [
                            {
                                "type": "text",
                                "text": "Labs are done within a group!"
                            }
                        ]
                    }
                ]
            }
        ]
    },
    {
        "client_msg_id": "df50ba40-ef3a-4ab5-bb68-de041fae69e5",
        "type": "message",
        "text": "thats true, the git lab is a group work for 2 people",
        "user": "U01SJKB2MG8",
        "ts": "1616425287.012900",
        "team": "T01RBRV5F7H",
        "user_team": "T01RBRV5F7H",
        "source_team": "T01RBRV5F7H",
        "user_profile": {
            "avatar_hash": "88fa894fdb53",
            "image_72": "https:\/\/avatars.slack-edge.com\/2021-03-19\/1885033153332_88fa894fdb5366452adf_72.jpg",
            "first_name": "Florian",
            "real_name": "Florian Titze",
            "display_name": "Flo Titze",
            "team": "T01RBRV5F7H",
            "name": "florian.titze",
            "is_restricted": false,
            "is_ultra_restricted": false
        },
        "blocks": [
            {
                "type": "rich_text",
                "block_id": "AEJqd",
                "elements": [
                    {
                        "type": "rich_text_section",
                        "elements": [
                            {
                                "type": "text",
                                "text": "thats true, the git lab is a group work for 2 people"
                            }
                        ]
                    }
                ]
            }
        ],
        "thread_ts": "1616425226.011100",
        "parent_user_id": "U01S79YDELR"
    },
    {
        "client_msg_id": "b4992112-d06c-4d22-8979-6549aee03ba4",
        "type": "message",
        "text": "ok, thanks",
        "user": "U01S79YDELR",
        "ts": "1616425289.013100",
        "team": "T01RBRV5F7H",
        "user_team": "T01RBRV5F7H",
        "source_team": "T01RBRV5F7H",
        "user_profile": {
            "avatar_hash": "606def897de6",
            "image_72": "https:\/\/avatars.slack-edge.com\/2021-03-22\/1910932493456_606def897de66681d932_72.jpg",
            "first_name": "",
            "real_name": "Karina Condeixa",
            "display_name": "Karina Condeixa",
            "team": "T01RBRV5F7H",
            "name": "karina.condeixa",
            "is_restricted": false,
            "is_ultra_restricted": false
        },
        "blocks": [
            {
                "type": "rich_text",
                "block_id": "gqCb",
                "elements": [
                    {
                        "type": "rich_text_section",
                        "elements": [
                            {
                                "type": "text",
                                "text": "ok, thanks"
                            }
                        ]
                    }
                ]
            }
        ]
    },
    {
        "client_msg_id": "17935fc5-c0be-4a9a-9db7-aaa1ab561bfa",
        "type": "message",
        "text": "the teaching team is back online - hope youre all doing ok out there! hit up flo and kosta for help :slightly_smiling_face:",
        "user": "U01RW140HBP",
        "ts": "1616426337.013800",
        "team": "T01RBRV5F7H",
        "user_team": "T01RBRV5F7H",
        "source_team": "T01RBRV5F7H",
        "user_profile": {
            "avatar_hash": "4c43a3a8d10b",
            "image_72": "https:\/\/avatars.slack-edge.com\/2021-03-21\/1895736308209_4c43a3a8d10bc2fe5e13_72.png",
            "first_name": "siand",
            "real_name": "siand the LT (she\/her)",
            "display_name": "siand the LT (she\/her)",
            "team": "T01RBRV5F7H",
            "name": "sian.davies",
            "is_restricted": false,
            "is_ultra_restricted": false
        },
        "blocks": [
            {
                "type": "rich_text",
                "block_id": "9fa1E",
                "elements": [
                    {
                        "type": "rich_text_section",
                        "elements": [
                            {
                                "type": "text",
                                "text": "the teaching team is back online - hope youre all doing ok out there! hit up flo and kosta for help "
                            },
                            {
                                "type": "emoji",
                                "name": "slightly_smiling_face"
                            }
                        ]
                    }
                ]
            }
        ]
    },
    {
        "client_msg_id": "a706cc3d-8f62-4051-ac38-243f510d1e70",
        "type": "message",
        "text": "The Jupiter Notebook activity is quiet strange",
        "user": "U01RRV4JX6Z",
        "ts": "1616430088.014300",
        "team": "T01RBRV5F7H",
        "user_team": "T01RBRV5F7H",
        "source_team": "T01RBRV5F7H",
        "user_profile": {
            "avatar_hash": "339c4d69b7d9",
            "image_72": "https:\/\/avatars.slack-edge.com\/2021-04-14\/1961122781618_339c4d69b7d9fe16343a_72.jpg",
            "first_name": "",
            "real_name": "Francisco Ebeling",
            "display_name": "Francisco Ebeling",
            "team": "T01RBRV5F7H",
            "name": "ebelingbarros",
            "is_restricted": false,
            "is_ultra_restricted": false
        },
        "blocks": [
            {
                "type": "rich_text",
                "block_id": "EO2Yc",
                "elements": [
                    {
                        "type": "rich_text_section",
                        "elements": [
                            {
                                "type": "text",
                                "text": "The Jupiter Notebook activity is quiet strange"
                            }
                        ]
                    }
                ]
            }
        ],
        "reactions": [
            {
                "name": "raised_hands",
                "users": [
                    "U01S7KCL3DF"
                ],
                "count": 1
            }
        ]
    },
    {
        "client_msg_id": "21d24d7e-3813-495d-8dea-d238a00fe4a8",
        "type": "message",
        "text": "Hello guys. I have a question about the Submission.\n\nQuote:",
        "user": "U01RXCQHMHT",
        "ts": "1616430112.014700",
        "team": "T01RBRV5F7H",
        "user_team": "T01RBRV5F7H",
        "source_team": "T01RBRV5F7H",
        "user_profile": {
            "avatar_hash": "7290c61c38a0",
            "image_72": "https:\/\/avatars.slack-edge.com\/2021-03-22\/1898002028225_7290c61c38a01ad66680_72.jpg",
            "first_name": "Thanh",
            "real_name": "Thanh Tung Ha Thuc DAFT Berlin March 2021",
            "display_name": "Tony Ha",
            "team": "T01RBRV5F7H",
            "name": "tony.hathuc",
            "is_restricted": false,
            "is_ultra_restricted": false
        },
        "blocks": [
            {
                "type": "rich_text",
                "block_id": "DOHf",
                "elements": [
                    {
                        "type": "rich_text_section",
                        "elements": [
                            {
                                "type": "text",
                                "text": "Hello guys. I have a question about the Submission.\n\nQuote:"
                            }
                        ]
                    }
                ]
            }
        ]
    },
    {
        "client_msg_id": "8ee38988-5ec1-4585-a35b-dd827afbf444",
        "type": "message",
        "text": "\"Upon completion, add your deliverables to git. Then commit git and push your branch to the remote.\"",
        "user": "U01RXCQHMHT",
        "ts": "1616430122.014900",
        "team": "T01RBRV5F7H",
        "user_team": "T01RBRV5F7H",
        "source_team": "T01RBRV5F7H",
        "user_profile": {
            "avatar_hash": "7290c61c38a0",
            "image_72": "https:\/\/avatars.slack-edge.com\/2021-03-22\/1898002028225_7290c61c38a01ad66680_72.jpg",
            "first_name": "Thanh",
            "real_name": "Thanh Tung Ha Thuc DAFT Berlin March 2021",
            "display_name": "Tony Ha",
            "team": "T01RBRV5F7H",
            "name": "tony.hathuc",
            "is_restricted": false,
            "is_ultra_restricted": false
        },
        "blocks": [
            {
                "type": "rich_text",
                "block_id": "H+IbU",
                "elements": [
                    {
                        "type": "rich_text_section",
                        "elements": [
                            {
                                "type": "text",
                                "text": "\"Upon completion, add your deliverables to git. Then commit git and push your branch to the remote.\""
                            }
                        ]
                    }
                ]
            }
        ]
    },
    {
        "client_msg_id": "d55c2d5d-f1ec-4e65-a7e6-c7b66084d412",
        "type": "message",
        "text": "I am not sure what is meant by commit git and push your branch to the remote? Which branch? To what remote?",
        "user": "U01RXCQHMHT",
        "ts": "1616430146.015400",
        "team": "T01RBRV5F7H",
        "user_team": "T01RBRV5F7H",
        "source_team": "T01RBRV5F7H",
        "user_profile": {
            "avatar_hash": "7290c61c38a0",
            "image_72": "https:\/\/avatars.slack-edge.com\/2021-03-22\/1898002028225_7290c61c38a01ad66680_72.jpg",
            "first_name": "Thanh",
            "real_name": "Thanh Tung Ha Thuc DAFT Berlin March 2021",
            "display_name": "Tony Ha",
            "team": "T01RBRV5F7H",
            "name": "tony.hathuc",
            "is_restricted": false,
            "is_ultra_restricted": false
        },
        "blocks": [
            {
                "type": "rich_text",
                "block_id": "v6MU",
                "elements": [
                    {
                        "type": "rich_text_section",
                        "elements": [
                            {
                                "type": "text",
                                "text": "I am not sure what is meant by commit git and push your branch to the remote? Which branch? To what remote?"
                            }
                        ]
                    }
                ]
            }
        ],
        "thread_ts": "1616430146.015400",
        "reply_count": 1,
        "reply_users_count": 1,
        "latest_reply": "1616430251.016100",
        "reply_users": [
            "U01SJKB2MG8"
        ],
        "replies": [
            {
                "user": "U01SJKB2MG8",
                "ts": "1616430251.016100"
            }
        ],
        "is_locked": false,
        "subscribed": false
    },
    {
        "client_msg_id": "93b80803-f094-405d-81f6-6ce8bde5c50f",
        "type": "message",
        "text": "Do we need to fork it?",
        "user": "U01RXCQHMHT",
        "ts": "1616430188.015600",
        "team": "T01RBRV5F7H",
        "user_team": "T01RBRV5F7H",
        "source_team": "T01RBRV5F7H",
        "user_profile": {
            "avatar_hash": "7290c61c38a0",
            "image_72": "https:\/\/avatars.slack-edge.com\/2021-03-22\/1898002028225_7290c61c38a01ad66680_72.jpg",
            "first_name": "Thanh",
            "real_name": "Thanh Tung Ha Thuc DAFT Berlin March 2021",
            "display_name": "Tony Ha",
            "team": "T01RBRV5F7H",
            "name": "tony.hathuc",
            "is_restricted": false,
            "is_ultra_restricted": false
        },
        "blocks": [
            {
                "type": "rich_text",
                "block_id": "hGUz5",
                "elements": [
                    {
                        "type": "rich_text_section",
                        "elements": [
                            {
                                "type": "text",
                                "text": "Do we need to fork it?"
                            }
                        ]
                    }
                ]
            }
        ],
        "thread_ts": "1616430188.015600",
        "reply_count": 1,
        "reply_users_count": 1,
        "latest_reply": "1616430301.016300",
        "reply_users": [
            "U01SJKB2MG8"
        ],
        "replies": [
            {
                "user": "U01SJKB2MG8",
                "ts": "1616430301.016300"
            }
        ],
        "is_locked": false,
        "subscribed": false
    },
    {
        "client_msg_id": "d0c934f7-a9ce-4d6f-bbe5-e75d058a223d",
        "type": "message",
        "text": "Hi TAs. Call for help from our breakout room",
        "user": "U01S133DZ9A",
        "ts": "1616430233.016000",
        "team": "T01RBRV5F7H",
        "user_team": "T01RBRV5F7H",
        "source_team": "T01RBRV5F7H",
        "user_profile": {
            "avatar_hash": "adb8b81e55b5",
            "image_72": "https:\/\/avatars.slack-edge.com\/2021-03-23\/1887337161925_adb8b81e55b5ac488cf1_72.jpg",
            "first_name": "Simon",
            "real_name": "Simon Data",
            "display_name": "Simon Data",
            "team": "T01RBRV5F7H",
            "name": "simples707data",
            "is_restricted": false,
            "is_ultra_restricted": false
        },
        "blocks": [
            {
                "type": "rich_text",
                "block_id": "DnLa",
                "elements": [
                    {
                        "type": "rich_text_section",
                        "elements": [
                            {
                                "type": "text",
                                "text": "Hi TAs. Call for help from our breakout room"
                            }
                        ]
                    }
                ]
            }
        ]
    },
    {
        "client_msg_id": "2b9d7579-0dd8-44d5-a2a0-d419e28e7c16",
        "type": "message",
        "text": "what's enough here would be to submit the link to that repo you have created in that exercise",
        "user": "U01SJKB2MG8",
        "ts": "1616430251.016100",
        "team": "T01RBRV5F7H",
        "user_team": "T01RBRV5F7H",
        "source_team": "T01RBRV5F7H",
        "user_profile": {
            "avatar_hash": "88fa894fdb53",
            "image_72": "https:\/\/avatars.slack-edge.com\/2021-03-19\/1885033153332_88fa894fdb5366452adf_72.jpg",
            "first_name": "Florian",
            "real_name": "Florian Titze",
            "display_name": "Flo Titze",
            "team": "T01RBRV5F7H",
            "name": "florian.titze",
            "is_restricted": false,
            "is_ultra_restricted": false
        },
        "blocks": [
            {
                "type": "rich_text",
                "block_id": "rZ1uK",
                "elements": [
                    {
                        "type": "rich_text_section",
                        "elements": [
                            {
                                "type": "text",
                                "text": "what's enough here would be to submit the link to that repo you have created in that exercise"
                            }
                        ]
                    }
                ]
            }
        ],
        "thread_ts": "1616430146.015400",
        "parent_user_id": "U01RXCQHMHT"
    },
    {
        "client_msg_id": "85e67301-7a17-4b3a-90a9-0519c879be5c",
        "type": "message",
        "text": "for practice purposes, you can fork each others repo's. As it is explained in the exercise",
        "user": "U01SJKB2MG8",
        "ts": "1616430301.016300",
        "team": "T01RBRV5F7H",
        "user_team": "T01RBRV5F7H",
        "source_team": "T01RBRV5F7H",
        "user_profile": {
            "avatar_hash": "88fa894fdb53",
            "image_72": "https:\/\/avatars.slack-edge.com\/2021-03-19\/1885033153332_88fa894fdb5366452adf_72.jpg",
            "first_name": "Florian",
            "real_name": "Florian Titze",
            "display_name": "Flo Titze",
            "team": "T01RBRV5F7H",
            "name": "florian.titze",
            "is_restricted": false,
            "is_ultra_restricted": false
        },
        "blocks": [
            {
                "type": "rich_text",
                "block_id": "ZV8",
                "elements": [
                    {
                        "type": "rich_text_section",
                        "elements": [
                            {
                                "type": "text",
                                "text": "for practice purposes, you can fork each others repo's. As it is explained in the exercise"
                            }
                        ]
                    }
                ]
            }
        ],
        "thread_ts": "1616430188.015600",
        "parent_user_id": "U01RXCQHMHT"
    },
    {
        "client_msg_id": "6f29cecb-51e9-4fb2-aafa-215fb6c07c21",
        "type": "message",
        "text": "hi, should I send the file to github in the classmate branch?",
        "user": "U01S79YDELR",
        "ts": "1616430605.017100",
        "team": "T01RBRV5F7H",
        "user_team": "T01RBRV5F7H",
        "source_team": "T01RBRV5F7H",
        "user_profile": {
            "avatar_hash": "606def897de6",
            "image_72": "https:\/\/avatars.slack-edge.com\/2021-03-22\/1910932493456_606def897de66681d932_72.jpg",
            "first_name": "",
            "real_name": "Karina Condeixa",
            "display_name": "Karina Condeixa",
            "team": "T01RBRV5F7H",
            "name": "karina.condeixa",
            "is_restricted": false,
            "is_ultra_restricted": false
        },
        "blocks": [
            {
                "type": "rich_text",
                "block_id": "eRA0p",
                "elements": [
                    {
                        "type": "rich_text_section",
                        "elements": [
                            {
                                "type": "text",
                                "text": "hi, should I send the file to github in the classmate branch?"
                            }
                        ]
                    }
                ]
            }
        ]
    },
    {
        "client_msg_id": "5283068f-3f49-4204-9b3f-c968d0a26a62",
        "type": "message",
        "text": "do I need to submit my repos link somewhere for you <@U01RSRE0N3D><@U01SJKB2MG8>? am I missing something? :slightly_smiling_face:",
        "user": "U01SK96QF5E",
        "ts": "1616431965.017800",
        "team": "T01RBRV5F7H",
        "user_team": "T01RBRV5F7H",
        "source_team": "T01RBRV5F7H",
        "user_profile": {
            "avatar_hash": "94c1e7ff9e09",
            "image_72": "https:\/\/avatars.slack-edge.com\/2021-03-21\/1883381430979_94c1e7ff9e09a95d14cb_72.jpg",
            "first_name": "Lilla",
            "real_name": "Lilla Szulyovszky",
            "display_name": "lilla",
            "team": "T01RBRV5F7H",
            "name": "lilla.szulyovszky",
            "is_restricted": false,
            "is_ultra_restricted": false
        },
        "edited": {
            "user": "U01SK96QF5E",
            "ts": "1616431987.000000"
        },
        "blocks": [
            {
                "type": "rich_text",
                "block_id": "X2jM3",
                "elements": [
                    {
                        "type": "rich_text_section",
                        "elements": [
                            {
                                "type": "text",
                                "text": "do I need to submit my repos link somewhere for you "
                            },
                            {
                                "type": "user",
                                "user_id": "U01RSRE0N3D"
                            },
                            {
                                "type": "user",
                                "user_id": "U01SJKB2MG8"
                            },
                            {
                                "type": "text",
                                "text": "? am I missing something? "
                            },
                            {
                                "type": "emoji",
                                "name": "slightly_smiling_face"
                            }
                        ]
                    }
                ]
            }
        ],
        "thread_ts": "1616431965.017800",
        "reply_count": 5,
        "reply_users_count": 4,
        "latest_reply": "1616433492.019700",
        "reply_users": [
            "U01S7BM4N81",
            "U01SK96QF5E",
            "U01S7KCL3DF",
            "U01SJKB2MG8"
        ],
        "replies": [
            {
                "user": "U01S7BM4N81",
                "ts": "1616431979.017900"
            },
            {
                "user": "U01SK96QF5E",
                "ts": "1616431995.018200"
            },
            {
                "user": "U01SK96QF5E",
                "ts": "1616431999.018400"
            },
            {
                "user": "U01S7KCL3DF",
                "ts": "1616432922.019100"
            },
            {
                "user": "U01SJKB2MG8",
                "ts": "1616433492.019700"
            }
        ],
        "is_locked": false,
        "subscribed": false
    },
    {
        "client_msg_id": "d5e0b6ba-8b6e-4eb5-8c5d-800222614d9e",
        "type": "message",
        "text": "Student portal :slightly_smiling_face:",
        "user": "U01S7BM4N81",
        "ts": "1616431979.017900",
        "team": "T01RBRV5F7H",
        "user_team": "T01RBRV5F7H",
        "source_team": "T01RBRV5F7H",
        "user_profile": {
            "avatar_hash": "2adfc641e87e",
            "image_72": "https:\/\/avatars.slack-edge.com\/2021-04-16\/1994438084416_2adfc641e87e3a953d9c_72.png",
            "first_name": "Thamo",
            "real_name": "Thamo",
            "display_name": "Thamo",
            "team": "T01RBRV5F7H",
            "name": "thamokoeper",
            "is_restricted": false,
            "is_ultra_restricted": false
        },
        "blocks": [
            {
                "type": "rich_text",
                "block_id": "BL6",
                "elements": [
                    {
                        "type": "rich_text_section",
                        "elements": [
                            {
                                "type": "text",
                                "text": "Student portal "
                            },
                            {
                                "type": "emoji",
                                "name": "slightly_smiling_face"
                            }
                        ]
                    }
                ]
            }
        ],
        "thread_ts": "1616431965.017800",
        "parent_user_id": "U01SK96QF5E"
    },
    {
        "client_msg_id": "a6ee02ab-166e-4c27-89b6-d25d4f50471e",
        "type": "message",
        "text": "aaa :slightly_smiling_face:",
        "user": "U01SK96QF5E",
        "ts": "1616431995.018200",
        "team": "T01RBRV5F7H",
        "user_team": "T01RBRV5F7H",
        "source_team": "T01RBRV5F7H",
        "user_profile": {
            "avatar_hash": "94c1e7ff9e09",
            "image_72": "https:\/\/avatars.slack-edge.com\/2021-03-21\/1883381430979_94c1e7ff9e09a95d14cb_72.jpg",
            "first_name": "Lilla",
            "real_name": "Lilla Szulyovszky",
            "display_name": "lilla",
            "team": "T01RBRV5F7H",
            "name": "lilla.szulyovszky",
            "is_restricted": false,
            "is_ultra_restricted": false
        },
        "blocks": [
            {
                "type": "rich_text",
                "block_id": "YuSrP",
                "elements": [
                    {
                        "type": "rich_text_section",
                        "elements": [
                            {
                                "type": "text",
                                "text": "aaa "
                            },
                            {
                                "type": "emoji",
                                "name": "slightly_smiling_face"
                            }
                        ]
                    }
                ]
            }
        ],
        "thread_ts": "1616431965.017800",
        "parent_user_id": "U01SK96QF5E"
    },
    {
        "client_msg_id": "f1195641-e47e-43d9-8a52-7dabf92a9b34",
        "type": "message",
        "text": "thank you!",
        "user": "U01SK96QF5E",
        "ts": "1616431999.018400",
        "team": "T01RBRV5F7H",
        "user_team": "T01RBRV5F7H",
        "source_team": "T01RBRV5F7H",
        "user_profile": {
            "avatar_hash": "94c1e7ff9e09",
            "image_72": "https:\/\/avatars.slack-edge.com\/2021-03-21\/1883381430979_94c1e7ff9e09a95d14cb_72.jpg",
            "first_name": "Lilla",
            "real_name": "Lilla Szulyovszky",
            "display_name": "lilla",
            "team": "T01RBRV5F7H",
            "name": "lilla.szulyovszky",
            "is_restricted": false,
            "is_ultra_restricted": false
        },
        "blocks": [
            {
                "type": "rich_text",
                "block_id": "RJ\/9d",
                "elements": [
                    {
                        "type": "rich_text_section",
                        "elements": [
                            {
                                "type": "text",
                                "text": "thank you!"
                            }
                        ]
                    }
                ]
            }
        ],
        "thread_ts": "1616431965.017800",
        "parent_user_id": "U01SK96QF5E"
    },
    {
        "client_msg_id": "b479f832-a084-4da2-ad49-740a601e07c9",
        "type": "message",
        "text": "~\"Then commit git and push your branch to the remote.\"~\n\n~damn i already forgot all this~\n\noooh maybe i got it again",
        "user": "U01S7KCL3DF",
        "ts": "1616432922.019100",
        "team": "T01RBRV5F7H",
        "user_team": "T01RBRV5F7H",
        "source_team": "T01RBRV5F7H",
        "user_profile": {
            "avatar_hash": "17b52091bb62",
            "image_72": "https:\/\/avatars.slack-edge.com\/2021-03-19\/1875964347925_17b52091bb62c2340b4c_72.png",
            "first_name": "Sam",
            "real_name": "Sam Katterfield",
            "display_name": "Sam",
            "team": "T01RBRV5F7H",
            "name": "samkatterfield",
            "is_restricted": false,
            "is_ultra_restricted": false
        },
        "edited": {
            "user": "U01S7KCL3DF",
            "ts": "1616433369.000000"
        },
        "blocks": [
            {
                "type": "rich_text",
                "block_id": "Nl1rT",
                "elements": [
                    {
                        "type": "rich_text_section",
                        "elements": [
                            {
                                "type": "text",
                                "text": "\"Then commit git and push your branch to the remote.\"",
                                "style": {
                                    "strike": true
                                }
                            },
                            {
                                "type": "text",
                                "text": "\n\n"
                            },
                            {
                                "type": "text",
                                "text": "damn i already forgot all this",
                                "style": {
                                    "strike": true
                                }
                            },
                            {
                                "type": "text",
                                "text": "\n\noooh maybe i got it again"
                            }
                        ]
                    }
                ]
            }
        ],
        "thread_ts": "1616431965.017800",
        "parent_user_id": "U01SK96QF5E",
        "reactions": [
            {
                "name": "+1",
                "users": [
                    "U01SK96QF5E",
                    "U01S7BM4N81"
                ],
                "count": 2
            }
        ]
    },
    {
        "client_msg_id": "ae4b5539-03e7-47ac-a110-5654b045c43d",
        "type": "message",
        "text": "i gotta run...speak to you all tomorrow! :wave:",
        "user": "U01S7KCL3DF",
        "ts": "1616433380.019600",
        "team": "T01RBRV5F7H",
        "user_team": "T01RBRV5F7H",
        "source_team": "T01RBRV5F7H",
        "user_profile": {
            "avatar_hash": "17b52091bb62",
            "image_72": "https:\/\/avatars.slack-edge.com\/2021-03-19\/1875964347925_17b52091bb62c2340b4c_72.png",
            "first_name": "Sam",
            "real_name": "Sam Katterfield",
            "display_name": "Sam",
            "team": "T01RBRV5F7H",
            "name": "samkatterfield",
            "is_restricted": false,
            "is_ultra_restricted": false
        },
        "blocks": [
            {
                "type": "rich_text",
                "block_id": "k=g6",
                "elements": [
                    {
                        "type": "rich_text_section",
                        "elements": [
                            {
                                "type": "text",
                                "text": "i gotta run...speak to you all tomorrow! "
                            },
                            {
                                "type": "emoji",
                                "name": "wave"
                            }
                        ]
                    }
                ]
            }
        ]
    },
    {
        "client_msg_id": "124bd5f7-f85d-4c0d-85f8-bb878dffd3fb",
        "type": "message",
        "text": "everybody chill :person_in_lotus_position::slightly_smiling_face:\nIf there's unclear things about these two labs, we can still talk about it this week\n\nBtw, the `Lab | git` is a bit of weird to submit. I would just say, submit the link to the repo that you have created in this lab",
        "user": "U01SJKB2MG8",
        "ts": "1616433492.019700",
        "team": "T01RBRV5F7H",
        "user_team": "T01RBRV5F7H",
        "source_team": "T01RBRV5F7H",
        "user_profile": {
            "avatar_hash": "88fa894fdb53",
            "image_72": "https:\/\/avatars.slack-edge.com\/2021-03-19\/1885033153332_88fa894fdb5366452adf_72.jpg",
            "first_name": "Florian",
            "real_name": "Florian Titze",
            "display_name": "Flo Titze",
            "team": "T01RBRV5F7H",
            "name": "florian.titze",
            "is_restricted": false,
            "is_ultra_restricted": false
        },
        "blocks": [
            {
                "type": "rich_text",
                "block_id": "P\/AL",
                "elements": [
                    {
                        "type": "rich_text_section",
                        "elements": [
                            {
                                "type": "text",
                                "text": "everybody chill "
                            },
                            {
                                "type": "emoji",
                                "name": "person_in_lotus_position"
                            },
                            {
                                "type": "emoji",
                                "name": "slightly_smiling_face"
                            },
                            {
                                "type": "text",
                                "text": "\nIf there's unclear things about these two labs, we can still talk about it this week\n\nBtw, the "
                            },
                            {
                                "type": "text",
                                "text": "Lab | git",
                                "style": {
                                    "code": true
                                }
                            },
                            {
                                "type": "text",
                                "text": " is a bit of weird to submit. I would just say, submit the link to the repo that you have created in this lab"
                            }
                        ]
                    }
                ]
            }
        ],
        "thread_ts": "1616431965.017800",
        "parent_user_id": "U01SK96QF5E",
        "reactions": [
            {
                "name": "+1",
                "users": [
                    "U01SK96QF5E",
                    "U01S7BM4N81"
                ],
                "count": 2
            }
        ]
    },
    {
        "client_msg_id": "00832e22-c2b2-4a95-bb3e-99bb85573aae",
        "type": "message",
        "text": "<!channel>,\n• :microscope:lab solutions are <https:\/\/www.notion.so\/ironhack\/a28926775c35462c84bfb2955fccd255?v=55718ae76b3f4aeca2814f48216e7c68|online on notion>\n• :movie_camera: lesson recordings for today are <https:\/\/www.notion.so\/ironhack\/a19c60daecc2460396bfd3e2f32ccd34?v=c9cfed266f074df580579b93192d0b96|online on notion>\nhave a nice evening, see you tomorrow morning!\n:catjam:",
        "user": "U01SJKB2MG8",
        "ts": "1616443201.022100",
        "team": "T01RBRV5F7H",
        "user_team": "T01RBRV5F7H",
        "source_team": "T01RBRV5F7H",
        "user_profile": {
            "avatar_hash": "88fa894fdb53",
            "image_72": "https:\/\/avatars.slack-edge.com\/2021-03-19\/1885033153332_88fa894fdb5366452adf_72.jpg",
            "first_name": "Florian",
            "real_name": "Florian Titze",
            "display_name": "Flo Titze",
            "team": "T01RBRV5F7H",
            "name": "florian.titze",
            "is_restricted": false,
            "is_ultra_restricted": false
        },
        "blocks": [
            {
                "type": "rich_text",
                "block_id": "aWH",
                "elements": [
                    {
                        "type": "rich_text_section",
                        "elements": [
                            {
                                "type": "broadcast",
                                "range": "channel"
                            },
                            {
                                "type": "text",
                                "text": ",\n"
                            }
                        ]
                    },
                    {
                        "type": "rich_text_list",
                        "elements": [
                            {
                                "type": "rich_text_section",
                                "elements": [
                                    {
                                        "type": "emoji",
                                        "name": "microscope"
                                    },
                                    {
                                        "type": "text",
                                        "text": "lab solutions are "
                                    },
                                    {
                                        "type": "link",
                                        "url": "https:\/\/www.notion.so\/ironhack\/a28926775c35462c84bfb2955fccd255?v=55718ae76b3f4aeca2814f48216e7c68",
                                        "text": "online on notion"
                                    }
                                ]
                            },
                            {
                                "type": "rich_text_section",
                                "elements": [
                                    {
                                        "type": "emoji",
                                        "name": "movie_camera"
                                    },
                                    {
                                        "type": "text",
                                        "text": " lesson recordings for today are "
                                    },
                                    {
                                        "type": "link",
                                        "url": "https:\/\/www.notion.so\/ironhack\/a19c60daecc2460396bfd3e2f32ccd34?v=c9cfed266f074df580579b93192d0b96",
                                        "text": "online on notion"
                                    }
                                ]
                            }
                        ],
                        "style": "bullet",
                        "indent": 0
                    },
                    {
                        "type": "rich_text_section",
                        "elements": [
                            {
                                "type": "text",
                                "text": "have a nice evening, see you tomorrow morning!\n"
                            },
                            {
                                "type": "emoji",
                                "name": "catjam"
                            }
                        ]
                    }
                ]
            }
        ],
        "thread_ts": "1616443201.022100",
        "reply_count": 10,
        "reply_users_count": 8,
        "latest_reply": "1616494971.021200",
        "reply_users": [
            "U01S79YDELR",
            "U01S133DZ9A",
            "U01RS9Y6UJH",
            "U01S0MFJ3HR",
            "U01SD3CDH9P",
            "U01S0E0MRJ7",
            "U01RW140HBP",
            "U01SJKB2MG8"
        ],
        "replies": [
            {
                "user": "U01S79YDELR",
                "ts": "1616445954.022500"
            },
            {
                "user": "U01S133DZ9A",
                "ts": "1616446369.022700"
            },
            {
                "user": "U01RS9Y6UJH",
                "ts": "1616478235.000100"
            },
            {
                "user": "U01S0MFJ3HR",
                "ts": "1616482940.000300"
            },
            {
                "user": "U01SD3CDH9P",
                "ts": "1616484367.000800"
            },
            {
                "user": "U01S79YDELR",
                "ts": "1616485271.001500"
            },
            {
                "user": "U01S0MFJ3HR",
                "ts": "1616485805.005300"
            },
            {
                "user": "U01S0E0MRJ7",
                "ts": "1616494739.020600"
            },
            {
                "user": "U01RW140HBP",
                "ts": "1616494863.020800"
            },
            {
                "user": "U01SJKB2MG8",
                "ts": "1616494971.021200"
            }
        ],
        "is_locked": false,
        "subscribed": false,
        "reactions": [
            {
                "name": "raised_hands",
                "users": [
                    "U01RSRE0N3D",
                    "U01S7BM4N81"
                ],
                "count": 2
            }
        ]
    },
    {
        "client_msg_id": "b0770d5a-14ca-4042-816d-47eb0da3c1cb",
        "type": "message",
        "text": "Flo I cannot access this, it shows: “You do not have access to *ironhack*. Please contact an admin to add you as a member.“”",
        "user": "U01S79YDELR",
        "ts": "1616445954.022500",
        "team": "T01RBRV5F7H",
        "user_team": "T01RBRV5F7H",
        "source_team": "T01RBRV5F7H",
        "user_profile": {
            "avatar_hash": "606def897de6",
            "image_72": "https:\/\/avatars.slack-edge.com\/2021-03-22\/1910932493456_606def897de66681d932_72.jpg",
            "first_name": "",
            "real_name": "Karina Condeixa",
            "display_name": "Karina Condeixa",
            "team": "T01RBRV5F7H",
            "name": "karina.condeixa",
            "is_restricted": false,
            "is_ultra_restricted": false
        },
        "blocks": [
            {
                "type": "rich_text",
                "block_id": "arJ",
                "elements": [
                    {
                        "type": "rich_text_section",
                        "elements": [
                            {
                                "type": "text",
                                "text": "Flo I cannot access this, it shows: “You do not have access to "
                            },
                            {
                                "type": "text",
                                "text": "ironhack",
                                "style": {
                                    "bold": true
                                }
                            },
                            {
                                "type": "text",
                                "text": ". Please contact an admin to add you as a member.“”"
                            }
                        ]
                    }
                ]
            }
        ],
        "thread_ts": "1616443201.022100",
        "parent_user_id": "U01SJKB2MG8"
    },
    {
        "client_msg_id": "e2350538-ae15-4a72-a1e6-e5c4b69270e8",
        "type": "message",
        "text": "me too\nIf you can give permission to <mailto:simples707data@gmail.com|simples707data@gmail.com>\nWould be great",
        "user": "U01S133DZ9A",
        "ts": "1616446369.022700",
        "team": "T01RBRV5F7H",
        "user_team": "T01RBRV5F7H",
        "source_team": "T01RBRV5F7H",
        "user_profile": {
            "avatar_hash": "adb8b81e55b5",
            "image_72": "https:\/\/avatars.slack-edge.com\/2021-03-23\/1887337161925_adb8b81e55b5ac488cf1_72.jpg",
            "first_name": "Simon",
            "real_name": "Simon Data",
            "display_name": "Simon Data",
            "team": "T01RBRV5F7H",
            "name": "simples707data",
            "is_restricted": false,
            "is_ultra_restricted": false
        },
        "blocks": [
            {
                "type": "rich_text",
                "block_id": "M1j8",
                "elements": [
                    {
                        "type": "rich_text_section",
                        "elements": [
                            {
                                "type": "text",
                                "text": "me too\nIf you can give permission to "
                            },
                            {
                                "type": "link",
                                "url": "mailto:simples707data@gmail.com",
                                "text": "simples707data@gmail.com"
                            },
                            {
                                "type": "text",
                                "text": "\nWould be great"
                            }
                        ]
                    }
                ]
            }
        ],
        "thread_ts": "1616443201.022100",
        "parent_user_id": "U01SJKB2MG8"
    },
    {
        "client_msg_id": "8a6ff733-3d7d-4705-bb7e-a7310ca9e7c6",
        "type": "message",
        "text": "same",
        "user": "U01RS9Y6UJH",
        "ts": "1616478235.000100",
        "team": "T01RBRV5F7H",
        "user_team": "T01RBRV5F7H",
        "source_team": "T01RBRV5F7H",
        "user_profile": {
            "avatar_hash": "g7e6abc9bdfa",
            "image_72": "https:\/\/secure.gravatar.com\/avatar\/0b6817bbfcc61df49d13ad0519e4d67e.jpg?s=72&d=https%3A%2F%2Fa.slack-edge.com%2Fdf10d%2Fimg%2Favatars%2Fava_0024-72.png",
            "first_name": "",
            "real_name": "Neil Corteen",
            "display_name": "",
            "team": "T01RBRV5F7H",
            "name": "neilcorteen",
            "is_restricted": false,
            "is_ultra_restricted": false
        },
        "blocks": [
            {
                "type": "rich_text",
                "block_id": "dLGi7",
                "elements": [
                    {
                        "type": "rich_text_section",
                        "elements": [
                            {
                                "type": "text",
                                "text": "same"
                            }
                        ]
                    }
                ]
            }
        ],
        "thread_ts": "1616443201.022100",
        "parent_user_id": "U01SJKB2MG8"
    }
]