[
    {
        "client_msg_id": "3cf58f3c-25d8-4766-867c-9bef861498c2",
        "type": "message",
        "text": "the links i think are in the student portal",
        "user": "U01RW2X7S9Z",
        "ts": "1618643483.016400",
        "team": "T01RBRV5F7H",
        "user_team": "T01RBRV5F7H",
        "source_team": "T01RBRV5F7H",
        "user_profile": {
            "avatar_hash": "7e12d75d168a",
            "image_72": "https:\/\/avatars.slack-edge.com\/2021-03-19\/1880105796643_7e12d75d168ae25c167d_72.jpg",
            "first_name": "Alexandre",
            "real_name": "Alexandre Sommerkamp",
            "display_name": "Alexandre Sommerkamp",
            "team": "T01RBRV5F7H",
            "name": "alex.c.skp",
            "is_restricted": false,
            "is_ultra_restricted": false
        },
        "blocks": [
            {
                "type": "rich_text",
                "block_id": "wz9ya",
                "elements": [
                    {
                        "type": "rich_text_section",
                        "elements": [
                            {
                                "type": "text",
                                "text": "the links i think are in the student portal"
                            }
                        ]
                    }
                ]
            }
        ],
        "thread_ts": "1618637806.016300",
        "parent_user_id": "U01S79YDELR"
    },
    {
        "client_msg_id": "07893a5a-f419-4040-b838-948858785787",
        "type": "message",
        "text": "at the project description",
        "user": "U01RW2X7S9Z",
        "ts": "1618643490.016600",
        "team": "T01RBRV5F7H",
        "user_team": "T01RBRV5F7H",
        "source_team": "T01RBRV5F7H",
        "user_profile": {
            "avatar_hash": "7e12d75d168a",
            "image_72": "https:\/\/avatars.slack-edge.com\/2021-03-19\/1880105796643_7e12d75d168ae25c167d_72.jpg",
            "first_name": "Alexandre",
            "real_name": "Alexandre Sommerkamp",
            "display_name": "Alexandre Sommerkamp",
            "team": "T01RBRV5F7H",
            "name": "alex.c.skp",
            "is_restricted": false,
            "is_ultra_restricted": false
        },
        "blocks": [
            {
                "type": "rich_text",
                "block_id": "+aJqG",
                "elements": [
                    {
                        "type": "rich_text_section",
                        "elements": [
                            {
                                "type": "text",
                                "text": "at the project description"
                            }
                        ]
                    }
                ]
            }
        ],
        "thread_ts": "1618637806.016300",
        "parent_user_id": "U01S79YDELR"
    },
    {
        "client_msg_id": "dcfd10b5-29e2-4af1-9036-77f01388948f",
        "type": "message",
        "text": "Yes week 5",
        "user": "U01S7KCL3DF",
        "ts": "1618644147.016800",
        "team": "T01RBRV5F7H",
        "user_team": "T01RBRV5F7H",
        "source_team": "T01RBRV5F7H",
        "user_profile": {
            "avatar_hash": "17b52091bb62",
            "image_72": "https:\/\/avatars.slack-edge.com\/2021-03-19\/1875964347925_17b52091bb62c2340b4c_72.png",
            "first_name": "Sam",
            "real_name": "Sam Katterfield",
            "display_name": "Sam",
            "team": "T01RBRV5F7H",
            "name": "samkatterfield",
            "is_restricted": false,
            "is_ultra_restricted": false
        },
        "blocks": [
            {
                "type": "rich_text",
                "block_id": "zM+",
                "elements": [
                    {
                        "type": "rich_text_section",
                        "elements": [
                            {
                                "type": "text",
                                "text": "Yes week 5"
                            }
                        ]
                    }
                ]
            }
        ],
        "thread_ts": "1618637806.016300",
        "parent_user_id": "U01S79YDELR"
    },
    {
        "client_msg_id": "48f9e5dd-6254-4cfc-b27b-fa6d20607256",
        "type": "message",
        "text": "It takes an awful lot of time to import the data to SQL! :scream:",
        "user": "U01RRV4JX6Z",
        "ts": "1618644185.017000",
        "team": "T01RBRV5F7H",
        "user_team": "T01RBRV5F7H",
        "source_team": "T01RBRV5F7H",
        "user_profile": {
            "avatar_hash": "339c4d69b7d9",
            "image_72": "https:\/\/avatars.slack-edge.com\/2021-04-14\/1961122781618_339c4d69b7d9fe16343a_72.jpg",
            "first_name": "",
            "real_name": "Francisco Ebeling",
            "display_name": "Francisco Ebeling",
            "team": "T01RBRV5F7H",
            "name": "ebelingbarros",
            "is_restricted": false,
            "is_ultra_restricted": false
        },
        "blocks": [
            {
                "type": "rich_text",
                "block_id": "Gs5Wt",
                "elements": [
                    {
                        "type": "rich_text_section",
                        "elements": [
                            {
                                "type": "text",
                                "text": "It takes an awful lot of time to import the data to SQL! "
                            },
                            {
                                "type": "emoji",
                                "name": "scream"
                            }
                        ]
                    }
                ]
            }
        ],
        "thread_ts": "1618644185.017000",
        "reply_count": 15,
        "reply_users_count": 4,
        "latest_reply": "1618646281.020100",
        "reply_users": [
            "U01S7BM4N81",
            "U01RRV4JX6Z",
            "U01S133DZ9A",
            "U01S7KCL3DF"
        ],
        "replies": [
            {
                "user": "U01S7BM4N81",
                "ts": "1618644203.017200"
            },
            {
                "user": "U01RRV4JX6Z",
                "ts": "1618644310.017400"
            },
            {
                "user": "U01S133DZ9A",
                "ts": "1618644785.017600"
            },
            {
                "user": "U01RRV4JX6Z",
                "ts": "1618644800.017800"
            },
            {
                "user": "U01RRV4JX6Z",
                "ts": "1618644805.018000"
            },
            {
                "user": "U01S133DZ9A",
                "ts": "1618644825.018200"
            },
            {
                "user": "U01RRV4JX6Z",
                "ts": "1618644857.018400"
            },
            {
                "user": "U01RRV4JX6Z",
                "ts": "1618644875.018600"
            },
            {
                "user": "U01S133DZ9A",
                "ts": "1618644914.018800"
            },
            {
                "user": "U01RRV4JX6Z",
                "ts": "1618645093.019000"
            },
            {
                "user": "U01S7KCL3DF",
                "ts": "1618645561.019200"
            },
            {
                "user": "U01S7BM4N81",
                "ts": "1618645602.019400"
            },
            {
                "user": "U01S7KCL3DF",
                "ts": "1618645621.019600"
            },
            {
                "user": "U01S7BM4N81",
                "ts": "1618645717.019800"
            },
            {
                "user": "U01RRV4JX6Z",
                "ts": "1618646281.020100"
            }
        ],
        "is_locked": false,
        "subscribed": false
    },
    {
        "client_msg_id": "478da28a-f2fe-4088-a9b9-ba2f32e9bc86",
        "type": "message",
        "text": "really? :confused:",
        "user": "U01S7BM4N81",
        "ts": "1618644203.017200",
        "team": "T01RBRV5F7H",
        "user_team": "T01RBRV5F7H",
        "source_team": "T01RBRV5F7H",
        "user_profile": {
            "avatar_hash": "2adfc641e87e",
            "image_72": "https:\/\/avatars.slack-edge.com\/2021-04-16\/1994438084416_2adfc641e87e3a953d9c_72.png",
            "first_name": "Thamo",
            "real_name": "Thamo",
            "display_name": "Thamo",
            "team": "T01RBRV5F7H",
            "name": "thamokoeper",
            "is_restricted": false,
            "is_ultra_restricted": false
        },
        "blocks": [
            {
                "type": "rich_text",
                "block_id": "Usqob",
                "elements": [
                    {
                        "type": "rich_text_section",
                        "elements": [
                            {
                                "type": "text",
                                "text": "really? "
                            },
                            {
                                "type": "emoji",
                                "name": "confused"
                            }
                        ]
                    }
                ]
            }
        ],
        "thread_ts": "1618644185.017000",
        "parent_user_id": "U01RRV4JX6Z"
    },
    {
        "client_msg_id": "8d6b732b-9b44-4fd4-9ffb-591cabd64adc",
        "type": "message",
        "text": "Yeah, it will be running until more or less 4PM today.",
        "user": "U01RRV4JX6Z",
        "ts": "1618644310.017400",
        "team": "T01RBRV5F7H",
        "user_team": "T01RBRV5F7H",
        "source_team": "T01RBRV5F7H",
        "user_profile": {
            "avatar_hash": "339c4d69b7d9",
            "image_72": "https:\/\/avatars.slack-edge.com\/2021-04-14\/1961122781618_339c4d69b7d9fe16343a_72.jpg",
            "first_name": "",
            "real_name": "Francisco Ebeling",
            "display_name": "Francisco Ebeling",
            "team": "T01RBRV5F7H",
            "name": "ebelingbarros",
            "is_restricted": false,
            "is_ultra_restricted": false
        },
        "blocks": [
            {
                "type": "rich_text",
                "block_id": "YXd",
                "elements": [
                    {
                        "type": "rich_text_section",
                        "elements": [
                            {
                                "type": "text",
                                "text": "Yeah, it will be running until more or less 4PM today."
                            }
                        ]
                    }
                ]
            }
        ],
        "thread_ts": "1618644185.017000",
        "parent_user_id": "U01RRV4JX6Z"
    },
    {
        "client_msg_id": "6ca2ca77-8e76-4964-a4ce-00c05d5ab2de",
        "type": "message",
        "text": "Which one?",
        "user": "U01S133DZ9A",
        "ts": "1618644785.017600",
        "team": "T01RBRV5F7H",
        "user_team": "T01RBRV5F7H",
        "source_team": "T01RBRV5F7H",
        "user_profile": {
            "avatar_hash": "adb8b81e55b5",
            "image_72": "https:\/\/avatars.slack-edge.com\/2021-03-23\/1887337161925_adb8b81e55b5ac488cf1_72.jpg",
            "first_name": "Simon",
            "real_name": "Simon Data",
            "display_name": "Simon Data",
            "team": "T01RBRV5F7H",
            "name": "simples707data",
            "is_restricted": false,
            "is_ultra_restricted": false
        },
        "blocks": [
            {
                "type": "rich_text",
                "block_id": "9c\/y",
                "elements": [
                    {
                        "type": "rich_text_section",
                        "elements": [
                            {
                                "type": "text",
                                "text": "Which one?"
                            }
                        ]
                    }
                ]
            }
        ],
        "thread_ts": "1618644185.017000",
        "parent_user_id": "U01RRV4JX6Z"
    },
    {
        "client_msg_id": "7e867c36-1391-40b5-a42b-3aca52818f37",
        "type": "message",
        "text": "The Sql file",
        "user": "U01RRV4JX6Z",
        "ts": "1618644800.017800",
        "team": "T01RBRV5F7H",
        "user_team": "T01RBRV5F7H",
        "source_team": "T01RBRV5F7H",
        "user_profile": {
            "avatar_hash": "339c4d69b7d9",
            "image_72": "https:\/\/avatars.slack-edge.com\/2021-04-14\/1961122781618_339c4d69b7d9fe16343a_72.jpg",
            "first_name": "",
            "real_name": "Francisco Ebeling",
            "display_name": "Francisco Ebeling",
            "team": "T01RBRV5F7H",
            "name": "ebelingbarros",
            "is_restricted": false,
            "is_ultra_restricted": false
        },
        "blocks": [
            {
                "type": "rich_text",
                "block_id": "vVO4i",
                "elements": [
                    {
                        "type": "rich_text_section",
                        "elements": [
                            {
                                "type": "text",
                                "text": "The Sql file"
                            }
                        ]
                    }
                ]
            }
        ],
        "thread_ts": "1618644185.017000",
        "parent_user_id": "U01RRV4JX6Z"
    },
    {
        "client_msg_id": "f400b811-829c-4319-b955-2a62f67a87e0",
        "type": "message",
        "text": "The csv",
        "user": "U01RRV4JX6Z",
        "ts": "1618644805.018000",
        "team": "T01RBRV5F7H",
        "user_team": "T01RBRV5F7H",
        "source_team": "T01RBRV5F7H",
        "user_profile": {
            "avatar_hash": "339c4d69b7d9",
            "image_72": "https:\/\/avatars.slack-edge.com\/2021-04-14\/1961122781618_339c4d69b7d9fe16343a_72.jpg",
            "first_name": "",
            "real_name": "Francisco Ebeling",
            "display_name": "Francisco Ebeling",
            "team": "T01RBRV5F7H",
            "name": "ebelingbarros",
            "is_restricted": false,
            "is_ultra_restricted": false
        },
        "blocks": [
            {
                "type": "rich_text",
                "block_id": "GhC",
                "elements": [
                    {
                        "type": "rich_text_section",
                        "elements": [
                            {
                                "type": "text",
                                "text": "The csv"
                            }
                        ]
                    }
                ]
            }
        ],
        "thread_ts": "1618644185.017000",
        "parent_user_id": "U01RRV4JX6Z"
    },
    {
        "client_msg_id": "5f18f185-06c6-431e-a8f1-b895bff86cbe",
        "type": "message",
        "text": "For which of the two projects?",
        "user": "U01S133DZ9A",
        "ts": "1618644825.018200",
        "team": "T01RBRV5F7H",
        "user_team": "T01RBRV5F7H",
        "source_team": "T01RBRV5F7H",
        "user_profile": {
            "avatar_hash": "adb8b81e55b5",
            "image_72": "https:\/\/avatars.slack-edge.com\/2021-03-23\/1887337161925_adb8b81e55b5ac488cf1_72.jpg",
            "first_name": "Simon",
            "real_name": "Simon Data",
            "display_name": "Simon Data",
            "team": "T01RBRV5F7H",
            "name": "simples707data",
            "is_restricted": false,
            "is_ultra_restricted": false
        },
        "blocks": [
            {
                "type": "rich_text",
                "block_id": "NHnfG",
                "elements": [
                    {
                        "type": "rich_text_section",
                        "elements": [
                            {
                                "type": "text",
                                "text": "For which of the two projects?"
                            }
                        ]
                    }
                ]
            }
        ],
        "thread_ts": "1618644185.017000",
        "parent_user_id": "U01RRV4JX6Z"
    },
    {
        "client_msg_id": "d79911fc-9c3b-4099-adc3-f8a7e6d28006",
        "type": "message",
        "text": "Regression",
        "user": "U01RRV4JX6Z",
        "ts": "1618644857.018400",
        "team": "T01RBRV5F7H",
        "user_team": "T01RBRV5F7H",
        "source_team": "T01RBRV5F7H",
        "user_profile": {
            "avatar_hash": "339c4d69b7d9",
            "image_72": "https:\/\/avatars.slack-edge.com\/2021-04-14\/1961122781618_339c4d69b7d9fe16343a_72.jpg",
            "first_name": "",
            "real_name": "Francisco Ebeling",
            "display_name": "Francisco Ebeling",
            "team": "T01RBRV5F7H",
            "name": "ebelingbarros",
            "is_restricted": false,
            "is_ultra_restricted": false
        },
        "blocks": [
            {
                "type": "rich_text",
                "block_id": "fvIrU",
                "elements": [
                    {
                        "type": "rich_text_section",
                        "elements": [
                            {
                                "type": "text",
                                "text": "Regression"
                            }
                        ]
                    }
                ]
            }
        ],
        "thread_ts": "1618644185.017000",
        "parent_user_id": "U01RRV4JX6Z"
    },
    {
        "client_msg_id": "32e94b05-1cc8-401f-bb58-3ffb32dd0448",
        "type": "message",
        "text": "Thamo did in one minute though",
        "user": "U01RRV4JX6Z",
        "ts": "1618644875.018600",
        "team": "T01RBRV5F7H",
        "user_team": "T01RBRV5F7H",
        "source_team": "T01RBRV5F7H",
        "user_profile": {
            "avatar_hash": "339c4d69b7d9",
            "image_72": "https:\/\/avatars.slack-edge.com\/2021-04-14\/1961122781618_339c4d69b7d9fe16343a_72.jpg",
            "first_name": "",
            "real_name": "Francisco Ebeling",
            "display_name": "Francisco Ebeling",
            "team": "T01RBRV5F7H",
            "name": "ebelingbarros",
            "is_restricted": false,
            "is_ultra_restricted": false
        },
        "blocks": [
            {
                "type": "rich_text",
                "block_id": "Utz",
                "elements": [
                    {
                        "type": "rich_text_section",
                        "elements": [
                            {
                                "type": "text",
                                "text": "Thamo did in one minute though"
                            }
                        ]
                    }
                ]
            }
        ],
        "thread_ts": "1618644185.017000",
        "parent_user_id": "U01RRV4JX6Z"
    },
    {
        "client_msg_id": "a6d0e2b9-ae48-47a4-85e6-1229d6a05332",
        "type": "message",
        "text": "ah. ok. Well maybe I wont let it influence my decision then",
        "user": "U01S133DZ9A",
        "ts": "1618644914.018800",
        "team": "T01RBRV5F7H",
        "user_team": "T01RBRV5F7H",
        "source_team": "T01RBRV5F7H",
        "user_profile": {
            "avatar_hash": "adb8b81e55b5",
            "image_72": "https:\/\/avatars.slack-edge.com\/2021-03-23\/1887337161925_adb8b81e55b5ac488cf1_72.jpg",
            "first_name": "Simon",
            "real_name": "Simon Data",
            "display_name": "Simon Data",
            "team": "T01RBRV5F7H",
            "name": "simples707data",
            "is_restricted": false,
            "is_ultra_restricted": false
        },
        "blocks": [
            {
                "type": "rich_text",
                "block_id": "WxCg",
                "elements": [
                    {
                        "type": "rich_text_section",
                        "elements": [
                            {
                                "type": "text",
                                "text": "ah. ok. Well maybe I wont let it influence my decision then"
                            }
                        ]
                    }
                ]
            }
        ],
        "thread_ts": "1618644185.017000",
        "parent_user_id": "U01RRV4JX6Z"
    },
    {
        "client_msg_id": "6905c895-a039-429f-9320-52371beb3880",
        "type": "message",
        "text": "It seems that it depends on the fastness of the machine",
        "user": "U01RRV4JX6Z",
        "ts": "1618645093.019000",
        "team": "T01RBRV5F7H",
        "user_team": "T01RBRV5F7H",
        "source_team": "T01RBRV5F7H",
        "user_profile": {
            "avatar_hash": "339c4d69b7d9",
            "image_72": "https:\/\/avatars.slack-edge.com\/2021-04-14\/1961122781618_339c4d69b7d9fe16343a_72.jpg",
            "first_name": "",
            "real_name": "Francisco Ebeling",
            "display_name": "Francisco Ebeling",
            "team": "T01RBRV5F7H",
            "name": "ebelingbarros",
            "is_restricted": false,
            "is_ultra_restricted": false
        },
        "blocks": [
            {
                "type": "rich_text",
                "block_id": "6csY",
                "elements": [
                    {
                        "type": "rich_text_section",
                        "elements": [
                            {
                                "type": "text",
                                "text": "It seems that it depends on the fastness of the machine"
                            }
                        ]
                    }
                ]
            }
        ],
        "thread_ts": "1618644185.017000",
        "parent_user_id": "U01RRV4JX6Z"
    },
    {
        "client_msg_id": "28e9e18f-73ec-4ef7-a3ac-fa2fc3d31859",
        "type": "message",
        "text": "bruhhh it’s saturday morning. Take a coffee break :this-is-fine-fire:",
        "user": "U01S7KCL3DF",
        "ts": "1618645561.019200",
        "team": "T01RBRV5F7H",
        "user_team": "T01RBRV5F7H",
        "source_team": "T01RBRV5F7H",
        "user_profile": {
            "avatar_hash": "17b52091bb62",
            "image_72": "https:\/\/avatars.slack-edge.com\/2021-03-19\/1875964347925_17b52091bb62c2340b4c_72.png",
            "first_name": "Sam",
            "real_name": "Sam Katterfield",
            "display_name": "Sam",
            "team": "T01RBRV5F7H",
            "name": "samkatterfield",
            "is_restricted": false,
            "is_ultra_restricted": false
        },
        "blocks": [
            {
                "type": "rich_text",
                "block_id": "5QOU",
                "elements": [
                    {
                        "type": "rich_text_section",
                        "elements": [
                            {
                                "type": "text",
                                "text": "bruhhh it’s saturday morning. Take a coffee break "
                            },
                            {
                                "type": "emoji",
                                "name": "this-is-fine-fire"
                            }
                        ]
                    }
                ]
            }
        ],
        "thread_ts": "1618644185.017000",
        "parent_user_id": "U01RRV4JX6Z"
    },
    {
        "client_msg_id": "7d7e06fc-05c7-4e45-a56c-09b6ba3a2229",
        "type": "message",
        "text": "Data is a never stopping hustle :dimitri:",
        "user": "U01S7BM4N81",
        "ts": "1618645602.019400",
        "team": "T01RBRV5F7H",
        "user_team": "T01RBRV5F7H",
        "source_team": "T01RBRV5F7H",
        "user_profile": {
            "avatar_hash": "2adfc641e87e",
            "image_72": "https:\/\/avatars.slack-edge.com\/2021-04-16\/1994438084416_2adfc641e87e3a953d9c_72.png",
            "first_name": "Thamo",
            "real_name": "Thamo",
            "display_name": "Thamo",
            "team": "T01RBRV5F7H",
            "name": "thamokoeper",
            "is_restricted": false,
            "is_ultra_restricted": false
        },
        "blocks": [
            {
                "type": "rich_text",
                "block_id": "qanc+",
                "elements": [
                    {
                        "type": "rich_text_section",
                        "elements": [
                            {
                                "type": "text",
                                "text": "Data is a never stopping hustle "
                            },
                            {
                                "type": "emoji",
                                "name": "dimitri"
                            }
                        ]
                    }
                ]
            }
        ],
        "thread_ts": "1618644185.017000",
        "parent_user_id": "U01RRV4JX6Z"
    },
    {
        "client_msg_id": "04e9df24-80ba-4357-8ea6-1ac6db802dce",
        "type": "message",
        "text": "ah you must’ve read my cover letter :stonks:",
        "user": "U01S7KCL3DF",
        "ts": "1618645621.019600",
        "team": "T01RBRV5F7H",
        "user_team": "T01RBRV5F7H",
        "source_team": "T01RBRV5F7H",
        "user_profile": {
            "avatar_hash": "17b52091bb62",
            "image_72": "https:\/\/avatars.slack-edge.com\/2021-03-19\/1875964347925_17b52091bb62c2340b4c_72.png",
            "first_name": "Sam",
            "real_name": "Sam Katterfield",
            "display_name": "Sam",
            "team": "T01RBRV5F7H",
            "name": "samkatterfield",
            "is_restricted": false,
            "is_ultra_restricted": false
        },
        "blocks": [
            {
                "type": "rich_text",
                "block_id": "vBxJ7",
                "elements": [
                    {
                        "type": "rich_text_section",
                        "elements": [
                            {
                                "type": "text",
                                "text": "ah you must’ve read my cover letter "
                            },
                            {
                                "type": "emoji",
                                "name": "stonks"
                            }
                        ]
                    }
                ]
            }
        ],
        "thread_ts": "1618644185.017000",
        "parent_user_id": "U01RRV4JX6Z",
        "reactions": [
            {
                "name": "stonks",
                "users": [
                    "U01S7BM4N81"
                ],
                "count": 1
            }
        ]
    },
    {
        "client_msg_id": "99d32996-2837-48d1-95ba-8da390a5803f",
        "type": "message",
        "text": "I guess we all feel the same :smile:",
        "user": "U01S7BM4N81",
        "ts": "1618645717.019800",
        "team": "T01RBRV5F7H",
        "user_team": "T01RBRV5F7H",
        "source_team": "T01RBRV5F7H",
        "user_profile": {
            "avatar_hash": "2adfc641e87e",
            "image_72": "https:\/\/avatars.slack-edge.com\/2021-04-16\/1994438084416_2adfc641e87e3a953d9c_72.png",
            "first_name": "Thamo",
            "real_name": "Thamo",
            "display_name": "Thamo",
            "team": "T01RBRV5F7H",
            "name": "thamokoeper",
            "is_restricted": false,
            "is_ultra_restricted": false
        },
        "blocks": [
            {
                "type": "rich_text",
                "block_id": "3JXkk",
                "elements": [
                    {
                        "type": "rich_text_section",
                        "elements": [
                            {
                                "type": "text",
                                "text": "I guess we all feel the same "
                            },
                            {
                                "type": "emoji",
                                "name": "smile"
                            }
                        ]
                    }
                ]
            }
        ],
        "thread_ts": "1618644185.017000",
        "parent_user_id": "U01RRV4JX6Z"
    },
    {
        "client_msg_id": "3af2a203-16dd-4fdb-b45a-666791269c52",
        "type": "message",
        "text": "Well, I reccomend giving it a try. If your machines are slow as mine is, it will be running until the rest of the day",
        "user": "U01RRV4JX6Z",
        "ts": "1618646281.020100",
        "team": "T01RBRV5F7H",
        "user_team": "T01RBRV5F7H",
        "source_team": "T01RBRV5F7H",
        "user_profile": {
            "avatar_hash": "339c4d69b7d9",
            "image_72": "https:\/\/avatars.slack-edge.com\/2021-04-14\/1961122781618_339c4d69b7d9fe16343a_72.jpg",
            "first_name": "",
            "real_name": "Francisco Ebeling",
            "display_name": "Francisco Ebeling",
            "team": "T01RBRV5F7H",
            "name": "ebelingbarros",
            "is_restricted": false,
            "is_ultra_restricted": false
        },
        "blocks": [
            {
                "type": "rich_text",
                "block_id": "DiB",
                "elements": [
                    {
                        "type": "rich_text_section",
                        "elements": [
                            {
                                "type": "text",
                                "text": "Well, I reccomend giving it a try. If your machines are slow as mine is, it will be running until the rest of the day"
                            }
                        ]
                    }
                ]
            }
        ],
        "thread_ts": "1618644185.017000",
        "parent_user_id": "U01RRV4JX6Z",
        "reactions": [
            {
                "name": "+1",
                "users": [
                    "U01S133DZ9A"
                ],
                "count": 1
            }
        ]
    },
    {
        "client_msg_id": "71e5251c-f049-47f6-8b89-32395be4c066",
        "type": "message",
        "text": "In the age of supposed artificial intelligence, surly this machine can work out what I mean when I type in the word 'count', irrespective of whether it's an object or a number :rage:. - This is not like Star Trek at all.....",
        "user": "U01S133DZ9A",
        "ts": "1618652890.022200",
        "team": "T01RBRV5F7H",
        "user_team": "T01RBRV5F7H",
        "source_team": "T01RBRV5F7H",
        "user_profile": {
            "avatar_hash": "adb8b81e55b5",
            "image_72": "https:\/\/avatars.slack-edge.com\/2021-03-23\/1887337161925_adb8b81e55b5ac488cf1_72.jpg",
            "first_name": "Simon",
            "real_name": "Simon Data",
            "display_name": "Simon Data",
            "team": "T01RBRV5F7H",
            "name": "simples707data",
            "is_restricted": false,
            "is_ultra_restricted": false
        },
        "blocks": [
            {
                "type": "rich_text",
                "block_id": "oQi",
                "elements": [
                    {
                        "type": "rich_text_section",
                        "elements": [
                            {
                                "type": "text",
                                "text": "In the age of supposed artificial intelligence, surly this machine can work out what I mean when I type in the word 'count', irrespective of whether it's an object or a number "
                            },
                            {
                                "type": "emoji",
                                "name": "rage"
                            },
                            {
                                "type": "text",
                                "text": ". - This is not like Star Trek at all....."
                            }
                        ]
                    }
                ]
            }
        ],
        "reactions": [
            {
                "name": "sweat_smile",
                "users": [
                    "U01S7BM4N81"
                ],
                "count": 1
            },
            {
                "name": "no_mouth",
                "users": [
                    "U01S7BM4N81"
                ],
                "count": 1
            }
        ]
    },
    {
        "client_msg_id": "44659865-5b84-4438-bb40-05a5a068c797",
        "type": "message",
        "text": "I just see the repo with statements and the rubric. I am looking for the one with a fancy <http:\/\/read.me|read.me> which Sian shown.",
        "user": "U01S79YDELR",
        "ts": "1618663437.022500",
        "team": "T01RBRV5F7H",
        "user_team": "T01RBRV5F7H",
        "source_team": "T01RBRV5F7H",
        "user_profile": {
            "avatar_hash": "606def897de6",
            "image_72": "https:\/\/avatars.slack-edge.com\/2021-03-22\/1910932493456_606def897de66681d932_72.jpg",
            "first_name": "",
            "real_name": "Karina Condeixa",
            "display_name": "Karina Condeixa",
            "team": "T01RBRV5F7H",
            "name": "karina.condeixa",
            "is_restricted": false,
            "is_ultra_restricted": false
        },
        "blocks": [
            {
                "type": "rich_text",
                "block_id": "Nsa",
                "elements": [
                    {
                        "type": "rich_text_section",
                        "elements": [
                            {
                                "type": "text",
                                "text": "I just see the repo with statements and the rubric. I am looking for the one with a fancy read.me which Sian shown."
                            }
                        ]
                    }
                ]
            }
        ],
        "thread_ts": "1618637806.016300",
        "parent_user_id": "U01S79YDELR"
    },
    {
        "client_msg_id": "b594cf2b-3c41-4f7a-83cb-49d473211115",
        "type": "message",
        "text": "<https:\/\/tapas.io\/episode\/1694477?fbclid=IwAR28NfwxXDY-5lArH_AUS9_KZEggEEe-T7p1ICbZIPBUXY7czFOFeM2dW_Q>",
        "user": "U01RRV4JX6Z",
        "ts": "1618667762.022700",
        "team": "T01RBRV5F7H",
        "user_team": "T01RBRV5F7H",
        "source_team": "T01RBRV5F7H",
        "user_profile": {
            "avatar_hash": "339c4d69b7d9",
            "image_72": "https:\/\/avatars.slack-edge.com\/2021-04-14\/1961122781618_339c4d69b7d9fe16343a_72.jpg",
            "first_name": "",
            "real_name": "Francisco Ebeling",
            "display_name": "Francisco Ebeling",
            "team": "T01RBRV5F7H",
            "name": "ebelingbarros",
            "is_restricted": false,
            "is_ultra_restricted": false
        },
        "attachments": [
            {
                "title": "Mr. Lovenstein :: Self-Care | Tapas",
                "title_link": "https:\/\/tapas.io\/episode\/1694477?fbclid=IwAR28NfwxXDY-5lArH_AUS9_KZEggEEe-T7p1ICbZIPBUXY7czFOFeM2dW_Q",
                "text": "Your home for the world's most exciting and diverse webcomics and novels from every genre. Discover stories you'll love, only on Tapas!",
                "fallback": "Mr. Lovenstein :: Self-Care | Tapas",
                "image_url": "https:\/\/d30womf5coomej.cloudfront.net\/sa\/80\/0081fed0-3e49-423b-b610-d0a563962341.png",
                "from_url": "https:\/\/tapas.io\/episode\/1694477?fbclid=IwAR28NfwxXDY-5lArH_AUS9_KZEggEEe-T7p1ICbZIPBUXY7czFOFeM2dW_Q",
                "image_width": 476,
                "image_height": 250,
                "image_bytes": 75017,
                "service_icon": "https:\/\/d30womf5coomej.cloudfront.net\/resources\/images\/tapastic-touch-icon.png",
                "service_name": "tapas.io",
                "id": 1,
                "original_url": "https:\/\/tapas.io\/episode\/1694477?fbclid=IwAR28NfwxXDY-5lArH_AUS9_KZEggEEe-T7p1ICbZIPBUXY7czFOFeM2dW_Q"
            }
        ],
        "blocks": [
            {
                "type": "rich_text",
                "block_id": "184z",
                "elements": [
                    {
                        "type": "rich_text_section",
                        "elements": [
                            {
                                "type": "link",
                                "url": "https:\/\/tapas.io\/episode\/1694477?fbclid=IwAR28NfwxXDY-5lArH_AUS9_KZEggEEe-T7p1ICbZIPBUXY7czFOFeM2dW_Q"
                            }
                        ]
                    }
                ]
            }
        ],
        "thread_ts": "1618492096.011300",
        "parent_user_id": "U01RW2X7S9Z"
    },
    {
        "type": "message",
        "subtype": "channel_purpose",
        "ts": "1618672220.023000",
        "user": "U01S7BM4N81",
        "text": "<@U01S7BM4N81> set the channel description: :zoom: classroom:\n<https:\/\/zoom.us\/j\/877626245>\npw: 986565",
        "purpose": ":zoom: classroom:\n<https:\/\/zoom.us\/j\/877626245>\npw: 986565"
    },
    {
        "type": "message",
        "subtype": "channel_topic",
        "ts": "1618672250.023100",
        "user": "U01S7BM4N81",
        "text": "<@U01S7BM4N81> set the channel topic: :zoom: classroom:\n<https:\/\/zoom.us\/j\/877626245>\npw: 986565",
        "topic": ":zoom: classroom:\n<https:\/\/zoom.us\/j\/877626245>\npw: 986565"
    }
]