[
    {
        "client_msg_id": "0c2cad62-ec15-4e02-89b6-decada9ce118",
        "type": "message",
        "text": "questions for Luke (add to this thread) :",
        "user": "U01RW140HBP",
        "ts": "1618386009.000400",
        "team": "T01RBRV5F7H",
        "user_team": "T01RBRV5F7H",
        "source_team": "T01RBRV5F7H",
        "user_profile": {
            "avatar_hash": "4c43a3a8d10b",
            "image_72": "https:\/\/avatars.slack-edge.com\/2021-03-21\/1895736308209_4c43a3a8d10bc2fe5e13_72.png",
            "first_name": "siand",
            "real_name": "siand the LT (she\/her)",
            "display_name": "siand the LT (she\/her)",
            "team": "T01RBRV5F7H",
            "name": "sian.davies",
            "is_restricted": false,
            "is_ultra_restricted": false
        },
        "blocks": [
            {
                "type": "rich_text",
                "block_id": "jCn",
                "elements": [
                    {
                        "type": "rich_text_section",
                        "elements": [
                            {
                                "type": "text",
                                "text": "questions for Luke (add to this thread) :"
                            }
                        ]
                    }
                ]
            }
        ],
        "thread_ts": "1618386009.000400",
        "reply_count": 11,
        "reply_users_count": 6,
        "latest_reply": "1618473342.008400",
        "reply_users": [
            "U01RN7BVD1C",
            "U01RRV4JX6Z",
            "U01RP2K1606",
            "U01RW140HBP",
            "U01S6LCPM0C",
            "U01RW2X7S9Z"
        ],
        "replies": [
            {
                "user": "U01RN7BVD1C",
                "ts": "1618386112.000500"
            },
            {
                "user": "U01RN7BVD1C",
                "ts": "1618386232.000700"
            },
            {
                "user": "U01RN7BVD1C",
                "ts": "1618387439.001200"
            },
            {
                "user": "U01RN7BVD1C",
                "ts": "1618391058.002300"
            },
            {
                "user": "U01RRV4JX6Z",
                "ts": "1618392599.004700"
            },
            {
                "user": "U01RRV4JX6Z",
                "ts": "1618392712.005100"
            },
            {
                "user": "U01RRV4JX6Z",
                "ts": "1618392836.005600"
            },
            {
                "user": "U01RP2K1606",
                "ts": "1618394259.010000"
            },
            {
                "user": "U01RW140HBP",
                "ts": "1618397552.013600"
            },
            {
                "user": "U01S6LCPM0C",
                "ts": "1618470275.008200"
            },
            {
                "user": "U01RW2X7S9Z",
                "ts": "1618473342.008400"
            }
        ],
        "is_locked": false,
        "subscribed": false
    },
    {
        "client_msg_id": "a6621a11-a966-4c3e-b1dd-799c420cc0f8",
        "type": "message",
        "text": "What (in your opinion\/from your experience) is the difference in having a university degree VS doing a bootcamp for jobs in data analysis\/data sciene?",
        "user": "U01RN7BVD1C",
        "ts": "1618386112.000500",
        "team": "T01RBRV5F7H",
        "user_team": "T01RBRV5F7H",
        "source_team": "T01RBRV5F7H",
        "user_profile": {
            "avatar_hash": "55e0c1b57456",
            "image_72": "https:\/\/avatars.slack-edge.com\/2021-03-20\/1882033802643_55e0c1b574562994417f_72.jpg",
            "first_name": "Josephine",
            "real_name": "Josephine Biedermann",
            "display_name": "Phine",
            "team": "T01RBRV5F7H",
            "name": "josephinebiedermann",
            "is_restricted": false,
            "is_ultra_restricted": false
        },
        "blocks": [
            {
                "type": "rich_text",
                "block_id": "q0rg",
                "elements": [
                    {
                        "type": "rich_text_section",
                        "elements": [
                            {
                                "type": "text",
                                "text": "What (in your opinion\/from your experience) is the difference in having a university degree VS doing a bootcamp for jobs in data analysis\/data sciene?"
                            }
                        ]
                    }
                ]
            }
        ],
        "thread_ts": "1618386009.000400",
        "parent_user_id": "U01RW140HBP",
        "reactions": [
            {
                "name": "white_check_mark",
                "users": [
                    "U01S7BM4N81",
                    "U01RRV4JX6Z",
                    "U01S081EULS"
                ],
                "count": 3
            }
        ]
    },
    {
        "client_msg_id": "16d349ec-b9b5-4ea6-a7d4-0552e542d563",
        "type": "message",
        "text": "Looking at the content of the bootcamp, is there anything you would suggest to further study after the bootcamp? Something essential missing what you do in your daily work?",
        "user": "U01RN7BVD1C",
        "ts": "1618386232.000700",
        "team": "T01RBRV5F7H",
        "user_team": "T01RBRV5F7H",
        "source_team": "T01RBRV5F7H",
        "user_profile": {
            "avatar_hash": "55e0c1b57456",
            "image_72": "https:\/\/avatars.slack-edge.com\/2021-03-20\/1882033802643_55e0c1b574562994417f_72.jpg",
            "first_name": "Josephine",
            "real_name": "Josephine Biedermann",
            "display_name": "Phine",
            "team": "T01RBRV5F7H",
            "name": "josephinebiedermann",
            "is_restricted": false,
            "is_ultra_restricted": false
        },
        "blocks": [
            {
                "type": "rich_text",
                "block_id": "126",
                "elements": [
                    {
                        "type": "rich_text_section",
                        "elements": [
                            {
                                "type": "text",
                                "text": "Looking at the content of the bootcamp, is there anything you would suggest to further study after the bootcamp? Something essential missing what you do in your daily work?"
                            }
                        ]
                    }
                ]
            }
        ],
        "thread_ts": "1618386009.000400",
        "parent_user_id": "U01RW140HBP",
        "reactions": [
            {
                "name": "white_check_mark",
                "users": [
                    "U01S7KCL3DF",
                    "U01S1CWGTU4",
                    "U01S081EULS",
                    "U01S7BM4N81",
                    "U01RRV4JX6Z",
                    "U01RP2K1606"
                ],
                "count": 6
            }
        ]
    },
    {
        "client_msg_id": "0383e5ef-306e-4b8e-ab75-c88379e0b428",
        "type": "message",
        "text": "What is\/ is there a task, that you are doing every day in your work?",
        "user": "U01RN7BVD1C",
        "ts": "1618387439.001200",
        "team": "T01RBRV5F7H",
        "user_team": "T01RBRV5F7H",
        "source_team": "T01RBRV5F7H",
        "user_profile": {
            "avatar_hash": "55e0c1b57456",
            "image_72": "https:\/\/avatars.slack-edge.com\/2021-03-20\/1882033802643_55e0c1b574562994417f_72.jpg",
            "first_name": "Josephine",
            "real_name": "Josephine Biedermann",
            "display_name": "Phine",
            "team": "T01RBRV5F7H",
            "name": "josephinebiedermann",
            "is_restricted": false,
            "is_ultra_restricted": false
        },
        "blocks": [
            {
                "type": "rich_text",
                "block_id": "IqpV4",
                "elements": [
                    {
                        "type": "rich_text_section",
                        "elements": [
                            {
                                "type": "text",
                                "text": "What is\/ is there a task, that you are doing every day in your work?"
                            }
                        ]
                    }
                ]
            }
        ],
        "thread_ts": "1618386009.000400",
        "parent_user_id": "U01RW140HBP",
        "reactions": [
            {
                "name": "white_check_mark",
                "users": [
                    "U01S081EULS"
                ],
                "count": 1
            }
        ]
    },
    {
        "type": "message",
        "text": "",
        "files": [
            {
                "id": "F01UMEZTE9F",
                "created": 1618389054,
                "timestamp": 1618389054,
                "name": "unit4_case_study.md",
                "title": "unit4_case_study.md",
                "mimetype": "text\/plain",
                "filetype": "markdown",
                "pretty_type": "Markdown (raw)",
                "user": "U01RW140HBP",
                "editable": true,
                "size": 5088,
                "mode": "snippet",
                "is_external": false,
                "external_type": "",
                "is_public": true,
                "public_url_shared": false,
                "display_as_bot": false,
                "username": "",
                "url_private": "https:\/\/files.slack.com\/files-pri\/T01RBRV5F7H-F01UMEZTE9F\/unit4_case_study.md?t=xoxe-1861879185255-2047593969042-2053756158948-4cf6552631c579c36efd5d2fd242de30",
                "url_private_download": "https:\/\/files.slack.com\/files-pri\/T01RBRV5F7H-F01UMEZTE9F\/download\/unit4_case_study.md?t=xoxe-1861879185255-2047593969042-2053756158948-4cf6552631c579c36efd5d2fd242de30",
                "permalink": "https:\/\/data-ft-ber-03-2021.slack.com\/files\/U01RW140HBP\/F01UMEZTE9F\/unit4_case_study.md",
                "permalink_public": "https:\/\/slack-files.com\/T01RBRV5F7H-F01UMEZTE9F-c6f2ef0ea7",
                "edit_link": "https:\/\/data-ft-ber-03-2021.slack.com\/files\/U01RW140HBP\/F01UMEZTE9F\/unit4_case_study.md\/edit",
                "is_starred": false,
                "has_rich_preview": false
            }
        ],
        "upload": false,
        "user": "U01RW140HBP",
        "display_as_bot": false,
        "ts": "1618389059.001800",
        "reactions": [
            {
                "name": "matrix_code",
                "users": [
                    "U01RSRE0N3D"
                ],
                "count": 1
            }
        ]
    },
    {
        "type": "message",
        "text": "",
        "files": [
            {
                "id": "F01UMG625R7",
                "created": 1618389754,
                "timestamp": 1618389754,
                "name": "unit4.csv",
                "title": "unit4.csv",
                "mimetype": "text\/csv",
                "filetype": "csv",
                "pretty_type": "CSV",
                "user": "U01RW140HBP",
                "editable": false,
                "size": 8528233,
                "mode": "hosted",
                "is_external": false,
                "external_type": "",
                "is_public": true,
                "public_url_shared": false,
                "display_as_bot": false,
                "username": "",
                "url_private": "https:\/\/files.slack.com\/files-pri\/T01RBRV5F7H-F01UMG625R7\/unit4.csv?t=xoxe-1861879185255-2047593969042-2053756158948-4cf6552631c579c36efd5d2fd242de30",
                "url_private_download": "https:\/\/files.slack.com\/files-pri\/T01RBRV5F7H-F01UMG625R7\/download\/unit4.csv?t=xoxe-1861879185255-2047593969042-2053756158948-4cf6552631c579c36efd5d2fd242de30",
                "permalink": "https:\/\/data-ft-ber-03-2021.slack.com\/files\/U01RW140HBP\/F01UMG625R7\/unit4.csv",
                "permalink_public": "https:\/\/slack-files.com\/T01RBRV5F7H-F01UMG625R7-72c8ab9f32",
                "is_starred": false,
                "has_rich_preview": false
            }
        ],
        "upload": false,
        "user": "U01RW140HBP",
        "display_as_bot": false,
        "ts": "1618389761.002200"
    },
    {
        "client_msg_id": "b5833682-7f6d-4801-ab8b-c7bd9b58fc6b",
        "type": "message",
        "text": "What did you learn, what you are rarely using?\nAny tasks you have automated over the years?",
        "user": "U01RN7BVD1C",
        "ts": "1618391058.002300",
        "team": "T01RBRV5F7H",
        "user_team": "T01RBRV5F7H",
        "source_team": "T01RBRV5F7H",
        "user_profile": {
            "avatar_hash": "55e0c1b57456",
            "image_72": "https:\/\/avatars.slack-edge.com\/2021-03-20\/1882033802643_55e0c1b574562994417f_72.jpg",
            "first_name": "Josephine",
            "real_name": "Josephine Biedermann",
            "display_name": "Phine",
            "team": "T01RBRV5F7H",
            "name": "josephinebiedermann",
            "is_restricted": false,
            "is_ultra_restricted": false
        },
        "blocks": [
            {
                "type": "rich_text",
                "block_id": "E73zg",
                "elements": [
                    {
                        "type": "rich_text_section",
                        "elements": [
                            {
                                "type": "text",
                                "text": "What did you learn, what you are rarely using?\nAny tasks you have automated over the years?"
                            }
                        ]
                    }
                ]
            }
        ],
        "thread_ts": "1618386009.000400",
        "parent_user_id": "U01RW140HBP",
        "reactions": [
            {
                "name": "white_check_mark",
                "users": [
                    "U01S081EULS"
                ],
                "count": 1
            }
        ]
    },
    {
        "client_msg_id": "f0fcebb9-d502-4fc9-95b6-ef740e0e15bf",
        "type": "message",
        "text": "Does someone have the link to that article we were just looking at in the class",
        "user": "U01S133DZ9A",
        "ts": "1618391116.002900",
        "team": "T01RBRV5F7H",
        "user_team": "T01RBRV5F7H",
        "source_team": "T01RBRV5F7H",
        "user_profile": {
            "avatar_hash": "adb8b81e55b5",
            "image_72": "https:\/\/avatars.slack-edge.com\/2021-03-23\/1887337161925_adb8b81e55b5ac488cf1_72.jpg",
            "first_name": "Simon",
            "real_name": "Simon Data",
            "display_name": "Simon Data",
            "team": "T01RBRV5F7H",
            "name": "simples707data",
            "is_restricted": false,
            "is_ultra_restricted": false
        },
        "blocks": [
            {
                "type": "rich_text",
                "block_id": "ps0",
                "elements": [
                    {
                        "type": "rich_text_section",
                        "elements": [
                            {
                                "type": "text",
                                "text": "Does someone have the link to that article we were just looking at in the class"
                            }
                        ]
                    }
                ]
            }
        ],
        "thread_ts": "1618391116.002900",
        "reply_count": 2,
        "reply_users_count": 2,
        "latest_reply": "1618391427.004100",
        "reply_users": [
            "U01S7BM4N81",
            "U01S65G72SY"
        ],
        "replies": [
            {
                "user": "U01S7BM4N81",
                "ts": "1618391133.003000"
            },
            {
                "user": "U01S65G72SY",
                "ts": "1618391427.004100"
            }
        ],
        "is_locked": false,
        "subscribed": false
    },
    {
        "client_msg_id": "7f205afb-0753-4842-b0a9-dd442af56e23",
        "type": "message",
        "text": "<https:\/\/towardsdatascience.com\/categorical-encoding-using-label-encoding-and-one-hot-encoder-911ef77fb5bd>",
        "user": "U01S7BM4N81",
        "ts": "1618391133.003000",
        "team": "T01RBRV5F7H",
        "user_team": "T01RBRV5F7H",
        "source_team": "T01RBRV5F7H",
        "user_profile": {
            "avatar_hash": "2adfc641e87e",
            "image_72": "https:\/\/avatars.slack-edge.com\/2021-04-16\/1994438084416_2adfc641e87e3a953d9c_72.png",
            "first_name": "Thamo",
            "real_name": "Thamo",
            "display_name": "Thamo",
            "team": "T01RBRV5F7H",
            "name": "thamokoeper",
            "is_restricted": false,
            "is_ultra_restricted": false
        },
        "attachments": [
            {
                "service_name": "Medium",
                "title": "Categorical encoding using Label-Encoding and One-Hot-Encoder",
                "title_link": "https:\/\/towardsdatascience.com\/categorical-encoding-using-label-encoding-and-one-hot-encoder-911ef77fb5bd",
                "text": "Detailing 2 important approaches in Machine Learning to convert categorical data into numerical data",
                "fallback": "Medium: Categorical encoding using Label-Encoding and One-Hot-Encoder",
                "image_url": "https:\/\/miro.medium.com\/max\/1200\/0*emSbyTsSeHaeFUKc",
                "fields": [
                    {
                        "title": "Reading time",
                        "value": "6 min read",
                        "short": true
                    }
                ],
                "ts": 1575919938,
                "from_url": "https:\/\/towardsdatascience.com\/categorical-encoding-using-label-encoding-and-one-hot-encoder-911ef77fb5bd",
                "image_width": 375,
                "image_height": 250,
                "image_bytes": 272065,
                "service_icon": "https:\/\/miro.medium.com\/fit\/c\/152\/152\/1*sHhtYhaCe2Uc3IU0IgKwIQ.png",
                "id": 1,
                "original_url": "https:\/\/towardsdatascience.com\/categorical-encoding-using-label-encoding-and-one-hot-encoder-911ef77fb5bd"
            }
        ],
        "blocks": [
            {
                "type": "rich_text",
                "block_id": "Hop",
                "elements": [
                    {
                        "type": "rich_text_section",
                        "elements": [
                            {
                                "type": "link",
                                "url": "https:\/\/towardsdatascience.com\/categorical-encoding-using-label-encoding-and-one-hot-encoder-911ef77fb5bd"
                            }
                        ]
                    }
                ]
            }
        ],
        "thread_ts": "1618391116.002900",
        "parent_user_id": "U01S133DZ9A"
    },
    {
        "client_msg_id": "11157aee-acd0-4a1d-a09f-291ddda65fe6",
        "type": "message",
        "text": "<https:\/\/towardsdatascience.com\/feature-engineering-for-machine-learning-3a5e293a5114>",
        "user": "U01S65G72SY",
        "ts": "1618391427.004100",
        "team": "T01RBRV5F7H",
        "user_team": "T01RBRV5F7H",
        "source_team": "T01RBRV5F7H",
        "user_profile": {
            "avatar_hash": "2508d9d872a8",
            "image_72": "https:\/\/avatars.slack-edge.com\/2021-03-21\/1907823424064_2508d9d872a8411a9b37_72.png",
            "first_name": "",
            "real_name": "Isabel Jabs",
            "display_name": "Isabel Jabs",
            "team": "T01RBRV5F7H",
            "name": "isabeljabs",
            "is_restricted": false,
            "is_ultra_restricted": false
        },
        "attachments": [
            {
                "service_name": "Medium",
                "title": "Fundamental Techniques of Feature Engineering for Machine Learning",
                "title_link": "https:\/\/towardsdatascience.com\/feature-engineering-for-machine-learning-3a5e293a5114",
                "text": "All required methods for comprehensive data preprocessing with Pandas examples.",
                "fallback": "Medium: Fundamental Techniques of Feature Engineering for Machine Learning",
                "image_url": "https:\/\/miro.medium.com\/max\/640\/1*S2dke2xfpZYUCImIZziVsA.png",
                "fields": [
                    {
                        "title": "Reading time",
                        "value": "14 min read",
                        "short": true
                    }
                ],
                "ts": 1554125061,
                "from_url": "https:\/\/towardsdatascience.com\/feature-engineering-for-machine-learning-3a5e293a5114",
                "image_width": 333,
                "image_height": 250,
                "image_bytes": 326558,
                "service_icon": "https:\/\/miro.medium.com\/fit\/c\/152\/152\/1*sHhtYhaCe2Uc3IU0IgKwIQ.png",
                "id": 1,
                "original_url": "https:\/\/towardsdatascience.com\/feature-engineering-for-machine-learning-3a5e293a5114"
            }
        ],
        "blocks": [
            {
                "type": "rich_text",
                "block_id": "1Ph",
                "elements": [
                    {
                        "type": "rich_text_section",
                        "elements": [
                            {
                                "type": "link",
                                "url": "https:\/\/towardsdatascience.com\/feature-engineering-for-machine-learning-3a5e293a5114"
                            }
                        ]
                    }
                ]
            }
        ],
        "thread_ts": "1618391116.002900",
        "parent_user_id": "U01S133DZ9A",
        "reactions": [
            {
                "name": "white_check_mark",
                "users": [
                    "U01S7BM4N81",
                    "U01RW140HBP"
                ],
                "count": 2
            },
            {
                "name": "+1",
                "users": [
                    "U01S133DZ9A"
                ],
                "count": 1
            }
        ]
    },
    {
        "client_msg_id": "9ae7a51f-139b-44ee-ae08-db8e0f9e7d7d",
        "type": "message",
        "text": "Regarding the German market for Data Analysts should Xing be abandoned\/left aside as a networking tool?",
        "user": "U01RRV4JX6Z",
        "ts": "1618392599.004700",
        "team": "T01RBRV5F7H",
        "user_team": "T01RBRV5F7H",
        "source_team": "T01RBRV5F7H",
        "user_profile": {
            "avatar_hash": "339c4d69b7d9",
            "image_72": "https:\/\/avatars.slack-edge.com\/2021-04-14\/1961122781618_339c4d69b7d9fe16343a_72.jpg",
            "first_name": "",
            "real_name": "Francisco Ebeling",
            "display_name": "Francisco Ebeling",
            "team": "T01RBRV5F7H",
            "name": "ebelingbarros",
            "is_restricted": false,
            "is_ultra_restricted": false
        },
        "edited": {
            "user": "U01RRV4JX6Z",
            "ts": "1618392622.000000"
        },
        "blocks": [
            {
                "type": "rich_text",
                "block_id": "mJu",
                "elements": [
                    {
                        "type": "rich_text_section",
                        "elements": [
                            {
                                "type": "text",
                                "text": "Regarding the German market for Data Analysts should Xing be abandoned\/left aside as a networking tool?"
                            }
                        ]
                    }
                ]
            }
        ],
        "thread_ts": "1618386009.000400",
        "parent_user_id": "U01RW140HBP"
    },
    {
        "client_msg_id": "e2e842c2-418d-4277-8853-e7200c8cd58c",
        "type": "message",
        "text": "Regarding <@U01RN7BVD1C>s second question, is diving nosedeep into ML necessary?",
        "user": "U01RRV4JX6Z",
        "ts": "1618392712.005100",
        "team": "T01RBRV5F7H",
        "user_team": "T01RBRV5F7H",
        "source_team": "T01RBRV5F7H",
        "user_profile": {
            "avatar_hash": "339c4d69b7d9",
            "image_72": "https:\/\/avatars.slack-edge.com\/2021-04-14\/1961122781618_339c4d69b7d9fe16343a_72.jpg",
            "first_name": "",
            "real_name": "Francisco Ebeling",
            "display_name": "Francisco Ebeling",
            "team": "T01RBRV5F7H",
            "name": "ebelingbarros",
            "is_restricted": false,
            "is_ultra_restricted": false
        },
        "blocks": [
            {
                "type": "rich_text",
                "block_id": "wfi",
                "elements": [
                    {
                        "type": "rich_text_section",
                        "elements": [
                            {
                                "type": "text",
                                "text": "Regarding "
                            },
                            {
                                "type": "user",
                                "user_id": "U01RN7BVD1C"
                            },
                            {
                                "type": "text",
                                "text": "s second question, is diving nosedeep into ML necessary?"
                            }
                        ]
                    }
                ]
            }
        ],
        "thread_ts": "1618386009.000400",
        "parent_user_id": "U01RW140HBP",
        "reactions": [
            {
                "name": "white_check_mark",
                "users": [
                    "U01RP2K1606"
                ],
                "count": 1
            }
        ]
    },
    {
        "client_msg_id": "6001de7b-536f-49d1-b692-209a6381672e",
        "type": "message",
        "text": "What about Excel in Data Science. Should it be used, or should we better \"hide\" that we sometimes use it?",
        "user": "U01RRV4JX6Z",
        "ts": "1618392836.005600",
        "team": "T01RBRV5F7H",
        "user_team": "T01RBRV5F7H",
        "source_team": "T01RBRV5F7H",
        "user_profile": {
            "avatar_hash": "339c4d69b7d9",
            "image_72": "https:\/\/avatars.slack-edge.com\/2021-04-14\/1961122781618_339c4d69b7d9fe16343a_72.jpg",
            "first_name": "",
            "real_name": "Francisco Ebeling",
            "display_name": "Francisco Ebeling",
            "team": "T01RBRV5F7H",
            "name": "ebelingbarros",
            "is_restricted": false,
            "is_ultra_restricted": false
        },
        "blocks": [
            {
                "type": "rich_text",
                "block_id": "G=Yu",
                "elements": [
                    {
                        "type": "rich_text_section",
                        "elements": [
                            {
                                "type": "text",
                                "text": "What about Excel in Data Science. Should it be used, or should we better \"hide\" that we sometimes use it?"
                            }
                        ]
                    }
                ]
            }
        ],
        "thread_ts": "1618386009.000400",
        "parent_user_id": "U01RW140HBP"
    },
    {
        "client_msg_id": "fa9251de-ce0c-463f-a7cc-8a1f46edf5a8",
        "type": "message",
        "text": "some nice articles on using dates in python and pulling the parts of the dates out as useful features for your model (the idea is you can drop the whole date, once youve grabbed the year\/month\/weekday etc) :\n• <https:\/\/www.analyticsvidhya.com\/blog\/2020\/05\/datetime-variables-python-pandas\/|python basics of dates> \n• either this : <https:\/\/towardsdatascience.com\/extracting-features-from-dates-fbb7f19972fd>\n• or this: <https:\/\/medium.com\/@swethalakshmanan14\/simple-ways-to-extract-features-from-date-variable-using-python-60c33e3b0501>\nshould help you pull the elements from the date you want to use in your lab",
        "user": "U01RW140HBP",
        "ts": "1618393418.007700",
        "team": "T01RBRV5F7H",
        "user_team": "T01RBRV5F7H",
        "source_team": "T01RBRV5F7H",
        "user_profile": {
            "avatar_hash": "4c43a3a8d10b",
            "image_72": "https:\/\/avatars.slack-edge.com\/2021-03-21\/1895736308209_4c43a3a8d10bc2fe5e13_72.png",
            "first_name": "siand",
            "real_name": "siand the LT (she\/her)",
            "display_name": "siand the LT (she\/her)",
            "team": "T01RBRV5F7H",
            "name": "sian.davies",
            "is_restricted": false,
            "is_ultra_restricted": false
        },
        "blocks": [
            {
                "type": "rich_text",
                "block_id": "J7A4",
                "elements": [
                    {
                        "type": "rich_text_section",
                        "elements": [
                            {
                                "type": "text",
                                "text": "some nice articles on using dates in python and pulling the parts of the dates out as useful features for your model (the idea is you can drop the whole date, once youve grabbed the year\/month\/weekday etc) :\n"
                            }
                        ]
                    },
                    {
                        "type": "rich_text_list",
                        "elements": [
                            {
                                "type": "rich_text_section",
                                "elements": [
                                    {
                                        "type": "link",
                                        "url": "https:\/\/www.analyticsvidhya.com\/blog\/2020\/05\/datetime-variables-python-pandas\/",
                                        "text": "python basics of dates"
                                    },
                                    {
                                        "type": "text",
                                        "text": " "
                                    }
                                ]
                            },
                            {
                                "type": "rich_text_section",
                                "elements": [
                                    {
                                        "type": "text",
                                        "text": "either this : "
                                    },
                                    {
                                        "type": "link",
                                        "url": "https:\/\/towardsdatascience.com\/extracting-features-from-dates-fbb7f19972fd"
                                    }
                                ]
                            },
                            {
                                "type": "rich_text_section",
                                "elements": [
                                    {
                                        "type": "text",
                                        "text": "or this: "
                                    },
                                    {
                                        "type": "link",
                                        "url": "https:\/\/medium.com\/@swethalakshmanan14\/simple-ways-to-extract-features-from-date-variable-using-python-60c33e3b0501"
                                    }
                                ]
                            }
                        ],
                        "style": "bullet",
                        "indent": 0
                    },
                    {
                        "type": "rich_text_section",
                        "elements": [
                            {
                                "type": "text",
                                "text": "should help you pull the elements from the date you want to use in your lab"
                            }
                        ]
                    }
                ]
            }
        ],
        "reactions": [
            {
                "name": "+1",
                "users": [
                    "U01S7KCL3DF",
                    "U01RP2K1606"
                ],
                "count": 2
            }
        ]
    },
    {
        "client_msg_id": "69c3f91b-3a63-4814-87b0-d1778c36c8f7",
        "type": "message",
        "text": "<!channel> Please PM me if you want to do the project next week solo, otherwise you will be randomly placed ina group :v:",
        "user": "U01RSRE0N3D",
        "ts": "1618393945.009100",
        "team": "T01RBRV5F7H",
        "user_team": "T01RBRV5F7H",
        "source_team": "T01RBRV5F7H",
        "user_profile": {
            "avatar_hash": "5b0571ca5e6f",
            "image_72": "https:\/\/avatars.slack-edge.com\/2021-03-18\/1876877550179_5b0571ca5e6fe1f759fe_72.jpg",
            "first_name": "Kosta",
            "real_name": "Kosta",
            "display_name": "Kosta",
            "team": "T01RBRV5F7H",
            "name": "kostadin.mitkov",
            "is_restricted": false,
            "is_ultra_restricted": false
        },
        "blocks": [
            {
                "type": "rich_text",
                "block_id": "PcQQ",
                "elements": [
                    {
                        "type": "rich_text_section",
                        "elements": [
                            {
                                "type": "broadcast",
                                "range": "channel"
                            },
                            {
                                "type": "text",
                                "text": " Please PM me if you want to do the project next week solo, otherwise you will be randomly placed ina group "
                            },
                            {
                                "type": "emoji",
                                "name": "v"
                            }
                        ]
                    }
                ]
            }
        ]
    },
    {
        "client_msg_id": "72a3f895-2d06-42f5-ac79-c28068c01f1b",
        "type": "message",
        "text": "What would your advice be to recent DA graduates, in terms of preparation for job market: start with internships \/ small projects or apply\/focus on directly full time (unless certain years of work experience required) positions ?",
        "user": "U01RP2K1606",
        "ts": "1618394259.010000",
        "team": "T01RBRV5F7H",
        "user_team": "T01RBRV5F7H",
        "source_team": "T01RBRV5F7H",
        "user_profile": {
            "avatar_hash": "cf57933e3b00",
            "image_72": "https:\/\/avatars.slack-edge.com\/2021-03-19\/1880079302355_cf57933e3b00451b4617_72.png",
            "first_name": "",
            "real_name": "Jalal Karimov",
            "display_name": "Jalal Karimov",
            "team": "T01RBRV5F7H",
            "name": "jalalkrmv",
            "is_restricted": false,
            "is_ultra_restricted": false
        },
        "blocks": [
            {
                "type": "rich_text",
                "block_id": "3Fz",
                "elements": [
                    {
                        "type": "rich_text_section",
                        "elements": [
                            {
                                "type": "text",
                                "text": "What would your advice be to recent DA graduates, in terms of preparation for job market: start with internships \/ small projects or apply\/focus on directly full time (unless certain years of work experience required) positions ?"
                            }
                        ]
                    }
                ]
            }
        ],
        "thread_ts": "1618386009.000400",
        "parent_user_id": "U01RW140HBP"
    },
    {
        "client_msg_id": "57ce9d72-a8c0-4f90-9bb7-447df906433a",
        "type": "message",
        "text": "<!channel> you have the afternoon off, but dont forget theres a cv workshop being run by the careers team at 6.15 this eve",
        "user": "U01RW140HBP",
        "ts": "1618395445.010800",
        "team": "T01RBRV5F7H",
        "user_team": "T01RBRV5F7H",
        "source_team": "T01RBRV5F7H",
        "user_profile": {
            "avatar_hash": "4c43a3a8d10b",
            "image_72": "https:\/\/avatars.slack-edge.com\/2021-03-21\/1895736308209_4c43a3a8d10bc2fe5e13_72.png",
            "first_name": "siand",
            "real_name": "siand the LT (she\/her)",
            "display_name": "siand the LT (she\/her)",
            "team": "T01RBRV5F7H",
            "name": "sian.davies",
            "is_restricted": false,
            "is_ultra_restricted": false
        },
        "blocks": [
            {
                "type": "rich_text",
                "block_id": "QCE6",
                "elements": [
                    {
                        "type": "rich_text_section",
                        "elements": [
                            {
                                "type": "broadcast",
                                "range": "channel"
                            },
                            {
                                "type": "text",
                                "text": " you have the afternoon off, but dont forget theres a cv workshop being run by the careers team at 6.15 this eve"
                            }
                        ]
                    }
                ]
            }
        ],
        "reactions": [
            {
                "name": "white_check_mark",
                "users": [
                    "U01S7BM4N81",
                    "U01RSRE0N3D",
                    "U01S081EULS",
                    "U01RW2X7S9Z",
                    "U01RS9Y6UJH"
                ],
                "count": 5
            }
        ]
    },
    {
        "type": "message",
        "text": "I have added the notebook I was playing with this morning (data wranglings) to Notion with that lecture and also its here",
        "files": [
            {
                "id": "F01U2EA0MJS",
                "created": 1618395515,
                "timestamp": 1618395515,
                "name": "WIP_datawranglings.ipynb",
                "title": "WIP_datawranglings.ipynb",
                "mimetype": "text\/plain",
                "filetype": "text",
                "pretty_type": "Plain Text",
                "user": "U01RW140HBP",
                "editable": true,
                "size": 9148,
                "mode": "snippet",
                "is_external": false,
                "external_type": "",
                "is_public": true,
                "public_url_shared": false,
                "display_as_bot": false,
                "username": "",
                "url_private": "https:\/\/files.slack.com\/files-pri\/T01RBRV5F7H-F01U2EA0MJS\/wip_datawranglings.ipynb?t=xoxe-1861879185255-2047593969042-2053756158948-4cf6552631c579c36efd5d2fd242de30",
                "url_private_download": "https:\/\/files.slack.com\/files-pri\/T01RBRV5F7H-F01U2EA0MJS\/download\/wip_datawranglings.ipynb?t=xoxe-1861879185255-2047593969042-2053756158948-4cf6552631c579c36efd5d2fd242de30",
                "permalink": "https:\/\/data-ft-ber-03-2021.slack.com\/files\/U01RW140HBP\/F01U2EA0MJS\/wip_datawranglings.ipynb",
                "permalink_public": "https:\/\/slack-files.com\/T01RBRV5F7H-F01U2EA0MJS-1add00702a",
                "edit_link": "https:\/\/data-ft-ber-03-2021.slack.com\/files\/U01RW140HBP\/F01U2EA0MJS\/wip_datawranglings.ipynb\/edit",
                "is_starred": false,
                "has_rich_preview": false
            }
        ],
        "upload": false,
        "blocks": [
            {
                "type": "rich_text",
                "block_id": "IoxeQ",
                "elements": [
                    {
                        "type": "rich_text_section",
                        "elements": [
                            {
                                "type": "text",
                                "text": "I have added the notebook I was playing with this morning (data wranglings) to Notion with that lecture and also its here"
                            }
                        ]
                    }
                ]
            }
        ],
        "user": "U01RW140HBP",
        "display_as_bot": false,
        "ts": "1618395540.012000",
        "reactions": [
            {
                "name": "white_check_mark",
                "users": [
                    "U01RXCQHMHT"
                ],
                "count": 1
            }
        ]
    },
    {
        "type": "message",
        "text": "I have added my notebook to notion where I apply SMOTE and Tomek Links on the bank logistical regression project… spoiler alert: neither approach was a miracle fix. Feature engineering \/ selection is for sure needed. :face_with_rolling_eyes: - on the Imbalance lecture. also, its here",
        "files": [
            {
                "id": "F01TUFL6VN3",
                "created": 1618396319,
                "timestamp": 1618396319,
                "name": "IMP_Log_Regr_Bank.ipynb",
                "title": "IMP_Log_Regr_Bank.ipynb",
                "mimetype": "application\/octet-stream",
                "filetype": "binary",
                "pretty_type": "Binary",
                "user": "U01RW140HBP",
                "editable": false,
                "size": 179263,
                "mode": "hosted",
                "is_external": false,
                "external_type": "",
                "is_public": true,
                "public_url_shared": false,
                "display_as_bot": false,
                "username": "",
                "url_private": "https:\/\/files.slack.com\/files-pri\/T01RBRV5F7H-F01TUFL6VN3\/imp_log_regr_bank.ipynb?t=xoxe-1861879185255-2047593969042-2053756158948-4cf6552631c579c36efd5d2fd242de30",
                "url_private_download": "https:\/\/files.slack.com\/files-pri\/T01RBRV5F7H-F01TUFL6VN3\/download\/imp_log_regr_bank.ipynb?t=xoxe-1861879185255-2047593969042-2053756158948-4cf6552631c579c36efd5d2fd242de30",
                "permalink": "https:\/\/data-ft-ber-03-2021.slack.com\/files\/U01RW140HBP\/F01TUFL6VN3\/imp_log_regr_bank.ipynb",
                "permalink_public": "https:\/\/slack-files.com\/T01RBRV5F7H-F01TUFL6VN3-d61bdd5ddf",
                "is_starred": false,
                "has_rich_preview": false
            }
        ],
        "upload": false,
        "blocks": [
            {
                "type": "rich_text",
                "block_id": "rLKB",
                "elements": [
                    {
                        "type": "rich_text_section",
                        "elements": [
                            {
                                "type": "text",
                                "text": "I have added my notebook to notion where I apply SMOTE and Tomek Links on the bank logistical regression project… spoiler alert: neither approach was a miracle fix. Feature engineering \/ selection is for sure needed. "
                            },
                            {
                                "type": "emoji",
                                "name": "face_with_rolling_eyes"
                            },
                            {
                                "type": "text",
                                "text": " - on the Imbalance lecture. also, its here"
                            }
                        ]
                    }
                ]
            }
        ],
        "user": "U01RW140HBP",
        "display_as_bot": false,
        "ts": "1618396323.013500"
    },
    {
        "client_msg_id": "de62693c-32e2-47da-9da7-466db9b1065f",
        "type": "message",
        "text": "thanks folks, great questions - keep them coming!",
        "user": "U01RW140HBP",
        "ts": "1618397552.013600",
        "team": "T01RBRV5F7H",
        "user_team": "T01RBRV5F7H",
        "source_team": "T01RBRV5F7H",
        "user_profile": {
            "avatar_hash": "4c43a3a8d10b",
            "image_72": "https:\/\/avatars.slack-edge.com\/2021-03-21\/1895736308209_4c43a3a8d10bc2fe5e13_72.png",
            "first_name": "siand",
            "real_name": "siand the LT (she\/her)",
            "display_name": "siand the LT (she\/her)",
            "team": "T01RBRV5F7H",
            "name": "sian.davies",
            "is_restricted": false,
            "is_ultra_restricted": false
        },
        "blocks": [
            {
                "type": "rich_text",
                "block_id": "Nm+H8",
                "elements": [
                    {
                        "type": "rich_text_section",
                        "elements": [
                            {
                                "type": "text",
                                "text": "thanks folks, great questions - keep them coming!"
                            }
                        ]
                    }
                ]
            }
        ],
        "thread_ts": "1618386009.000400",
        "parent_user_id": "U01RW140HBP"
    },
    {
        "type": "message",
        "text": "for context - it may be worth referring to the case study material on the customer analysis \/ marketing dataset you are using - i found a handy word doc version for you",
        "files": [
            {
                "id": "F01U9J6UH5Z",
                "created": 1618398467,
                "timestamp": 1618398467,
                "name": "lab_case_study.docx",
                "title": "lab_case_study.docx",
                "mimetype": "application\/vnd.openxmlformats-officedocument.wordprocessingml.document",
                "filetype": "docx",
                "pretty_type": "Word Document",
                "user": "U01RW140HBP",
                "editable": false,
                "size": 14097,
                "mode": "hosted",
                "is_external": false,
                "external_type": "",
                "is_public": true,
                "public_url_shared": false,
                "display_as_bot": false,
                "username": "",
                "url_private": "https:\/\/files.slack.com\/files-pri\/T01RBRV5F7H-F01U9J6UH5Z\/lab_case_study.docx?t=xoxe-1861879185255-2047593969042-2053756158948-4cf6552631c579c36efd5d2fd242de30",
                "url_private_download": "https:\/\/files.slack.com\/files-pri\/T01RBRV5F7H-F01U9J6UH5Z\/download\/lab_case_study.docx?t=xoxe-1861879185255-2047593969042-2053756158948-4cf6552631c579c36efd5d2fd242de30",
                "converted_pdf": "https:\/\/files.slack.com\/files-tmb\/T01RBRV5F7H-F01U9J6UH5Z-4fea595494\/lab_case_study_converted.pdf?t=xoxe-1861879185255-2047593969042-2053756158948-4cf6552631c579c36efd5d2fd242de30",
                "thumb_pdf": "https:\/\/files.slack.com\/files-tmb\/T01RBRV5F7H-F01U9J6UH5Z-4fea595494\/lab_case_study_thumb_pdf.png?t=xoxe-1861879185255-2047593969042-2053756158948-4cf6552631c579c36efd5d2fd242de30",
                "thumb_pdf_w": 935,
                "thumb_pdf_h": 1210,
                "permalink": "https:\/\/data-ft-ber-03-2021.slack.com\/files\/U01RW140HBP\/F01U9J6UH5Z\/lab_case_study.docx",
                "permalink_public": "https:\/\/slack-files.com\/T01RBRV5F7H-F01U9J6UH5Z-781036460a",
                "is_starred": false,
                "has_rich_preview": false
            }
        ],
        "upload": false,
        "blocks": [
            {
                "type": "rich_text",
                "block_id": "tJy",
                "elements": [
                    {
                        "type": "rich_text_section",
                        "elements": [
                            {
                                "type": "text",
                                "text": "for context - it may be worth referring to the case study material on the customer analysis \/ marketing dataset you are using - i found a handy word doc version for you"
                            }
                        ]
                    }
                ]
            }
        ],
        "user": "U01RW140HBP",
        "display_as_bot": false,
        "ts": "1618398473.014500"
    },
    {
        "client_msg_id": "9fa19a52-8722-407f-bc07-769ae353fe3d",
        "type": "message",
        "text": "Hi guys, can someone share the link for the workshop, pls?",
        "user": "U01SD3CDH9P",
        "ts": "1618416921.015300",
        "team": "T01RBRV5F7H",
        "user_team": "T01RBRV5F7H",
        "source_team": "T01RBRV5F7H",
        "user_profile": {
            "avatar_hash": "735d50ad8f34",
            "image_72": "https:\/\/avatars.slack-edge.com\/2021-04-15\/1962810903269_735d50ad8f345a94bd76_72.jpg",
            "first_name": "",
            "real_name": "Andrea Tognoli",
            "display_name": "Andrea Tognoli",
            "team": "T01RBRV5F7H",
            "name": "andreatognoli001",
            "is_restricted": false,
            "is_ultra_restricted": false
        },
        "blocks": [
            {
                "type": "rich_text",
                "block_id": "23qJy",
                "elements": [
                    {
                        "type": "rich_text_section",
                        "elements": [
                            {
                                "type": "text",
                                "text": "Hi guys, can someone share the link for the workshop, pls?"
                            }
                        ]
                    }
                ]
            }
        ]
    },
    {
        "client_msg_id": "d97f52f6-f4f0-4b72-9906-0bb5303bfc11",
        "type": "message",
        "text": "<https:\/\/ironhack.zoom.us\/j\/99364585043>",
        "user": "U01S7BM4N81",
        "ts": "1618416935.015500",
        "team": "T01RBRV5F7H",
        "user_team": "T01RBRV5F7H",
        "source_team": "T01RBRV5F7H",
        "user_profile": {
            "avatar_hash": "2adfc641e87e",
            "image_72": "https:\/\/avatars.slack-edge.com\/2021-04-16\/1994438084416_2adfc641e87e3a953d9c_72.png",
            "first_name": "Thamo",
            "real_name": "Thamo",
            "display_name": "Thamo",
            "team": "T01RBRV5F7H",
            "name": "thamokoeper",
            "is_restricted": false,
            "is_ultra_restricted": false
        },
        "blocks": [
            {
                "type": "rich_text",
                "block_id": "Eoe",
                "elements": [
                    {
                        "type": "rich_text_section",
                        "elements": [
                            {
                                "type": "link",
                                "url": "https:\/\/ironhack.zoom.us\/j\/99364585043"
                            }
                        ]
                    }
                ]
            }
        ]
    },
    {
        "client_msg_id": "eeabcc8c-a742-471e-9576-3b5ebe2a149b",
        "type": "message",
        "text": "Thx:)",
        "user": "U01SD3CDH9P",
        "ts": "1618416945.015800",
        "team": "T01RBRV5F7H",
        "user_team": "T01RBRV5F7H",
        "source_team": "T01RBRV5F7H",
        "user_profile": {
            "avatar_hash": "735d50ad8f34",
            "image_72": "https:\/\/avatars.slack-edge.com\/2021-04-15\/1962810903269_735d50ad8f345a94bd76_72.jpg",
            "first_name": "",
            "real_name": "Andrea Tognoli",
            "display_name": "Andrea Tognoli",
            "team": "T01RBRV5F7H",
            "name": "andreatognoli001",
            "is_restricted": false,
            "is_ultra_restricted": false
        },
        "blocks": [
            {
                "type": "rich_text",
                "block_id": "TPe0",
                "elements": [
                    {
                        "type": "rich_text_section",
                        "elements": [
                            {
                                "type": "text",
                                "text": "Thx:)"
                            }
                        ]
                    }
                ]
            }
        ]
    },
    {
        "client_msg_id": "498a4b08-28b6-4333-a9e3-e244a2af725f",
        "type": "message",
        "text": "please can one student test this for me - i want to check you have access to this repo for the mid bootcamp project docs <https:\/\/github.com\/ironhack-edu\/data_mid_bootcamp_project_regression\/blob\/master\/sql_questions_regression.md>",
        "user": "U01RW140HBP",
        "ts": "1618434627.016600",
        "team": "T01RBRV5F7H",
        "user_team": "T01RBRV5F7H",
        "source_team": "T01RBRV5F7H",
        "user_profile": {
            "avatar_hash": "4c43a3a8d10b",
            "image_72": "https:\/\/avatars.slack-edge.com\/2021-03-21\/1895736308209_4c43a3a8d10bc2fe5e13_72.png",
            "first_name": "siand",
            "real_name": "siand the LT (she\/her)",
            "display_name": "siand the LT (she\/her)",
            "team": "T01RBRV5F7H",
            "name": "sian.davies",
            "is_restricted": false,
            "is_ultra_restricted": false
        },
        "attachments": [
            {
                "fallback": "[ironhack-edu\/data_mid_bootcamp_project_regression] sql_questions_regression.md",
                "text": "```\n# SQL questions - regression\n\n(Use sub queries or views wherever necessary)\n\n1. Create a database called `house_price_regression`.\n2. Create a table `house_price_data` with the same columns as given in the csv file. Please make sure you use the correct data types for the columns.\n3. Import the data from the csv file into the table. Before you import the data into the empty table, make sure that you have deleted the headers from the csv file. To not modify the original data, if you want you can create a copy of the csv file as well. Note you might have to use the following queries to give permission to SQL to import data from csv files in bulk:\n\n```sql\nSHOW VARIABLES LIKE 'local_infile'; -- This query would show you the status of the variable ‘local_infile’. If it is off, use the next command, otherwise you should be good to go\n\nSET GLOBAL local_infile = 1;\n```\n\n4.  Select all the data from table `house_price_data` to check if the data was imported correctly\n5.  Use the alter table command to drop the column `date` from the database, as we would not use it in the analysis with SQL. Select all the data from the table to verify if the command worked. Limit your returned results to 10.\n6.  Use sql query to find how many rows of data you have.\n7.  Now we will try to find the unique values in some of the categorical columns:\n\n    - What are the unique values in the column `bedrooms`?\n    - What are the unique values in the column `bathrooms`?\n    - What are the unique values in the column `floors`?\n    - What are the unique values in the column `condition`?\n    - What are the unique values in the column `grade`?\n\n8.  Arrange the data in a decreasing order by the price of the house. Return only the IDs of the top 10 most expensive houses in your data.\n9.  What is the average price of all the properties in your data?\n10. In this exercise we will use simple group by to check the properties of some of the categorical variables in our data\n\n    - What is the average price of the houses grouped by bedrooms? The returned result should have only two columns, bedrooms and Average of the prices. Use an alias to change the name of the second column.\n    - What is the average `sqft_living` of the houses grouped by bedrooms? The returned result should have only two columns, bedrooms and Average of the `sqft_living`. Use an alias to change the name of the second column.\n    - What is the average price of the houses with a waterfront and without a waterfront? The returned result should have only two columns, waterfront and `Average` of the prices. Use an alias to change the name of the second column.\n    - Is there any correlation between the columns `condition` and `grade`? You can analyse this by grouping the data by one of the variables and then aggregating the results of the other column. Visually check if there is a positive correlation or negative correlation or no correlation between the variables.\n\n11. One of the customers is only interested in the following houses:\n\n    - Number of bedrooms either 3 or 4\n    - Bathrooms more than 3\n    - One Floor\n    - No waterfront\n    - Condition should be 3 at least\n    - Grade should be 5 at least\n    - Price less than 300000\n\n    For the rest of the things, they are not too concerned. Write a simple query to find what are the options available for them?\n\n12. Your manager wants to find out the list of properties whose prices are twice more than the average of all the properties in the database. Write a query to show them the list of such properties. You might need to use a sub query for this problem.\n13. Since this is something that the senior management is regularly interested in, create a view of the same query.\n14. Most customers are interested in properties with three or four bedrooms. What is the difference in average prices of the properties with three and four bedrooms?\n15. What are the different locations where properties are available in your database? (distinct zip codes)\n16. Show the list of all the properties that were renovated.\n17. Provide the details of the property that is the 11th most expensive property in your database.\n\n```",
                "title": "sql_questions_regression.md",
                "footer": "<https:\/\/github.com\/ironhack-edu\/data_mid_bootcamp_project_regression|ironhack-edu\/data_mid_bootcamp_project_regression>",
                "id": 1,
                "title_link": "https:\/\/github.com\/ironhack-edu\/data_mid_bootcamp_project_regression\/blob\/master\/sql_questions_regression.md",
                "footer_icon": "https:\/\/github.githubassets.com\/favicon.ico",
                "color": "24292f",
                "mrkdwn_in": [
                    "text"
                ],
                "bot_id": "B01RM0CJC4X",
                "app_unfurl_url": "https:\/\/github.com\/ironhack-edu\/data_mid_bootcamp_project_regression\/blob\/master\/sql_questions_regression.md",
                "is_app_unfurl": true
            }
        ],
        "blocks": [
            {
                "type": "rich_text",
                "block_id": "7EW=6",
                "elements": [
                    {
                        "type": "rich_text_section",
                        "elements": [
                            {
                                "type": "text",
                                "text": "please can one student test this for me - i want to check you have access to this repo for the mid bootcamp project docs "
                            },
                            {
                                "type": "link",
                                "url": "https:\/\/github.com\/ironhack-edu\/data_mid_bootcamp_project_regression\/blob\/master\/sql_questions_regression.md"
                            }
                        ]
                    }
                ]
            }
        ],
        "thread_ts": "1618434627.016600",
        "reply_count": 3,
        "reply_users_count": 3,
        "latest_reply": "1618469656.008000",
        "reply_users": [
            "U01S7BM4N81",
            "U01S6L7HLUC",
            "U01RW140HBP"
        ],
        "replies": [
            {
                "user": "U01S7BM4N81",
                "ts": "1618466208.007400"
            },
            {
                "user": "U01S6L7HLUC",
                "ts": "1618466719.007800"
            },
            {
                "user": "U01RW140HBP",
                "ts": "1618469656.008000"
            }
        ],
        "is_locked": false,
        "subscribed": false
    },
    {
        "client_msg_id": "437DE1C7-23FB-4C59-BA79-ABC37A8D1070",
        "type": "message",
        "text": "Works on my phone :relaxed:",
        "user": "U01S7BM4N81",
        "ts": "1618466208.007400",
        "team": "T01RBRV5F7H",
        "user_team": "T01RBRV5F7H",
        "source_team": "T01RBRV5F7H",
        "user_profile": {
            "avatar_hash": "2adfc641e87e",
            "image_72": "https:\/\/avatars.slack-edge.com\/2021-04-16\/1994438084416_2adfc641e87e3a953d9c_72.png",
            "first_name": "Thamo",
            "real_name": "Thamo",
            "display_name": "Thamo",
            "team": "T01RBRV5F7H",
            "name": "thamokoeper",
            "is_restricted": false,
            "is_ultra_restricted": false
        },
        "blocks": [
            {
                "type": "rich_text",
                "block_id": "FzGq",
                "elements": [
                    {
                        "type": "rich_text_section",
                        "elements": [
                            {
                                "type": "text",
                                "text": "Works on my phone "
                            },
                            {
                                "type": "emoji",
                                "name": "relaxed"
                            }
                        ]
                    }
                ]
            }
        ],
        "thread_ts": "1618434627.016600",
        "parent_user_id": "U01RW140HBP"
    },
    {
        "client_msg_id": "ED989BF4-91F4-43BD-8A6A-3994596FEE92",
        "type": "message",
        "text": "Works from my phone too ",
        "user": "U01S6L7HLUC",
        "ts": "1618466719.007800",
        "team": "T01RBRV5F7H",
        "user_team": "T01RBRV5F7H",
        "source_team": "T01RBRV5F7H",
        "user_profile": {
            "avatar_hash": "503ff2e9e293",
            "image_72": "https:\/\/avatars.slack-edge.com\/2021-04-15\/1992626919472_503ff2e9e2932e7dc861_72.png",
            "first_name": "Prebitha",
            "real_name": "Prebitha Abraham",
            "display_name": "Prebitha Abraham",
            "team": "T01RBRV5F7H",
            "name": "prebitha.abraham",
            "is_restricted": false,
            "is_ultra_restricted": false
        },
        "blocks": [
            {
                "type": "rich_text",
                "block_id": "5nUmG",
                "elements": [
                    {
                        "type": "rich_text_section",
                        "elements": [
                            {
                                "type": "text",
                                "text": "Works from my phone too "
                            }
                        ]
                    }
                ]
            }
        ],
        "thread_ts": "1618434627.016600",
        "parent_user_id": "U01RW140HBP"
    },
    {
        "client_msg_id": "27e87a70-eb4b-4e8a-81d0-37d55c03ba48",
        "type": "message",
        "text": "fab!",
        "user": "U01RW140HBP",
        "ts": "1618469656.008000",
        "team": "T01RBRV5F7H",
        "user_team": "T01RBRV5F7H",
        "source_team": "T01RBRV5F7H",
        "user_profile": {
            "avatar_hash": "4c43a3a8d10b",
            "image_72": "https:\/\/avatars.slack-edge.com\/2021-03-21\/1895736308209_4c43a3a8d10bc2fe5e13_72.png",
            "first_name": "siand",
            "real_name": "siand the LT (she\/her)",
            "display_name": "siand the LT (she\/her)",
            "team": "T01RBRV5F7H",
            "name": "sian.davies",
            "is_restricted": false,
            "is_ultra_restricted": false
        },
        "blocks": [
            {
                "type": "rich_text",
                "block_id": "r=6tE",
                "elements": [
                    {
                        "type": "rich_text_section",
                        "elements": [
                            {
                                "type": "text",
                                "text": "fab!"
                            }
                        ]
                    }
                ]
            }
        ],
        "thread_ts": "1618434627.016600",
        "parent_user_id": "U01RW140HBP"
    }
]