[
    {
        "client_msg_id": "41dae8a6-50d1-471f-b11c-2caef2723153",
        "type": "message",
        "text": "ups got kicked out from zoom, trying to reconnect",
        "user": "U01RN7BVD1C",
        "ts": "1619679804.000300",
        "team": "T01RBRV5F7H",
        "user_team": "T01RBRV5F7H",
        "source_team": "T01RBRV5F7H",
        "user_profile": {
            "avatar_hash": "55e0c1b57456",
            "image_72": "https:\/\/avatars.slack-edge.com\/2021-03-20\/1882033802643_55e0c1b574562994417f_72.jpg",
            "first_name": "Josephine",
            "real_name": "Josephine Biedermann",
            "display_name": "Phine",
            "team": "T01RBRV5F7H",
            "name": "josephinebiedermann",
            "is_restricted": false,
            "is_ultra_restricted": false
        },
        "blocks": [
            {
                "type": "rich_text",
                "block_id": "3x\/tH",
                "elements": [
                    {
                        "type": "rich_text_section",
                        "elements": [
                            {
                                "type": "text",
                                "text": "ups got kicked out from zoom, trying to reconnect"
                            }
                        ]
                    }
                ]
            }
        ]
    },
    {
        "client_msg_id": "eb9b0d74-7089-45e3-bb0a-46cb586f9eac",
        "type": "message",
        "text": "Whereabouts can I find the recording of Monday's lesson",
        "user": "U01S133DZ9A",
        "ts": "1619694547.000800",
        "team": "T01RBRV5F7H",
        "user_team": "T01RBRV5F7H",
        "source_team": "T01RBRV5F7H",
        "user_profile": {
            "avatar_hash": "adb8b81e55b5",
            "image_72": "https:\/\/avatars.slack-edge.com\/2021-03-23\/1887337161925_adb8b81e55b5ac488cf1_72.jpg",
            "first_name": "Simon",
            "real_name": "Simon Data",
            "display_name": "Simon Data",
            "team": "T01RBRV5F7H",
            "name": "simples707data",
            "is_restricted": false,
            "is_ultra_restricted": false
        },
        "blocks": [
            {
                "type": "rich_text",
                "block_id": "\/Dn",
                "elements": [
                    {
                        "type": "rich_text_section",
                        "elements": [
                            {
                                "type": "text",
                                "text": "Whereabouts can I find the recording of Monday's lesson"
                            }
                        ]
                    }
                ]
            }
        ],
        "thread_ts": "1619694547.000800",
        "reply_count": 4,
        "reply_users_count": 3,
        "latest_reply": "1619699542.001900",
        "reply_users": [
            "U01S7BM4N81",
            "U01S133DZ9A",
            "U01RW140HBP"
        ],
        "replies": [
            {
                "user": "U01S7BM4N81",
                "ts": "1619694784.001100"
            },
            {
                "user": "U01S133DZ9A",
                "ts": "1619696188.001400"
            },
            {
                "user": "U01S133DZ9A",
                "ts": "1619696194.001600"
            },
            {
                "user": "U01RW140HBP",
                "ts": "1619699542.001900"
            }
        ],
        "is_locked": false,
        "subscribed": false
    },
    {
        "client_msg_id": "88808cba-ab26-4ef0-8772-d70e00ea2724",
        "type": "message",
        "text": "?",
        "user": "U01S133DZ9A",
        "ts": "1619694549.001000",
        "team": "T01RBRV5F7H",
        "user_team": "T01RBRV5F7H",
        "source_team": "T01RBRV5F7H",
        "user_profile": {
            "avatar_hash": "adb8b81e55b5",
            "image_72": "https:\/\/avatars.slack-edge.com\/2021-03-23\/1887337161925_adb8b81e55b5ac488cf1_72.jpg",
            "first_name": "Simon",
            "real_name": "Simon Data",
            "display_name": "Simon Data",
            "team": "T01RBRV5F7H",
            "name": "simples707data",
            "is_restricted": false,
            "is_ultra_restricted": false
        },
        "blocks": [
            {
                "type": "rich_text",
                "block_id": "Z4l93",
                "elements": [
                    {
                        "type": "rich_text_section",
                        "elements": [
                            {
                                "type": "text",
                                "text": "?"
                            }
                        ]
                    }
                ]
            }
        ]
    },
    {
        "client_msg_id": "ced6fafd-03ca-4597-bc13-db4ac1b850d6",
        "type": "message",
        "text": "<https:\/\/www.notion.so\/a19c60daecc2460396bfd3e2f32ccd34?v=c9cfed266f074df580579b93192d0b96>",
        "user": "U01S7BM4N81",
        "ts": "1619694784.001100",
        "team": "T01RBRV5F7H",
        "user_team": "T01RBRV5F7H",
        "source_team": "T01RBRV5F7H",
        "user_profile": {
            "avatar_hash": "2adfc641e87e",
            "image_72": "https:\/\/avatars.slack-edge.com\/2021-04-16\/1994438084416_2adfc641e87e3a953d9c_72.png",
            "first_name": "Thamo",
            "real_name": "Thamo",
            "display_name": "Thamo",
            "team": "T01RBRV5F7H",
            "name": "thamokoeper",
            "is_restricted": false,
            "is_ultra_restricted": false
        },
        "attachments": [
            {
                "service_name": "ironhack on Notion",
                "title": "Classroom Recordings",
                "title_link": "https:\/\/www.notion.so\/a19c60daecc2460396bfd3e2f32ccd34?v=c9cfed266f074df580579b93192d0b96",
                "text": "A new tool for teams &amp; individuals that blends everyday work apps into one.",
                "fallback": "ironhack on Notion: Classroom Recordings",
                "from_url": "https:\/\/www.notion.so\/a19c60daecc2460396bfd3e2f32ccd34?v=c9cfed266f074df580579b93192d0b96",
                "id": 1,
                "original_url": "https:\/\/www.notion.so\/a19c60daecc2460396bfd3e2f32ccd34?v=c9cfed266f074df580579b93192d0b96"
            }
        ],
        "blocks": [
            {
                "type": "rich_text",
                "block_id": "wNq",
                "elements": [
                    {
                        "type": "rich_text_section",
                        "elements": [
                            {
                                "type": "link",
                                "url": "https:\/\/www.notion.so\/a19c60daecc2460396bfd3e2f32ccd34?v=c9cfed266f074df580579b93192d0b96"
                            }
                        ]
                    }
                ]
            }
        ],
        "thread_ts": "1619694547.000800",
        "parent_user_id": "U01S133DZ9A"
    },
    {
        "client_msg_id": "98af1e7f-4e8e-47c9-b071-7f8626402e54",
        "type": "message",
        "text": ":thumbsup:",
        "user": "U01S133DZ9A",
        "ts": "1619696188.001400",
        "team": "T01RBRV5F7H",
        "user_team": "T01RBRV5F7H",
        "source_team": "T01RBRV5F7H",
        "user_profile": {
            "avatar_hash": "adb8b81e55b5",
            "image_72": "https:\/\/avatars.slack-edge.com\/2021-03-23\/1887337161925_adb8b81e55b5ac488cf1_72.jpg",
            "first_name": "Simon",
            "real_name": "Simon Data",
            "display_name": "Simon Data",
            "team": "T01RBRV5F7H",
            "name": "simples707data",
            "is_restricted": false,
            "is_ultra_restricted": false
        },
        "blocks": [
            {
                "type": "rich_text",
                "block_id": "bcAXI",
                "elements": [
                    {
                        "type": "rich_text_section",
                        "elements": [
                            {
                                "type": "emoji",
                                "name": "thumbsup"
                            }
                        ]
                    }
                ]
            }
        ],
        "thread_ts": "1619694547.000800",
        "parent_user_id": "U01S133DZ9A"
    },
    {
        "client_msg_id": "9b4dec45-32e4-47c2-9e96-90e8f9750c7e",
        "type": "message",
        "text": "Thanks Thamo",
        "user": "U01S133DZ9A",
        "ts": "1619696194.001600",
        "team": "T01RBRV5F7H",
        "user_team": "T01RBRV5F7H",
        "source_team": "T01RBRV5F7H",
        "user_profile": {
            "avatar_hash": "adb8b81e55b5",
            "image_72": "https:\/\/avatars.slack-edge.com\/2021-03-23\/1887337161925_adb8b81e55b5ac488cf1_72.jpg",
            "first_name": "Simon",
            "real_name": "Simon Data",
            "display_name": "Simon Data",
            "team": "T01RBRV5F7H",
            "name": "simples707data",
            "is_restricted": false,
            "is_ultra_restricted": false
        },
        "blocks": [
            {
                "type": "rich_text",
                "block_id": "vCcJl",
                "elements": [
                    {
                        "type": "rich_text_section",
                        "elements": [
                            {
                                "type": "text",
                                "text": "Thanks Thamo"
                            }
                        ]
                    }
                ]
            }
        ],
        "thread_ts": "1619694547.000800",
        "parent_user_id": "U01S133DZ9A",
        "reactions": [
            {
                "name": "handshake",
                "users": [
                    "U01S7BM4N81"
                ],
                "count": 1
            }
        ]
    },
    {
        "client_msg_id": "cb723877-29a5-406d-af02-0602aef320bb",
        "type": "message",
        "text": "good reminder for me to check if we are up to date ! thanks simon",
        "user": "U01RW140HBP",
        "ts": "1619699542.001900",
        "team": "T01RBRV5F7H",
        "user_team": "T01RBRV5F7H",
        "source_team": "T01RBRV5F7H",
        "user_profile": {
            "avatar_hash": "4c43a3a8d10b",
            "image_72": "https:\/\/avatars.slack-edge.com\/2021-03-21\/1895736308209_4c43a3a8d10bc2fe5e13_72.png",
            "first_name": "siand",
            "real_name": "siand the LT (she\/her)",
            "display_name": "siand the LT (she\/her)",
            "team": "T01RBRV5F7H",
            "name": "sian.davies",
            "is_restricted": false,
            "is_ultra_restricted": false
        },
        "blocks": [
            {
                "type": "rich_text",
                "block_id": "8D8=i",
                "elements": [
                    {
                        "type": "rich_text_section",
                        "elements": [
                            {
                                "type": "text",
                                "text": "good reminder for me to check if we are up to date ! thanks simon"
                            }
                        ]
                    }
                ]
            }
        ],
        "thread_ts": "1619694547.000800",
        "parent_user_id": "U01S133DZ9A",
        "reactions": [
            {
                "name": "+1",
                "users": [
                    "U01S133DZ9A"
                ],
                "count": 1
            }
        ]
    },
    {
        "client_msg_id": "fb9fd641-c168-4dcb-a5fe-a3c498e17f33",
        "type": "message",
        "text": "quick announcement -  tomorrow I will be ending the lunchtime lecture at 12:40 to attend a funeral virtually and my expectation is I wont be in a great state to teach you again tomorrow afternoon. This means we have just one other short lecture session tomorrow, between the morning class retro and lunch, but I will ask the TAs nicely if one of them will take you through some SQL or Python katas for some collaborative revision in the afternoon, to make up for it.",
        "user": "U01RW140HBP",
        "ts": "1619703526.006400",
        "team": "T01RBRV5F7H",
        "user_team": "T01RBRV5F7H",
        "source_team": "T01RBRV5F7H",
        "user_profile": {
            "avatar_hash": "4c43a3a8d10b",
            "image_72": "https:\/\/avatars.slack-edge.com\/2021-03-21\/1895736308209_4c43a3a8d10bc2fe5e13_72.png",
            "first_name": "siand",
            "real_name": "siand the LT (she\/her)",
            "display_name": "siand the LT (she\/her)",
            "team": "T01RBRV5F7H",
            "name": "sian.davies",
            "is_restricted": false,
            "is_ultra_restricted": false
        },
        "blocks": [
            {
                "type": "rich_text",
                "block_id": "NehRj",
                "elements": [
                    {
                        "type": "rich_text_section",
                        "elements": [
                            {
                                "type": "text",
                                "text": "quick announcement -  tomorrow I will be ending the lunchtime lecture at 12:40 to attend a funeral virtually and my expectation is I wont be in a great state to teach you again tomorrow afternoon. This means we have just one other short lecture session tomorrow, between the morning class retro and lunch, but I will ask the TAs nicely if one of them will take you through some SQL or Python katas for some collaborative revision in the afternoon, to make up for it."
                            }
                        ]
                    }
                ]
            }
        ],
        "thread_ts": "1619703526.006400",
        "reply_count": 10,
        "reply_users_count": 10,
        "latest_reply": "1619704522.010000",
        "reply_users": [
            "U01RW2X7S9Z",
            "U01S7BM4N81",
            "U01RNEU3SNA",
            "U01RVSTNRRT",
            "U01S0P26NKD",
            "U01S79YDELR",
            "U01RW140HBP",
            "U01RXCQHMHT",
            "U01RKN0EGDV",
            "U01S7KCL3DF"
        ],
        "replies": [
            {
                "user": "U01RW2X7S9Z",
                "ts": "1619703559.006500"
            },
            {
                "user": "U01S7BM4N81",
                "ts": "1619703572.006700"
            },
            {
                "user": "U01RNEU3SNA",
                "ts": "1619703605.007100"
            },
            {
                "user": "U01RVSTNRRT",
                "ts": "1619703676.007500"
            },
            {
                "user": "U01S0P26NKD",
                "ts": "1619703680.007700"
            },
            {
                "user": "U01S79YDELR",
                "ts": "1619703752.007900"
            },
            {
                "user": "U01RW140HBP",
                "ts": "1619703881.008200"
            },
            {
                "user": "U01RXCQHMHT",
                "ts": "1619703957.008400"
            },
            {
                "user": "U01RKN0EGDV",
                "ts": "1619704441.009800"
            },
            {
                "user": "U01S7KCL3DF",
                "ts": "1619704522.010000"
            }
        ],
        "is_locked": false,
        "subscribed": false
    },
    {
        "client_msg_id": "9053a326-1b1b-4596-bd86-f383bfccb099",
        "type": "message",
        "text": "Well sorry to hear that, my condolences",
        "user": "U01RW2X7S9Z",
        "ts": "1619703559.006500",
        "team": "T01RBRV5F7H",
        "user_team": "T01RBRV5F7H",
        "source_team": "T01RBRV5F7H",
        "user_profile": {
            "avatar_hash": "7e12d75d168a",
            "image_72": "https:\/\/avatars.slack-edge.com\/2021-03-19\/1880105796643_7e12d75d168ae25c167d_72.jpg",
            "first_name": "Alexandre",
            "real_name": "Alexandre Sommerkamp",
            "display_name": "Alexandre Sommerkamp",
            "team": "T01RBRV5F7H",
            "name": "alex.c.skp",
            "is_restricted": false,
            "is_ultra_restricted": false
        },
        "blocks": [
            {
                "type": "rich_text",
                "block_id": "uIo",
                "elements": [
                    {
                        "type": "rich_text_section",
                        "elements": [
                            {
                                "type": "text",
                                "text": "Well sorry to hear that, my condolences"
                            }
                        ]
                    }
                ]
            }
        ],
        "thread_ts": "1619703526.006400",
        "parent_user_id": "U01RW140HBP"
    },
    {
        "client_msg_id": "c17df9ab-32ce-442e-b82d-d95ba5c6243f",
        "type": "message",
        "text": "condolonces, sian, sorry to hear that",
        "user": "U01S7BM4N81",
        "ts": "1619703572.006700",
        "team": "T01RBRV5F7H",
        "user_team": "T01RBRV5F7H",
        "source_team": "T01RBRV5F7H",
        "user_profile": {
            "avatar_hash": "2adfc641e87e",
            "image_72": "https:\/\/avatars.slack-edge.com\/2021-04-16\/1994438084416_2adfc641e87e3a953d9c_72.png",
            "first_name": "Thamo",
            "real_name": "Thamo",
            "display_name": "Thamo",
            "team": "T01RBRV5F7H",
            "name": "thamokoeper",
            "is_restricted": false,
            "is_ultra_restricted": false
        },
        "blocks": [
            {
                "type": "rich_text",
                "block_id": "ZDifv",
                "elements": [
                    {
                        "type": "rich_text_section",
                        "elements": [
                            {
                                "type": "text",
                                "text": "condolonces, sian, sorry to hear that"
                            }
                        ]
                    }
                ]
            }
        ],
        "thread_ts": "1619703526.006400",
        "parent_user_id": "U01RW140HBP"
    },
    {
        "client_msg_id": "18ef122d-63e1-4b5d-8d72-a53c102ac620",
        "type": "message",
        "text": "Condolences to you Sian, sorry to hear that",
        "user": "U01RNEU3SNA",
        "ts": "1619703605.007100",
        "team": "T01RBRV5F7H",
        "user_team": "T01RBRV5F7H",
        "source_team": "T01RBRV5F7H",
        "user_profile": {
            "avatar_hash": "ddcfccb1de00",
            "image_72": "https:\/\/avatars.slack-edge.com\/2021-04-01\/1944455459184_ddcfccb1de00850a76e1_72.jpg",
            "first_name": "peter.geo",
            "real_name": "peter.geo DAFT MAR2020",
            "display_name": "Peter George",
            "team": "T01RBRV5F7H",
            "name": "petergeorge649",
            "is_restricted": false,
            "is_ultra_restricted": false
        },
        "blocks": [
            {
                "type": "rich_text",
                "block_id": "F=VfS",
                "elements": [
                    {
                        "type": "rich_text_section",
                        "elements": [
                            {
                                "type": "text",
                                "text": "Condolences to you Sian, sorry to hear that"
                            }
                        ]
                    }
                ]
            }
        ],
        "thread_ts": "1619703526.006400",
        "parent_user_id": "U01RW140HBP"
    },
    {
        "client_msg_id": "b91e3140-74f6-40e3-8d50-fbdef772cd52",
        "type": "message",
        "text": "My condolences Sian....Sorry to hear that.",
        "user": "U01RVSTNRRT",
        "ts": "1619703676.007500",
        "team": "T01RBRV5F7H",
        "user_team": "T01RBRV5F7H",
        "source_team": "T01RBRV5F7H",
        "user_profile": {
            "avatar_hash": "3ce348bd9187",
            "image_72": "https:\/\/avatars.slack-edge.com\/2021-03-21\/1879911825477_3ce348bd91874d798a3f_72.jpg",
            "first_name": "",
            "real_name": "Olubunmi Abimbola Haastrup",
            "display_name": "Olubunmi Abimbola Haastrup",
            "team": "T01RBRV5F7H",
            "name": "haastrupabimbola",
            "is_restricted": false,
            "is_ultra_restricted": false
        },
        "blocks": [
            {
                "type": "rich_text",
                "block_id": "hckYz",
                "elements": [
                    {
                        "type": "rich_text_section",
                        "elements": [
                            {
                                "type": "text",
                                "text": "My condolences Sian....Sorry to hear that."
                            }
                        ]
                    }
                ]
            }
        ],
        "thread_ts": "1619703526.006400",
        "parent_user_id": "U01RW140HBP"
    },
    {
        "client_msg_id": "880cf5e3-adf0-4c03-b00c-7f4e6552fd1b",
        "type": "message",
        "text": "Condolences to you. May his\/her Soul Rest In Peace.",
        "user": "U01S0P26NKD",
        "ts": "1619703680.007700",
        "team": "T01RBRV5F7H",
        "user_team": "T01RBRV5F7H",
        "source_team": "T01RBRV5F7H",
        "user_profile": {
            "avatar_hash": "g7b30129d02b",
            "image_72": "https:\/\/secure.gravatar.com\/avatar\/7b30129d02bcacd7eef985bfd5432c73.jpg?s=72&d=https%3A%2F%2Fa.slack-edge.com%2Fdf10d%2Fimg%2Favatars%2Fava_0021-72.png",
            "first_name": "",
            "real_name": "Jennipher Kasemire",
            "display_name": "Jennipher Kasemire",
            "team": "T01RBRV5F7H",
            "name": "jennipherkasemire",
            "is_restricted": false,
            "is_ultra_restricted": false
        },
        "edited": {
            "user": "U01S0P26NKD",
            "ts": "1619703770.000000"
        },
        "blocks": [
            {
                "type": "rich_text",
                "block_id": "1xP",
                "elements": [
                    {
                        "type": "rich_text_section",
                        "elements": [
                            {
                                "type": "text",
                                "text": "Condolences to you. May his\/her Soul Rest In Peace."
                            }
                        ]
                    }
                ]
            }
        ],
        "thread_ts": "1619703526.006400",
        "parent_user_id": "U01RW140HBP"
    },
    {
        "client_msg_id": "3a209834-5ee0-4fe4-9417-f90d087810f7",
        "type": "message",
        "text": "sorry to hear that, Sian. My condolences",
        "user": "U01S79YDELR",
        "ts": "1619703752.007900",
        "team": "T01RBRV5F7H",
        "user_team": "T01RBRV5F7H",
        "source_team": "T01RBRV5F7H",
        "user_profile": {
            "avatar_hash": "606def897de6",
            "image_72": "https:\/\/avatars.slack-edge.com\/2021-03-22\/1910932493456_606def897de66681d932_72.jpg",
            "first_name": "",
            "real_name": "Karina Condeixa",
            "display_name": "Karina Condeixa",
            "team": "T01RBRV5F7H",
            "name": "karina.condeixa",
            "is_restricted": false,
            "is_ultra_restricted": false
        },
        "blocks": [
            {
                "type": "rich_text",
                "block_id": "UY6+",
                "elements": [
                    {
                        "type": "rich_text_section",
                        "elements": [
                            {
                                "type": "text",
                                "text": "sorry to hear that, Sian. My condolences"
                            }
                        ]
                    }
                ]
            }
        ],
        "thread_ts": "1619703526.006400",
        "parent_user_id": "U01RW140HBP"
    },
    {
        "client_msg_id": "a0dc7c9e-df9b-4a5a-9b5e-aa4a440df117",
        "type": "message",
        "text": "thanks all :slightly_smiling_face: :heart:",
        "user": "U01RW140HBP",
        "ts": "1619703881.008200",
        "team": "T01RBRV5F7H",
        "user_team": "T01RBRV5F7H",
        "source_team": "T01RBRV5F7H",
        "user_profile": {
            "avatar_hash": "4c43a3a8d10b",
            "image_72": "https:\/\/avatars.slack-edge.com\/2021-03-21\/1895736308209_4c43a3a8d10bc2fe5e13_72.png",
            "first_name": "siand",
            "real_name": "siand the LT (she\/her)",
            "display_name": "siand the LT (she\/her)",
            "team": "T01RBRV5F7H",
            "name": "sian.davies",
            "is_restricted": false,
            "is_ultra_restricted": false
        },
        "blocks": [
            {
                "type": "rich_text",
                "block_id": "w68=i",
                "elements": [
                    {
                        "type": "rich_text_section",
                        "elements": [
                            {
                                "type": "text",
                                "text": "thanks all "
                            },
                            {
                                "type": "emoji",
                                "name": "slightly_smiling_face"
                            },
                            {
                                "type": "text",
                                "text": " "
                            },
                            {
                                "type": "emoji",
                                "name": "heart"
                            }
                        ]
                    }
                ]
            }
        ],
        "thread_ts": "1619703526.006400",
        "parent_user_id": "U01RW140HBP"
    },
    {
        "client_msg_id": "f0adfeb7-7bfd-4907-be70-ab311925522e",
        "type": "message",
        "text": "My condolences, Sian. Sorry to hear that..",
        "user": "U01RXCQHMHT",
        "ts": "1619703957.008400",
        "team": "T01RBRV5F7H",
        "user_team": "T01RBRV5F7H",
        "source_team": "T01RBRV5F7H",
        "user_profile": {
            "avatar_hash": "7290c61c38a0",
            "image_72": "https:\/\/avatars.slack-edge.com\/2021-03-22\/1898002028225_7290c61c38a01ad66680_72.jpg",
            "first_name": "Thanh",
            "real_name": "Thanh Tung Ha Thuc DAFT Berlin March 2021",
            "display_name": "Tony Ha",
            "team": "T01RBRV5F7H",
            "name": "tony.hathuc",
            "is_restricted": false,
            "is_ultra_restricted": false
        },
        "blocks": [
            {
                "type": "rich_text",
                "block_id": "t5M8",
                "elements": [
                    {
                        "type": "rich_text_section",
                        "elements": [
                            {
                                "type": "text",
                                "text": "My condolences, Sian. Sorry to hear that.."
                            }
                        ]
                    }
                ]
            }
        ],
        "thread_ts": "1619703526.006400",
        "parent_user_id": "U01RW140HBP"
    },
    {
        "client_msg_id": "d221328a-f1d0-4089-99bb-f1d8a3e9ab93",
        "type": "message",
        "text": "i have also added some sql interview question links to the kata in tomorrows schedule, so if you want to spend the free time checking in on your SQL skills, this could be a great idea <https:\/\/www.notion.so\/ironhack\/Berlin-data-classroom-5f8f3ff27075492b8b457677368fda2d?p=3fe49d6b4d194e94b82ff03f14ea87d9>",
        "user": "U01RW140HBP",
        "ts": "1619704101.009500",
        "team": "T01RBRV5F7H",
        "user_team": "T01RBRV5F7H",
        "source_team": "T01RBRV5F7H",
        "user_profile": {
            "avatar_hash": "4c43a3a8d10b",
            "image_72": "https:\/\/avatars.slack-edge.com\/2021-03-21\/1895736308209_4c43a3a8d10bc2fe5e13_72.png",
            "first_name": "siand",
            "real_name": "siand the LT (she\/her)",
            "display_name": "siand the LT (she\/her)",
            "team": "T01RBRV5F7H",
            "name": "sian.davies",
            "is_restricted": false,
            "is_ultra_restricted": false
        },
        "blocks": [
            {
                "type": "rich_text",
                "block_id": "bE4",
                "elements": [
                    {
                        "type": "rich_text_section",
                        "elements": [
                            {
                                "type": "text",
                                "text": "i have also added some sql interview question links to the kata in tomorrows schedule, so if you want to spend the free time checking in on your SQL skills, this could be a great idea "
                            },
                            {
                                "type": "link",
                                "url": "https:\/\/www.notion.so\/ironhack\/Berlin-data-classroom-5f8f3ff27075492b8b457677368fda2d?p=3fe49d6b4d194e94b82ff03f14ea87d9"
                            }
                        ]
                    }
                ]
            }
        ],
        "reactions": [
            {
                "name": "heart_eyes",
                "users": [
                    "U01S79YDELR",
                    "U01RXCQHMHT"
                ],
                "count": 2
            }
        ]
    },
    {
        "client_msg_id": "a1a95cf8-c8e5-4128-ad9d-e4601b94c0e6",
        "type": "message",
        "text": "my condolences too",
        "user": "U01RKN0EGDV",
        "ts": "1619704441.009800",
        "team": "T01RBRV5F7H",
        "user_team": "T01RBRV5F7H",
        "source_team": "T01RBRV5F7H",
        "user_profile": {
            "avatar_hash": "abe46e9352ee",
            "image_72": "https:\/\/avatars.slack-edge.com\/2021-03-24\/1878427345639_abe46e9352ee26531094_72.jpg",
            "first_name": "Marian",
            "real_name": "Marian Moreno",
            "display_name": "Marian (she\/her)",
            "team": "T01RBRV5F7H",
            "name": "marimor62",
            "is_restricted": false,
            "is_ultra_restricted": false
        },
        "blocks": [
            {
                "type": "rich_text",
                "block_id": "jvjX+",
                "elements": [
                    {
                        "type": "rich_text_section",
                        "elements": [
                            {
                                "type": "text",
                                "text": "my condolences too"
                            }
                        ]
                    }
                ]
            }
        ],
        "thread_ts": "1619703526.006400",
        "parent_user_id": "U01RW140HBP"
    },
    {
        "client_msg_id": "ba1ba5e8-e684-4f07-8aee-ebc8b3868d25",
        "type": "message",
        "text": "Sorry to hear Sian :disappointed:. Take care :hugs:",
        "user": "U01S7KCL3DF",
        "ts": "1619704522.010000",
        "team": "T01RBRV5F7H",
        "user_team": "T01RBRV5F7H",
        "source_team": "T01RBRV5F7H",
        "user_profile": {
            "avatar_hash": "17b52091bb62",
            "image_72": "https:\/\/avatars.slack-edge.com\/2021-03-19\/1875964347925_17b52091bb62c2340b4c_72.png",
            "first_name": "Sam",
            "real_name": "Sam Katterfield",
            "display_name": "Sam",
            "team": "T01RBRV5F7H",
            "name": "samkatterfield",
            "is_restricted": false,
            "is_ultra_restricted": false
        },
        "blocks": [
            {
                "type": "rich_text",
                "block_id": "JhraK",
                "elements": [
                    {
                        "type": "rich_text_section",
                        "elements": [
                            {
                                "type": "text",
                                "text": "Sorry to hear Sian "
                            },
                            {
                                "type": "emoji",
                                "name": "disappointed"
                            },
                            {
                                "type": "text",
                                "text": ". Take care :hugs:"
                            }
                        ]
                    }
                ]
            }
        ],
        "thread_ts": "1619703526.006400",
        "parent_user_id": "U01RW140HBP"
    },
    {
        "client_msg_id": "bf20da19-22eb-49bd-9d22-a3731103b8d3",
        "type": "message",
        "text": "<!channel>,\ngood morning, wakie wakie! This will be the Miro board for the retro this morning <https:\/\/miro.com\/welcomeonboard\/y4u0LjUTSzUInNm3uJXUXe0GAX3HW4oHIBZZrh2r9ikgOULWEMqnJS2ZMwLTQsyK>",
        "user": "U01SJKB2MG8",
        "ts": "1619765226.011400",
        "team": "T01RBRV5F7H",
        "user_team": "T01RBRV5F7H",
        "source_team": "T01RBRV5F7H",
        "user_profile": {
            "avatar_hash": "88fa894fdb53",
            "image_72": "https:\/\/avatars.slack-edge.com\/2021-03-19\/1885033153332_88fa894fdb5366452adf_72.jpg",
            "first_name": "Florian",
            "real_name": "Florian Titze",
            "display_name": "Flo Titze",
            "team": "T01RBRV5F7H",
            "name": "florian.titze",
            "is_restricted": false,
            "is_ultra_restricted": false
        },
        "attachments": [
            {
                "service_name": "https:\/\/miro.com\/",
                "title": "Miro: the collaborative whiteboard platform for distributed teams",
                "title_link": "https:\/\/miro.com\/welcomeonboard\/y4u0LjUTSzUInNm3uJXUXe0GAX3HW4oHIBZZrh2r9ikgOULWEMqnJS2ZMwLTQsyK",
                "text": "Scalable, secure, cross-device and enterprise-ready team collaboration whiteboard for distributed teams. Join 10M+ users from around the world",
                "fallback": "https:\/\/miro.com\/: Miro: the collaborative whiteboard platform for distributed teams",
                "image_url": "https:\/\/miro.com\/static\/images\/share\/miro.png?00002",
                "from_url": "https:\/\/miro.com\/welcomeonboard\/y4u0LjUTSzUInNm3uJXUXe0GAX3HW4oHIBZZrh2r9ikgOULWEMqnJS2ZMwLTQsyK",
                "image_width": 476,
                "image_height": 250,
                "image_bytes": 5801,
                "service_icon": "https:\/\/miro.com\/static\/favicons\/apple-touch-icon.png?v=00zdoEw6N6",
                "id": 1,
                "original_url": "https:\/\/miro.com\/welcomeonboard\/y4u0LjUTSzUInNm3uJXUXe0GAX3HW4oHIBZZrh2r9ikgOULWEMqnJS2ZMwLTQsyK"
            }
        ],
        "blocks": [
            {
                "type": "rich_text",
                "block_id": "6zdf",
                "elements": [
                    {
                        "type": "rich_text_section",
                        "elements": [
                            {
                                "type": "broadcast",
                                "range": "channel"
                            },
                            {
                                "type": "text",
                                "text": ",\ngood morning, wakie wakie! This will be the Miro board for the retro this morning "
                            },
                            {
                                "type": "link",
                                "url": "https:\/\/miro.com\/welcomeonboard\/y4u0LjUTSzUInNm3uJXUXe0GAX3HW4oHIBZZrh2r9ikgOULWEMqnJS2ZMwLTQsyK"
                            }
                        ]
                    }
                ]
            }
        ]
    }
]