[
    {
        "client_msg_id": "64314199-0157-4ccd-b931-1c84ce7773cf",
        "type": "message",
        "text": "Retro board *<https:\/\/miro.com\/app\/board\/o9J_lJ2u3Qs=\/|here>*",
        "user": "U01RSRE0N3D",
        "ts": "1618556495.000600",
        "team": "T01RBRV5F7H",
        "user_team": "T01RBRV5F7H",
        "source_team": "T01RBRV5F7H",
        "user_profile": {
            "avatar_hash": "5b0571ca5e6f",
            "image_72": "https:\/\/avatars.slack-edge.com\/2021-03-18\/1876877550179_5b0571ca5e6fe1f759fe_72.jpg",
            "first_name": "Kosta",
            "real_name": "Kosta",
            "display_name": "Kosta",
            "team": "T01RBRV5F7H",
            "name": "kostadin.mitkov",
            "is_restricted": false,
            "is_ultra_restricted": false
        },
        "edited": {
            "user": "U01RSRE0N3D",
            "ts": "1618556511.000000"
        },
        "attachments": [
            {
                "service_name": "https:\/\/miro.com\/",
                "title": "Miro: the collaborative whiteboard platform for distributed teams",
                "title_link": "https:\/\/miro.com\/app\/board\/o9J_lJ2u3Qs=\/",
                "text": "Scalable, secure, cross-device and enterprise-ready team collaboration whiteboard for distributed teams. Join 10M+ users from around the world",
                "fallback": "https:\/\/miro.com\/: Miro: the collaborative whiteboard platform for distributed teams",
                "image_url": "https:\/\/miro.com\/static\/images\/share\/miro.png?00002",
                "from_url": "https:\/\/miro.com\/app\/board\/o9J_lJ2u3Qs=\/",
                "image_width": 476,
                "image_height": 250,
                "image_bytes": 5801,
                "service_icon": "https:\/\/miro.com\/static\/favicons\/apple-touch-icon.png?v=00zdoEw6N6",
                "id": 1,
                "original_url": "https:\/\/miro.com\/app\/board\/o9J_lJ2u3Qs=\/"
            }
        ],
        "blocks": [
            {
                "type": "rich_text",
                "block_id": "7Nv",
                "elements": [
                    {
                        "type": "rich_text_section",
                        "elements": [
                            {
                                "type": "text",
                                "text": "Retro board "
                            },
                            {
                                "type": "link",
                                "url": "https:\/\/miro.com\/app\/board\/o9J_lJ2u3Qs=\/",
                                "text": "here",
                                "style": {
                                    "bold": true
                                }
                            }
                        ]
                    }
                ]
            }
        ]
    },
    {
        "type": "message",
        "text": "",
        "files": [
            {
                "id": "F01UX31MMJ5",
                "created": 1618568679,
                "timestamp": 1618568679,
                "name": "lesson_4.05_data.csv",
                "title": "lesson_4.05_data.csv",
                "mimetype": "text\/csv",
                "filetype": "csv",
                "pretty_type": "CSV",
                "user": "U01RW140HBP",
                "editable": false,
                "size": 4444748,
                "mode": "hosted",
                "is_external": false,
                "external_type": "",
                "is_public": true,
                "public_url_shared": false,
                "display_as_bot": false,
                "username": "",
                "url_private": "https:\/\/files.slack.com\/files-pri\/T01RBRV5F7H-F01UX31MMJ5\/lesson_4.05_data.csv?t=xoxe-1861879185255-2047593969042-2053756158948-4cf6552631c579c36efd5d2fd242de30",
                "url_private_download": "https:\/\/files.slack.com\/files-pri\/T01RBRV5F7H-F01UX31MMJ5\/download\/lesson_4.05_data.csv?t=xoxe-1861879185255-2047593969042-2053756158948-4cf6552631c579c36efd5d2fd242de30",
                "permalink": "https:\/\/data-ft-ber-03-2021.slack.com\/files\/U01RW140HBP\/F01UX31MMJ5\/lesson_4.05_data.csv",
                "permalink_public": "https:\/\/slack-files.com\/T01RBRV5F7H-F01UX31MMJ5-a5d0c23499",
                "is_starred": false,
                "has_rich_preview": false
            }
        ],
        "upload": false,
        "user": "U01RW140HBP",
        "display_as_bot": false,
        "ts": "1618568688.001100"
    },
    {
        "client_msg_id": "8f9a9350-ddee-4599-bf22-87ff6d130180",
        "type": "message",
        "text": "re KNN and K form todays lecture: I dont understand how to fit  X_test and y_test in the K-model in the function we used. It only refers to the whole array. do I have to create an array from X_test and y_test?\n\ndistortions = []\ninertias = []\nmapping1 = {}\nmapping2 = {}\nK = range(1, 10)\n\nfor k in K:\n    # Building and fitting the model\n    kmeanModel = KMeans(n_clusters=k).fit(X)\n    kmeanModel.fit(X)\n\n    distortions.append(sum(np.min(cdist(X, kmeanModel.cluster_centers_,\n                                        ‘euclidean’), axis=1)) \/ X.shape[0])\n    inertias.append(kmeanModel.inertia_)\n\n    mapping1[k] = sum(np.min(cdist(X, kmeanModel.cluster_centers_,\n                                   ‘euclidean’), axis=1)) \/ X.shape[0]\n    mapping2[k] = kmeanModel.inertia_",
        "user": "U01S0E0MRJ7",
        "ts": "1618573072.003200",
        "team": "T01RBRV5F7H",
        "user_team": "T01RBRV5F7H",
        "source_team": "T01RBRV5F7H",
        "user_profile": {
            "avatar_hash": "ad6853d3a1f4",
            "image_72": "https:\/\/avatars.slack-edge.com\/2021-04-16\/1993872127808_ad6853d3a1f43da8ec48_72.jpg",
            "first_name": "",
            "real_name": "Davis Pudans",
            "display_name": "Davis Pudans",
            "team": "T01RBRV5F7H",
            "name": "d.pudans",
            "is_restricted": false,
            "is_ultra_restricted": false
        },
        "edited": {
            "user": "U01S0E0MRJ7",
            "ts": "1618573126.000000"
        },
        "blocks": [
            {
                "type": "rich_text",
                "block_id": "aZJ",
                "elements": [
                    {
                        "type": "rich_text_section",
                        "elements": [
                            {
                                "type": "text",
                                "text": "re KNN and K form todays lecture: I dont understand how to fit  X_test and y_test in the K-model in the function we used. It only refers to the whole array. do I have to create an array from X_test and y_test?\n\ndistortions = []\ninertias = []\nmapping1 = {}\nmapping2 = {}\nK = range(1, 10)\n\nfor k in K:\n    # Building and fitting the model\n    kmeanModel = KMeans(n_clusters=k).fit(X)\n    kmeanModel.fit(X)\n\n    distortions.append(sum(np.min(cdist(X, kmeanModel.cluster_centers_,\n                                        ‘euclidean’), axis=1)) \/ X.shape[0])\n    inertias.append(kmeanModel.inertia_)\n\n    mapping1[k] = sum(np.min(cdist(X, kmeanModel.cluster_centers_,\n                                   ‘euclidean’), axis=1)) \/ X.shape[0]\n    mapping2[k] = kmeanModel.inertia_"
                            }
                        ]
                    }
                ]
            }
        ]
    },
    {
        "client_msg_id": "d0fe2985-53d9-4dba-8631-ac5da21c7d58",
        "type": "message",
        "text": "a reminder to <!channel> to return at 2.15 from lunch - we are all taking a break til then",
        "user": "U01RW140HBP",
        "ts": "1618573413.004100",
        "team": "T01RBRV5F7H",
        "user_team": "T01RBRV5F7H",
        "source_team": "T01RBRV5F7H",
        "user_profile": {
            "avatar_hash": "4c43a3a8d10b",
            "image_72": "https:\/\/avatars.slack-edge.com\/2021-03-21\/1895736308209_4c43a3a8d10bc2fe5e13_72.png",
            "first_name": "siand",
            "real_name": "siand the LT (she\/her)",
            "display_name": "siand the LT (she\/her)",
            "team": "T01RBRV5F7H",
            "name": "sian.davies",
            "is_restricted": false,
            "is_ultra_restricted": false
        },
        "blocks": [
            {
                "type": "rich_text",
                "block_id": "\/E5I",
                "elements": [
                    {
                        "type": "rich_text_section",
                        "elements": [
                            {
                                "type": "text",
                                "text": "a reminder to "
                            },
                            {
                                "type": "broadcast",
                                "range": "channel"
                            },
                            {
                                "type": "text",
                                "text": " to return at 2.15 from lunch - we are all taking a break til then"
                            }
                        ]
                    }
                ]
            }
        ],
        "reactions": [
            {
                "name": "+1",
                "users": [
                    "U01S0E0MRJ7",
                    "U01S081EULS"
                ],
                "count": 2
            }
        ]
    },
    {
        "type": "message",
        "text": "<!channel>,\nthe groups for next week's projects",
        "files": [
            {
                "id": "F01UR1YMZ36",
                "created": 1618577252,
                "timestamp": 1618577252,
                "name": "Control Panel DAFT BER 2021-03 - Project groups.pdf",
                "title": "Control Panel DAFT BER 2021-03 - Project groups.pdf",
                "mimetype": "application\/pdf",
                "filetype": "pdf",
                "pretty_type": "PDF",
                "user": "U01SJKB2MG8",
                "editable": false,
                "size": 47929,
                "mode": "hosted",
                "is_external": false,
                "external_type": "",
                "is_public": true,
                "public_url_shared": false,
                "display_as_bot": false,
                "username": "",
                "url_private": "https:\/\/files.slack.com\/files-pri\/T01RBRV5F7H-F01UR1YMZ36\/control_panel_daft_ber_2021-03_-_project_groups.pdf?t=xoxe-1861879185255-2047593969042-2053756158948-4cf6552631c579c36efd5d2fd242de30",
                "url_private_download": "https:\/\/files.slack.com\/files-pri\/T01RBRV5F7H-F01UR1YMZ36\/download\/control_panel_daft_ber_2021-03_-_project_groups.pdf?t=xoxe-1861879185255-2047593969042-2053756158948-4cf6552631c579c36efd5d2fd242de30",
                "thumb_pdf": "https:\/\/files.slack.com\/files-tmb\/T01RBRV5F7H-F01UR1YMZ36-5ca2cba3ea\/control_panel_daft_ber_2021-03_-_project_groups_thumb_pdf.png?t=xoxe-1861879185255-2047593969042-2053756158948-4cf6552631c579c36efd5d2fd242de30",
                "thumb_pdf_w": 909,
                "thumb_pdf_h": 1286,
                "permalink": "https:\/\/data-ft-ber-03-2021.slack.com\/files\/U01SJKB2MG8\/F01UR1YMZ36\/control_panel_daft_ber_2021-03_-_project_groups.pdf",
                "permalink_public": "https:\/\/slack-files.com\/T01RBRV5F7H-F01UR1YMZ36-f7ee4ad936",
                "is_starred": false,
                "has_rich_preview": false
            }
        ],
        "upload": false,
        "blocks": [
            {
                "type": "rich_text",
                "block_id": "=aF",
                "elements": [
                    {
                        "type": "rich_text_section",
                        "elements": [
                            {
                                "type": "broadcast",
                                "range": "channel"
                            },
                            {
                                "type": "text",
                                "text": ",\nthe groups for next week's projects"
                            }
                        ]
                    }
                ]
            }
        ],
        "user": "U01SJKB2MG8",
        "display_as_bot": false,
        "ts": "1618577258.004900",
        "reactions": [
            {
                "name": "raised_hands",
                "users": [
                    "U01RSRE0N3D",
                    "U01S0MFJ3HR",
                    "U01RXCQHMHT",
                    "U01S7BM4N81",
                    "U01SK96QF5E"
                ],
                "count": 5
            }
        ]
    },
    {
        "client_msg_id": "33896cc8-5c96-4bd3-8c77-f8c5dc767be4",
        "type": "message",
        "text": "<!channel>,\nre: github, the :github: github lecture can be found <https:\/\/www.notion.so\/ironhack\/a19c60daecc2460396bfd3e2f32ccd34?v=c9cfed266f074df580579b93192d0b96|on Notion>, it's the second linked video, <https:\/\/ironhack.zoom.us\/rec\/play\/eX0eVeWTu3kbxxXEzSVCJTHoZBowZ1XHhcKGLZdeTDONbMyXLyoIY1GGS-JoterXOnDtwagb2iUQ-lqh.sKs4u3EyzrkpU_Zl?startTime=1616418141000|here> . I would say, you guys check that first, and in case there are still open questions, you can still as me or Kosta for more in-depth git explanations",
        "user": "U01SJKB2MG8",
        "ts": "1618577865.007600",
        "team": "T01RBRV5F7H",
        "user_team": "T01RBRV5F7H",
        "source_team": "T01RBRV5F7H",
        "user_profile": {
            "avatar_hash": "88fa894fdb53",
            "image_72": "https:\/\/avatars.slack-edge.com\/2021-03-19\/1885033153332_88fa894fdb5366452adf_72.jpg",
            "first_name": "Florian",
            "real_name": "Florian Titze",
            "display_name": "Flo Titze",
            "team": "T01RBRV5F7H",
            "name": "florian.titze",
            "is_restricted": false,
            "is_ultra_restricted": false
        },
        "edited": {
            "user": "U01SJKB2MG8",
            "ts": "1618577906.000000"
        },
        "blocks": [
            {
                "type": "rich_text",
                "block_id": "YaWd5",
                "elements": [
                    {
                        "type": "rich_text_section",
                        "elements": [
                            {
                                "type": "broadcast",
                                "range": "channel"
                            },
                            {
                                "type": "text",
                                "text": ",\nre: github, the "
                            },
                            {
                                "type": "emoji",
                                "name": "github"
                            },
                            {
                                "type": "text",
                                "text": " github lecture can be found "
                            },
                            {
                                "type": "link",
                                "url": "https:\/\/www.notion.so\/ironhack\/a19c60daecc2460396bfd3e2f32ccd34?v=c9cfed266f074df580579b93192d0b96",
                                "text": "on Notion"
                            },
                            {
                                "type": "text",
                                "text": ", it's the second linked video, "
                            },
                            {
                                "type": "link",
                                "url": "https:\/\/ironhack.zoom.us\/rec\/play\/eX0eVeWTu3kbxxXEzSVCJTHoZBowZ1XHhcKGLZdeTDONbMyXLyoIY1GGS-JoterXOnDtwagb2iUQ-lqh.sKs4u3EyzrkpU_Zl?startTime=1616418141000",
                                "text": "here"
                            },
                            {
                                "type": "text",
                                "text": " . I would say, you guys check that first, and in case there are still open questions, you can still as me or Kosta for more in-depth git explanations"
                            }
                        ]
                    }
                ]
            }
        ],
        "thread_ts": "1618577865.007600",
        "reply_count": 1,
        "reply_users_count": 1,
        "latest_reply": "1618588386.015000",
        "reply_users": [
            "U01RW140HBP"
        ],
        "replies": [
            {
                "user": "U01RW140HBP",
                "ts": "1618588386.015000"
            }
        ],
        "is_locked": false,
        "subscribed": false
    },
    {
        "client_msg_id": "8ccef520-8b90-49a9-80f9-0d74f6afd37a",
        "type": "message",
        "text": "those ‘gifts’ i shared with you are now on github here <https:\/\/github.com\/student-IH-labs-and-stuff\/BER-DAFT-MAR21\/tree\/main\/Project\/midbootcamp>",
        "user": "U01RW140HBP",
        "ts": "1618578549.008400",
        "team": "T01RBRV5F7H",
        "user_team": "T01RBRV5F7H",
        "source_team": "T01RBRV5F7H",
        "user_profile": {
            "avatar_hash": "4c43a3a8d10b",
            "image_72": "https:\/\/avatars.slack-edge.com\/2021-03-21\/1895736308209_4c43a3a8d10bc2fe5e13_72.png",
            "first_name": "siand",
            "real_name": "siand the LT (she\/her)",
            "display_name": "siand the LT (she\/her)",
            "team": "T01RBRV5F7H",
            "name": "sian.davies",
            "is_restricted": false,
            "is_ultra_restricted": false
        },
        "blocks": [
            {
                "type": "rich_text",
                "block_id": "Z49b",
                "elements": [
                    {
                        "type": "rich_text_section",
                        "elements": [
                            {
                                "type": "text",
                                "text": "those ‘gifts’ i shared with you are now on github here "
                            },
                            {
                                "type": "link",
                                "url": "https:\/\/github.com\/student-IH-labs-and-stuff\/BER-DAFT-MAR21\/tree\/main\/Project\/midbootcamp"
                            }
                        ]
                    }
                ]
            }
        ]
    },
    {
        "client_msg_id": "5dbedbd8-053e-4e29-9984-50d80b93f29c",
        "type": "message",
        "text": "<!channel> what about taking a 5 min coffee break after katas and doing the weekly survey!??!! yes please!",
        "user": "U01RW140HBP",
        "ts": "1618581219.009300",
        "team": "T01RBRV5F7H",
        "user_team": "T01RBRV5F7H",
        "source_team": "T01RBRV5F7H",
        "user_profile": {
            "avatar_hash": "4c43a3a8d10b",
            "image_72": "https:\/\/avatars.slack-edge.com\/2021-03-21\/1895736308209_4c43a3a8d10bc2fe5e13_72.png",
            "first_name": "siand",
            "real_name": "siand the LT (she\/her)",
            "display_name": "siand the LT (she\/her)",
            "team": "T01RBRV5F7H",
            "name": "sian.davies",
            "is_restricted": false,
            "is_ultra_restricted": false
        },
        "blocks": [
            {
                "type": "rich_text",
                "block_id": "Sni",
                "elements": [
                    {
                        "type": "rich_text_section",
                        "elements": [
                            {
                                "type": "broadcast",
                                "range": "channel"
                            },
                            {
                                "type": "text",
                                "text": " what about taking a 5 min coffee break after katas and doing the weekly survey!??!! yes please!"
                            }
                        ]
                    }
                ]
            }
        ],
        "reactions": [
            {
                "name": "white_check_mark",
                "users": [
                    "U01S7BM4N81",
                    "U01RN7BVD1C"
                ],
                "count": 2
            }
        ]
    },
    {
        "type": "message",
        "text": "",
        "files": [
            {
                "id": "F01URA42TRA",
                "created": 1618581257,
                "timestamp": 1618581257,
                "name": "Screenshot_2021-04-16 Sum of digits digital root - Jupyter Notebook.png",
                "title": "Screenshot_2021-04-16 Sum of digits digital root - Jupyter Notebook.png",
                "mimetype": "image\/png",
                "filetype": "png",
                "pretty_type": "PNG",
                "user": "U01SJKB2MG8",
                "editable": false,
                "size": 63650,
                "mode": "hosted",
                "is_external": false,
                "external_type": "",
                "is_public": true,
                "public_url_shared": false,
                "display_as_bot": false,
                "username": "",
                "url_private": "https:\/\/files.slack.com\/files-pri\/T01RBRV5F7H-F01URA42TRA\/screenshot_2021-04-16_sum_of_digits_digital_root_-_jupyter_notebook.png?t=xoxe-1861879185255-2047593969042-2053756158948-4cf6552631c579c36efd5d2fd242de30",
                "url_private_download": "https:\/\/files.slack.com\/files-pri\/T01RBRV5F7H-F01URA42TRA\/download\/screenshot_2021-04-16_sum_of_digits_digital_root_-_jupyter_notebook.png?t=xoxe-1861879185255-2047593969042-2053756158948-4cf6552631c579c36efd5d2fd242de30",
                "thumb_64": "https:\/\/files.slack.com\/files-tmb\/T01RBRV5F7H-F01URA42TRA-a595b08f27\/screenshot_2021-04-16_sum_of_digits_digital_root_-_jupyter_notebook_64.png?t=xoxe-1861879185255-2047593969042-2053756158948-4cf6552631c579c36efd5d2fd242de30",
                "thumb_80": "https:\/\/files.slack.com\/files-tmb\/T01RBRV5F7H-F01URA42TRA-a595b08f27\/screenshot_2021-04-16_sum_of_digits_digital_root_-_jupyter_notebook_80.png?t=xoxe-1861879185255-2047593969042-2053756158948-4cf6552631c579c36efd5d2fd242de30",
                "thumb_360": "https:\/\/files.slack.com\/files-tmb\/T01RBRV5F7H-F01URA42TRA-a595b08f27\/screenshot_2021-04-16_sum_of_digits_digital_root_-_jupyter_notebook_360.png?t=xoxe-1861879185255-2047593969042-2053756158948-4cf6552631c579c36efd5d2fd242de30",
                "thumb_360_w": 360,
                "thumb_360_h": 288,
                "thumb_480": "https:\/\/files.slack.com\/files-tmb\/T01RBRV5F7H-F01URA42TRA-a595b08f27\/screenshot_2021-04-16_sum_of_digits_digital_root_-_jupyter_notebook_480.png?t=xoxe-1861879185255-2047593969042-2053756158948-4cf6552631c579c36efd5d2fd242de30",
                "thumb_480_w": 480,
                "thumb_480_h": 383,
                "thumb_160": "https:\/\/files.slack.com\/files-tmb\/T01RBRV5F7H-F01URA42TRA-a595b08f27\/screenshot_2021-04-16_sum_of_digits_digital_root_-_jupyter_notebook_160.png?t=xoxe-1861879185255-2047593969042-2053756158948-4cf6552631c579c36efd5d2fd242de30",
                "thumb_720": "https:\/\/files.slack.com\/files-tmb\/T01RBRV5F7H-F01URA42TRA-a595b08f27\/screenshot_2021-04-16_sum_of_digits_digital_root_-_jupyter_notebook_720.png?t=xoxe-1861879185255-2047593969042-2053756158948-4cf6552631c579c36efd5d2fd242de30",
                "thumb_720_w": 720,
                "thumb_720_h": 575,
                "thumb_800": "https:\/\/files.slack.com\/files-tmb\/T01RBRV5F7H-F01URA42TRA-a595b08f27\/screenshot_2021-04-16_sum_of_digits_digital_root_-_jupyter_notebook_800.png?t=xoxe-1861879185255-2047593969042-2053756158948-4cf6552631c579c36efd5d2fd242de30",
                "thumb_800_w": 800,
                "thumb_800_h": 639,
                "original_w": 919,
                "original_h": 734,
                "thumb_tiny": "AwAmADDQKjPQflThn\/IpCSOlAagBefajn2oBzRmgA59qDnB6UZoJ4NACYz7UBR7UEZpBx60AOxRSZ9jS0AFB6GikPQ0AISDScD1pKKAHbhS7hTKKAH7hSFhg02g9DQB\/\/9k=",
                "permalink": "https:\/\/data-ft-ber-03-2021.slack.com\/files\/U01SJKB2MG8\/F01URA42TRA\/screenshot_2021-04-16_sum_of_digits_digital_root_-_jupyter_notebook.png",
                "permalink_public": "https:\/\/slack-files.com\/T01RBRV5F7H-F01URA42TRA-776fd1dfb2",
                "is_starred": false,
                "has_rich_preview": false
            }
        ],
        "upload": false,
        "user": "U01SJKB2MG8",
        "display_as_bot": false,
        "ts": "1618581265.009500",
        "reactions": [
            {
                "name": "+1",
                "users": [
                    "U01S79YDELR"
                ],
                "count": 1
            }
        ]
    },
    {
        "client_msg_id": "69f80e2e-364d-4019-bf28-393bdec0602f",
        "type": "message",
        "text": "<!channel>,\nand try this in a \"how do you eat an elephant? bite by bite\"-way.... so, first think of the case\n```493193  --&gt;  4 + 9 + 3 + 1 + 9 + 3 = 29```\nand only after that think about building the iteration",
        "user": "U01SJKB2MG8",
        "ts": "1618581561.011100",
        "team": "T01RBRV5F7H",
        "user_team": "T01RBRV5F7H",
        "source_team": "T01RBRV5F7H",
        "user_profile": {
            "avatar_hash": "88fa894fdb53",
            "image_72": "https:\/\/avatars.slack-edge.com\/2021-03-19\/1885033153332_88fa894fdb5366452adf_72.jpg",
            "first_name": "Florian",
            "real_name": "Florian Titze",
            "display_name": "Flo Titze",
            "team": "T01RBRV5F7H",
            "name": "florian.titze",
            "is_restricted": false,
            "is_ultra_restricted": false
        },
        "edited": {
            "user": "U01SJKB2MG8",
            "ts": "1618581591.000000"
        },
        "blocks": [
            {
                "type": "rich_text",
                "block_id": "mTZ",
                "elements": [
                    {
                        "type": "rich_text_section",
                        "elements": [
                            {
                                "type": "broadcast",
                                "range": "channel"
                            },
                            {
                                "type": "text",
                                "text": ",\nand try this in a \"how do you eat an elephant? bite by bite\"-way.... so, first think of the case\n"
                            }
                        ]
                    },
                    {
                        "type": "rich_text_preformatted",
                        "elements": [
                            {
                                "type": "text",
                                "text": "493193  -->  4 + 9 + 3 + 1 + 9 + 3 = 29"
                            }
                        ]
                    },
                    {
                        "type": "rich_text_section",
                        "elements": [
                            {
                                "type": "text",
                                "text": "and only after that think about building the iteration"
                            }
                        ]
                    }
                ]
            }
        ]
    },
    {
        "client_msg_id": "21e01ae3-7fda-42c3-abaf-c4eae76ccad3",
        "type": "message",
        "text": "stand up groups for next week - 10 am monday for the first call with your mentor in the teaching team  - we will let you know which break out rooms to go to first thing monday morning",
        "user": "U01RW140HBP",
        "ts": "1618586709.012500",
        "team": "T01RBRV5F7H",
        "user_team": "T01RBRV5F7H",
        "source_team": "T01RBRV5F7H",
        "user_profile": {
            "avatar_hash": "4c43a3a8d10b",
            "image_72": "https:\/\/avatars.slack-edge.com\/2021-03-21\/1895736308209_4c43a3a8d10bc2fe5e13_72.png",
            "first_name": "siand",
            "real_name": "siand the LT (she\/her)",
            "display_name": "siand the LT (she\/her)",
            "team": "T01RBRV5F7H",
            "name": "sian.davies",
            "is_restricted": false,
            "is_ultra_restricted": false
        },
        "blocks": [
            {
                "type": "rich_text",
                "block_id": "g9QI",
                "elements": [
                    {
                        "type": "rich_text_section",
                        "elements": [
                            {
                                "type": "text",
                                "text": "stand up groups for next week - 10 am monday for the first call with your mentor in the teaching team  - we will let you know which break out rooms to go to first thing monday morning"
                            }
                        ]
                    }
                ]
            }
        ],
        "reactions": [
            {
                "name": "+1",
                "users": [
                    "U01SK96QF5E"
                ],
                "count": 1
            }
        ]
    },
    {
        "client_msg_id": "a0d2cb5d-9be7-47be-85e2-fbd854548c20",
        "type": "message",
        "text": "oooh I have a quick bonus suggestion for groups working together on github next week :  consider working with gitkraken - check this page out for demos of how to use it and it even INCLUDES a kanban board :slightly_smiling_face:  <https:\/\/www.gitkraken.com\/teacher-resources>\nGit kraken is a much more visual way of interacting with github via a colourful front end user interface\n<https:\/\/www.gitkraken.com\/>",
        "user": "U01RW140HBP",
        "ts": "1618588386.015000",
        "team": "T01RBRV5F7H",
        "user_team": "T01RBRV5F7H",
        "source_team": "T01RBRV5F7H",
        "user_profile": {
            "avatar_hash": "4c43a3a8d10b",
            "image_72": "https:\/\/avatars.slack-edge.com\/2021-03-21\/1895736308209_4c43a3a8d10bc2fe5e13_72.png",
            "first_name": "siand",
            "real_name": "siand the LT (she\/her)",
            "display_name": "siand the LT (she\/her)",
            "team": "T01RBRV5F7H",
            "name": "sian.davies",
            "is_restricted": false,
            "is_ultra_restricted": false
        },
        "attachments": [
            {
                "service_name": "GitKraken.com",
                "title": "Free Git Client for Teachers &amp; Schools | GitKraken",
                "title_link": "https:\/\/www.gitkraken.com\/teacher-resources",
                "text": "For teachers and educational institutions, we have two free offerings: GitKraken Pro for teachers and GitKraken Stand-Alone for campus computers. Request your free licenses, and don't forget to take advantage of our free tutorial videos and cheat sheets for teaching Git!",
                "fallback": "GitKraken.com: Free Git Client for Teachers &amp; Schools | GitKraken",
                "image_url": "https:\/\/www.gitkraken.com\/img\/og\/teacher-og.jpg",
                "from_url": "https:\/\/www.gitkraken.com\/teacher-resources",
                "image_width": 476,
                "image_height": 250,
                "image_bytes": 145565,
                "service_icon": "https:\/\/www.gitkraken.com\/apple-touch-icon-57x57.png",
                "id": 1,
                "original_url": "https:\/\/www.gitkraken.com\/teacher-resources"
            },
            {
                "service_name": "GitKraken.com",
                "title": "Free Git GUI for Windows, Mac, Linux | GitKraken",
                "title_link": "https:\/\/www.gitkraken.com\/",
                "text": "Unleash GitKraken, the free Git GUI for Windows, Mac &amp; Linux! This intuitive Git GUI simplifies and streamlines Git processes.",
                "fallback": "GitKraken.com: Free Git GUI for Windows, Mac, Linux | GitKraken",
                "image_url": "https:\/\/www.gitkraken.com\/img\/og\/og-git-client.png",
                "from_url": "https:\/\/www.gitkraken.com\/",
                "image_width": 476,
                "image_height": 250,
                "image_bytes": 122527,
                "service_icon": "https:\/\/www.gitkraken.com\/apple-touch-icon-57x57.png",
                "id": 2,
                "original_url": "https:\/\/www.gitkraken.com\/"
            }
        ],
        "blocks": [
            {
                "type": "rich_text",
                "block_id": "c2HO9",
                "elements": [
                    {
                        "type": "rich_text_section",
                        "elements": [
                            {
                                "type": "text",
                                "text": "oooh I have a quick bonus suggestion for groups working together on github next week :  consider working with gitkraken - check this page out for demos of how to use it and it even INCLUDES a kanban board "
                            },
                            {
                                "type": "emoji",
                                "name": "slightly_smiling_face"
                            },
                            {
                                "type": "text",
                                "text": "  "
                            },
                            {
                                "type": "link",
                                "url": "https:\/\/www.gitkraken.com\/teacher-resources"
                            },
                            {
                                "type": "text",
                                "text": "\nGit kraken is a much more visual way of interacting with github via a colourful front end user interface\n"
                            },
                            {
                                "type": "link",
                                "url": "https:\/\/www.gitkraken.com\/"
                            }
                        ]
                    }
                ]
            }
        ],
        "thread_ts": "1618577865.007600",
        "parent_user_id": "U01SJKB2MG8"
    },
    {
        "client_msg_id": "4a83097d-aca1-4506-b498-eb64d734b162",
        "type": "message",
        "text": "morning, folks. What was the Repo-sample for our project?",
        "user": "U01S79YDELR",
        "ts": "1618637806.016300",
        "team": "T01RBRV5F7H",
        "user_team": "T01RBRV5F7H",
        "source_team": "T01RBRV5F7H",
        "user_profile": {
            "avatar_hash": "606def897de6",
            "image_72": "https:\/\/avatars.slack-edge.com\/2021-03-22\/1910932493456_606def897de66681d932_72.jpg",
            "first_name": "",
            "real_name": "Karina Condeixa",
            "display_name": "Karina Condeixa",
            "team": "T01RBRV5F7H",
            "name": "karina.condeixa",
            "is_restricted": false,
            "is_ultra_restricted": false
        },
        "blocks": [
            {
                "type": "rich_text",
                "block_id": "ZkP=",
                "elements": [
                    {
                        "type": "rich_text_section",
                        "elements": [
                            {
                                "type": "text",
                                "text": "morning, folks. What was the Repo-sample for our project?"
                            }
                        ]
                    }
                ]
            }
        ],
        "thread_ts": "1618637806.016300",
        "reply_count": 4,
        "reply_users_count": 3,
        "latest_reply": "1618663437.022500",
        "reply_users": [
            "U01RW2X7S9Z",
            "U01S7KCL3DF",
            "U01S79YDELR"
        ],
        "replies": [
            {
                "user": "U01RW2X7S9Z",
                "ts": "1618643483.016400"
            },
            {
                "user": "U01RW2X7S9Z",
                "ts": "1618643490.016600"
            },
            {
                "user": "U01S7KCL3DF",
                "ts": "1618644147.016800"
            },
            {
                "user": "U01S79YDELR",
                "ts": "1618663437.022500"
            }
        ],
        "is_locked": false,
        "subscribed": false
    }
]