[
    {
        "client_msg_id": "ffebe658-e036-4e19-ad77-6fdeb92d411a",
        "type": "message",
        "text": "as you said the films are rented multiple times- because the query includes rental dates, there will be multiple copies of inventory id returned in the results. to group up to the inventory id level you must use a group by + aggregation. try aggregating using MAX  or MIN rental date - whatever makes more sense for your query, and group by inventory_id",
        "user": "U01RW140HBP",
        "ts": "1618212048.043500",
        "team": "T01RBRV5F7H",
        "user_team": "T01RBRV5F7H",
        "source_team": "T01RBRV5F7H",
        "user_profile": {
            "avatar_hash": "4c43a3a8d10b",
            "image_72": "https:\/\/avatars.slack-edge.com\/2021-03-21\/1895736308209_4c43a3a8d10bc2fe5e13_72.png",
            "first_name": "siand",
            "real_name": "siand the LT (she\/her)",
            "display_name": "siand the LT (she\/her)",
            "team": "T01RBRV5F7H",
            "name": "sian.davies",
            "is_restricted": false,
            "is_ultra_restricted": false
        },
        "blocks": [
            {
                "type": "rich_text",
                "block_id": "RdV",
                "elements": [
                    {
                        "type": "rich_text_section",
                        "elements": [
                            {
                                "type": "text",
                                "text": "as you said the films are rented multiple times- because the query includes rental dates, there will be multiple copies of inventory id returned in the results. to group up to the inventory id level you must use a group by + aggregation. try aggregating using MAX  or MIN rental date - whatever makes more sense for your query, and group by inventory_id"
                            }
                        ]
                    }
                ]
            }
        ],
        "thread_ts": "1618141446.037900",
        "parent_user_id": "U01S7KCL3DF",
        "reactions": [
            {
                "name": "raised_hands",
                "users": [
                    "U01S7BM4N81",
                    "U01S7KCL3DF"
                ],
                "count": 2
            }
        ]
    },
    {
        "client_msg_id": "cc9b8041-5ce9-4e6a-92c7-632ddec06071",
        "type": "message",
        "text": "would need to see the code youre using to create the chart!",
        "user": "U01RW140HBP",
        "ts": "1618212284.043800",
        "team": "T01RBRV5F7H",
        "user_team": "T01RBRV5F7H",
        "source_team": "T01RBRV5F7H",
        "user_profile": {
            "avatar_hash": "4c43a3a8d10b",
            "image_72": "https:\/\/avatars.slack-edge.com\/2021-03-21\/1895736308209_4c43a3a8d10bc2fe5e13_72.png",
            "first_name": "siand",
            "real_name": "siand the LT (she\/her)",
            "display_name": "siand the LT (she\/her)",
            "team": "T01RBRV5F7H",
            "name": "sian.davies",
            "is_restricted": false,
            "is_ultra_restricted": false
        },
        "blocks": [
            {
                "type": "rich_text",
                "block_id": "cyt",
                "elements": [
                    {
                        "type": "rich_text_section",
                        "elements": [
                            {
                                "type": "text",
                                "text": "would need to see the code youre using to create the chart!"
                            }
                        ]
                    }
                ]
            }
        ],
        "thread_ts": "1617980537.026800",
        "parent_user_id": "U01S7KCL3DF"
    },
    {
        "client_msg_id": "b6019450-868a-4e27-8c95-aae8882f2b90",
        "type": "message",
        "text": "me too :wink:",
        "user": "U01S133DZ9A",
        "ts": "1618215488.044200",
        "team": "T01RBRV5F7H",
        "user_team": "T01RBRV5F7H",
        "source_team": "T01RBRV5F7H",
        "user_profile": {
            "avatar_hash": "adb8b81e55b5",
            "image_72": "https:\/\/avatars.slack-edge.com\/2021-03-23\/1887337161925_adb8b81e55b5ac488cf1_72.jpg",
            "first_name": "Simon",
            "real_name": "Simon Data",
            "display_name": "Simon Data",
            "team": "T01RBRV5F7H",
            "name": "simples707data",
            "is_restricted": false,
            "is_ultra_restricted": false
        },
        "blocks": [
            {
                "type": "rich_text",
                "block_id": "VJR",
                "elements": [
                    {
                        "type": "rich_text_section",
                        "elements": [
                            {
                                "type": "text",
                                "text": "me too "
                            },
                            {
                                "type": "emoji",
                                "name": "wink"
                            }
                        ]
                    }
                ]
            }
        ],
        "thread_ts": "1617973715.008600",
        "parent_user_id": "U01RKN0EGDV"
    },
    {
        "client_msg_id": "c6335330-41f0-4c53-99b4-594acb62df6b",
        "type": "message",
        "text": ":man-shrugging:",
        "user": "U01S133DZ9A",
        "ts": "1618215540.044400",
        "team": "T01RBRV5F7H",
        "user_team": "T01RBRV5F7H",
        "source_team": "T01RBRV5F7H",
        "user_profile": {
            "avatar_hash": "adb8b81e55b5",
            "image_72": "https:\/\/avatars.slack-edge.com\/2021-03-23\/1887337161925_adb8b81e55b5ac488cf1_72.jpg",
            "first_name": "Simon",
            "real_name": "Simon Data",
            "display_name": "Simon Data",
            "team": "T01RBRV5F7H",
            "name": "simples707data",
            "is_restricted": false,
            "is_ultra_restricted": false
        },
        "blocks": [
            {
                "type": "rich_text",
                "block_id": "jp8",
                "elements": [
                    {
                        "type": "rich_text_section",
                        "elements": [
                            {
                                "type": "emoji",
                                "name": "man-shrugging"
                            }
                        ]
                    }
                ]
            }
        ],
        "thread_ts": "1617973715.008600",
        "parent_user_id": "U01RKN0EGDV"
    },
    {
        "client_msg_id": "6e12059f-66b1-41ad-bfc2-41c320633535",
        "type": "message",
        "text": "sorry about that i think the mariadb database is not as stable as I thought (even though its in nz, and they can normally be trusted to be steady people!)\njust to check your connection string and engine looks like\n*engine = create_engine(“<mysql+pymysql:\/\/guest>:<mailto:relational@relational.fit.cvut.cz|relational@relational.fit.cvut.cz>\/stats?charset=utf8mb4”)*",
        "user": "U01RW140HBP",
        "ts": "1618220279.044600",
        "team": "T01RBRV5F7H",
        "user_team": "T01RBRV5F7H",
        "source_team": "T01RBRV5F7H",
        "user_profile": {
            "avatar_hash": "4c43a3a8d10b",
            "image_72": "https:\/\/avatars.slack-edge.com\/2021-03-21\/1895736308209_4c43a3a8d10bc2fe5e13_72.png",
            "first_name": "siand",
            "real_name": "siand the LT (she\/her)",
            "display_name": "siand the LT (she\/her)",
            "team": "T01RBRV5F7H",
            "name": "sian.davies",
            "is_restricted": false,
            "is_ultra_restricted": false
        },
        "blocks": [
            {
                "type": "rich_text",
                "block_id": "bsJa",
                "elements": [
                    {
                        "type": "rich_text_section",
                        "elements": [
                            {
                                "type": "text",
                                "text": "sorry about that i think the mariadb database is not as stable as I thought (even though its in nz, and they can normally be trusted to be steady people!)\njust to check your connection string and engine looks like\n"
                            },
                            {
                                "type": "text",
                                "text": "engine = create_engine(“",
                                "style": {
                                    "bold": true
                                }
                            },
                            {
                                "type": "link",
                                "url": "mysql+pymysql:\/\/guest",
                                "style": {
                                    "bold": true
                                }
                            },
                            {
                                "type": "text",
                                "text": ":",
                                "style": {
                                    "bold": true
                                }
                            },
                            {
                                "type": "link",
                                "url": "mailto:relational@relational.fit.cvut.cz",
                                "text": "relational@relational.fit.cvut.cz",
                                "style": {
                                    "bold": true
                                }
                            },
                            {
                                "type": "text",
                                "text": "\/stats?charset=utf8mb4”)",
                                "style": {
                                    "bold": true
                                }
                            }
                        ]
                    }
                ]
            }
        ],
        "thread_ts": "1617973715.008600",
        "parent_user_id": "U01RKN0EGDV"
    },
    {
        "client_msg_id": "c8ab9e0e-2f85-493f-9913-9a49aa0288c6",
        "type": "message",
        "text": "otherwise, a localhost mysql connection is a good alternative :slightly_smiling_face:",
        "user": "U01RW140HBP",
        "ts": "1618220299.044800",
        "team": "T01RBRV5F7H",
        "user_team": "T01RBRV5F7H",
        "source_team": "T01RBRV5F7H",
        "user_profile": {
            "avatar_hash": "4c43a3a8d10b",
            "image_72": "https:\/\/avatars.slack-edge.com\/2021-03-21\/1895736308209_4c43a3a8d10bc2fe5e13_72.png",
            "first_name": "siand",
            "real_name": "siand the LT (she\/her)",
            "display_name": "siand the LT (she\/her)",
            "team": "T01RBRV5F7H",
            "name": "sian.davies",
            "is_restricted": false,
            "is_ultra_restricted": false
        },
        "blocks": [
            {
                "type": "rich_text",
                "block_id": "FvD",
                "elements": [
                    {
                        "type": "rich_text_section",
                        "elements": [
                            {
                                "type": "text",
                                "text": "otherwise, a localhost mysql connection is a good alternative "
                            },
                            {
                                "type": "emoji",
                                "name": "slightly_smiling_face"
                            }
                        ]
                    }
                ]
            }
        ],
        "thread_ts": "1617973715.008600",
        "parent_user_id": "U01RKN0EGDV"
    },
    {
        "client_msg_id": "7da3a8c6-f970-4990-becb-d55a43b4ba22",
        "type": "message",
        "text": "Does anybody else want to cover this section in a break out room later? this bit (optional): Create a merged dataframe with your queries Take into account that you will need some additional steps to enable merging.",
        "user": "U01RS9Y6UJH",
        "ts": "1618220586.045900",
        "team": "T01RBRV5F7H",
        "user_team": "T01RBRV5F7H",
        "source_team": "T01RBRV5F7H",
        "user_profile": {
            "avatar_hash": "g7e6abc9bdfa",
            "image_72": "https:\/\/secure.gravatar.com\/avatar\/0b6817bbfcc61df49d13ad0519e4d67e.jpg?s=72&d=https%3A%2F%2Fa.slack-edge.com%2Fdf10d%2Fimg%2Favatars%2Fava_0024-72.png",
            "first_name": "",
            "real_name": "Neil Corteen",
            "display_name": "",
            "team": "T01RBRV5F7H",
            "name": "neilcorteen",
            "is_restricted": false,
            "is_ultra_restricted": false
        },
        "blocks": [
            {
                "type": "rich_text",
                "block_id": "ny9A",
                "elements": [
                    {
                        "type": "rich_text_section",
                        "elements": [
                            {
                                "type": "text",
                                "text": "Does anybody else want to cover this section in a break out room later? this bit (optional): Create a merged dataframe with your queries Take into account that you will need some additional steps to enable merging."
                            }
                        ]
                    }
                ]
            }
        ]
    },
    {
        "client_msg_id": "d84ad76a-1772-4a2a-9554-6ea99084107c",
        "type": "message",
        "text": "ah yes, attempting the histogram task\n\n`df.hist(figsize = (15,20))`",
        "user": "U01S7KCL3DF",
        "ts": "1618225457.046000",
        "team": "T01RBRV5F7H",
        "user_team": "T01RBRV5F7H",
        "source_team": "T01RBRV5F7H",
        "user_profile": {
            "avatar_hash": "17b52091bb62",
            "image_72": "https:\/\/avatars.slack-edge.com\/2021-03-19\/1875964347925_17b52091bb62c2340b4c_72.png",
            "first_name": "Sam",
            "real_name": "Sam Katterfield",
            "display_name": "Sam",
            "team": "T01RBRV5F7H",
            "name": "samkatterfield",
            "is_restricted": false,
            "is_ultra_restricted": false
        },
        "blocks": [
            {
                "type": "rich_text",
                "block_id": "NHx",
                "elements": [
                    {
                        "type": "rich_text_section",
                        "elements": [
                            {
                                "type": "text",
                                "text": "ah yes, attempting the histogram task\n\n"
                            },
                            {
                                "type": "text",
                                "text": "df.hist(figsize = (15,20))",
                                "style": {
                                    "code": true
                                }
                            }
                        ]
                    }
                ]
            }
        ],
        "thread_ts": "1617980537.026800",
        "parent_user_id": "U01S7KCL3DF"
    },
    {
        "type": "message",
        "text": "just earnings per city... i guess the outliers are the highest\/lowest earners.... in the middle do they pile up on top of each other if the earnings value is exactly the same for more than one city?",
        "files": [
            {
                "id": "F01TZUSJEG3",
                "created": 1618225475,
                "timestamp": 1618225475,
                "name": "Screenshot 2021-04-12 at 13.03.55.png",
                "title": "Screenshot 2021-04-12 at 13.03.55.png",
                "mimetype": "image\/png",
                "filetype": "png",
                "pretty_type": "PNG",
                "user": "U01S7KCL3DF",
                "editable": false,
                "size": 53551,
                "mode": "hosted",
                "is_external": false,
                "external_type": "",
                "is_public": true,
                "public_url_shared": false,
                "display_as_bot": false,
                "username": "",
                "url_private": "https:\/\/files.slack.com\/files-pri\/T01RBRV5F7H-F01TZUSJEG3\/screenshot_2021-04-12_at_13.03.55.png?t=xoxe-1861879185255-2047593969042-2053756158948-4cf6552631c579c36efd5d2fd242de30",
                "url_private_download": "https:\/\/files.slack.com\/files-pri\/T01RBRV5F7H-F01TZUSJEG3\/download\/screenshot_2021-04-12_at_13.03.55.png?t=xoxe-1861879185255-2047593969042-2053756158948-4cf6552631c579c36efd5d2fd242de30",
                "thumb_64": "https:\/\/files.slack.com\/files-tmb\/T01RBRV5F7H-F01TZUSJEG3-31677f842d\/screenshot_2021-04-12_at_13.03.55_64.png?t=xoxe-1861879185255-2047593969042-2053756158948-4cf6552631c579c36efd5d2fd242de30",
                "thumb_80": "https:\/\/files.slack.com\/files-tmb\/T01RBRV5F7H-F01TZUSJEG3-31677f842d\/screenshot_2021-04-12_at_13.03.55_80.png?t=xoxe-1861879185255-2047593969042-2053756158948-4cf6552631c579c36efd5d2fd242de30",
                "thumb_360": "https:\/\/files.slack.com\/files-tmb\/T01RBRV5F7H-F01TZUSJEG3-31677f842d\/screenshot_2021-04-12_at_13.03.55_360.png?t=xoxe-1861879185255-2047593969042-2053756158948-4cf6552631c579c36efd5d2fd242de30",
                "thumb_360_w": 231,
                "thumb_360_h": 360,
                "thumb_480": "https:\/\/files.slack.com\/files-tmb\/T01RBRV5F7H-F01TZUSJEG3-31677f842d\/screenshot_2021-04-12_at_13.03.55_480.png?t=xoxe-1861879185255-2047593969042-2053756158948-4cf6552631c579c36efd5d2fd242de30",
                "thumb_480_w": 308,
                "thumb_480_h": 480,
                "thumb_160": "https:\/\/files.slack.com\/files-tmb\/T01RBRV5F7H-F01TZUSJEG3-31677f842d\/screenshot_2021-04-12_at_13.03.55_160.png?t=xoxe-1861879185255-2047593969042-2053756158948-4cf6552631c579c36efd5d2fd242de30",
                "original_w": 438,
                "original_h": 682,
                "thumb_tiny": "AwAwAB7TpjbiMYP4cU+mMCf4M8+tAACwAG0mlQHnII+ppNvAO3nHTNKgxn5cfjmgB1MKk\/wA89zTz0qMM2zPyZz68UADLwPkU4Hr0pyDA+6B9DRnAGSKFJOc4\/CgBx6VEp\/djmPr26VKelMCvtxkZ+lACHJUHKEY705On8P\/AAGgh+MMPypVBH3iD9BQB\/\/Z",
                "permalink": "https:\/\/data-ft-ber-03-2021.slack.com\/files\/U01S7KCL3DF\/F01TZUSJEG3\/screenshot_2021-04-12_at_13.03.55.png",
                "permalink_public": "https:\/\/slack-files.com\/T01RBRV5F7H-F01TZUSJEG3-08ab813931",
                "is_starred": false,
                "has_rich_preview": false
            }
        ],
        "upload": false,
        "blocks": [
            {
                "type": "rich_text",
                "block_id": "DWL4",
                "elements": [
                    {
                        "type": "rich_text_section",
                        "elements": [
                            {
                                "type": "text",
                                "text": "just earnings per city... i guess the outliers are the highest\/lowest earners.... in the middle do they pile up on top of each other if the earnings value is exactly the same for more than one city?"
                            }
                        ]
                    }
                ]
            }
        ],
        "user": "U01S7KCL3DF",
        "display_as_bot": false,
        "ts": "1618225545.046200",
        "thread_ts": "1617980537.026800",
        "parent_user_id": "U01S7KCL3DF"
    },
    {
        "client_msg_id": "e4a50c65-8e44-42b5-93ae-de13bcf0e003",
        "type": "message",
        "text": "Thanks! will maybe have a go this afternoon",
        "user": "U01S7KCL3DF",
        "ts": "1618225574.046500",
        "team": "T01RBRV5F7H",
        "user_team": "T01RBRV5F7H",
        "source_team": "T01RBRV5F7H",
        "user_profile": {
            "avatar_hash": "17b52091bb62",
            "image_72": "https:\/\/avatars.slack-edge.com\/2021-03-19\/1875964347925_17b52091bb62c2340b4c_72.png",
            "first_name": "Sam",
            "real_name": "Sam Katterfield",
            "display_name": "Sam",
            "team": "T01RBRV5F7H",
            "name": "samkatterfield",
            "is_restricted": false,
            "is_ultra_restricted": false
        },
        "blocks": [
            {
                "type": "rich_text",
                "block_id": "96+F\/",
                "elements": [
                    {
                        "type": "rich_text_section",
                        "elements": [
                            {
                                "type": "text",
                                "text": "Thanks! will maybe have a go this afternoon"
                            }
                        ]
                    }
                ]
            }
        ],
        "thread_ts": "1618141446.037900",
        "parent_user_id": "U01S7KCL3DF"
    },
    {
        "client_msg_id": "07450332-1ff8-4055-bf0f-3cf39f7bb5c7",
        "type": "message",
        "text": "okydoky!",
        "user": "U01RW140HBP",
        "ts": "1618225817.046700",
        "team": "T01RBRV5F7H",
        "user_team": "T01RBRV5F7H",
        "source_team": "T01RBRV5F7H",
        "user_profile": {
            "avatar_hash": "4c43a3a8d10b",
            "image_72": "https:\/\/avatars.slack-edge.com\/2021-03-21\/1895736308209_4c43a3a8d10bc2fe5e13_72.png",
            "first_name": "siand",
            "real_name": "siand the LT (she\/her)",
            "display_name": "siand the LT (she\/her)",
            "team": "T01RBRV5F7H",
            "name": "sian.davies",
            "is_restricted": false,
            "is_ultra_restricted": false
        },
        "blocks": [
            {
                "type": "rich_text",
                "block_id": "u4d",
                "elements": [
                    {
                        "type": "rich_text_section",
                        "elements": [
                            {
                                "type": "text",
                                "text": "okydoky!"
                            }
                        ]
                    }
                ]
            }
        ],
        "thread_ts": "1618141446.037900",
        "parent_user_id": "U01S7KCL3DF"
    },
    {
        "client_msg_id": "6806c409-7e44-493c-9a32-fe03f1c38fb5",
        "type": "message",
        "text": "so a granular histogram is just counting the unique values… you would only see a count of more than 1 (ie a bar above average length) where the same exact value was replicated across multiple cities. I wonder if thats likely in this data set ?\nmost of the time in the histograms created in python you are systematically ‘binning’ the data points, as in grouping up the values into buckets, so you should see a bar in your histogram which covers similar values, ie the first bar might account for  all the values between 50 and 58, and the next bar would be all values between 58 and 66 .. try experimenting with the bin size as this might help it make more visual sense to you\n<https:\/\/pandas.pydata.org\/docs\/reference\/api\/pandas.DataFrame.hist.html>\neg --&gt; df.hist(bins=8)",
        "user": "U01RW140HBP",
        "ts": "1618226174.046900",
        "team": "T01RBRV5F7H",
        "user_team": "T01RBRV5F7H",
        "source_team": "T01RBRV5F7H",
        "user_profile": {
            "avatar_hash": "4c43a3a8d10b",
            "image_72": "https:\/\/avatars.slack-edge.com\/2021-03-21\/1895736308209_4c43a3a8d10bc2fe5e13_72.png",
            "first_name": "siand",
            "real_name": "siand the LT (she\/her)",
            "display_name": "siand the LT (she\/her)",
            "team": "T01RBRV5F7H",
            "name": "sian.davies",
            "is_restricted": false,
            "is_ultra_restricted": false
        },
        "blocks": [
            {
                "type": "rich_text",
                "block_id": "gle",
                "elements": [
                    {
                        "type": "rich_text_section",
                        "elements": [
                            {
                                "type": "text",
                                "text": "so a granular histogram is just counting the unique values… you would only see a count of more than 1 (ie a bar above average length) where the same exact value was replicated across multiple cities. I wonder if thats likely in this data set ?\nmost of the time in the histograms created in python you are systematically ‘binning’ the data points, as in grouping up the values into buckets, so you should see a bar in your histogram which covers similar values, ie the first bar might account for  all the values between 50 and 58, and the next bar would be all values between 58 and 66 .. try experimenting with the bin size as this might help it make more visual sense to you\n"
                            },
                            {
                                "type": "link",
                                "url": "https:\/\/pandas.pydata.org\/docs\/reference\/api\/pandas.DataFrame.hist.html"
                            },
                            {
                                "type": "text",
                                "text": "\neg --> df.hist(bins=8)"
                            }
                        ]
                    }
                ]
            }
        ],
        "thread_ts": "1617980537.026800",
        "parent_user_id": "U01S7KCL3DF",
        "reactions": [
            {
                "name": "+1",
                "users": [
                    "U01S7KCL3DF"
                ],
                "count": 1
            }
        ]
    },
    {
        "client_msg_id": "f72de5c0-cbcc-475c-9852-78a92c3a7b03",
        "type": "message",
        "text": "Thanks Thamo! indeed that was the reason, sorted out later",
        "user": "U01RP2K1606",
        "ts": "1618226677.047100",
        "team": "T01RBRV5F7H",
        "user_team": "T01RBRV5F7H",
        "source_team": "T01RBRV5F7H",
        "user_profile": {
            "avatar_hash": "cf57933e3b00",
            "image_72": "https:\/\/avatars.slack-edge.com\/2021-03-19\/1880079302355_cf57933e3b00451b4617_72.png",
            "first_name": "",
            "real_name": "Jalal Karimov",
            "display_name": "Jalal Karimov",
            "team": "T01RBRV5F7H",
            "name": "jalalkrmv",
            "is_restricted": false,
            "is_ultra_restricted": false
        },
        "blocks": [
            {
                "type": "rich_text",
                "block_id": "WzS1",
                "elements": [
                    {
                        "type": "rich_text_section",
                        "elements": [
                            {
                                "type": "text",
                                "text": "Thanks Thamo! indeed that was the reason, sorted out later"
                            }
                        ]
                    }
                ]
            }
        ],
        "thread_ts": "1618148129.040700",
        "parent_user_id": "U01RP2K1606"
    },
    {
        "client_msg_id": "f84fd6dc-39f4-4a84-9a4f-900228eb1c13",
        "type": "message",
        "text": "if i change the bin size i still get all this in the middle :thinking_face:  ... not sure what 20, 40, 60, 80 etc on the y axis refers to",
        "user": "U01S7KCL3DF",
        "ts": "1618241525.047400",
        "team": "T01RBRV5F7H",
        "user_team": "T01RBRV5F7H",
        "source_team": "T01RBRV5F7H",
        "user_profile": {
            "avatar_hash": "17b52091bb62",
            "image_72": "https:\/\/avatars.slack-edge.com\/2021-03-19\/1875964347925_17b52091bb62c2340b4c_72.png",
            "first_name": "Sam",
            "real_name": "Sam Katterfield",
            "display_name": "Sam",
            "team": "T01RBRV5F7H",
            "name": "samkatterfield",
            "is_restricted": false,
            "is_ultra_restricted": false
        },
        "blocks": [
            {
                "type": "rich_text",
                "block_id": "2n4",
                "elements": [
                    {
                        "type": "rich_text_section",
                        "elements": [
                            {
                                "type": "text",
                                "text": "if i change the bin size i still get all this in the middle "
                            },
                            {
                                "type": "emoji",
                                "name": "thinking_face"
                            },
                            {
                                "type": "text",
                                "text": "  ... not sure what 20, 40, 60, 80 etc on the y axis refers to"
                            }
                        ]
                    }
                ]
            }
        ],
        "thread_ts": "1617980537.026800",
        "parent_user_id": "U01S7KCL3DF"
    },
    {
        "client_msg_id": "d9b2e87c-1149-45d5-a174-2188a67c9728",
        "type": "message",
        "text": "send me your jupyter notebook ? ill check it out myself so i can a answer :slightly_smiling_face:",
        "user": "U01RW140HBP",
        "ts": "1618245182.047600",
        "team": "T01RBRV5F7H",
        "user_team": "T01RBRV5F7H",
        "source_team": "T01RBRV5F7H",
        "user_profile": {
            "avatar_hash": "4c43a3a8d10b",
            "image_72": "https:\/\/avatars.slack-edge.com\/2021-03-21\/1895736308209_4c43a3a8d10bc2fe5e13_72.png",
            "first_name": "siand",
            "real_name": "siand the LT (she\/her)",
            "display_name": "siand the LT (she\/her)",
            "team": "T01RBRV5F7H",
            "name": "sian.davies",
            "is_restricted": false,
            "is_ultra_restricted": false
        },
        "blocks": [
            {
                "type": "rich_text",
                "block_id": "\/ePg",
                "elements": [
                    {
                        "type": "rich_text_section",
                        "elements": [
                            {
                                "type": "text",
                                "text": "send me your jupyter notebook ? ill check it out myself so i can a answer "
                            },
                            {
                                "type": "emoji",
                                "name": "slightly_smiling_face"
                            }
                        ]
                    }
                ]
            }
        ],
        "thread_ts": "1617980537.026800",
        "parent_user_id": "U01S7KCL3DF"
    },
    {
        "client_msg_id": "0e1756d2-7884-440b-b2b2-8b93de680399",
        "type": "message",
        "text": "or we can jump on a breakout room and go through it tomorrow afternoon if you like ?",
        "user": "U01RW140HBP",
        "ts": "1618245205.047800",
        "team": "T01RBRV5F7H",
        "user_team": "T01RBRV5F7H",
        "source_team": "T01RBRV5F7H",
        "user_profile": {
            "avatar_hash": "4c43a3a8d10b",
            "image_72": "https:\/\/avatars.slack-edge.com\/2021-03-21\/1895736308209_4c43a3a8d10bc2fe5e13_72.png",
            "first_name": "siand",
            "real_name": "siand the LT (she\/her)",
            "display_name": "siand the LT (she\/her)",
            "team": "T01RBRV5F7H",
            "name": "sian.davies",
            "is_restricted": false,
            "is_ultra_restricted": false
        },
        "blocks": [
            {
                "type": "rich_text",
                "block_id": "zko5+",
                "elements": [
                    {
                        "type": "rich_text_section",
                        "elements": [
                            {
                                "type": "text",
                                "text": "or we can jump on a breakout room and go through it tomorrow afternoon if you like ?"
                            }
                        ]
                    }
                ]
            }
        ],
        "thread_ts": "1617980537.026800",
        "parent_user_id": "U01S7KCL3DF"
    },
    {
        "client_msg_id": "9cb91260-6d50-49d9-a1f4-c8c800d4c059",
        "type": "message",
        "text": "yea sounds good! either way... i was going to submit this with the tableau link in a box someplace",
        "user": "U01S7KCL3DF",
        "ts": "1618246198.048000",
        "team": "T01RBRV5F7H",
        "user_team": "T01RBRV5F7H",
        "source_team": "T01RBRV5F7H",
        "user_profile": {
            "avatar_hash": "17b52091bb62",
            "image_72": "https:\/\/avatars.slack-edge.com\/2021-03-19\/1875964347925_17b52091bb62c2340b4c_72.png",
            "first_name": "Sam",
            "real_name": "Sam Katterfield",
            "display_name": "Sam",
            "team": "T01RBRV5F7H",
            "name": "samkatterfield",
            "is_restricted": false,
            "is_ultra_restricted": false
        },
        "blocks": [
            {
                "type": "rich_text",
                "block_id": "gHm0h",
                "elements": [
                    {
                        "type": "rich_text_section",
                        "elements": [
                            {
                                "type": "text",
                                "text": "yea sounds good! either way... i was going to submit this with the tableau link in a box someplace"
                            }
                        ]
                    }
                ]
            }
        ],
        "thread_ts": "1617980537.026800",
        "parent_user_id": "U01S7KCL3DF"
    }
]