[
    {
        "client_msg_id": "ed9c1400-a11c-4659-b8cb-2c6cc671a32a",
        "type": "message",
        "text": "Today I wrote the lab so if anything is unclear (i am sorry!!) but also thread here, ill fix it straightaway",
        "user": "U01RW140HBP",
        "ts": "1620642552.000900",
        "team": "T01RBRV5F7H",
        "user_team": "T01RBRV5F7H",
        "source_team": "T01RBRV5F7H",
        "user_profile": {
            "avatar_hash": "4c43a3a8d10b",
            "image_72": "https:\/\/avatars.slack-edge.com\/2021-03-21\/1895736308209_4c43a3a8d10bc2fe5e13_72.png",
            "first_name": "siand",
            "real_name": "siand the LT (she\/her)",
            "display_name": "siand the LT (she\/her)",
            "team": "T01RBRV5F7H",
            "name": "sian.davies",
            "is_restricted": false,
            "is_ultra_restricted": false
        },
        "blocks": [
            {
                "type": "rich_text",
                "block_id": "TVuvZ",
                "elements": [
                    {
                        "type": "rich_text_section",
                        "elements": [
                            {
                                "type": "text",
                                "text": "Today I wrote the lab so if anything is unclear (i am sorry!!) but also thread here, ill fix it straightaway"
                            }
                        ]
                    }
                ]
            }
        ]
    }
]