[
    {
        "type": "message",
        "text": "",
        "files": [
            {
                "id": "F01V60FB9A8",
                "created": 1619007416,
                "timestamp": 1619007416,
                "name": "Bildschirmfoto 2021-04-21 um 14.16.53.png",
                "title": "Bildschirmfoto 2021-04-21 um 14.16.53.png",
                "mimetype": "image\/png",
                "filetype": "png",
                "pretty_type": "PNG",
                "user": "U01S7BM4N81",
                "editable": false,
                "size": 288325,
                "mode": "hosted",
                "is_external": false,
                "external_type": "",
                "is_public": true,
                "public_url_shared": false,
                "display_as_bot": false,
                "username": "",
                "url_private": "https:\/\/files.slack.com\/files-pri\/T01RBRV5F7H-F01V60FB9A8\/bildschirmfoto_2021-04-21_um_14.16.53.png?t=xoxe-1861879185255-2047593969042-2053756158948-4cf6552631c579c36efd5d2fd242de30",
                "url_private_download": "https:\/\/files.slack.com\/files-pri\/T01RBRV5F7H-F01V60FB9A8\/download\/bildschirmfoto_2021-04-21_um_14.16.53.png?t=xoxe-1861879185255-2047593969042-2053756158948-4cf6552631c579c36efd5d2fd242de30",
                "thumb_64": "https:\/\/files.slack.com\/files-tmb\/T01RBRV5F7H-F01V60FB9A8-e1b36396ff\/bildschirmfoto_2021-04-21_um_14.16.53_64.png?t=xoxe-1861879185255-2047593969042-2053756158948-4cf6552631c579c36efd5d2fd242de30",
                "thumb_80": "https:\/\/files.slack.com\/files-tmb\/T01RBRV5F7H-F01V60FB9A8-e1b36396ff\/bildschirmfoto_2021-04-21_um_14.16.53_80.png?t=xoxe-1861879185255-2047593969042-2053756158948-4cf6552631c579c36efd5d2fd242de30",
                "thumb_360": "https:\/\/files.slack.com\/files-tmb\/T01RBRV5F7H-F01V60FB9A8-e1b36396ff\/bildschirmfoto_2021-04-21_um_14.16.53_360.png?t=xoxe-1861879185255-2047593969042-2053756158948-4cf6552631c579c36efd5d2fd242de30",
                "thumb_360_w": 360,
                "thumb_360_h": 261,
                "thumb_480": "https:\/\/files.slack.com\/files-tmb\/T01RBRV5F7H-F01V60FB9A8-e1b36396ff\/bildschirmfoto_2021-04-21_um_14.16.53_480.png?t=xoxe-1861879185255-2047593969042-2053756158948-4cf6552631c579c36efd5d2fd242de30",
                "thumb_480_w": 480,
                "thumb_480_h": 348,
                "thumb_160": "https:\/\/files.slack.com\/files-tmb\/T01RBRV5F7H-F01V60FB9A8-e1b36396ff\/bildschirmfoto_2021-04-21_um_14.16.53_160.png?t=xoxe-1861879185255-2047593969042-2053756158948-4cf6552631c579c36efd5d2fd242de30",
                "original_w": 707,
                "original_h": 513,
                "thumb_tiny": "AwAiADBY7EOqt5zAkA4xxTzZLyDKc+y1at1HkRnA+6KUqSxIOOaAKn2FO8n\/AI7SmyTu\/wD47Vlsg88nFIRwOMUAVzYpgHcMf7tRNp6KjMJWO0E4xV7bgZz1qOUHynOONp\/lQBJCQttGT\/dFPBGfqazFuSMK2SF4AApwuxlcB1UAcAY5oA0ScMT7ClP3h9DVB7tTjyxIB3yOTTzeK4OUk6Y4FAFskNjvzTJgv2eQgfwntVRLoIn3ZCwHHHFJ9qPkurrISVx070AQLNIFAEjgY\/vGjzpf+ej\/APfRpg+6PpRQA\/zpf+er\/wDfRo86X\/nq\/wD30aZRQA\/zZP8Ano350jSybSN7dPWm0h6H6UAf\/9k=",
                "permalink": "https:\/\/data-ft-ber-03-2021.slack.com\/files\/U01S7BM4N81\/F01V60FB9A8\/bildschirmfoto_2021-04-21_um_14.16.53.png",
                "permalink_public": "https:\/\/slack-files.com\/T01RBRV5F7H-F01V60FB9A8-cfccfd0eb9",
                "is_starred": false,
                "has_rich_preview": false
            }
        ],
        "upload": false,
        "user": "U01S7BM4N81",
        "display_as_bot": false,
        "ts": "1619007418.000100",
        "reactions": [
            {
                "name": "cat_confused",
                "users": [
                    "U01RP2K1606"
                ],
                "count": 1
            }
        ]
    },
    {
        "type": "message",
        "text": "",
        "files": [
            {
                "id": "F01V3C78YHH",
                "created": 1619070528,
                "timestamp": 1619070528,
                "name": "EzcW31LXIAAB5fo.jpeg",
                "title": "EzcW31LXIAAB5fo.jpeg",
                "mimetype": "image\/jpeg",
                "filetype": "jpg",
                "pretty_type": "JPEG",
                "user": "U01SJKB2MG8",
                "editable": false,
                "size": 74519,
                "mode": "hosted",
                "is_external": false,
                "external_type": "",
                "is_public": true,
                "public_url_shared": false,
                "display_as_bot": false,
                "username": "",
                "url_private": "https:\/\/files.slack.com\/files-pri\/T01RBRV5F7H-F01V3C78YHH\/ezcw31lxiaab5fo.jpeg?t=xoxe-1861879185255-2047593969042-2053756158948-4cf6552631c579c36efd5d2fd242de30",
                "url_private_download": "https:\/\/files.slack.com\/files-pri\/T01RBRV5F7H-F01V3C78YHH\/download\/ezcw31lxiaab5fo.jpeg?t=xoxe-1861879185255-2047593969042-2053756158948-4cf6552631c579c36efd5d2fd242de30",
                "thumb_64": "https:\/\/files.slack.com\/files-tmb\/T01RBRV5F7H-F01V3C78YHH-1febfbe06f\/ezcw31lxiaab5fo_64.jpg?t=xoxe-1861879185255-2047593969042-2053756158948-4cf6552631c579c36efd5d2fd242de30",
                "thumb_80": "https:\/\/files.slack.com\/files-tmb\/T01RBRV5F7H-F01V3C78YHH-1febfbe06f\/ezcw31lxiaab5fo_80.jpg?t=xoxe-1861879185255-2047593969042-2053756158948-4cf6552631c579c36efd5d2fd242de30",
                "thumb_360": "https:\/\/files.slack.com\/files-tmb\/T01RBRV5F7H-F01V3C78YHH-1febfbe06f\/ezcw31lxiaab5fo_360.jpg?t=xoxe-1861879185255-2047593969042-2053756158948-4cf6552631c579c36efd5d2fd242de30",
                "thumb_360_w": 360,
                "thumb_360_h": 357,
                "thumb_480": "https:\/\/files.slack.com\/files-tmb\/T01RBRV5F7H-F01V3C78YHH-1febfbe06f\/ezcw31lxiaab5fo_480.jpg?t=xoxe-1861879185255-2047593969042-2053756158948-4cf6552631c579c36efd5d2fd242de30",
                "thumb_480_w": 480,
                "thumb_480_h": 476,
                "thumb_160": "https:\/\/files.slack.com\/files-tmb\/T01RBRV5F7H-F01V3C78YHH-1febfbe06f\/ezcw31lxiaab5fo_160.jpg?t=xoxe-1861879185255-2047593969042-2053756158948-4cf6552631c579c36efd5d2fd242de30",
                "thumb_720": "https:\/\/files.slack.com\/files-tmb\/T01RBRV5F7H-F01V3C78YHH-1febfbe06f\/ezcw31lxiaab5fo_720.jpg?t=xoxe-1861879185255-2047593969042-2053756158948-4cf6552631c579c36efd5d2fd242de30",
                "thumb_720_w": 720,
                "thumb_720_h": 715,
                "thumb_800": "https:\/\/files.slack.com\/files-tmb\/T01RBRV5F7H-F01V3C78YHH-1febfbe06f\/ezcw31lxiaab5fo_800.jpg?t=xoxe-1861879185255-2047593969042-2053756158948-4cf6552631c579c36efd5d2fd242de30",
                "thumb_800_w": 800,
                "thumb_800_h": 794,
                "thumb_960": "https:\/\/files.slack.com\/files-tmb\/T01RBRV5F7H-F01V3C78YHH-1febfbe06f\/ezcw31lxiaab5fo_960.jpg?t=xoxe-1861879185255-2047593969042-2053756158948-4cf6552631c579c36efd5d2fd242de30",
                "thumb_960_w": 960,
                "thumb_960_h": 953,
                "thumb_1024": "https:\/\/files.slack.com\/files-tmb\/T01RBRV5F7H-F01V3C78YHH-1febfbe06f\/ezcw31lxiaab5fo_1024.jpg?t=xoxe-1861879185255-2047593969042-2053756158948-4cf6552631c579c36efd5d2fd242de30",
                "thumb_1024_w": 1024,
                "thumb_1024_h": 1016,
                "original_w": 1080,
                "original_h": 1072,
                "thumb_tiny": "AwAvADCJpAajlhd081RlQOajDE8CrIn2wshXDYIwD1qFoVuUw3+yPyq20gNUx1x3p5Y4qpaiQ50aUF0UlV6nFRhj\/dH5VdWTZa424JGMA9apY+bHvTiwaJdpV2DBhg8bRQchud4UDvjNTNJmo5YHkTzVGVA5qUym2LENzqOdpPzFsDimldrEEOMH+EcVCGPoPyq20mactBJkLZBH38DrnFPiAZ1BztJ5JxjFMeN5lMiKdq96iDH0H5U0JtjwSeBVsybYGBHJGMDvVb7rsrKx5\/hOKVlbIIV8DOfmFTYvQhA5xjmnEkjirEMZd1G1tpPJLDpUWNsjKQTzxg4pvUlIlWYpAUKYJGOMjNVQPmwB3qXa27OH2gf3hUkUbO6DawUn5skdKFoDP\/\/Z",
                "permalink": "https:\/\/data-ft-ber-03-2021.slack.com\/files\/U01SJKB2MG8\/F01V3C78YHH\/ezcw31lxiaab5fo.jpeg",
                "permalink_public": "https:\/\/slack-files.com\/T01RBRV5F7H-F01V3C78YHH-8c917045a7",
                "is_starred": false,
                "has_rich_preview": false
            }
        ],
        "upload": false,
        "blocks": [
            {
                "type": "rich_text",
                "block_id": "5j3p",
                "elements": [
                    {
                        "type": "rich_text_section",
                        "elements": []
                    }
                ]
            }
        ],
        "user": "U01SJKB2MG8",
        "display_as_bot": false,
        "ts": "1619070531.000100",
        "client_msg_id": "c825c0f5-8959-4493-b535-840e5e4a8c5c",
        "reactions": [
            {
                "name": "joy",
                "users": [
                    "U01RN7BVD1C",
                    "U01RKN0EGDV",
                    "U01RW2X7S9Z",
                    "U01S7BM4N81",
                    "U01SK96QF5E"
                ],
                "count": 5
            }
        ]
    }
]