[
    {
        "client_msg_id": "8069eb41-23be-4312-84c5-f300211d9c11",
        "type": "message",
        "text": "i guess we gotta include METALNESS into the features",
        "user": "U01RW2X7S9Z",
        "ts": "1620383505.000100",
        "team": "T01RBRV5F7H",
        "user_team": "T01RBRV5F7H",
        "source_team": "T01RBRV5F7H",
        "user_profile": {
            "avatar_hash": "7e12d75d168a",
            "image_72": "https:\/\/avatars.slack-edge.com\/2021-03-19\/1880105796643_7e12d75d168ae25c167d_72.jpg",
            "first_name": "Alexandre",
            "real_name": "Alexandre Sommerkamp",
            "display_name": "Alexandre Sommerkamp",
            "team": "T01RBRV5F7H",
            "name": "alex.c.skp",
            "is_restricted": false,
            "is_ultra_restricted": false
        },
        "blocks": [
            {
                "type": "rich_text",
                "block_id": "VkM",
                "elements": [
                    {
                        "type": "rich_text_section",
                        "elements": [
                            {
                                "type": "text",
                                "text": "i guess we gotta include METALNESS into the features"
                            }
                        ]
                    }
                ]
            }
        ],
        "thread_ts": "1620314518.006200",
        "parent_user_id": "U01S7BM4N81"
    },
    {
        "bot_id": "B01S7FSR36Y",
        "type": "message",
        "text": "metal",
        "user": "U01RW2X7S9Z",
        "ts": "1620383516.000400",
        "team": "T01RBRV5F7H",
        "bot_profile": {
            "id": "B01S7FSR36Y",
            "deleted": false,
            "name": "giphy",
            "updated": 1616421896,
            "app_id": "A0F827J2C",
            "icons": {
                "image_36": "https:\/\/a.slack-edge.com\/dc483\/img\/plugins\/giphy\/service_72.png",
                "image_48": "https:\/\/a.slack-edge.com\/dc483\/img\/plugins\/giphy\/service_48.png",
                "image_72": "https:\/\/a.slack-edge.com\/dc483\/img\/plugins\/giphy\/service_72.png"
            },
            "team_id": "T01RBRV5F7H"
        },
        "blocks": [
            {
                "type": "image",
                "block_id": "oAp",
                "image_url": "https:\/\/media2.giphy.com\/media\/gui67fZ3xIneM\/giphy.gif?cid=6104955e7e98580ff6ecd563a9c441b74e788ab2d9c68fd8&rid=giphy.gif&ct=g&cid=6104955e7e98580ff6ecd563a9c441b74e788ab2d9c68fd8&rid=giphy.gif&ct=g",
                "alt_text": "metal",
                "title": {
                    "type": "plain_text",
                    "text": "metal",
                    "emoji": true
                },
                "fallback": "500x284px image",
                "image_width": 500,
                "image_height": 284,
                "image_bytes": 345613,
                "is_animated": true
            },
            {
                "type": "context",
                "block_id": "ppTJR",
                "elements": [
                    {
                        "type": "image",
                        "image_url": "https:\/\/a.slack-edge.com\/dc483\/img\/plugins\/giphy\/service_32.png",
                        "alt_text": "giphy logo"
                    },
                    {
                        "type": "mrkdwn",
                        "text": "Posted using \/giphy",
                        "verbatim": false
                    }
                ]
            }
        ],
        "thread_ts": "1620314518.006200",
        "parent_user_id": "U01S7BM4N81",
        "reactions": [
            {
                "name": "raised_hands",
                "users": [
                    "U01S7BM4N81"
                ],
                "count": 1
            }
        ]
    },
    {
        "client_msg_id": "3c639809-e02d-4e6f-95c6-03dab66d3520",
        "type": "message",
        "text": "my 10k songs do not seem to be to metal heavy, so there is definetly bias there :smile:\nHow about your super large database?",
        "user": "U01S7BM4N81",
        "ts": "1620383955.000700",
        "team": "T01RBRV5F7H",
        "user_team": "T01RBRV5F7H",
        "source_team": "T01RBRV5F7H",
        "user_profile": {
            "avatar_hash": "2adfc641e87e",
            "image_72": "https:\/\/avatars.slack-edge.com\/2021-04-16\/1994438084416_2adfc641e87e3a953d9c_72.png",
            "first_name": "Thamo",
            "real_name": "Thamo",
            "display_name": "Thamo",
            "team": "T01RBRV5F7H",
            "name": "thamokoeper",
            "is_restricted": false,
            "is_ultra_restricted": false
        },
        "blocks": [
            {
                "type": "rich_text",
                "block_id": "B1Uqi",
                "elements": [
                    {
                        "type": "rich_text_section",
                        "elements": [
                            {
                                "type": "text",
                                "text": "my 10k songs do not seem to be to metal heavy, so there is definetly bias there "
                            },
                            {
                                "type": "emoji",
                                "name": "smile"
                            },
                            {
                                "type": "text",
                                "text": "\nHow about your super large database?"
                            }
                        ]
                    }
                ]
            }
        ],
        "thread_ts": "1620314518.006200",
        "parent_user_id": "U01S7BM4N81"
    },
    {
        "client_msg_id": "3bf4fa65-2355-4516-a5f1-a40d2f276e31",
        "type": "message",
        "text": "so-so i put parkway drive and got van halen in return so it's on the way there. I'm not using the supermassive one yet, as it just retrieved the track ids, and now is retrieving the features (12 more hours or so)",
        "user": "U01RW2X7S9Z",
        "ts": "1620385068.000900",
        "team": "T01RBRV5F7H",
        "user_team": "T01RBRV5F7H",
        "source_team": "T01RBRV5F7H",
        "user_profile": {
            "avatar_hash": "7e12d75d168a",
            "image_72": "https:\/\/avatars.slack-edge.com\/2021-03-19\/1880105796643_7e12d75d168ae25c167d_72.jpg",
            "first_name": "Alexandre",
            "real_name": "Alexandre Sommerkamp",
            "display_name": "Alexandre Sommerkamp",
            "team": "T01RBRV5F7H",
            "name": "alex.c.skp",
            "is_restricted": false,
            "is_ultra_restricted": false
        },
        "blocks": [
            {
                "type": "rich_text",
                "block_id": "FTKgm",
                "elements": [
                    {
                        "type": "rich_text_section",
                        "elements": [
                            {
                                "type": "text",
                                "text": "so-so i put parkway drive and got van halen in return so it's on the way there. I'm not using the supermassive one yet, as it just retrieved the track ids, and now is retrieving the features (12 more hours or so)"
                            }
                        ]
                    }
                ]
            }
        ],
        "thread_ts": "1620314518.006200",
        "parent_user_id": "U01S7BM4N81"
    },
    {
        "client_msg_id": "931bb042-97a0-4a72-85cb-c20c73f64a73",
        "type": "message",
        "text": "nice, hyped to see your model live later :fast_parrot:",
        "user": "U01S7BM4N81",
        "ts": "1620385160.001100",
        "team": "T01RBRV5F7H",
        "user_team": "T01RBRV5F7H",
        "source_team": "T01RBRV5F7H",
        "user_profile": {
            "avatar_hash": "2adfc641e87e",
            "image_72": "https:\/\/avatars.slack-edge.com\/2021-04-16\/1994438084416_2adfc641e87e3a953d9c_72.png",
            "first_name": "Thamo",
            "real_name": "Thamo",
            "display_name": "Thamo",
            "team": "T01RBRV5F7H",
            "name": "thamokoeper",
            "is_restricted": false,
            "is_ultra_restricted": false
        },
        "blocks": [
            {
                "type": "rich_text",
                "block_id": "fysjr",
                "elements": [
                    {
                        "type": "rich_text_section",
                        "elements": [
                            {
                                "type": "text",
                                "text": "nice, hyped to see your model live later "
                            },
                            {
                                "type": "emoji",
                                "name": "fast_parrot"
                            }
                        ]
                    }
                ]
            }
        ],
        "thread_ts": "1620314518.006200",
        "parent_user_id": "U01S7BM4N81"
    },
    {
        "type": "message",
        "text": "loving the buzzwords part :smile:",
        "files": [
            {
                "id": "F0217L2PT6W",
                "created": 1620388508,
                "timestamp": 1620388508,
                "name": "Bildschirmaufnahme 2021-05-07 um 13.53.46.mov",
                "title": "Bildschirmaufnahme 2021-05-07 um 13.53.46.mov",
                "mimetype": "video\/quicktime",
                "filetype": "mov",
                "pretty_type": "QuickTime Movie",
                "user": "U01S7BM4N81",
                "editable": false,
                "size": 23965327,
                "mode": "hosted",
                "is_external": false,
                "external_type": "",
                "is_public": true,
                "public_url_shared": false,
                "display_as_bot": false,
                "username": "",
                "url_private": "https:\/\/files.slack.com\/files-pri\/T01RBRV5F7H-F0217L2PT6W\/bildschirmaufnahme_2021-05-07_um_13.53.46.mov?t=xoxe-1861879185255-2047593969042-2053756158948-4cf6552631c579c36efd5d2fd242de30",
                "url_private_download": "https:\/\/files.slack.com\/files-pri\/T01RBRV5F7H-F0217L2PT6W\/download\/bildschirmaufnahme_2021-05-07_um_13.53.46.mov?t=xoxe-1861879185255-2047593969042-2053756158948-4cf6552631c579c36efd5d2fd242de30",
                "thumb_video": "https:\/\/files.slack.com\/files-tmb\/T01RBRV5F7H-F0217L2PT6W-13d5ed6d94\/bildschirmaufnahme_2021-05-07_um_13.53.46_thumb_video.jpeg?t=xoxe-1861879185255-2047593969042-2053756158948-4cf6552631c579c36efd5d2fd242de30",
                "permalink": "https:\/\/data-ft-ber-03-2021.slack.com\/files\/U01S7BM4N81\/F0217L2PT6W\/bildschirmaufnahme_2021-05-07_um_13.53.46.mov",
                "permalink_public": "https:\/\/slack-files.com\/T01RBRV5F7H-F0217L2PT6W-13b1e097bf",
                "is_starred": false,
                "has_rich_preview": false
            }
        ],
        "upload": false,
        "blocks": [
            {
                "type": "rich_text",
                "block_id": "5=jG",
                "elements": [
                    {
                        "type": "rich_text_section",
                        "elements": [
                            {
                                "type": "text",
                                "text": "loving the buzzwords part "
                            },
                            {
                                "type": "emoji",
                                "name": "smile"
                            }
                        ]
                    }
                ]
            }
        ],
        "user": "U01S7BM4N81",
        "display_as_bot": false,
        "ts": "1620388531.001500",
        "reactions": [
            {
                "name": "joy",
                "users": [
                    "U01RSRE0N3D"
                ],
                "count": 1
            }
        ]
    },
    {
        "type": "message",
        "text": "the future of watching videos",
        "files": [
            {
                "id": "F02115LN6DC",
                "created": 1620393329,
                "timestamp": 1620393329,
                "name": "IPython.jpeg",
                "title": "IPython.jpeg",
                "mimetype": "image\/jpeg",
                "filetype": "jpg",
                "pretty_type": "JPEG",
                "user": "U01RSRE0N3D",
                "editable": false,
                "size": 43454,
                "mode": "hosted",
                "is_external": false,
                "external_type": "",
                "is_public": true,
                "public_url_shared": false,
                "display_as_bot": false,
                "username": "",
                "url_private": "https:\/\/files.slack.com\/files-pri\/T01RBRV5F7H-F02115LN6DC\/ipython.jpeg?t=xoxe-1861879185255-2047593969042-2053756158948-4cf6552631c579c36efd5d2fd242de30",
                "url_private_download": "https:\/\/files.slack.com\/files-pri\/T01RBRV5F7H-F02115LN6DC\/download\/ipython.jpeg?t=xoxe-1861879185255-2047593969042-2053756158948-4cf6552631c579c36efd5d2fd242de30",
                "thumb_64": "https:\/\/files.slack.com\/files-tmb\/T01RBRV5F7H-F02115LN6DC-accc55ee33\/ipython_64.jpg?t=xoxe-1861879185255-2047593969042-2053756158948-4cf6552631c579c36efd5d2fd242de30",
                "thumb_80": "https:\/\/files.slack.com\/files-tmb\/T01RBRV5F7H-F02115LN6DC-accc55ee33\/ipython_80.jpg?t=xoxe-1861879185255-2047593969042-2053756158948-4cf6552631c579c36efd5d2fd242de30",
                "thumb_360": "https:\/\/files.slack.com\/files-tmb\/T01RBRV5F7H-F02115LN6DC-accc55ee33\/ipython_360.jpg?t=xoxe-1861879185255-2047593969042-2053756158948-4cf6552631c579c36efd5d2fd242de30",
                "thumb_360_w": 360,
                "thumb_360_h": 360,
                "thumb_480": "https:\/\/files.slack.com\/files-tmb\/T01RBRV5F7H-F02115LN6DC-accc55ee33\/ipython_480.jpg?t=xoxe-1861879185255-2047593969042-2053756158948-4cf6552631c579c36efd5d2fd242de30",
                "thumb_480_w": 480,
                "thumb_480_h": 480,
                "thumb_160": "https:\/\/files.slack.com\/files-tmb\/T01RBRV5F7H-F02115LN6DC-accc55ee33\/ipython_160.jpg?t=xoxe-1861879185255-2047593969042-2053756158948-4cf6552631c579c36efd5d2fd242de30",
                "original_w": 500,
                "original_h": 500,
                "thumb_tiny": "AwAwADBjuwcjOPSjzZAQcjH0pLjO\/g9qjDYjC96wS0N0i6p3KD61erKilIOO1aX7zPAXH1qqatciasPoqPMvon5mlHmZGQuO\/NamZmSI+TjJHXNQAHPStCopXC8Z5rmjN7G3MVR1rcrOQ7lByDWjWsHe5E3cKKMg96K0IKEj7Bx1qsUaQFjg05iWckg0KSIya5krHQ1ZDYcBwenatJpHViN0Y+p7VmZDEY7VsFVPUA\/hW0DOp0Kxx97Eec+tSRyu7YAQ+uD0qXao7D8qAoByAM\/SrMz\/2Q==",
                "permalink": "https:\/\/data-ft-ber-03-2021.slack.com\/files\/U01RSRE0N3D\/F02115LN6DC\/ipython.jpeg",
                "permalink_public": "https:\/\/slack-files.com\/T01RBRV5F7H-F02115LN6DC-910e2368d0",
                "is_starred": false,
                "has_rich_preview": false
            }
        ],
        "upload": false,
        "blocks": [
            {
                "type": "rich_text",
                "block_id": "tn8",
                "elements": [
                    {
                        "type": "rich_text_section",
                        "elements": [
                            {
                                "type": "text",
                                "text": "the future of watching videos"
                            }
                        ]
                    }
                ]
            }
        ],
        "user": "U01RSRE0N3D",
        "display_as_bot": false,
        "ts": "1620393338.002100",
        "thread_ts": "1620393338.002100",
        "reply_count": 2,
        "reply_users_count": 2,
        "latest_reply": "1620393923.003100",
        "reply_users": [
            "U01S7KCL3DF",
            "U01SJKB2MG8"
        ],
        "replies": [
            {
                "user": "U01S7KCL3DF",
                "ts": "1620393387.002400"
            },
            {
                "user": "U01SJKB2MG8",
                "ts": "1620393923.003100"
            }
        ],
        "is_locked": false,
        "subscribed": true,
        "last_read": "1620393923.003100",
        "reactions": [
            {
                "name": "rolling_on_the_floor_laughing",
                "users": [
                    "U01RKN0EGDV",
                    "U01RRV4JX6Z",
                    "U01S1CWGTU4",
                    "U01SK96QF5E"
                ],
                "count": 4
            }
        ]
    },
    {
        "type": "message",
        "text": "",
        "files": [
            {
                "id": "F021E3WPUCU",
                "created": 1620393382,
                "timestamp": 1620393382,
                "name": "image.png",
                "title": "image.png",
                "mimetype": "image\/png",
                "filetype": "png",
                "pretty_type": "PNG",
                "user": "U01S7KCL3DF",
                "editable": false,
                "size": 1065767,
                "mode": "hosted",
                "is_external": false,
                "external_type": "",
                "is_public": true,
                "public_url_shared": false,
                "display_as_bot": false,
                "username": "",
                "url_private": "https:\/\/files.slack.com\/files-pri\/T01RBRV5F7H-F021E3WPUCU\/image.png?t=xoxe-1861879185255-2047593969042-2053756158948-4cf6552631c579c36efd5d2fd242de30",
                "url_private_download": "https:\/\/files.slack.com\/files-pri\/T01RBRV5F7H-F021E3WPUCU\/download\/image.png?t=xoxe-1861879185255-2047593969042-2053756158948-4cf6552631c579c36efd5d2fd242de30",
                "thumb_64": "https:\/\/files.slack.com\/files-tmb\/T01RBRV5F7H-F021E3WPUCU-afabde3af0\/image_64.png?t=xoxe-1861879185255-2047593969042-2053756158948-4cf6552631c579c36efd5d2fd242de30",
                "thumb_80": "https:\/\/files.slack.com\/files-tmb\/T01RBRV5F7H-F021E3WPUCU-afabde3af0\/image_80.png?t=xoxe-1861879185255-2047593969042-2053756158948-4cf6552631c579c36efd5d2fd242de30",
                "thumb_360": "https:\/\/files.slack.com\/files-tmb\/T01RBRV5F7H-F021E3WPUCU-afabde3af0\/image_360.png?t=xoxe-1861879185255-2047593969042-2053756158948-4cf6552631c579c36efd5d2fd242de30",
                "thumb_360_w": 359,
                "thumb_360_h": 360,
                "thumb_480": "https:\/\/files.slack.com\/files-tmb\/T01RBRV5F7H-F021E3WPUCU-afabde3af0\/image_480.png?t=xoxe-1861879185255-2047593969042-2053756158948-4cf6552631c579c36efd5d2fd242de30",
                "thumb_480_w": 478,
                "thumb_480_h": 480,
                "thumb_160": "https:\/\/files.slack.com\/files-tmb\/T01RBRV5F7H-F021E3WPUCU-afabde3af0\/image_160.png?t=xoxe-1861879185255-2047593969042-2053756158948-4cf6552631c579c36efd5d2fd242de30",
                "thumb_720": "https:\/\/files.slack.com\/files-tmb\/T01RBRV5F7H-F021E3WPUCU-afabde3af0\/image_720.png?t=xoxe-1861879185255-2047593969042-2053756158948-4cf6552631c579c36efd5d2fd242de30",
                "thumb_720_w": 717,
                "thumb_720_h": 720,
                "thumb_800": "https:\/\/files.slack.com\/files-tmb\/T01RBRV5F7H-F021E3WPUCU-afabde3af0\/image_800.png?t=xoxe-1861879185255-2047593969042-2053756158948-4cf6552631c579c36efd5d2fd242de30",
                "thumb_800_w": 800,
                "thumb_800_h": 803,
                "thumb_960": "https:\/\/files.slack.com\/files-tmb\/T01RBRV5F7H-F021E3WPUCU-afabde3af0\/image_960.png?t=xoxe-1861879185255-2047593969042-2053756158948-4cf6552631c579c36efd5d2fd242de30",
                "thumb_960_w": 956,
                "thumb_960_h": 960,
                "original_w": 956,
                "original_h": 960,
                "thumb_tiny": "AwAwAC+ubeQL8zR+nIpfs7kA7ofyqacdG7elQ4D7h1IFZKTZaSHLZysQAYvripP7Om\/vQ\/lUlm3zAZ78VckLLzvCj3GauLb3JkrGf\/Z03rD+VI2mzMMboh9Aau+YSRiZfxWplBC\/Mcn1qhGbcYYAdxVcfJnB61aliLcjAPfmoPJYtwRjtzWMWrGug+1P+kRj3rQbchG+Xj\/dqlBC6zoeOD61o5b+7+taRaexEtyDzOcGUY\/3alQNwxfcvpjFOy3939aMt\/d\/WqJKE0gUYxk1WWUbs+ntShWlcnOMc80kimNhnFYJJaG1tbFyCRXcMpzirPnpnHJ+gqjZYWYDoSelaLhjjaQPrVwVrkSVmMM6jqG\/KlEykgYbkZHFBEv95aeM4561oQf\/2Q==",
                "permalink": "https:\/\/data-ft-ber-03-2021.slack.com\/files\/U01S7KCL3DF\/F021E3WPUCU\/image.png",
                "permalink_public": "https:\/\/slack-files.com\/T01RBRV5F7H-F021E3WPUCU-b0a9179add",
                "is_starred": false,
                "has_rich_preview": false
            }
        ],
        "upload": false,
        "user": "U01S7KCL3DF",
        "display_as_bot": false,
        "ts": "1620393387.002400",
        "thread_ts": "1620393338.002100",
        "parent_user_id": "U01RSRE0N3D",
        "reactions": [
            {
                "name": "joy",
                "users": [
                    "U01S7BM4N81",
                    "U01SJKB2MG8",
                    "U01RSRE0N3D",
                    "U01RKN0EGDV"
                ],
                "count": 4
            }
        ]
    },
    {
        "client_msg_id": "3a965b64-bb5b-4745-bf27-de231e0580f3",
        "type": "message",
        "text": "*adding that to our `data memes` image folder*\n\n:grin:",
        "user": "U01SJKB2MG8",
        "ts": "1620393923.003100",
        "team": "T01RBRV5F7H",
        "user_team": "T01RBRV5F7H",
        "source_team": "T01RBRV5F7H",
        "user_profile": {
            "avatar_hash": "88fa894fdb53",
            "image_72": "https:\/\/avatars.slack-edge.com\/2021-03-19\/1885033153332_88fa894fdb5366452adf_72.jpg",
            "first_name": "Florian",
            "real_name": "Florian Titze",
            "display_name": "Flo Titze",
            "team": "T01RBRV5F7H",
            "name": "florian.titze",
            "is_restricted": false,
            "is_ultra_restricted": false
        },
        "blocks": [
            {
                "type": "rich_text",
                "block_id": "a0CJ",
                "elements": [
                    {
                        "type": "rich_text_section",
                        "elements": [
                            {
                                "type": "text",
                                "text": "adding that to our ",
                                "style": {
                                    "bold": true
                                }
                            },
                            {
                                "type": "text",
                                "text": "data memes",
                                "style": {
                                    "bold": true,
                                    "code": true
                                }
                            },
                            {
                                "type": "text",
                                "text": " image folder",
                                "style": {
                                    "bold": true
                                }
                            },
                            {
                                "type": "text",
                                "text": "\n\n"
                            },
                            {
                                "type": "emoji",
                                "name": "grin"
                            }
                        ]
                    }
                ]
            }
        ],
        "thread_ts": "1620393338.002100",
        "parent_user_id": "U01RSRE0N3D"
    },
    {
        "type": "message",
        "text": "rofl",
        "files": [
            {
                "id": "F021E632DFE",
                "created": 1620394400,
                "timestamp": 1620394400,
                "name": "scraping latinas.jpeg",
                "title": "scraping latinas.jpeg",
                "mimetype": "image\/jpeg",
                "filetype": "jpg",
                "pretty_type": "JPEG",
                "user": "U01RSRE0N3D",
                "editable": false,
                "size": 47631,
                "mode": "hosted",
                "is_external": false,
                "external_type": "",
                "is_public": true,
                "public_url_shared": false,
                "display_as_bot": false,
                "username": "",
                "url_private": "https:\/\/files.slack.com\/files-pri\/T01RBRV5F7H-F021E632DFE\/scraping_latinas.jpeg?t=xoxe-1861879185255-2047593969042-2053756158948-4cf6552631c579c36efd5d2fd242de30",
                "url_private_download": "https:\/\/files.slack.com\/files-pri\/T01RBRV5F7H-F021E632DFE\/download\/scraping_latinas.jpeg?t=xoxe-1861879185255-2047593969042-2053756158948-4cf6552631c579c36efd5d2fd242de30",
                "thumb_64": "https:\/\/files.slack.com\/files-tmb\/T01RBRV5F7H-F021E632DFE-65bc0c5882\/scraping_latinas_64.jpg?t=xoxe-1861879185255-2047593969042-2053756158948-4cf6552631c579c36efd5d2fd242de30",
                "thumb_80": "https:\/\/files.slack.com\/files-tmb\/T01RBRV5F7H-F021E632DFE-65bc0c5882\/scraping_latinas_80.jpg?t=xoxe-1861879185255-2047593969042-2053756158948-4cf6552631c579c36efd5d2fd242de30",
                "thumb_360": "https:\/\/files.slack.com\/files-tmb\/T01RBRV5F7H-F021E632DFE-65bc0c5882\/scraping_latinas_360.jpg?t=xoxe-1861879185255-2047593969042-2053756158948-4cf6552631c579c36efd5d2fd242de30",
                "thumb_360_w": 360,
                "thumb_360_h": 360,
                "thumb_480": "https:\/\/files.slack.com\/files-tmb\/T01RBRV5F7H-F021E632DFE-65bc0c5882\/scraping_latinas_480.jpg?t=xoxe-1861879185255-2047593969042-2053756158948-4cf6552631c579c36efd5d2fd242de30",
                "thumb_480_w": 480,
                "thumb_480_h": 480,
                "thumb_160": "https:\/\/files.slack.com\/files-tmb\/T01RBRV5F7H-F021E632DFE-65bc0c5882\/scraping_latinas_160.jpg?t=xoxe-1861879185255-2047593969042-2053756158948-4cf6552631c579c36efd5d2fd242de30",
                "original_w": 500,
                "original_h": 500,
                "thumb_tiny": "AwAwADBjuwcjOPSjzZAQcjH0pLjO\/g9qjDYjC96wS0N0i6p3KD61erKilIOO1X5JEJ27iGUjtmqpq1yJqxNRVMeXnPmuT9KmikTAUMSSe4rUzM+RHycZI65qAA56VoVFK4XjPNc0ZvY25iqOtbe0dcDNZ6HcoOQa0a1g73Im7jfLTOdo\/Kl2KSDtGR0paK0IKEj7Bx1qsUaQFjg05iWckg0KSIya5krHQ1ZDYcBwenatB41VyS5G7J4rOyGIx2rYwCOQDW0DOp0KgKkkiVse4p8ShyDHIxAPOasbV9B+VKAB0AFWZn\/\/2Q==",
                "permalink": "https:\/\/data-ft-ber-03-2021.slack.com\/files\/U01RSRE0N3D\/F021E632DFE\/scraping_latinas.jpeg",
                "permalink_public": "https:\/\/slack-files.com\/T01RBRV5F7H-F021E632DFE-b1c6b49250",
                "is_starred": false,
                "has_rich_preview": false
            }
        ],
        "upload": false,
        "blocks": [
            {
                "type": "rich_text",
                "block_id": "5nR6",
                "elements": [
                    {
                        "type": "rich_text_section",
                        "elements": [
                            {
                                "type": "text",
                                "text": "rofl"
                            }
                        ]
                    }
                ]
            }
        ],
        "user": "U01RSRE0N3D",
        "display_as_bot": false,
        "ts": "1620394407.003600",
        "edited": {
            "user": "U01RSRE0N3D",
            "ts": "1620394428.000000"
        },
        "reactions": [
            {
                "name": "woozy_face",
                "users": [
                    "U01RN7BVD1C"
                ],
                "count": 1
            },
            {
                "name": "scraping_latinas",
                "users": [
                    "U01S7BM4N81",
                    "U01RSRE0N3D",
                    "U01S1CWGTU4"
                ],
                "count": 3
            }
        ]
    },
    {
        "client_msg_id": "626134aa-6396-4240-b502-6a2669779855",
        "type": "message",
        "text": ":scraping_latinas:",
        "user": "U01S7BM4N81",
        "ts": "1620394502.004400",
        "team": "T01RBRV5F7H",
        "user_team": "T01RBRV5F7H",
        "source_team": "T01RBRV5F7H",
        "user_profile": {
            "avatar_hash": "2adfc641e87e",
            "image_72": "https:\/\/avatars.slack-edge.com\/2021-04-16\/1994438084416_2adfc641e87e3a953d9c_72.png",
            "first_name": "Thamo",
            "real_name": "Thamo",
            "display_name": "Thamo",
            "team": "T01RBRV5F7H",
            "name": "thamokoeper",
            "is_restricted": false,
            "is_ultra_restricted": false
        },
        "blocks": [
            {
                "type": "rich_text",
                "block_id": "3mz",
                "elements": [
                    {
                        "type": "rich_text_section",
                        "elements": [
                            {
                                "type": "emoji",
                                "name": "scraping_latinas"
                            }
                        ]
                    }
                ]
            }
        ],
        "reactions": [
            {
                "name": "raised_hands",
                "users": [
                    "U01RW140HBP",
                    "U01RSRE0N3D",
                    "U01S1CWGTU4",
                    "U01S7KCL3DF"
                ],
                "count": 4
            }
        ]
    },
    {
        "type": "message",
        "text": "fun fact, Calle 13 made an album about Antonio and his crew :ese:",
        "files": [
            {
                "id": "F0211A2H78E",
                "created": 1620395423,
                "timestamp": 1620395423,
                "name": "image.png",
                "title": "image.png",
                "mimetype": "image\/png",
                "filetype": "png",
                "pretty_type": "PNG",
                "user": "U01S7KCL3DF",
                "editable": false,
                "size": 1331691,
                "mode": "hosted",
                "is_external": false,
                "external_type": "",
                "is_public": true,
                "public_url_shared": false,
                "display_as_bot": false,
                "username": "",
                "url_private": "https:\/\/files.slack.com\/files-pri\/T01RBRV5F7H-F0211A2H78E\/image.png?t=xoxe-1861879185255-2047593969042-2053756158948-4cf6552631c579c36efd5d2fd242de30",
                "url_private_download": "https:\/\/files.slack.com\/files-pri\/T01RBRV5F7H-F0211A2H78E\/download\/image.png?t=xoxe-1861879185255-2047593969042-2053756158948-4cf6552631c579c36efd5d2fd242de30",
                "thumb_64": "https:\/\/files.slack.com\/files-tmb\/T01RBRV5F7H-F0211A2H78E-dfea4a2907\/image_64.png?t=xoxe-1861879185255-2047593969042-2053756158948-4cf6552631c579c36efd5d2fd242de30",
                "thumb_80": "https:\/\/files.slack.com\/files-tmb\/T01RBRV5F7H-F0211A2H78E-dfea4a2907\/image_80.png?t=xoxe-1861879185255-2047593969042-2053756158948-4cf6552631c579c36efd5d2fd242de30",
                "thumb_360": "https:\/\/files.slack.com\/files-tmb\/T01RBRV5F7H-F0211A2H78E-dfea4a2907\/image_360.png?t=xoxe-1861879185255-2047593969042-2053756158948-4cf6552631c579c36efd5d2fd242de30",
                "thumb_360_w": 360,
                "thumb_360_h": 203,
                "thumb_480": "https:\/\/files.slack.com\/files-tmb\/T01RBRV5F7H-F0211A2H78E-dfea4a2907\/image_480.png?t=xoxe-1861879185255-2047593969042-2053756158948-4cf6552631c579c36efd5d2fd242de30",
                "thumb_480_w": 480,
                "thumb_480_h": 270,
                "thumb_160": "https:\/\/files.slack.com\/files-tmb\/T01RBRV5F7H-F0211A2H78E-dfea4a2907\/image_160.png?t=xoxe-1861879185255-2047593969042-2053756158948-4cf6552631c579c36efd5d2fd242de30",
                "thumb_720": "https:\/\/files.slack.com\/files-tmb\/T01RBRV5F7H-F0211A2H78E-dfea4a2907\/image_720.png?t=xoxe-1861879185255-2047593969042-2053756158948-4cf6552631c579c36efd5d2fd242de30",
                "thumb_720_w": 720,
                "thumb_720_h": 405,
                "thumb_800": "https:\/\/files.slack.com\/files-tmb\/T01RBRV5F7H-F0211A2H78E-dfea4a2907\/image_800.png?t=xoxe-1861879185255-2047593969042-2053756158948-4cf6552631c579c36efd5d2fd242de30",
                "thumb_800_w": 800,
                "thumb_800_h": 450,
                "thumb_960": "https:\/\/files.slack.com\/files-tmb\/T01RBRV5F7H-F0211A2H78E-dfea4a2907\/image_960.png?t=xoxe-1861879185255-2047593969042-2053756158948-4cf6552631c579c36efd5d2fd242de30",
                "thumb_960_w": 960,
                "thumb_960_h": 540,
                "thumb_1024": "https:\/\/files.slack.com\/files-tmb\/T01RBRV5F7H-F0211A2H78E-dfea4a2907\/image_1024.png?t=xoxe-1861879185255-2047593969042-2053756158948-4cf6552631c579c36efd5d2fd242de30",
                "thumb_1024_w": 1024,
                "thumb_1024_h": 576,
                "original_w": 1280,
                "original_h": 720,
                "thumb_tiny": "AwAbADCUKB61E0jbiBjjPanM5B4GaYVDMcoeme9QMlU7kB9RmnYz0qIOygAJwOnFWbb5s5HYUAMIxTSQcEe1PuWAcexpnIHPeiwFcq3Pzml2tj71GKO1UAmxv+ehpySyQ5wwwaTFM60ASys0pViRu9KFkLAZPHpTR\/D9KaO31oA\/\/9k=",
                "permalink": "https:\/\/data-ft-ber-03-2021.slack.com\/files\/U01S7KCL3DF\/F0211A2H78E\/image.png",
                "permalink_public": "https:\/\/slack-files.com\/T01RBRV5F7H-F0211A2H78E-65a1e2320e",
                "is_starred": false,
                "has_rich_preview": false
            }
        ],
        "upload": false,
        "blocks": [
            {
                "type": "rich_text",
                "block_id": "sIu5",
                "elements": [
                    {
                        "type": "rich_text_section",
                        "elements": [
                            {
                                "type": "text",
                                "text": "fun fact, Calle 13 made an album about Antonio and his crew "
                            },
                            {
                                "type": "emoji",
                                "name": "ese"
                            }
                        ]
                    }
                ]
            }
        ],
        "user": "U01S7KCL3DF",
        "display_as_bot": false,
        "ts": "1620395431.005600",
        "reactions": [
            {
                "name": "rolling_on_the_floor_laughing",
                "users": [
                    "U01RKN0EGDV",
                    "U01S65G72SY",
                    "U01S7BM4N81",
                    "U01RRV4JX6Z"
                ],
                "count": 4
            },
            {
                "name": "scraping_latinas",
                "users": [
                    "U01S1CWGTU4",
                    "U01S7BM4N81"
                ],
                "count": 2
            }
        ]
    },
    {
        "client_msg_id": "165c4edc-53c5-427b-a75e-620f749dbc88",
        "type": "message",
        "text": "hahahahaha",
        "user": "U01RW2X7S9Z",
        "ts": "1620395472.006200",
        "team": "T01RBRV5F7H",
        "user_team": "T01RBRV5F7H",
        "source_team": "T01RBRV5F7H",
        "user_profile": {
            "avatar_hash": "7e12d75d168a",
            "image_72": "https:\/\/avatars.slack-edge.com\/2021-03-19\/1880105796643_7e12d75d168ae25c167d_72.jpg",
            "first_name": "Alexandre",
            "real_name": "Alexandre Sommerkamp",
            "display_name": "Alexandre Sommerkamp",
            "team": "T01RBRV5F7H",
            "name": "alex.c.skp",
            "is_restricted": false,
            "is_ultra_restricted": false
        },
        "blocks": [
            {
                "type": "rich_text",
                "block_id": "LMf1",
                "elements": [
                    {
                        "type": "rich_text_section",
                        "elements": [
                            {
                                "type": "text",
                                "text": "hahahahaha"
                            }
                        ]
                    }
                ]
            }
        ],
        "reactions": [
            {
                "name": "alex",
                "users": [
                    "U01S7KCL3DF"
                ],
                "count": 1
            }
        ]
    },
    {
        "client_msg_id": "019bcb73-5467-434e-99f3-1894289be80e",
        "type": "message",
        "text": "<https:\/\/media-exp1.licdn.com\/dms\/image\/C5622AQHgRw6S98ZGeg\/feedshare-shrink_800\/0\/1620395472542?e=1623283200&amp;v=beta&amp;t=zla1S-FvUYBOECp569T-NpWr2bHJgU3JsjzF9FXyXzU|https:\/\/media-exp1.licdn.com\/dms\/image\/C5622AQHgRw6S98ZGeg\/feedshare-shrink_800\/0\/16203[…]83200&amp;v=beta&amp;t=zla1S-FvUYBOECp569T-NpWr2bHJgU3JsjzF9FXyXzU>",
        "user": "U01RW2X7S9Z",
        "ts": "1620402638.007300",
        "team": "T01RBRV5F7H",
        "user_team": "T01RBRV5F7H",
        "source_team": "T01RBRV5F7H",
        "user_profile": {
            "avatar_hash": "7e12d75d168a",
            "image_72": "https:\/\/avatars.slack-edge.com\/2021-03-19\/1880105796643_7e12d75d168ae25c167d_72.jpg",
            "first_name": "Alexandre",
            "real_name": "Alexandre Sommerkamp",
            "display_name": "Alexandre Sommerkamp",
            "team": "T01RBRV5F7H",
            "name": "alex.c.skp",
            "is_restricted": false,
            "is_ultra_restricted": false
        },
        "attachments": [
            {
                "fallback": "240x240px image",
                "image_url": "https:\/\/media-exp1.licdn.com\/dms\/image\/C5622AQHgRw6S98ZGeg\/feedshare-shrink_800\/0\/1620395472542?e=1623283200&v=beta&t=zla1S-FvUYBOECp569T-NpWr2bHJgU3JsjzF9FXyXzU",
                "image_width": 240,
                "image_height": 240,
                "image_bytes": 1422653,
                "is_animated": true,
                "from_url": "https:\/\/media-exp1.licdn.com\/dms\/image\/C5622AQHgRw6S98ZGeg\/feedshare-shrink_800\/0\/1620395472542?e=1623283200&v=beta&t=zla1S-FvUYBOECp569T-NpWr2bHJgU3JsjzF9FXyXzU",
                "id": 1,
                "original_url": "https:\/\/media-exp1.licdn.com\/dms\/image\/C5622AQHgRw6S98ZGeg\/feedshare-shrink_800\/0\/1620395472542?e=1623283200&amp;v=beta&amp;t=zla1S-FvUYBOECp569T-NpWr2bHJgU3JsjzF9FXyXzU"
            }
        ],
        "blocks": [
            {
                "type": "rich_text",
                "block_id": "apLn",
                "elements": [
                    {
                        "type": "rich_text_section",
                        "elements": [
                            {
                                "type": "link",
                                "url": "https:\/\/media-exp1.licdn.com\/dms\/image\/C5622AQHgRw6S98ZGeg\/feedshare-shrink_800\/0\/1620395472542?e=1623283200&v=beta&t=zla1S-FvUYBOECp569T-NpWr2bHJgU3JsjzF9FXyXzU",
                                "text": "https:\/\/media-exp1.licdn.com\/dms\/image\/C5622AQHgRw6S98ZGeg\/feedshare-shrink_800\/0\/16203[…]83200&v=beta&t=zla1S-FvUYBOECp569T-NpWr2bHJgU3JsjzF9FXyXzU"
                            }
                        ]
                    }
                ]
            }
        ],
        "reactions": [
            {
                "name": "joy",
                "users": [
                    "U01S0E0MRJ7",
                    "U01RP2K1606",
                    "U01S7BM4N81",
                    "U01RKN0EGDV",
                    "U01S0P26NKD",
                    "U01RRV4JX6Z",
                    "U01S1CWGTU4",
                    "U01RW140HBP"
                ],
                "count": 8
            }
        ]
    }
]