[
    {
        "type": "message",
        "text": "",
        "files": [
            {
                "id": "F01VCF9TZBL",
                "created": 1619333970,
                "timestamp": 1619333970,
                "name": "image.png",
                "title": "image.png",
                "mimetype": "image\/png",
                "filetype": "png",
                "pretty_type": "PNG",
                "user": "U01S79YDELR",
                "editable": false,
                "size": 565606,
                "mode": "hosted",
                "is_external": false,
                "external_type": "",
                "is_public": true,
                "public_url_shared": false,
                "display_as_bot": false,
                "username": "",
                "url_private": "https:\/\/files.slack.com\/files-pri\/T01RBRV5F7H-F01VCF9TZBL\/image.png?t=xoxe-1861879185255-2047593969042-2053756158948-4cf6552631c579c36efd5d2fd242de30",
                "url_private_download": "https:\/\/files.slack.com\/files-pri\/T01RBRV5F7H-F01VCF9TZBL\/download\/image.png?t=xoxe-1861879185255-2047593969042-2053756158948-4cf6552631c579c36efd5d2fd242de30",
                "thumb_64": "https:\/\/files.slack.com\/files-tmb\/T01RBRV5F7H-F01VCF9TZBL-d6a87902e8\/image_64.png?t=xoxe-1861879185255-2047593969042-2053756158948-4cf6552631c579c36efd5d2fd242de30",
                "thumb_80": "https:\/\/files.slack.com\/files-tmb\/T01RBRV5F7H-F01VCF9TZBL-d6a87902e8\/image_80.png?t=xoxe-1861879185255-2047593969042-2053756158948-4cf6552631c579c36efd5d2fd242de30",
                "thumb_360": "https:\/\/files.slack.com\/files-tmb\/T01RBRV5F7H-F01VCF9TZBL-d6a87902e8\/image_360.png?t=xoxe-1861879185255-2047593969042-2053756158948-4cf6552631c579c36efd5d2fd242de30",
                "thumb_360_w": 360,
                "thumb_360_h": 360,
                "thumb_480": "https:\/\/files.slack.com\/files-tmb\/T01RBRV5F7H-F01VCF9TZBL-d6a87902e8\/image_480.png?t=xoxe-1861879185255-2047593969042-2053756158948-4cf6552631c579c36efd5d2fd242de30",
                "thumb_480_w": 480,
                "thumb_480_h": 480,
                "thumb_160": "https:\/\/files.slack.com\/files-tmb\/T01RBRV5F7H-F01VCF9TZBL-d6a87902e8\/image_160.png?t=xoxe-1861879185255-2047593969042-2053756158948-4cf6552631c579c36efd5d2fd242de30",
                "thumb_720": "https:\/\/files.slack.com\/files-tmb\/T01RBRV5F7H-F01VCF9TZBL-d6a87902e8\/image_720.png?t=xoxe-1861879185255-2047593969042-2053756158948-4cf6552631c579c36efd5d2fd242de30",
                "thumb_720_w": 720,
                "thumb_720_h": 720,
                "thumb_800": "https:\/\/files.slack.com\/files-tmb\/T01RBRV5F7H-F01VCF9TZBL-d6a87902e8\/image_800.png?t=xoxe-1861879185255-2047593969042-2053756158948-4cf6552631c579c36efd5d2fd242de30",
                "thumb_800_w": 800,
                "thumb_800_h": 800,
                "thumb_960": "https:\/\/files.slack.com\/files-tmb\/T01RBRV5F7H-F01VCF9TZBL-d6a87902e8\/image_960.png?t=xoxe-1861879185255-2047593969042-2053756158948-4cf6552631c579c36efd5d2fd242de30",
                "thumb_960_w": 960,
                "thumb_960_h": 960,
                "thumb_1024": "https:\/\/files.slack.com\/files-tmb\/T01RBRV5F7H-F01VCF9TZBL-d6a87902e8\/image_1024.png?t=xoxe-1861879185255-2047593969042-2053756158948-4cf6552631c579c36efd5d2fd242de30",
                "thumb_1024_w": 1024,
                "thumb_1024_h": 1024,
                "original_w": 1080,
                "original_h": 1080,
                "thumb_tiny": "AwAwADC8xYk7ZABjjjNIDJkZmUjuNtNNJnj+D\/vv\/wCtQA4eZkEzKR3G2lBkBGZlI7\/LUZbjAK59mz\/SncZGTgd6AFzJ\/wA9l\/75pUZw3zyKV9AKZn\/c\/wC+6CwONpGc84bPGKAKYvv3aNtBOcMKQXDLhYwu0MevcZqI4CgBBx3zRtJTd2zigC5byNISWAGPSpjyD9KqWYyfpmrh6cUAVjKAkY3kEAZwKnUqeV6Golt0HfOfWnxxiPhW49KAKBBIOBnjNSGMoyqTlSAxqJ32KffipXlMqTHtjigAtJFEhYkANn+dXPOj\/vrWdAcbOD0q1u\/2VoAlzB\/sUoaEHIKA1DuH91aQ4PYD6UAf\/9k=",
                "permalink": "https:\/\/data-ft-ber-03-2021.slack.com\/files\/U01S79YDELR\/F01VCF9TZBL\/image.png",
                "permalink_public": "https:\/\/slack-files.com\/T01RBRV5F7H-F01VCF9TZBL-6b2c565a7b",
                "is_starred": false,
                "has_rich_preview": false
            }
        ],
        "upload": false,
        "user": "U01S79YDELR",
        "display_as_bot": false,
        "ts": "1619333978.006900"
    }
]