[
    {
        "type": "message",
        "text": "if you allow Tableau to persuade you to use the FULLNAME function, you are awarded many many Nobel prizes :trophy:",
        "files": [
            {
                "id": "F01TFGWB3U1",
                "created": 1617292578,
                "timestamp": 1617292578,
                "name": "Screenshot 2021-04-01 at 17.56.02.png",
                "title": "Screenshot 2021-04-01 at 17.56.02.png",
                "mimetype": "image\/png",
                "filetype": "png",
                "pretty_type": "PNG",
                "user": "U01S7KCL3DF",
                "editable": false,
                "size": 62140,
                "mode": "hosted",
                "is_external": false,
                "external_type": "",
                "is_public": true,
                "public_url_shared": false,
                "display_as_bot": false,
                "username": "",
                "url_private": "https:\/\/files.slack.com\/files-pri\/T01RBRV5F7H-F01TFGWB3U1\/screenshot_2021-04-01_at_17.56.02.png?t=xoxe-1861879185255-2047593969042-2053756158948-4cf6552631c579c36efd5d2fd242de30",
                "url_private_download": "https:\/\/files.slack.com\/files-pri\/T01RBRV5F7H-F01TFGWB3U1\/download\/screenshot_2021-04-01_at_17.56.02.png?t=xoxe-1861879185255-2047593969042-2053756158948-4cf6552631c579c36efd5d2fd242de30",
                "thumb_64": "https:\/\/files.slack.com\/files-tmb\/T01RBRV5F7H-F01TFGWB3U1-2ee70b91b8\/screenshot_2021-04-01_at_17.56.02_64.png?t=xoxe-1861879185255-2047593969042-2053756158948-4cf6552631c579c36efd5d2fd242de30",
                "thumb_80": "https:\/\/files.slack.com\/files-tmb\/T01RBRV5F7H-F01TFGWB3U1-2ee70b91b8\/screenshot_2021-04-01_at_17.56.02_80.png?t=xoxe-1861879185255-2047593969042-2053756158948-4cf6552631c579c36efd5d2fd242de30",
                "thumb_360": "https:\/\/files.slack.com\/files-tmb\/T01RBRV5F7H-F01TFGWB3U1-2ee70b91b8\/screenshot_2021-04-01_at_17.56.02_360.png?t=xoxe-1861879185255-2047593969042-2053756158948-4cf6552631c579c36efd5d2fd242de30",
                "thumb_360_w": 360,
                "thumb_360_h": 252,
                "thumb_480": "https:\/\/files.slack.com\/files-tmb\/T01RBRV5F7H-F01TFGWB3U1-2ee70b91b8\/screenshot_2021-04-01_at_17.56.02_480.png?t=xoxe-1861879185255-2047593969042-2053756158948-4cf6552631c579c36efd5d2fd242de30",
                "thumb_480_w": 480,
                "thumb_480_h": 335,
                "thumb_160": "https:\/\/files.slack.com\/files-tmb\/T01RBRV5F7H-F01TFGWB3U1-2ee70b91b8\/screenshot_2021-04-01_at_17.56.02_160.png?t=xoxe-1861879185255-2047593969042-2053756158948-4cf6552631c579c36efd5d2fd242de30",
                "original_w": 518,
                "original_h": 362,
                "thumb_tiny": "AwAhADDQO7J+Y\/lSgkdST+FHU9xS49zQAbvr+VGcg9RRj3NGMA8k0AM+b+835UoyOpJ\/Cl\/76o\/76oACOTx+tGPb9aD1PSk49FoAXHt+tGODx+tJx\/s0o6HpQAmPb9aMe360cf7NHH+zQAp60nYUp60nYUAHelHQ0nelHQ0AJ2FHpR2FHpQB\/9k=",
                "permalink": "https:\/\/data-ft-ber-03-2021.slack.com\/files\/U01S7KCL3DF\/F01TFGWB3U1\/screenshot_2021-04-01_at_17.56.02.png",
                "permalink_public": "https:\/\/slack-files.com\/T01RBRV5F7H-F01TFGWB3U1-ff8e68b14d",
                "is_starred": false,
                "has_rich_preview": false
            }
        ],
        "upload": false,
        "blocks": [
            {
                "type": "rich_text",
                "block_id": "Dkh",
                "elements": [
                    {
                        "type": "rich_text_section",
                        "elements": [
                            {
                                "type": "text",
                                "text": "if you allow Tableau to persuade you to use the FULLNAME function, you are awarded many many Nobel prizes "
                            },
                            {
                                "type": "emoji",
                                "name": "trophy"
                            }
                        ]
                    }
                ]
            }
        ],
        "user": "U01S7KCL3DF",
        "display_as_bot": false,
        "ts": "1617292602.002700",
        "reactions": [
            {
                "name": "rolling_on_the_floor_laughing",
                "users": [
                    "U01RKN0EGDV",
                    "U01RW2X7S9Z",
                    "U01SD3CDH9P",
                    "U01RW140HBP"
                ],
                "count": 4
            },
            {
                "name": "smile",
                "users": [
                    "U01S65G72SY"
                ],
                "count": 1
            }
        ]
    },
    {
        "type": "message",
        "text": "Are we in the grey area yet?",
        "files": [
            {
                "id": "F01TSR0RQ8Y",
                "created": 1617293710,
                "timestamp": 1617293710,
                "name": "tableau chart.jpg",
                "title": "tableau chart.jpg",
                "mimetype": "image\/jpeg",
                "filetype": "jpg",
                "pretty_type": "JPEG",
                "user": "U01RW2X7S9Z",
                "editable": false,
                "size": 94028,
                "mode": "hosted",
                "is_external": false,
                "external_type": "",
                "is_public": true,
                "public_url_shared": false,
                "display_as_bot": false,
                "username": "",
                "url_private": "https:\/\/files.slack.com\/files-pri\/T01RBRV5F7H-F01TSR0RQ8Y\/tableau_chart.jpg?t=xoxe-1861879185255-2047593969042-2053756158948-4cf6552631c579c36efd5d2fd242de30",
                "url_private_download": "https:\/\/files.slack.com\/files-pri\/T01RBRV5F7H-F01TSR0RQ8Y\/download\/tableau_chart.jpg?t=xoxe-1861879185255-2047593969042-2053756158948-4cf6552631c579c36efd5d2fd242de30",
                "thumb_64": "https:\/\/files.slack.com\/files-tmb\/T01RBRV5F7H-F01TSR0RQ8Y-77642859a4\/tableau_chart_64.jpg?t=xoxe-1861879185255-2047593969042-2053756158948-4cf6552631c579c36efd5d2fd242de30",
                "thumb_80": "https:\/\/files.slack.com\/files-tmb\/T01RBRV5F7H-F01TSR0RQ8Y-77642859a4\/tableau_chart_80.jpg?t=xoxe-1861879185255-2047593969042-2053756158948-4cf6552631c579c36efd5d2fd242de30",
                "thumb_360": "https:\/\/files.slack.com\/files-tmb\/T01RBRV5F7H-F01TSR0RQ8Y-77642859a4\/tableau_chart_360.jpg?t=xoxe-1861879185255-2047593969042-2053756158948-4cf6552631c579c36efd5d2fd242de30",
                "thumb_360_w": 360,
                "thumb_360_h": 360,
                "thumb_480": "https:\/\/files.slack.com\/files-tmb\/T01RBRV5F7H-F01TSR0RQ8Y-77642859a4\/tableau_chart_480.jpg?t=xoxe-1861879185255-2047593969042-2053756158948-4cf6552631c579c36efd5d2fd242de30",
                "thumb_480_w": 480,
                "thumb_480_h": 480,
                "thumb_160": "https:\/\/files.slack.com\/files-tmb\/T01RBRV5F7H-F01TSR0RQ8Y-77642859a4\/tableau_chart_160.jpg?t=xoxe-1861879185255-2047593969042-2053756158948-4cf6552631c579c36efd5d2fd242de30",
                "thumb_720": "https:\/\/files.slack.com\/files-tmb\/T01RBRV5F7H-F01TSR0RQ8Y-77642859a4\/tableau_chart_720.jpg?t=xoxe-1861879185255-2047593969042-2053756158948-4cf6552631c579c36efd5d2fd242de30",
                "thumb_720_w": 720,
                "thumb_720_h": 720,
                "thumb_800": "https:\/\/files.slack.com\/files-tmb\/T01RBRV5F7H-F01TSR0RQ8Y-77642859a4\/tableau_chart_800.jpg?t=xoxe-1861879185255-2047593969042-2053756158948-4cf6552631c579c36efd5d2fd242de30",
                "thumb_800_w": 800,
                "thumb_800_h": 800,
                "thumb_960": "https:\/\/files.slack.com\/files-tmb\/T01RBRV5F7H-F01TSR0RQ8Y-77642859a4\/tableau_chart_960.jpg?t=xoxe-1861879185255-2047593969042-2053756158948-4cf6552631c579c36efd5d2fd242de30",
                "thumb_960_w": 960,
                "thumb_960_h": 960,
                "thumb_1024": "https:\/\/files.slack.com\/files-tmb\/T01RBRV5F7H-F01TSR0RQ8Y-77642859a4\/tableau_chart_1024.jpg?t=xoxe-1861879185255-2047593969042-2053756158948-4cf6552631c579c36efd5d2fd242de30",
                "thumb_1024_w": 1024,
                "thumb_1024_h": 1024,
                "original_w": 1232,
                "original_h": 1232,
                "thumb_tiny": "AwAwADDTPSig9KKAEJxQDzSMcdaAQTwaAHUUUUAMBO9xnjin0mACSByetLQAyQblxx+NJGu3rj8BTm9qQZoAXBLZzxTqPwozQAHpSEZPtS0YoARqQdadgU0A7jkDHbFAAykng0oGABS4pMUAf\/\/Z",
                "permalink": "https:\/\/data-ft-ber-03-2021.slack.com\/files\/U01RW2X7S9Z\/F01TSR0RQ8Y\/tableau_chart.jpg",
                "permalink_public": "https:\/\/slack-files.com\/T01RBRV5F7H-F01TSR0RQ8Y-5aa5c6563c",
                "is_starred": false,
                "has_rich_preview": false
            }
        ],
        "upload": false,
        "blocks": [
            {
                "type": "rich_text",
                "block_id": "pTj+t",
                "elements": [
                    {
                        "type": "rich_text_section",
                        "elements": [
                            {
                                "type": "text",
                                "text": "Are we in the grey area yet?"
                            }
                        ]
                    }
                ]
            }
        ],
        "user": "U01RW2X7S9Z",
        "display_as_bot": false,
        "ts": "1617293717.003300",
        "thread_ts": "1617293717.003300",
        "reply_count": 2,
        "reply_users_count": 2,
        "latest_reply": "1617346403.000300",
        "reply_users": [
            "U01RW2X7S9Z",
            "U01S7BM4N81"
        ],
        "replies": [
            {
                "user": "U01RW2X7S9Z",
                "ts": "1617293868.003600"
            },
            {
                "user": "U01S7BM4N81",
                "ts": "1617346403.000300"
            }
        ],
        "is_locked": false,
        "subscribed": false
    },
    {
        "type": "message",
        "text": "This was centered before i uploaded :sob:",
        "files": [
            {
                "id": "F01SZUU5HL5",
                "created": 1617293855,
                "timestamp": 1617293855,
                "name": "image.png",
                "title": "image.png",
                "mimetype": "image\/png",
                "filetype": "png",
                "pretty_type": "PNG",
                "user": "U01RW2X7S9Z",
                "editable": false,
                "size": 11469,
                "mode": "hosted",
                "is_external": false,
                "external_type": "",
                "is_public": true,
                "public_url_shared": false,
                "display_as_bot": false,
                "username": "",
                "url_private": "https:\/\/files.slack.com\/files-pri\/T01RBRV5F7H-F01SZUU5HL5\/image.png?t=xoxe-1861879185255-2047593969042-2053756158948-4cf6552631c579c36efd5d2fd242de30",
                "url_private_download": "https:\/\/files.slack.com\/files-pri\/T01RBRV5F7H-F01SZUU5HL5\/download\/image.png?t=xoxe-1861879185255-2047593969042-2053756158948-4cf6552631c579c36efd5d2fd242de30",
                "thumb_64": "https:\/\/files.slack.com\/files-tmb\/T01RBRV5F7H-F01SZUU5HL5-b02fbf4188\/image_64.png?t=xoxe-1861879185255-2047593969042-2053756158948-4cf6552631c579c36efd5d2fd242de30",
                "thumb_80": "https:\/\/files.slack.com\/files-tmb\/T01RBRV5F7H-F01SZUU5HL5-b02fbf4188\/image_80.png?t=xoxe-1861879185255-2047593969042-2053756158948-4cf6552631c579c36efd5d2fd242de30",
                "thumb_360": "https:\/\/files.slack.com\/files-tmb\/T01RBRV5F7H-F01SZUU5HL5-b02fbf4188\/image_360.png?t=xoxe-1861879185255-2047593969042-2053756158948-4cf6552631c579c36efd5d2fd242de30",
                "thumb_360_w": 360,
                "thumb_360_h": 184,
                "thumb_480": "https:\/\/files.slack.com\/files-tmb\/T01RBRV5F7H-F01SZUU5HL5-b02fbf4188\/image_480.png?t=xoxe-1861879185255-2047593969042-2053756158948-4cf6552631c579c36efd5d2fd242de30",
                "thumb_480_w": 480,
                "thumb_480_h": 246,
                "thumb_160": "https:\/\/files.slack.com\/files-tmb\/T01RBRV5F7H-F01SZUU5HL5-b02fbf4188\/image_160.png?t=xoxe-1861879185255-2047593969042-2053756158948-4cf6552631c579c36efd5d2fd242de30",
                "original_w": 522,
                "original_h": 267,
                "thumb_tiny": "AwAYADCQbScbz\/3zUv2Y\/wB\/9KSJGMi7ol2+uKsHOTgijmZCiiD7Of7\/AOlH2c\/3\/wBKly3p+lKCx9vwo5mPlRD9nP8Af\/Sl+yt\/f\/SpqfTuw5UNjTy0C5zilxS0UihNtG2looATbS0UUAf\/2Q==",
                "permalink": "https:\/\/data-ft-ber-03-2021.slack.com\/files\/U01RW2X7S9Z\/F01SZUU5HL5\/image.png",
                "permalink_public": "https:\/\/slack-files.com\/T01RBRV5F7H-F01SZUU5HL5-6c3ec665b3",
                "is_starred": false,
                "has_rich_preview": false
            }
        ],
        "upload": false,
        "blocks": [
            {
                "type": "rich_text",
                "block_id": "Lmo",
                "elements": [
                    {
                        "type": "rich_text_section",
                        "elements": [
                            {
                                "type": "text",
                                "text": "This was centered before i uploaded "
                            },
                            {
                                "type": "emoji",
                                "name": "sob"
                            }
                        ]
                    }
                ]
            }
        ],
        "user": "U01RW2X7S9Z",
        "display_as_bot": false,
        "ts": "1617293868.003600",
        "thread_ts": "1617293717.003300",
        "parent_user_id": "U01RW2X7S9Z",
        "reactions": [
            {
                "name": "grin",
                "users": [
                    "U01SJKB2MG8"
                ],
                "count": 1
            }
        ]
    },
    {
        "bot_id": "B01S7FSR36Y",
        "type": "message",
        "text": "struggle",
        "user": "U01S7BM4N81",
        "ts": "1617346403.000300",
        "team": "T01RBRV5F7H",
        "bot_profile": {
            "id": "B01S7FSR36Y",
            "deleted": false,
            "name": "giphy",
            "updated": 1616421896,
            "app_id": "A0F827J2C",
            "icons": {
                "image_36": "https:\/\/a.slack-edge.com\/dc483\/img\/plugins\/giphy\/service_72.png",
                "image_48": "https:\/\/a.slack-edge.com\/dc483\/img\/plugins\/giphy\/service_48.png",
                "image_72": "https:\/\/a.slack-edge.com\/dc483\/img\/plugins\/giphy\/service_72.png"
            },
            "team_id": "T01RBRV5F7H"
        },
        "blocks": [
            {
                "type": "image",
                "block_id": "GIZK",
                "image_url": "https:\/\/media3.giphy.com\/media\/l0K4hqqqwgFijgVLa\/giphy-downsized.gif?cid=6104955e2954aa3ea947637b32732e57f275b8da711085c0&rid=giphy-downsized.gif&ct=g",
                "alt_text": "struggle",
                "title": {
                    "type": "plain_text",
                    "text": "struggle",
                    "emoji": true
                },
                "fallback": "480x296px image",
                "image_width": 480,
                "image_height": 296,
                "image_bytes": 1685885,
                "is_animated": true
            },
            {
                "type": "context",
                "block_id": "PAC5",
                "elements": [
                    {
                        "type": "image",
                        "image_url": "https:\/\/a.slack-edge.com\/dc483\/img\/plugins\/giphy\/service_32.png",
                        "alt_text": "giphy logo"
                    },
                    {
                        "type": "mrkdwn",
                        "text": "Posted using \/giphy | GIF by <https:\/\/giphy.com\/afv\/|America's Funniest Home Videos>",
                        "verbatim": false
                    }
                ]
            }
        ],
        "thread_ts": "1617293717.003300",
        "parent_user_id": "U01RW2X7S9Z"
    }
]