[
    {
        "type": "message",
        "text": "my only 2 moods during these weeks :rolling_on_the_floor_laughing:",
        "files": [
            {
                "id": "F01UA1210AG",
                "created": 1618299435,
                "timestamp": 1618299435,
                "name": "image.png",
                "title": "image.png",
                "mimetype": "image\/png",
                "filetype": "png",
                "pretty_type": "PNG",
                "user": "U01RKN0EGDV",
                "editable": false,
                "size": 46623,
                "mode": "hosted",
                "is_external": false,
                "external_type": "",
                "is_public": true,
                "public_url_shared": false,
                "display_as_bot": false,
                "username": "",
                "url_private": "https:\/\/files.slack.com\/files-pri\/T01RBRV5F7H-F01UA1210AG\/image.png?t=xoxe-1861879185255-2047593969042-2053756158948-4cf6552631c579c36efd5d2fd242de30",
                "url_private_download": "https:\/\/files.slack.com\/files-pri\/T01RBRV5F7H-F01UA1210AG\/download\/image.png?t=xoxe-1861879185255-2047593969042-2053756158948-4cf6552631c579c36efd5d2fd242de30",
                "thumb_64": "https:\/\/files.slack.com\/files-tmb\/T01RBRV5F7H-F01UA1210AG-7820f43662\/image_64.png?t=xoxe-1861879185255-2047593969042-2053756158948-4cf6552631c579c36efd5d2fd242de30",
                "thumb_80": "https:\/\/files.slack.com\/files-tmb\/T01RBRV5F7H-F01UA1210AG-7820f43662\/image_80.png?t=xoxe-1861879185255-2047593969042-2053756158948-4cf6552631c579c36efd5d2fd242de30",
                "thumb_360": "https:\/\/files.slack.com\/files-tmb\/T01RBRV5F7H-F01UA1210AG-7820f43662\/image_360.png?t=xoxe-1861879185255-2047593969042-2053756158948-4cf6552631c579c36efd5d2fd242de30",
                "thumb_360_w": 236,
                "thumb_360_h": 295,
                "thumb_160": "https:\/\/files.slack.com\/files-tmb\/T01RBRV5F7H-F01UA1210AG-7820f43662\/image_160.png?t=xoxe-1861879185255-2047593969042-2053756158948-4cf6552631c579c36efd5d2fd242de30",
                "original_w": 236,
                "original_h": 295,
                "thumb_tiny": "AwAwACa5gkDDY49KNrf3\/wBBQM464oUnJ5z6UAHOMb+fXFKuccnNEbk4UAZ780pxuOOlADX+7+NR1I\/3fxqOgCRXCknnO2mIx4yuMD1p\/OBtx070Dd3C\/hQA0\/d5479etKjAADpSsfTGfelGcc4\/CgBrkbeo60zI9RUj\/d\/Go6AJBnHXFCk5PP0oVwpJ5ztpiMeMrjA9aAJI3PCgDPfmlONxx0qM\/d5yO\/XrSowwBQAr\/d\/Go6e5G3r3pmaAP\/\/Z",
                "permalink": "https:\/\/data-ft-ber-03-2021.slack.com\/files\/U01RKN0EGDV\/F01UA1210AG\/image.png",
                "permalink_public": "https:\/\/slack-files.com\/T01RBRV5F7H-F01UA1210AG-26b6f62950",
                "is_starred": false,
                "has_rich_preview": false
            }
        ],
        "upload": false,
        "blocks": [
            {
                "type": "rich_text",
                "block_id": "s7r6",
                "elements": [
                    {
                        "type": "rich_text_section",
                        "elements": [
                            {
                                "type": "text",
                                "text": "my only 2 moods during these weeks "
                            },
                            {
                                "type": "emoji",
                                "name": "rolling_on_the_floor_laughing"
                            }
                        ]
                    }
                ]
            }
        ],
        "user": "U01RKN0EGDV",
        "display_as_bot": false,
        "ts": "1618299448.006700",
        "thread_ts": "1618299448.006700",
        "reply_count": 1,
        "reply_users_count": 1,
        "latest_reply": "1618313071.008100",
        "reply_users": [
            "U01RW140HBP"
        ],
        "replies": [
            {
                "user": "U01RW140HBP",
                "ts": "1618313071.008100"
            }
        ],
        "is_locked": false,
        "subscribed": false,
        "reactions": [
            {
                "name": "joy",
                "users": [
                    "U01S7BM4N81",
                    "U01SD3CDH9P",
                    "U01S1CWGTU4",
                    "U01S0E0MRJ7",
                    "U01RSRE0N3D",
                    "U01RP2K1606",
                    "U01S0MFJ3HR",
                    "U01SK96QF5E",
                    "U01RW140HBP"
                ],
                "count": 9
            },
            {
                "name": "pray",
                "users": [
                    "U01RN7BVD1C"
                ],
                "count": 1
            },
            {
                "name": "cattyping",
                "users": [
                    "U01RW2X7S9Z"
                ],
                "count": 1
            }
        ]
    },
    {
        "client_msg_id": "23435541-8928-445d-8576-706e108f6526",
        "type": "message",
        "text": "so true",
        "user": "U01RW140HBP",
        "ts": "1618313071.008100",
        "team": "T01RBRV5F7H",
        "user_team": "T01RBRV5F7H",
        "source_team": "T01RBRV5F7H",
        "user_profile": {
            "avatar_hash": "4c43a3a8d10b",
            "image_72": "https:\/\/avatars.slack-edge.com\/2021-03-21\/1895736308209_4c43a3a8d10bc2fe5e13_72.png",
            "first_name": "siand",
            "real_name": "siand the LT (she\/her)",
            "display_name": "siand the LT (she\/her)",
            "team": "T01RBRV5F7H",
            "name": "sian.davies",
            "is_restricted": false,
            "is_ultra_restricted": false
        },
        "blocks": [
            {
                "type": "rich_text",
                "block_id": "zMMdG",
                "elements": [
                    {
                        "type": "rich_text_section",
                        "elements": [
                            {
                                "type": "text",
                                "text": "so true"
                            }
                        ]
                    }
                ]
            }
        ],
        "thread_ts": "1618299448.006700",
        "parent_user_id": "U01RKN0EGDV"
    }
]