[
    {
        "type": "message",
        "text": "<@U01S0E0MRJ7>, i guess Pfand is very German too..",
        "files": [
            {
                "id": "F020VJC3X9A",
                "created": 1620021908,
                "timestamp": 1620021908,
                "name": "181658960_314147620073094_939469351173267738_n.jpg",
                "title": "181658960_314147620073094_939469351173267738_n.jpg",
                "mimetype": "image\/jpeg",
                "filetype": "jpg",
                "pretty_type": "JPEG",
                "user": "U01RRV4JX6Z",
                "editable": false,
                "size": 66193,
                "mode": "hosted",
                "is_external": false,
                "external_type": "",
                "is_public": true,
                "public_url_shared": false,
                "display_as_bot": false,
                "username": "",
                "url_private": "https:\/\/files.slack.com\/files-pri\/T01RBRV5F7H-F020VJC3X9A\/181658960_314147620073094_939469351173267738_n.jpg?t=xoxe-1861879185255-2047593969042-2053756158948-4cf6552631c579c36efd5d2fd242de30",
                "url_private_download": "https:\/\/files.slack.com\/files-pri\/T01RBRV5F7H-F020VJC3X9A\/download\/181658960_314147620073094_939469351173267738_n.jpg?t=xoxe-1861879185255-2047593969042-2053756158948-4cf6552631c579c36efd5d2fd242de30",
                "thumb_64": "https:\/\/files.slack.com\/files-tmb\/T01RBRV5F7H-F020VJC3X9A-91bd7bd647\/181658960_314147620073094_939469351173267738_n_64.jpg?t=xoxe-1861879185255-2047593969042-2053756158948-4cf6552631c579c36efd5d2fd242de30",
                "thumb_80": "https:\/\/files.slack.com\/files-tmb\/T01RBRV5F7H-F020VJC3X9A-91bd7bd647\/181658960_314147620073094_939469351173267738_n_80.jpg?t=xoxe-1861879185255-2047593969042-2053756158948-4cf6552631c579c36efd5d2fd242de30",
                "thumb_360": "https:\/\/files.slack.com\/files-tmb\/T01RBRV5F7H-F020VJC3X9A-91bd7bd647\/181658960_314147620073094_939469351173267738_n_360.jpg?t=xoxe-1861879185255-2047593969042-2053756158948-4cf6552631c579c36efd5d2fd242de30",
                "thumb_360_w": 360,
                "thumb_360_h": 360,
                "thumb_480": "https:\/\/files.slack.com\/files-tmb\/T01RBRV5F7H-F020VJC3X9A-91bd7bd647\/181658960_314147620073094_939469351173267738_n_480.jpg?t=xoxe-1861879185255-2047593969042-2053756158948-4cf6552631c579c36efd5d2fd242de30",
                "thumb_480_w": 480,
                "thumb_480_h": 480,
                "thumb_160": "https:\/\/files.slack.com\/files-tmb\/T01RBRV5F7H-F020VJC3X9A-91bd7bd647\/181658960_314147620073094_939469351173267738_n_160.jpg?t=xoxe-1861879185255-2047593969042-2053756158948-4cf6552631c579c36efd5d2fd242de30",
                "thumb_720": "https:\/\/files.slack.com\/files-tmb\/T01RBRV5F7H-F020VJC3X9A-91bd7bd647\/181658960_314147620073094_939469351173267738_n_720.jpg?t=xoxe-1861879185255-2047593969042-2053756158948-4cf6552631c579c36efd5d2fd242de30",
                "thumb_720_w": 720,
                "thumb_720_h": 720,
                "thumb_800": "https:\/\/files.slack.com\/files-tmb\/T01RBRV5F7H-F020VJC3X9A-91bd7bd647\/181658960_314147620073094_939469351173267738_n_800.jpg?t=xoxe-1861879185255-2047593969042-2053756158948-4cf6552631c579c36efd5d2fd242de30",
                "thumb_800_w": 800,
                "thumb_800_h": 800,
                "original_w": 800,
                "original_h": 800,
                "thumb_tiny": "AwAwADC6oUIpKjp1pvmRLyMfhTJifJT0I5qAk4NVGN9SZSsWhJv5VMj34pw2nquCOoNVoXC5DFhnpU8Z3ISvpgUmrAncf8noPypHRNjYUA4pNpPUf\/WpzZ8s59KkoguDiFPyqDHBqaXDuI8dASDUKj5gG4+taRehnNainA69\/wBalhJDgD8acIEHJ+uSakjCgfLilKaaHGFh9Dfcf6UZA6kfnSEja2CDxWaNCs3F4v0P9adcKCFI65xUg8otuJXeCRz25NJIEkAHmDg54NPZieqGSkrwCNuOB71IhAQkHkk5PrTZYhI24SlT+lSLtVQNw4pDKJPWpLc5L\/7hqVooSxJYDPoaFWJAxVwSRjGaLDuf\/9k=",
                "permalink": "https:\/\/data-ft-ber-03-2021.slack.com\/files\/U01RRV4JX6Z\/F020VJC3X9A\/181658960_314147620073094_939469351173267738_n.jpg",
                "permalink_public": "https:\/\/slack-files.com\/T01RBRV5F7H-F020VJC3X9A-0e2492881b",
                "is_starred": false,
                "has_rich_preview": false
            }
        ],
        "upload": false,
        "blocks": [
            {
                "type": "rich_text",
                "block_id": "eeZNZ",
                "elements": [
                    {
                        "type": "rich_text_section",
                        "elements": [
                            {
                                "type": "user",
                                "user_id": "U01S0E0MRJ7"
                            },
                            {
                                "type": "text",
                                "text": ", i guess Pfand is very German too.."
                            }
                        ]
                    }
                ]
            }
        ],
        "user": "U01RRV4JX6Z",
        "display_as_bot": false,
        "ts": "1620021937.001700",
        "client_msg_id": "b63b1bca-3843-4513-a99e-0702aaa4d5d0",
        "reactions": [
            {
                "name": "joy",
                "users": [
                    "U01S0E0MRJ7"
                ],
                "count": 1
            }
        ]
    }
]