[
    {
        "type": "message",
        "text": "",
        "files": [
            {
                "id": "F01TGLF76AC",
                "created": 1617088756,
                "timestamp": 1617088756,
                "name": "Bild von iOS.png",
                "title": "Bild von iOS",
                "mimetype": "image\/png",
                "filetype": "png",
                "pretty_type": "PNG",
                "user": "U01S7BM4N81",
                "editable": false,
                "size": 1721611,
                "mode": "hosted",
                "is_external": false,
                "external_type": "",
                "is_public": true,
                "public_url_shared": false,
                "display_as_bot": false,
                "username": "",
                "url_private": "https:\/\/files.slack.com\/files-pri\/T01RBRV5F7H-F01TGLF76AC\/bild_von_ios.png?t=xoxe-1861879185255-2005250891763-2017654554721-735ed824033d65b9b5a8817aca87e86a",
                "url_private_download": "https:\/\/files.slack.com\/files-pri\/T01RBRV5F7H-F01TGLF76AC\/download\/bild_von_ios.png?t=xoxe-1861879185255-2005250891763-2017654554721-735ed824033d65b9b5a8817aca87e86a",
                "thumb_64": "https:\/\/files.slack.com\/files-tmb\/T01RBRV5F7H-F01TGLF76AC-c7aab08105\/bild_von_ios_64.png?t=xoxe-1861879185255-2005250891763-2017654554721-735ed824033d65b9b5a8817aca87e86a",
                "thumb_80": "https:\/\/files.slack.com\/files-tmb\/T01RBRV5F7H-F01TGLF76AC-c7aab08105\/bild_von_ios_80.png?t=xoxe-1861879185255-2005250891763-2017654554721-735ed824033d65b9b5a8817aca87e86a",
                "thumb_360": "https:\/\/files.slack.com\/files-tmb\/T01RBRV5F7H-F01TGLF76AC-c7aab08105\/bild_von_ios_360.png?t=xoxe-1861879185255-2005250891763-2017654554721-735ed824033d65b9b5a8817aca87e86a",
                "thumb_360_w": 202,
                "thumb_360_h": 360,
                "thumb_480": "https:\/\/files.slack.com\/files-tmb\/T01RBRV5F7H-F01TGLF76AC-c7aab08105\/bild_von_ios_480.png?t=xoxe-1861879185255-2005250891763-2017654554721-735ed824033d65b9b5a8817aca87e86a",
                "thumb_480_w": 270,
                "thumb_480_h": 480,
                "thumb_160": "https:\/\/files.slack.com\/files-tmb\/T01RBRV5F7H-F01TGLF76AC-c7aab08105\/bild_von_ios_160.png?t=xoxe-1861879185255-2005250891763-2017654554721-735ed824033d65b9b5a8817aca87e86a",
                "thumb_720": "https:\/\/files.slack.com\/files-tmb\/T01RBRV5F7H-F01TGLF76AC-c7aab08105\/bild_von_ios_720.png?t=xoxe-1861879185255-2005250891763-2017654554721-735ed824033d65b9b5a8817aca87e86a",
                "thumb_720_w": 405,
                "thumb_720_h": 720,
                "thumb_800": "https:\/\/files.slack.com\/files-tmb\/T01RBRV5F7H-F01TGLF76AC-c7aab08105\/bild_von_ios_800.png?t=xoxe-1861879185255-2005250891763-2017654554721-735ed824033d65b9b5a8817aca87e86a",
                "thumb_800_w": 450,
                "thumb_800_h": 800,
                "thumb_960": "https:\/\/files.slack.com\/files-tmb\/T01RBRV5F7H-F01TGLF76AC-c7aab08105\/bild_von_ios_960.png?t=xoxe-1861879185255-2005250891763-2017654554721-735ed824033d65b9b5a8817aca87e86a",
                "thumb_960_w": 540,
                "thumb_960_h": 960,
                "thumb_1024": "https:\/\/files.slack.com\/files-tmb\/T01RBRV5F7H-F01TGLF76AC-c7aab08105\/bild_von_ios_1024.png?t=xoxe-1861879185255-2005250891763-2017654554721-735ed824033d65b9b5a8817aca87e86a",
                "thumb_1024_w": 576,
                "thumb_1024_h": 1024,
                "image_exif_rotation": 1,
                "original_w": 750,
                "original_h": 1334,
                "thumb_tiny": "AwAwABrMop5iPqDR5Z9qAGUU7YR6UbD6igDY3DtFHQ3\/AFzjA9xUeVHXFMLMAQrcH1qdRkwHP3YsfSnbR\/dj\/wC+aiib5eTyOKTz6NQM\/wC0P7UnnvntUdFUImFy46YpftUnov5VBRSsB\/\/Z",
                "permalink": "https:\/\/data-ft-ber-03-2021.slack.com\/files\/U01S7BM4N81\/F01TGLF76AC\/bild_von_ios.png",
                "permalink_public": "https:\/\/slack-files.com\/T01RBRV5F7H-F01TGLF76AC-658023b196",
                "is_starred": false,
                "has_rich_preview": false
            }
        ],
        "upload": false,
        "blocks": [
            {
                "type": "rich_text",
                "block_id": "bcZ",
                "elements": []
            }
        ],
        "user": "U01S7BM4N81",
        "display_as_bot": false,
        "ts": "1617088763.009400",
        "client_msg_id": "31A6D94D-1683-496D-B72E-0755DA6619F6",
        "reactions": [
            {
                "name": "tornado",
                "users": [
                    "U01RW2X7S9Z",
                    "U01RKN0EGDV"
                ],
                "count": 2
            },
            {
                "name": "fillion-speechless",
                "users": [
                    "U01SJKB2MG8"
                ],
                "count": 1
            },
            {
                "name": "zany_face",
                "users": [
                    "U01SJKB2MG8"
                ],
                "count": 1
            }
        ]
    },
    {
        "client_msg_id": "9a75d04b-d45e-4ddd-86b4-b61fcb038907",
        "type": "message",
        "text": ":rolling_on_the_floor_laughing:",
        "user": "U01S0MFJ3HR",
        "ts": "1617089017.009800",
        "team": "T01RBRV5F7H",
        "user_team": "T01RBRV5F7H",
        "source_team": "T01RBRV5F7H",
        "user_profile": {
            "avatar_hash": "16aa576b8645",
            "image_72": "https:\/\/avatars.slack-edge.com\/2021-03-23\/1903189544593_16aa576b864568c61af7_72.jpg",
            "first_name": "",
            "real_name": "Anja Fechner",
            "display_name": "Anja Fechner",
            "team": "T01RBRV5F7H",
            "name": "anja.fechner",
            "is_restricted": false,
            "is_ultra_restricted": false
        },
        "blocks": [
            {
                "type": "rich_text",
                "block_id": "Wl=Bq",
                "elements": [
                    {
                        "type": "rich_text_section",
                        "elements": [
                            {
                                "type": "emoji",
                                "name": "rolling_on_the_floor_laughing"
                            }
                        ]
                    }
                ]
            }
        ]
    },
    {
        "client_msg_id": "db946b03-28c8-451d-99cd-f1fea9661650",
        "type": "message",
        "text": "RAD",
        "user": "U01RW2X7S9Z",
        "ts": "1617089026.010100",
        "team": "T01RBRV5F7H",
        "user_team": "T01RBRV5F7H",
        "source_team": "T01RBRV5F7H",
        "user_profile": {
            "avatar_hash": "7e12d75d168a",
            "image_72": "https:\/\/avatars.slack-edge.com\/2021-03-19\/1880105796643_7e12d75d168ae25c167d_72.jpg",
            "first_name": "Alexandre",
            "real_name": "Alexandre Sommerkamp",
            "display_name": "Alexandre Sommerkamp",
            "team": "T01RBRV5F7H",
            "name": "alex.c.skp",
            "is_restricted": false,
            "is_ultra_restricted": false
        },
        "blocks": [
            {
                "type": "rich_text",
                "block_id": "tEgu",
                "elements": [
                    {
                        "type": "rich_text_section",
                        "elements": [
                            {
                                "type": "text",
                                "text": "RAD"
                            }
                        ]
                    }
                ]
            }
        ]
    },
    {
        "client_msg_id": "35f6b9d9-cf5d-43e1-bfa6-9c4e948012e9",
        "type": "message",
        "text": "me talking about Star Wars:\n\n<https:\/\/www.youtube.com\/watch?v=Cg-pnGFbwMQ&amp;ab_channel=Trigon%27sTrailers>\n\n(apologies for the coarse language... can also take it down if i cant find a bleeped version)",
        "user": "U01S7KCL3DF",
        "ts": "1617105674.011100",
        "team": "T01RBRV5F7H",
        "user_team": "T01RBRV5F7H",
        "source_team": "T01RBRV5F7H",
        "user_profile": {
            "avatar_hash": "17b52091bb62",
            "image_72": "https:\/\/avatars.slack-edge.com\/2021-03-19\/1875964347925_17b52091bb62c2340b4c_72.png",
            "first_name": "Sam",
            "real_name": "Sam Katterfield",
            "display_name": "Sam",
            "team": "T01RBRV5F7H",
            "name": "samkatterfield",
            "is_restricted": false,
            "is_ultra_restricted": false
        },
        "attachments": [
            {
                "service_name": "YouTube",
                "service_url": "https:\/\/www.youtube.com\/",
                "title": "Star Wars Described by a Non Fan",
                "title_link": "https:\/\/www.youtube.com\/watch?v=Cg-pnGFbwMQ&amp;ab_channel=Trigon%27sTrailers",
                "author_name": "Trigon's Trailers",
                "author_link": "https:\/\/www.youtube.com\/c\/TrigonsTrailers",
                "thumb_url": "https:\/\/i.ytimg.com\/vi\/Cg-pnGFbwMQ\/hqdefault.jpg",
                "thumb_width": 480,
                "thumb_height": 360,
                "fallback": "YouTube Video: Star Wars Described by a Non Fan",
                "video_html": "<iframe width=\"400\" height=\"225\" src=\"https:\/\/www.youtube.com\/embed\/Cg-pnGFbwMQ?feature=oembed&autoplay=1&iv_load_policy=3\" frameborder=\"0\" allow=\"accelerometer; autoplay; clipboard-write; encrypted-media; gyroscope; picture-in-picture\" allowfullscreen><\/iframe>",
                "video_html_width": 400,
                "video_html_height": 225,
                "from_url": "https:\/\/www.youtube.com\/watch?v=Cg-pnGFbwMQ&amp;ab_channel=Trigon%27sTrailers",
                "service_icon": "https:\/\/a.slack-edge.com\/80588\/img\/unfurl_icons\/youtube.png",
                "id": 1,
                "original_url": "https:\/\/www.youtube.com\/watch?v=Cg-pnGFbwMQ&amp;ab_channel=Trigon%27sTrailers"
            }
        ],
        "blocks": [
            {
                "type": "rich_text",
                "block_id": "btVb",
                "elements": [
                    {
                        "type": "rich_text_section",
                        "elements": [
                            {
                                "type": "text",
                                "text": "me talking about Star Wars:\n\n"
                            },
                            {
                                "type": "link",
                                "url": "https:\/\/www.youtube.com\/watch?v=Cg-pnGFbwMQ&ab_channel=Trigon%27sTrailers"
                            },
                            {
                                "type": "text",
                                "text": "\n\n(apologies for the coarse language... can also take it down if i cant find a bleeped version)"
                            }
                        ]
                    }
                ]
            }
        ],
        "reactions": [
            {
                "name": "rolling_on_the_floor_laughing",
                "users": [
                    "U01RW2X7S9Z"
                ],
                "count": 1
            }
        ]
    }
]