[
    {
        "bot_id": "B01S7FSR36Y",
        "type": "message",
        "text": "blessed",
        "user": "U01S7BM4N81",
        "ts": "1617040479.008300",
        "team": "T01RBRV5F7H",
        "bot_profile": {
            "id": "B01S7FSR36Y",
            "deleted": false,
            "name": "giphy",
            "updated": 1616421896,
            "app_id": "A0F827J2C",
            "icons": {
                "image_36": "https:\/\/a.slack-edge.com\/dc483\/img\/plugins\/giphy\/service_72.png",
                "image_48": "https:\/\/a.slack-edge.com\/dc483\/img\/plugins\/giphy\/service_48.png",
                "image_72": "https:\/\/a.slack-edge.com\/dc483\/img\/plugins\/giphy\/service_72.png"
            },
            "team_id": "T01RBRV5F7H"
        },
        "blocks": [
            {
                "type": "image",
                "block_id": "kpD",
                "image_url": "https:\/\/media1.giphy.com\/media\/3ornk9n0Dg2TanVhzq\/giphy-downsized.gif?cid=6104955ec915ec7aab23a94c7f74f71bd1e3b11f5935fb9e&rid=giphy-downsized.gif&ct=g",
                "alt_text": "blessed",
                "title": {
                    "type": "plain_text",
                    "text": "blessed",
                    "emoji": true
                },
                "fallback": "480x273px image",
                "image_width": 480,
                "image_height": 273,
                "image_bytes": 1491265,
                "is_animated": true
            },
            {
                "type": "context",
                "block_id": "PnY",
                "elements": [
                    {
                        "type": "image",
                        "image_url": "https:\/\/a.slack-edge.com\/dc483\/img\/plugins\/giphy\/service_32.png",
                        "alt_text": "giphy logo"
                    },
                    {
                        "type": "mrkdwn",
                        "text": "Posted using \/giphy | GIF by <https:\/\/giphy.com\/oscars\/|The Academy Awards>",
                        "verbatim": false
                    }
                ]
            }
        ]
    },
    {
        "type": "message",
        "text": "",
        "files": [
            {
                "id": "F01TESGRMEU",
                "created": 1617040483,
                "timestamp": 1617040483,
                "name": "Bildschirmfoto 2021-03-29 um 19.53.47.png",
                "title": "Bildschirmfoto 2021-03-29 um 19.53.47.png",
                "mimetype": "image\/png",
                "filetype": "png",
                "pretty_type": "PNG",
                "user": "U01S7BM4N81",
                "editable": false,
                "size": 14683,
                "mode": "hosted",
                "is_external": false,
                "external_type": "",
                "is_public": true,
                "public_url_shared": false,
                "display_as_bot": false,
                "username": "",
                "url_private": "https:\/\/files.slack.com\/files-pri\/T01RBRV5F7H-F01TESGRMEU\/bildschirmfoto_2021-03-29_um_19.53.47.png?t=xoxe-1861879185255-2005250891763-2017654554721-735ed824033d65b9b5a8817aca87e86a",
                "url_private_download": "https:\/\/files.slack.com\/files-pri\/T01RBRV5F7H-F01TESGRMEU\/download\/bildschirmfoto_2021-03-29_um_19.53.47.png?t=xoxe-1861879185255-2005250891763-2017654554721-735ed824033d65b9b5a8817aca87e86a",
                "thumb_64": "https:\/\/files.slack.com\/files-tmb\/T01RBRV5F7H-F01TESGRMEU-c60ebc0835\/bildschirmfoto_2021-03-29_um_19.53.47_64.png?t=xoxe-1861879185255-2005250891763-2017654554721-735ed824033d65b9b5a8817aca87e86a",
                "thumb_80": "https:\/\/files.slack.com\/files-tmb\/T01RBRV5F7H-F01TESGRMEU-c60ebc0835\/bildschirmfoto_2021-03-29_um_19.53.47_80.png?t=xoxe-1861879185255-2005250891763-2017654554721-735ed824033d65b9b5a8817aca87e86a",
                "thumb_360": "https:\/\/files.slack.com\/files-tmb\/T01RBRV5F7H-F01TESGRMEU-c60ebc0835\/bildschirmfoto_2021-03-29_um_19.53.47_360.png?t=xoxe-1861879185255-2005250891763-2017654554721-735ed824033d65b9b5a8817aca87e86a",
                "thumb_360_w": 360,
                "thumb_360_h": 213,
                "thumb_160": "https:\/\/files.slack.com\/files-tmb\/T01RBRV5F7H-F01TESGRMEU-c60ebc0835\/bildschirmfoto_2021-03-29_um_19.53.47_160.png?t=xoxe-1861879185255-2005250891763-2017654554721-735ed824033d65b9b5a8817aca87e86a",
                "original_w": 384,
                "original_h": 227,
                "thumb_tiny": "AwAcADBoCeWSWO7sKbgev6VVBY\/x4+poy39\/9a05xWLWB6\/pSGq2W\/v\/AK0vzf3x+dHOKxYoP3TVbJ\/v\/rSbmz94\/nRzjsPSMunDADPeh4ii5LA0zFGKjQAxSUuKMUhiUd6XFAHNAH\/\/2Q==",
                "permalink": "https:\/\/data-ft-ber-03-2021.slack.com\/files\/U01S7BM4N81\/F01TESGRMEU\/bildschirmfoto_2021-03-29_um_19.53.47.png",
                "permalink_public": "https:\/\/slack-files.com\/T01RBRV5F7H-F01TESGRMEU-5af5f8fa47",
                "is_starred": false,
                "has_rich_preview": false
            }
        ],
        "upload": false,
        "user": "U01S7BM4N81",
        "display_as_bot": false,
        "ts": "1617040485.008400",
        "thread_ts": "1617040485.008400",
        "reply_count": 1,
        "reply_users_count": 1,
        "latest_reply": "1617041346.009000",
        "reply_users": [
            "U01SJKB2MG8"
        ],
        "replies": [
            {
                "user": "U01SJKB2MG8",
                "ts": "1617041346.009000"
            }
        ],
        "is_locked": false,
        "subscribed": false,
        "reactions": [
            {
                "name": "raised_hands",
                "users": [
                    "U01RSRE0N3D"
                ],
                "count": 1
            }
        ]
    },
    {
        "bot_id": "B01S7FSR36Y",
        "type": "message",
        "text": "pai mei",
        "user": "U01SJKB2MG8",
        "ts": "1617041346.009000",
        "team": "T01RBRV5F7H",
        "bot_profile": {
            "id": "B01S7FSR36Y",
            "deleted": false,
            "name": "giphy",
            "updated": 1616421896,
            "app_id": "A0F827J2C",
            "icons": {
                "image_36": "https:\/\/a.slack-edge.com\/dc483\/img\/plugins\/giphy\/service_72.png",
                "image_48": "https:\/\/a.slack-edge.com\/dc483\/img\/plugins\/giphy\/service_48.png",
                "image_72": "https:\/\/a.slack-edge.com\/dc483\/img\/plugins\/giphy\/service_72.png"
            },
            "team_id": "T01RBRV5F7H"
        },
        "blocks": [
            {
                "type": "image",
                "block_id": "qNW",
                "image_url": "https:\/\/media2.giphy.com\/media\/13pdBSoCcDejrG\/giphy.gif?cid=6104955ef05c02fa7aec7a60776f41dbef22e28b2f33b576&rid=giphy.gif&ct=g",
                "alt_text": "pai mei",
                "title": {
                    "type": "plain_text",
                    "text": "pai mei",
                    "emoji": true
                },
                "fallback": "500x204px image",
                "image_width": 500,
                "image_height": 204,
                "image_bytes": 956195,
                "is_animated": true
            },
            {
                "type": "context",
                "block_id": "OK2ig",
                "elements": [
                    {
                        "type": "image",
                        "image_url": "https:\/\/a.slack-edge.com\/dc483\/img\/plugins\/giphy\/service_32.png",
                        "alt_text": "giphy logo"
                    },
                    {
                        "type": "mrkdwn",
                        "text": "Posted using \/giphy",
                        "verbatim": false
                    }
                ]
            }
        ],
        "thread_ts": "1617040485.008400",
        "parent_user_id": "U01S7BM4N81",
        "reactions": [
            {
                "name": "handshake",
                "users": [
                    "U01S7BM4N81"
                ],
                "count": 1
            }
        ]
    }
]