[
    {
        "type": "message",
        "subtype": "channel_join",
        "ts": "1616421966.000200",
        "user": "U01SJKB2MG8",
        "text": "<@U01SJKB2MG8> has joined the channel"
    },
    {
        "type": "message",
        "subtype": "channel_purpose",
        "ts": "1616421966.000300",
        "user": "U01SJKB2MG8",
        "text": "<@U01SJKB2MG8> set the channel description: memes &amp; data, what else....",
        "purpose": "memes &amp; data, what else...."
    },
    {
        "type": "message",
        "subtype": "channel_join",
        "ts": "1616421998.000500",
        "user": "U01RW2X7S9Z",
        "text": "<@U01RW2X7S9Z> has joined the channel",
        "inviter": "U01SJKB2MG8"
    },
    {
        "type": "message",
        "subtype": "channel_join",
        "ts": "1616421998.000700",
        "user": "U01SD3CDH9P",
        "text": "<@U01SD3CDH9P> has joined the channel",
        "inviter": "U01SJKB2MG8"
    },
    {
        "type": "message",
        "subtype": "channel_join",
        "ts": "1616421999.000900",
        "user": "U01S0MFJ3HR",
        "text": "<@U01S0MFJ3HR> has joined the channel",
        "inviter": "U01SJKB2MG8"
    },
    {
        "type": "message",
        "subtype": "channel_join",
        "ts": "1616421999.001100",
        "user": "U01S0E0MRJ7",
        "text": "<@U01S0E0MRJ7> has joined the channel",
        "inviter": "U01SJKB2MG8"
    },
    {
        "type": "message",
        "subtype": "channel_join",
        "ts": "1616421999.001300",
        "user": "U01S081EULS",
        "text": "<@U01S081EULS> has joined the channel",
        "inviter": "U01SJKB2MG8"
    },
    {
        "type": "message",
        "subtype": "channel_join",
        "ts": "1616422000.001500",
        "user": "U01RRV4JX6Z",
        "text": "<@U01RRV4JX6Z> has joined the channel",
        "inviter": "U01SJKB2MG8"
    },
    {
        "type": "message",
        "subtype": "channel_join",
        "ts": "1616422000.001700",
        "user": "U01RVSTNRRT",
        "text": "<@U01RVSTNRRT> has joined the channel",
        "inviter": "U01SJKB2MG8"
    },
    {
        "type": "message",
        "subtype": "channel_join",
        "ts": "1616422000.001900",
        "user": "U01RV3K524T",
        "text": "<@U01RV3K524T> has joined the channel",
        "inviter": "U01SJKB2MG8"
    },
    {
        "type": "message",
        "subtype": "channel_join",
        "ts": "1616422000.002100",
        "user": "U01S65G72SY",
        "text": "<@U01S65G72SY> has joined the channel",
        "inviter": "U01SJKB2MG8"
    },
    {
        "type": "message",
        "subtype": "channel_join",
        "ts": "1616422000.002300",
        "user": "U01RP2K1606",
        "text": "<@U01RP2K1606> has joined the channel",
        "inviter": "U01SJKB2MG8"
    },
    {
        "type": "message",
        "subtype": "channel_join",
        "ts": "1616422001.002500",
        "user": "U01S0P26NKD",
        "text": "<@U01S0P26NKD> has joined the channel",
        "inviter": "U01SJKB2MG8"
    },
    {
        "type": "message",
        "subtype": "channel_join",
        "ts": "1616422001.002700",
        "user": "U01S6LCPM0C",
        "text": "<@U01S6LCPM0C> has joined the channel",
        "inviter": "U01SJKB2MG8"
    },
    {
        "type": "message",
        "subtype": "channel_join",
        "ts": "1616422001.002900",
        "user": "U01RN7BVD1C",
        "text": "<@U01RN7BVD1C> has joined the channel",
        "inviter": "U01SJKB2MG8"
    },
    {
        "type": "message",
        "subtype": "channel_join",
        "ts": "1616422001.003100",
        "user": "U01S79YDELR",
        "text": "<@U01S79YDELR> has joined the channel",
        "inviter": "U01SJKB2MG8"
    },
    {
        "type": "message",
        "subtype": "channel_join",
        "ts": "1616422002.003300",
        "user": "U01RSRE0N3D",
        "text": "<@U01RSRE0N3D> has joined the channel",
        "inviter": "U01SJKB2MG8"
    },
    {
        "type": "message",
        "subtype": "channel_join",
        "ts": "1616422002.003500",
        "user": "U01SK96QF5E",
        "text": "<@U01SK96QF5E> has joined the channel",
        "inviter": "U01SJKB2MG8"
    },
    {
        "type": "message",
        "subtype": "channel_join",
        "ts": "1616422002.003700",
        "user": "U01RKN0EGDV",
        "text": "<@U01RKN0EGDV> has joined the channel",
        "inviter": "U01SJKB2MG8"
    },
    {
        "type": "message",
        "subtype": "channel_join",
        "ts": "1616422003.003900",
        "user": "U01RS9Y6UJH",
        "text": "<@U01RS9Y6UJH> has joined the channel",
        "inviter": "U01SJKB2MG8"
    },
    {
        "type": "message",
        "subtype": "channel_join",
        "ts": "1616422003.004100",
        "user": "U01RNEU3SNA",
        "text": "<@U01RNEU3SNA> has joined the channel",
        "inviter": "U01SJKB2MG8"
    },
    {
        "type": "message",
        "subtype": "channel_join",
        "ts": "1616422003.004300",
        "user": "U01S6L7HLUC",
        "text": "<@U01S6L7HLUC> has joined the channel",
        "inviter": "U01SJKB2MG8"
    },
    {
        "type": "message",
        "subtype": "channel_join",
        "ts": "1616422003.004500",
        "user": "U01S1CWGTU4",
        "text": "<@U01S1CWGTU4> has joined the channel",
        "inviter": "U01SJKB2MG8"
    },
    {
        "type": "message",
        "subtype": "channel_join",
        "ts": "1616422004.004700",
        "user": "U01S7KCL3DF",
        "text": "<@U01S7KCL3DF> has joined the channel",
        "inviter": "U01SJKB2MG8"
    },
    {
        "type": "message",
        "subtype": "channel_join",
        "ts": "1616422004.004900",
        "user": "U01RW140HBP",
        "text": "<@U01RW140HBP> has joined the channel",
        "inviter": "U01SJKB2MG8"
    },
    {
        "type": "message",
        "subtype": "channel_join",
        "ts": "1616422004.005100",
        "user": "U01S133DZ9A",
        "text": "<@U01S133DZ9A> has joined the channel",
        "inviter": "U01SJKB2MG8"
    },
    {
        "type": "message",
        "subtype": "channel_join",
        "ts": "1616422004.005300",
        "user": "U01S7BM4N81",
        "text": "<@U01S7BM4N81> has joined the channel",
        "inviter": "U01SJKB2MG8"
    },
    {
        "type": "message",
        "subtype": "channel_join",
        "ts": "1616422005.005500",
        "user": "U01RXCQHMHT",
        "text": "<@U01RXCQHMHT> has joined the channel",
        "inviter": "U01SJKB2MG8"
    },
    {
        "bot_id": "B01S7FSR36Y",
        "type": "message",
        "text": "love it",
        "user": "U01RW2X7S9Z",
        "ts": "1616422075.006000",
        "team": "T01RBRV5F7H",
        "bot_profile": {
            "id": "B01S7FSR36Y",
            "deleted": false,
            "name": "giphy",
            "updated": 1616421896,
            "app_id": "A0F827J2C",
            "icons": {
                "image_36": "https:\/\/a.slack-edge.com\/dc483\/img\/plugins\/giphy\/service_72.png",
                "image_48": "https:\/\/a.slack-edge.com\/dc483\/img\/plugins\/giphy\/service_48.png",
                "image_72": "https:\/\/a.slack-edge.com\/dc483\/img\/plugins\/giphy\/service_72.png"
            },
            "team_id": "T01RBRV5F7H"
        },
        "blocks": [
            {
                "type": "image",
                "block_id": "R7z",
                "image_url": "https:\/\/media2.giphy.com\/media\/cstHEo3umAADEfFAvZ\/giphy.gif?cid=6104955eeed63c02510ab95cde071b8d5800c1a2853f29ef&rid=giphy.gif&ct=g",
                "alt_text": "love it",
                "title": {
                    "type": "plain_text",
                    "text": "love it",
                    "emoji": true
                },
                "fallback": "500x500px image",
                "image_width": 500,
                "image_height": 500,
                "image_bytes": 1740955,
                "is_animated": true
            },
            {
                "type": "context",
                "block_id": "ub7",
                "elements": [
                    {
                        "type": "image",
                        "image_url": "https:\/\/a.slack-edge.com\/dc483\/img\/plugins\/giphy\/service_32.png",
                        "alt_text": "giphy logo"
                    },
                    {
                        "type": "mrkdwn",
                        "text": "Posted using \/giphy | GIF by <https:\/\/giphy.com\/latenightseth\/|Late Night with Seth Meyers>",
                        "verbatim": false
                    }
                ]
            }
        ]
    },
    {
        "bot_id": "B01S7FSR36Y",
        "type": "message",
        "text": "data meme",
        "user": "U01S7KCL3DF",
        "ts": "1616422086.006100",
        "team": "T01RBRV5F7H",
        "bot_profile": {
            "id": "B01S7FSR36Y",
            "deleted": false,
            "name": "giphy",
            "updated": 1616421896,
            "app_id": "A0F827J2C",
            "icons": {
                "image_36": "https:\/\/a.slack-edge.com\/dc483\/img\/plugins\/giphy\/service_72.png",
                "image_48": "https:\/\/a.slack-edge.com\/dc483\/img\/plugins\/giphy\/service_48.png",
                "image_72": "https:\/\/a.slack-edge.com\/dc483\/img\/plugins\/giphy\/service_72.png"
            },
            "team_id": "T01RBRV5F7H"
        },
        "blocks": [
            {
                "type": "image",
                "block_id": "3CD",
                "image_url": "https:\/\/media3.giphy.com\/media\/QnbnVPVWhzbCE\/giphy.gif?cid=6104955ee12181a760d5efa6da361f4219db6a319174f96a&rid=giphy.gif&ct=g",
                "alt_text": "data meme",
                "title": {
                    "type": "plain_text",
                    "text": "data meme",
                    "emoji": true
                },
                "fallback": "480x360px image",
                "image_width": 480,
                "image_height": 360,
                "image_bytes": 550101,
                "is_animated": true
            },
            {
                "type": "context",
                "block_id": "NLZ",
                "elements": [
                    {
                        "type": "image",
                        "image_url": "https:\/\/a.slack-edge.com\/dc483\/img\/plugins\/giphy\/service_32.png",
                        "alt_text": "giphy logo"
                    },
                    {
                        "type": "mrkdwn",
                        "text": "Posted using \/giphy",
                        "verbatim": false
                    }
                ]
            }
        ]
    },
    {
        "client_msg_id": "08aa4277-8943-4ae5-b872-f5a5167dc762",
        "type": "message",
        "text": "<@U01SJKB2MG8> my brother and mother are very excited that a previous student did a project about Leeds United FC",
        "user": "U01S7KCL3DF",
        "ts": "1616422552.006600",
        "team": "T01RBRV5F7H",
        "user_team": "T01RBRV5F7H",
        "source_team": "T01RBRV5F7H",
        "user_profile": {
            "avatar_hash": "17b52091bb62",
            "image_72": "https:\/\/avatars.slack-edge.com\/2021-03-19\/1875964347925_17b52091bb62c2340b4c_72.png",
            "first_name": "Sam",
            "real_name": "Sam Katterfield",
            "display_name": "Sam",
            "team": "T01RBRV5F7H",
            "name": "samkatterfield",
            "is_restricted": false,
            "is_ultra_restricted": false
        },
        "blocks": [
            {
                "type": "rich_text",
                "block_id": "WxnzB",
                "elements": [
                    {
                        "type": "rich_text_section",
                        "elements": [
                            {
                                "type": "user",
                                "user_id": "U01SJKB2MG8"
                            },
                            {
                                "type": "text",
                                "text": " my brother and mother are very excited that a previous student did a project about Leeds United FC"
                            }
                        ]
                    }
                ]
            }
        ],
        "reactions": [
            {
                "name": "leeds_united_logo",
                "users": [
                    "U01SJKB2MG8",
                    "U01RSRE0N3D"
                ],
                "count": 2
            }
        ]
    },
    {
        "client_msg_id": "030a6019-15ee-4412-8aef-726626d84a69",
        "type": "message",
        "text": "when about.txt shows up in github",
        "user": "U01RW2X7S9Z",
        "ts": "1616426710.007100",
        "team": "T01RBRV5F7H",
        "user_team": "T01RBRV5F7H",
        "source_team": "T01RBRV5F7H",
        "user_profile": {
            "avatar_hash": "7e12d75d168a",
            "image_72": "https:\/\/avatars.slack-edge.com\/2021-03-19\/1880105796643_7e12d75d168ae25c167d_72.jpg",
            "first_name": "Alexandre",
            "real_name": "Alexandre Sommerkamp",
            "display_name": "Alexandre Sommerkamp",
            "team": "T01RBRV5F7H",
            "name": "alex.c.skp",
            "is_restricted": false,
            "is_ultra_restricted": false
        },
        "blocks": [
            {
                "type": "rich_text",
                "block_id": "8Xwx",
                "elements": [
                    {
                        "type": "rich_text_section",
                        "elements": [
                            {
                                "type": "text",
                                "text": "when about.txt shows up in github"
                            }
                        ]
                    }
                ]
            }
        ]
    },
    {
        "bot_id": "B01S7FSR36Y",
        "type": "message",
        "text": "hackerman",
        "user": "U01RW2X7S9Z",
        "ts": "1616426718.007300",
        "team": "T01RBRV5F7H",
        "bot_profile": {
            "id": "B01S7FSR36Y",
            "deleted": false,
            "name": "giphy",
            "updated": 1616421896,
            "app_id": "A0F827J2C",
            "icons": {
                "image_36": "https:\/\/a.slack-edge.com\/dc483\/img\/plugins\/giphy\/service_72.png",
                "image_48": "https:\/\/a.slack-edge.com\/dc483\/img\/plugins\/giphy\/service_48.png",
                "image_72": "https:\/\/a.slack-edge.com\/dc483\/img\/plugins\/giphy\/service_72.png"
            },
            "team_id": "T01RBRV5F7H"
        },
        "blocks": [
            {
                "type": "image",
                "block_id": "D6\/\/k",
                "image_url": "https:\/\/media4.giphy.com\/media\/QbumCX9HFFDQA\/giphy-downsized.gif?cid=6104955e9c8454b5a349575c91fe183683bcfa0825d8091e&rid=giphy-downsized.gif&ct=g",
                "alt_text": "hackerman",
                "title": {
                    "type": "plain_text",
                    "text": "hackerman",
                    "emoji": true
                },
                "fallback": "380x214px image",
                "image_width": 380,
                "image_height": 214,
                "image_bytes": 1791262,
                "is_animated": true
            },
            {
                "type": "context",
                "block_id": "MIQ9N",
                "elements": [
                    {
                        "type": "image",
                        "image_url": "https:\/\/a.slack-edge.com\/dc483\/img\/plugins\/giphy\/service_32.png",
                        "alt_text": "giphy logo"
                    },
                    {
                        "type": "mrkdwn",
                        "text": "Posted using \/giphy",
                        "verbatim": false
                    }
                ]
            }
        ],
        "reactions": [
            {
                "name": "joy",
                "users": [
                    "U01SJKB2MG8",
                    "U01S7BM4N81",
                    "U01SK96QF5E"
                ],
                "count": 3
            },
            {
                "name": "stuck_out_tongue",
                "users": [
                    "U01S7BM4N81"
                ],
                "count": 1
            }
        ]
    },
    {
        "type": "message",
        "text": "",
        "files": [
            {
                "id": "F01RYLB9W77",
                "created": 1616426874,
                "timestamp": 1616426874,
                "name": "FB_IMG_1598801697163.jpg",
                "title": "FB_IMG_1598801697163.jpg",
                "mimetype": "image\/jpeg",
                "filetype": "jpg",
                "pretty_type": "JPEG",
                "user": "U01SJKB2MG8",
                "editable": false,
                "size": 78305,
                "mode": "hosted",
                "is_external": false,
                "external_type": "",
                "is_public": true,
                "public_url_shared": false,
                "display_as_bot": false,
                "username": "",
                "url_private": "https:\/\/files.slack.com\/files-pri\/T01RBRV5F7H-F01RYLB9W77\/fb_img_1598801697163.jpg?t=xoxe-1861879185255-2005250891763-2017654554721-735ed824033d65b9b5a8817aca87e86a",
                "url_private_download": "https:\/\/files.slack.com\/files-pri\/T01RBRV5F7H-F01RYLB9W77\/download\/fb_img_1598801697163.jpg?t=xoxe-1861879185255-2005250891763-2017654554721-735ed824033d65b9b5a8817aca87e86a",
                "thumb_64": "https:\/\/files.slack.com\/files-tmb\/T01RBRV5F7H-F01RYLB9W77-0274d8c441\/fb_img_1598801697163_64.jpg?t=xoxe-1861879185255-2005250891763-2017654554721-735ed824033d65b9b5a8817aca87e86a",
                "thumb_80": "https:\/\/files.slack.com\/files-tmb\/T01RBRV5F7H-F01RYLB9W77-0274d8c441\/fb_img_1598801697163_80.jpg?t=xoxe-1861879185255-2005250891763-2017654554721-735ed824033d65b9b5a8817aca87e86a",
                "thumb_360": "https:\/\/files.slack.com\/files-tmb\/T01RBRV5F7H-F01RYLB9W77-0274d8c441\/fb_img_1598801697163_360.jpg?t=xoxe-1861879185255-2005250891763-2017654554721-735ed824033d65b9b5a8817aca87e86a",
                "thumb_360_w": 358,
                "thumb_360_h": 360,
                "thumb_480": "https:\/\/files.slack.com\/files-tmb\/T01RBRV5F7H-F01RYLB9W77-0274d8c441\/fb_img_1598801697163_480.jpg?t=xoxe-1861879185255-2005250891763-2017654554721-735ed824033d65b9b5a8817aca87e86a",
                "thumb_480_w": 477,
                "thumb_480_h": 480,
                "thumb_160": "https:\/\/files.slack.com\/files-tmb\/T01RBRV5F7H-F01RYLB9W77-0274d8c441\/fb_img_1598801697163_160.jpg?t=xoxe-1861879185255-2005250891763-2017654554721-735ed824033d65b9b5a8817aca87e86a",
                "thumb_720": "https:\/\/files.slack.com\/files-tmb\/T01RBRV5F7H-F01RYLB9W77-0274d8c441\/fb_img_1598801697163_720.jpg?t=xoxe-1861879185255-2005250891763-2017654554721-735ed824033d65b9b5a8817aca87e86a",
                "thumb_720_w": 715,
                "thumb_720_h": 720,
                "thumb_800": "https:\/\/files.slack.com\/files-tmb\/T01RBRV5F7H-F01RYLB9W77-0274d8c441\/fb_img_1598801697163_800.jpg?t=xoxe-1861879185255-2005250891763-2017654554721-735ed824033d65b9b5a8817aca87e86a",
                "thumb_800_w": 800,
                "thumb_800_h": 805,
                "thumb_960": "https:\/\/files.slack.com\/files-tmb\/T01RBRV5F7H-F01RYLB9W77-0274d8c441\/fb_img_1598801697163_960.jpg?t=xoxe-1861879185255-2005250891763-2017654554721-735ed824033d65b9b5a8817aca87e86a",
                "thumb_960_w": 954,
                "thumb_960_h": 960,
                "thumb_1024": "https:\/\/files.slack.com\/files-tmb\/T01RBRV5F7H-F01RYLB9W77-0274d8c441\/fb_img_1598801697163_1024.jpg?t=xoxe-1861879185255-2005250891763-2017654554721-735ed824033d65b9b5a8817aca87e86a",
                "thumb_1024_w": 1017,
                "thumb_1024_h": 1024,
                "original_w": 1080,
                "original_h": 1087,
                "thumb_tiny": "AwAwAC+DZ70qRqYyzSYIOAPWnlQOcZxzVkBQPlAH0FKwFSNVZwMnngZpZbZkBdjlBjjNTyFE5JA6cVJOVe2kwQePWnYDPUqDwgFTb+nFVlwOaYWbPLNU2K2LsbeZGD37\/WmSTOnyA4AHGOppsaPGrMwwB7jrUbK0nz9fpVXJJRNEEKsmCepIzQWUKFjYFT3PJ\/8ArVX2hv4smp44nKqQox9QKQFeT73bHakAP4etWjbSHnj8xTPs0mPuj\/voUAWPKjfBKZx0pRGMbVXbjpioo5Sq4GCR0yetC3a5xgq3TpmkXoK8aq+QvzetV2PzcD86llkKn5u5qFjk5polgcHsKTA9KKKYj\/\/Z",
                "permalink": "https:\/\/data-ft-ber-03-2021.slack.com\/files\/U01SJKB2MG8\/F01RYLB9W77\/fb_img_1598801697163.jpg",
                "permalink_public": "https:\/\/slack-files.com\/T01RBRV5F7H-F01RYLB9W77-f5ba895ea1",
                "is_starred": false,
                "has_rich_preview": false
            }
        ],
        "upload": false,
        "user": "U01SJKB2MG8",
        "display_as_bot": false,
        "ts": "1616426879.007400"
    },
    {
        "client_msg_id": "e55f1f86-0915-4728-a75d-22a3e10d3bb1",
        "type": "message",
        "text": "not enough RGB",
        "user": "U01RW2X7S9Z",
        "ts": "1616426944.008000",
        "team": "T01RBRV5F7H",
        "user_team": "T01RBRV5F7H",
        "source_team": "T01RBRV5F7H",
        "user_profile": {
            "avatar_hash": "7e12d75d168a",
            "image_72": "https:\/\/avatars.slack-edge.com\/2021-03-19\/1880105796643_7e12d75d168ae25c167d_72.jpg",
            "first_name": "Alexandre",
            "real_name": "Alexandre Sommerkamp",
            "display_name": "Alexandre Sommerkamp",
            "team": "T01RBRV5F7H",
            "name": "alex.c.skp",
            "is_restricted": false,
            "is_ultra_restricted": false
        },
        "blocks": [
            {
                "type": "rich_text",
                "block_id": "XFPc",
                "elements": [
                    {
                        "type": "rich_text_section",
                        "elements": [
                            {
                                "type": "text",
                                "text": "not enough RGB"
                            }
                        ]
                    }
                ]
            }
        ]
    },
    {
        "bot_id": "B01S7FSR36Y",
        "type": "message",
        "text": "rgb",
        "user": "U01RW2X7S9Z",
        "ts": "1616426966.008300",
        "team": "T01RBRV5F7H",
        "bot_profile": {
            "id": "B01S7FSR36Y",
            "deleted": false,
            "name": "giphy",
            "updated": 1616421896,
            "app_id": "A0F827J2C",
            "icons": {
                "image_36": "https:\/\/a.slack-edge.com\/dc483\/img\/plugins\/giphy\/service_72.png",
                "image_48": "https:\/\/a.slack-edge.com\/dc483\/img\/plugins\/giphy\/service_48.png",
                "image_72": "https:\/\/a.slack-edge.com\/dc483\/img\/plugins\/giphy\/service_72.png"
            },
            "team_id": "T01RBRV5F7H"
        },
        "blocks": [
            {
                "type": "image",
                "block_id": "9qaPJ",
                "image_url": "https:\/\/media4.giphy.com\/media\/wcW0qeayf7bfW\/giphy-downsized.gif?cid=6104955e7f06772631acfbf98722c4adcac0962106c33d1b&rid=giphy-downsized.gif&ct=g",
                "alt_text": "rgb",
                "title": {
                    "type": "plain_text",
                    "text": "rgb",
                    "emoji": true
                },
                "fallback": "253x253px image",
                "image_width": 253,
                "image_height": 253,
                "image_bytes": 1297086,
                "is_animated": true
            },
            {
                "type": "context",
                "block_id": "+FfHD",
                "elements": [
                    {
                        "type": "image",
                        "image_url": "https:\/\/a.slack-edge.com\/dc483\/img\/plugins\/giphy\/service_32.png",
                        "alt_text": "giphy logo"
                    },
                    {
                        "type": "mrkdwn",
                        "text": "Posted using \/giphy | GIF by <https:\/\/giphy.com\/corsairgaming\/|CORSAIR>",
                        "verbatim": false
                    }
                ]
            }
        ]
    },
    {
        "bot_id": "B01S7FSR36Y",
        "type": "message",
        "text": "memes are strong with this one",
        "user": "U01RSRE0N3D",
        "ts": "1616427063.008500",
        "team": "T01RBRV5F7H",
        "bot_profile": {
            "id": "B01S7FSR36Y",
            "deleted": false,
            "name": "giphy",
            "updated": 1616421896,
            "app_id": "A0F827J2C",
            "icons": {
                "image_36": "https:\/\/a.slack-edge.com\/dc483\/img\/plugins\/giphy\/service_72.png",
                "image_48": "https:\/\/a.slack-edge.com\/dc483\/img\/plugins\/giphy\/service_48.png",
                "image_72": "https:\/\/a.slack-edge.com\/dc483\/img\/plugins\/giphy\/service_72.png"
            },
            "team_id": "T01RBRV5F7H"
        },
        "blocks": [
            {
                "type": "image",
                "block_id": "Wf7",
                "image_url": "https:\/\/media1.giphy.com\/media\/UTdRltjiYpN2vaHx6Q\/giphy.gif?cid=6104955e885ec19b869252e1d631eebc3a40928c7eaa34cd&rid=giphy.gif&ct=g",
                "alt_text": "memes are strong with this one",
                "title": {
                    "type": "plain_text",
                    "text": "memes are strong with this one",
                    "emoji": true
                },
                "fallback": "480x374px image",
                "image_width": 480,
                "image_height": 374,
                "image_bytes": 1397821,
                "is_animated": true
            },
            {
                "type": "context",
                "block_id": "v+m",
                "elements": [
                    {
                        "type": "image",
                        "image_url": "https:\/\/a.slack-edge.com\/dc483\/img\/plugins\/giphy\/service_32.png",
                        "alt_text": "giphy logo"
                    },
                    {
                        "type": "mrkdwn",
                        "text": "Posted using \/giphy",
                        "verbatim": false
                    }
                ]
            }
        ]
    },
    {
        "client_msg_id": "fa24985d-4dd3-4031-b992-0f01134a3caa",
        "type": "message",
        "text": "love the action! :heart:",
        "user": "U01RSRE0N3D",
        "ts": "1616427070.008700",
        "team": "T01RBRV5F7H",
        "user_team": "T01RBRV5F7H",
        "source_team": "T01RBRV5F7H",
        "user_profile": {
            "avatar_hash": "5b0571ca5e6f",
            "image_72": "https:\/\/avatars.slack-edge.com\/2021-03-18\/1876877550179_5b0571ca5e6fe1f759fe_72.jpg",
            "first_name": "Kosta",
            "real_name": "Kosta",
            "display_name": "Kosta",
            "team": "T01RBRV5F7H",
            "name": "kostadin.mitkov",
            "is_restricted": false,
            "is_ultra_restricted": false
        },
        "blocks": [
            {
                "type": "rich_text",
                "block_id": "W4MH+",
                "elements": [
                    {
                        "type": "rich_text_section",
                        "elements": [
                            {
                                "type": "text",
                                "text": "love the action! "
                            },
                            {
                                "type": "emoji",
                                "name": "heart"
                            }
                        ]
                    }
                ]
            }
        ]
    },
    {
        "bot_id": "B01S7FSR36Y",
        "type": "message",
        "text": "stonks",
        "user": "U01RW2X7S9Z",
        "ts": "1616427319.008900",
        "team": "T01RBRV5F7H",
        "bot_profile": {
            "id": "B01S7FSR36Y",
            "deleted": false,
            "name": "giphy",
            "updated": 1616421896,
            "app_id": "A0F827J2C",
            "icons": {
                "image_36": "https:\/\/a.slack-edge.com\/dc483\/img\/plugins\/giphy\/service_72.png",
                "image_48": "https:\/\/a.slack-edge.com\/dc483\/img\/plugins\/giphy\/service_48.png",
                "image_72": "https:\/\/a.slack-edge.com\/dc483\/img\/plugins\/giphy\/service_72.png"
            },
            "team_id": "T01RBRV5F7H"
        },
        "blocks": [
            {
                "type": "image",
                "block_id": "lq3",
                "image_url": "https:\/\/media2.giphy.com\/media\/KEeyysnlLdJ4afgEhk\/giphy.gif?cid=6104955e50786b5244b0460f04bae853d9f38c16c34737d8&rid=giphy.gif&ct=g",
                "alt_text": "stonks",
                "title": {
                    "type": "plain_text",
                    "text": "stonks",
                    "emoji": true
                },
                "fallback": "430x215px image",
                "image_width": 430,
                "image_height": 215,
                "image_bytes": 591114,
                "is_animated": true
            },
            {
                "type": "context",
                "block_id": "SMp",
                "elements": [
                    {
                        "type": "image",
                        "image_url": "https:\/\/a.slack-edge.com\/dc483\/img\/plugins\/giphy\/service_32.png",
                        "alt_text": "giphy logo"
                    },
                    {
                        "type": "mrkdwn",
                        "text": "Posted using \/giphy",
                        "verbatim": false
                    }
                ]
            }
        ]
    },
    {
        "client_msg_id": "91002FF8-A80E-42B0-B0DE-77DF21C2CD1F",
        "type": "message",
        "text": "Most important video about statistics ",
        "user": "U01S7BM4N81",
        "ts": "1616437428.009800",
        "team": "T01RBRV5F7H",
        "user_team": "T01RBRV5F7H",
        "source_team": "T01RBRV5F7H",
        "user_profile": {
            "avatar_hash": "2adfc641e87e",
            "image_72": "https:\/\/avatars.slack-edge.com\/2021-04-16\/1994438084416_2adfc641e87e3a953d9c_72.png",
            "first_name": "Thamo",
            "real_name": "Thamo",
            "display_name": "Thamo",
            "team": "T01RBRV5F7H",
            "name": "thamokoeper",
            "is_restricted": false,
            "is_ultra_restricted": false
        },
        "blocks": [
            {
                "type": "rich_text",
                "block_id": "+Rc",
                "elements": [
                    {
                        "type": "rich_text_section",
                        "elements": [
                            {
                                "type": "text",
                                "text": "Most important video about statistics "
                            }
                        ]
                    }
                ]
            }
        ],
        "reactions": [
            {
                "name": "aaw_yeah",
                "users": [
                    "U01RW2X7S9Z"
                ],
                "count": 1
            }
        ]
    },
    {
        "client_msg_id": "04E3943B-8053-47BA-A8C1-D439E86D2863",
        "type": "message",
        "text": "<https:\/\/youtu.be\/BvWefB4NGGI|https:\/\/youtu.be\/BvWefB4NGGI>",
        "user": "U01S7BM4N81",
        "ts": "1616437430.009900",
        "team": "T01RBRV5F7H",
        "user_team": "T01RBRV5F7H",
        "source_team": "T01RBRV5F7H",
        "user_profile": {
            "avatar_hash": "2adfc641e87e",
            "image_72": "https:\/\/avatars.slack-edge.com\/2021-04-16\/1994438084416_2adfc641e87e3a953d9c_72.png",
            "first_name": "Thamo",
            "real_name": "Thamo",
            "display_name": "Thamo",
            "team": "T01RBRV5F7H",
            "name": "thamokoeper",
            "is_restricted": false,
            "is_ultra_restricted": false
        },
        "attachments": [
            {
                "service_name": "YouTube",
                "service_url": "https:\/\/www.youtube.com\/",
                "title": "Timothée Chalamet Statistics",
                "title_link": "https:\/\/youtu.be\/BvWefB4NGGI",
                "author_name": "Timothée Chalamet Fan",
                "author_link": "https:\/\/www.youtube.com\/user\/albertina",
                "thumb_url": "https:\/\/i.ytimg.com\/vi\/BvWefB4NGGI\/hqdefault.jpg",
                "thumb_width": 480,
                "thumb_height": 360,
                "fallback": "YouTube Video: Timothée Chalamet Statistics",
                "video_html": "<iframe width=\"400\" height=\"225\" src=\"https:\/\/www.youtube.com\/embed\/BvWefB4NGGI?feature=oembed&autoplay=1&iv_load_policy=3\" frameborder=\"0\" allow=\"accelerometer; autoplay; clipboard-write; encrypted-media; gyroscope; picture-in-picture\" allowfullscreen><\/iframe>",
                "video_html_width": 400,
                "video_html_height": 225,
                "from_url": "https:\/\/youtu.be\/BvWefB4NGGI",
                "service_icon": "https:\/\/a.slack-edge.com\/80588\/img\/unfurl_icons\/youtube.png",
                "id": 1,
                "original_url": "https:\/\/youtu.be\/BvWefB4NGGI"
            }
        ],
        "blocks": [
            {
                "type": "rich_text",
                "block_id": "Pjtl1",
                "elements": [
                    {
                        "type": "rich_text_section",
                        "elements": [
                            {
                                "type": "link",
                                "url": "https:\/\/youtu.be\/BvWefB4NGGI",
                                "text": "https:\/\/youtu.be\/BvWefB4NGGI"
                            }
                        ]
                    }
                ]
            }
        ]
    }
]