[
    {
        "type": "message",
        "text": "",
        "files": [
            {
                "id": "F01SF9CN8UC",
                "created": 1616580597,
                "timestamp": 1616580597,
                "name": "op96es9026wy.png",
                "title": "op96es9026wy.png",
                "mimetype": "image\/png",
                "filetype": "png",
                "pretty_type": "PNG",
                "user": "U01SK96QF5E",
                "editable": false,
                "size": 24729,
                "mode": "hosted",
                "is_external": false,
                "external_type": "",
                "is_public": true,
                "public_url_shared": false,
                "display_as_bot": false,
                "username": "",
                "url_private": "https:\/\/files.slack.com\/files-pri\/T01RBRV5F7H-F01SF9CN8UC\/op96es9026wy.png?t=xoxe-1861879185255-2005250891763-2017654554721-735ed824033d65b9b5a8817aca87e86a",
                "url_private_download": "https:\/\/files.slack.com\/files-pri\/T01RBRV5F7H-F01SF9CN8UC\/download\/op96es9026wy.png?t=xoxe-1861879185255-2005250891763-2017654554721-735ed824033d65b9b5a8817aca87e86a",
                "thumb_64": "https:\/\/files.slack.com\/files-tmb\/T01RBRV5F7H-F01SF9CN8UC-3eef0355d5\/op96es9026wy_64.png?t=xoxe-1861879185255-2005250891763-2017654554721-735ed824033d65b9b5a8817aca87e86a",
                "thumb_80": "https:\/\/files.slack.com\/files-tmb\/T01RBRV5F7H-F01SF9CN8UC-3eef0355d5\/op96es9026wy_80.png?t=xoxe-1861879185255-2005250891763-2017654554721-735ed824033d65b9b5a8817aca87e86a",
                "thumb_360": "https:\/\/files.slack.com\/files-tmb\/T01RBRV5F7H-F01SF9CN8UC-3eef0355d5\/op96es9026wy_360.png?t=xoxe-1861879185255-2005250891763-2017654554721-735ed824033d65b9b5a8817aca87e86a",
                "thumb_360_w": 360,
                "thumb_360_h": 360,
                "thumb_480": "https:\/\/files.slack.com\/files-tmb\/T01RBRV5F7H-F01SF9CN8UC-3eef0355d5\/op96es9026wy_480.png?t=xoxe-1861879185255-2005250891763-2017654554721-735ed824033d65b9b5a8817aca87e86a",
                "thumb_480_w": 480,
                "thumb_480_h": 480,
                "thumb_160": "https:\/\/files.slack.com\/files-tmb\/T01RBRV5F7H-F01SF9CN8UC-3eef0355d5\/op96es9026wy_160.png?t=xoxe-1861879185255-2005250891763-2017654554721-735ed824033d65b9b5a8817aca87e86a",
                "original_w": 500,
                "original_h": 500,
                "thumb_tiny": "AwAwADDSpCMjg496WigBm1\/7\/wD47Rtf+\/8ApT6ZISF4z1HQ4oAeOnPJopgOerEfiKeOnXNADJJAg9+wqu0znPzY+lLMcyH24qM9DXPKbbsbxikrjoZpAgLHdn1q0rB1yOlUwMAD0qa3PzEeoqlUvImUdCfA9B+VLRRWxkVp1xJnsaiq4dkg25BqE25\/hI\/GsJ03e6NozVrMhqe3Xkt+FC2\/PzH8qmAAGB0pwg07sU5q1kLRRRWxkf\/Z",
                "permalink": "https:\/\/data-ft-ber-03-2021.slack.com\/files\/U01SK96QF5E\/F01SF9CN8UC\/op96es9026wy.png",
                "permalink_public": "https:\/\/slack-files.com\/T01RBRV5F7H-F01SF9CN8UC-7b21a3eb7b",
                "is_starred": false,
                "has_rich_preview": false
            }
        ],
        "upload": false,
        "user": "U01SK96QF5E",
        "display_as_bot": false,
        "ts": "1616580599.000200",
        "reactions": [
            {
                "name": "rolling_on_the_floor_laughing",
                "users": [
                    "U01S1CWGTU4",
                    "U01S7BM4N81",
                    "U01S0MFJ3HR",
                    "U01RW140HBP",
                    "U01RSRE0N3D"
                ],
                "count": 5
            }
        ]
    },
    {
        "type": "message",
        "text": "",
        "files": [
            {
                "id": "F01RUBAB88P",
                "created": 1616580648,
                "timestamp": 1616580648,
                "name": "Bildschirmfoto 2021-03-24 um 11.10.32.png",
                "title": "Bildschirmfoto 2021-03-24 um 11.10.32.png",
                "mimetype": "image\/png",
                "filetype": "png",
                "pretty_type": "PNG",
                "user": "U01S7BM4N81",
                "editable": false,
                "size": 376330,
                "mode": "hosted",
                "is_external": false,
                "external_type": "",
                "is_public": true,
                "public_url_shared": false,
                "display_as_bot": false,
                "username": "",
                "url_private": "https:\/\/files.slack.com\/files-pri\/T01RBRV5F7H-F01RUBAB88P\/bildschirmfoto_2021-03-24_um_11.10.32.png?t=xoxe-1861879185255-2005250891763-2017654554721-735ed824033d65b9b5a8817aca87e86a",
                "url_private_download": "https:\/\/files.slack.com\/files-pri\/T01RBRV5F7H-F01RUBAB88P\/download\/bildschirmfoto_2021-03-24_um_11.10.32.png?t=xoxe-1861879185255-2005250891763-2017654554721-735ed824033d65b9b5a8817aca87e86a",
                "thumb_64": "https:\/\/files.slack.com\/files-tmb\/T01RBRV5F7H-F01RUBAB88P-fb99949eef\/bildschirmfoto_2021-03-24_um_11.10.32_64.png?t=xoxe-1861879185255-2005250891763-2017654554721-735ed824033d65b9b5a8817aca87e86a",
                "thumb_80": "https:\/\/files.slack.com\/files-tmb\/T01RBRV5F7H-F01RUBAB88P-fb99949eef\/bildschirmfoto_2021-03-24_um_11.10.32_80.png?t=xoxe-1861879185255-2005250891763-2017654554721-735ed824033d65b9b5a8817aca87e86a",
                "thumb_360": "https:\/\/files.slack.com\/files-tmb\/T01RBRV5F7H-F01RUBAB88P-fb99949eef\/bildschirmfoto_2021-03-24_um_11.10.32_360.png?t=xoxe-1861879185255-2005250891763-2017654554721-735ed824033d65b9b5a8817aca87e86a",
                "thumb_360_w": 360,
                "thumb_360_h": 267,
                "thumb_480": "https:\/\/files.slack.com\/files-tmb\/T01RBRV5F7H-F01RUBAB88P-fb99949eef\/bildschirmfoto_2021-03-24_um_11.10.32_480.png?t=xoxe-1861879185255-2005250891763-2017654554721-735ed824033d65b9b5a8817aca87e86a",
                "thumb_480_w": 480,
                "thumb_480_h": 355,
                "thumb_160": "https:\/\/files.slack.com\/files-tmb\/T01RBRV5F7H-F01RUBAB88P-fb99949eef\/bildschirmfoto_2021-03-24_um_11.10.32_160.png?t=xoxe-1861879185255-2005250891763-2017654554721-735ed824033d65b9b5a8817aca87e86a",
                "original_w": 593,
                "original_h": 439,
                "thumb_tiny": "AwAjADC4AB0poLb+22o23MOtN2nHBpslFk9DSJ9xfpUQ3BcZpFJ2jk9KYErPtIGM0pGetR5OCDRk9iaAE2ikIFNyS+BkE9s0ZJHBNTqXdD9op6xqVBx2qJd2TmniQhRwOlNEtp7D\/LX0\/Wjy19P1pnmE+lL5h9BTEV4uSQealwABioYepqc0xAelIvKj6Up6UJ938KADHNB6Ud6G6UAf\/9k=",
                "permalink": "https:\/\/data-ft-ber-03-2021.slack.com\/files\/U01S7BM4N81\/F01RUBAB88P\/bildschirmfoto_2021-03-24_um_11.10.32.png",
                "permalink_public": "https:\/\/slack-files.com\/T01RBRV5F7H-F01RUBAB88P-0555982af9",
                "is_starred": false,
                "has_rich_preview": false
            }
        ],
        "upload": false,
        "user": "U01S7BM4N81",
        "display_as_bot": false,
        "ts": "1616580651.000600",
        "reactions": [
            {
                "name": "rolling_on_the_floor_laughing",
                "users": [
                    "U01S1CWGTU4",
                    "U01RKN0EGDV",
                    "U01S0MFJ3HR",
                    "U01RSRE0N3D"
                ],
                "count": 4
            },
            {
                "name": "raised_hands",
                "users": [
                    "U01RW2X7S9Z",
                    "U01S0MFJ3HR"
                ],
                "count": 2
            }
        ]
    },
    {
        "type": "message",
        "text": "first week of bootcamp vibes :dog2:",
        "files": [
            {
                "id": "F01RV6A6C31",
                "created": 1616595112,
                "timestamp": 1616595112,
                "name": "image.png",
                "title": "image.png",
                "mimetype": "image\/png",
                "filetype": "png",
                "pretty_type": "PNG",
                "user": "U01S7KCL3DF",
                "editable": false,
                "size": 335559,
                "mode": "hosted",
                "is_external": false,
                "external_type": "",
                "is_public": true,
                "public_url_shared": false,
                "display_as_bot": false,
                "username": "",
                "url_private": "https:\/\/files.slack.com\/files-pri\/T01RBRV5F7H-F01RV6A6C31\/image.png?t=xoxe-1861879185255-2005250891763-2017654554721-735ed824033d65b9b5a8817aca87e86a",
                "url_private_download": "https:\/\/files.slack.com\/files-pri\/T01RBRV5F7H-F01RV6A6C31\/download\/image.png?t=xoxe-1861879185255-2005250891763-2017654554721-735ed824033d65b9b5a8817aca87e86a",
                "thumb_64": "https:\/\/files.slack.com\/files-tmb\/T01RBRV5F7H-F01RV6A6C31-6eca5572b8\/image_64.png?t=xoxe-1861879185255-2005250891763-2017654554721-735ed824033d65b9b5a8817aca87e86a",
                "thumb_80": "https:\/\/files.slack.com\/files-tmb\/T01RBRV5F7H-F01RV6A6C31-6eca5572b8\/image_80.png?t=xoxe-1861879185255-2005250891763-2017654554721-735ed824033d65b9b5a8817aca87e86a",
                "thumb_360": "https:\/\/files.slack.com\/files-tmb\/T01RBRV5F7H-F01RV6A6C31-6eca5572b8\/image_360.png?t=xoxe-1861879185255-2005250891763-2017654554721-735ed824033d65b9b5a8817aca87e86a",
                "thumb_360_w": 360,
                "thumb_360_h": 229,
                "thumb_160": "https:\/\/files.slack.com\/files-tmb\/T01RBRV5F7H-F01RV6A6C31-6eca5572b8\/image_160.png?t=xoxe-1861879185255-2005250891763-2017654554721-735ed824033d65b9b5a8817aca87e86a",
                "original_w": 455,
                "original_h": 290,
                "thumb_tiny": "AwAeADB7OsWPMUnJ4xURuYsphWwD83vxTJg5jyxyc5+lV8cnkD60NW3EncvoySDIQlehB9aY5RRhVKknOce1VkO3pIQc\/hUn3uDNn39KQyVbgoOBtUVYilEg96zs8dc08nYnJOD3zjFJoos7la2Zuo25qnHGGf5iOKvQxxGCMFeGAJGfb\/61Mkt4wyjaOqgn8TmrbuZxjYrtB6DP400JtOMYFW1VDFF8vLMAfzNPMUeRleMnv71OpehSDbD0FOYiWPbgA9afeIqBCoxkkVCCcVLQ0z\/\/2Q==",
                "permalink": "https:\/\/data-ft-ber-03-2021.slack.com\/files\/U01S7KCL3DF\/F01RV6A6C31\/image.png",
                "permalink_public": "https:\/\/slack-files.com\/T01RBRV5F7H-F01RV6A6C31-6bbbde023a",
                "is_starred": false,
                "has_rich_preview": false
            }
        ],
        "upload": false,
        "blocks": [
            {
                "type": "rich_text",
                "block_id": "91VBC",
                "elements": [
                    {
                        "type": "rich_text_section",
                        "elements": [
                            {
                                "type": "text",
                                "text": "first week of bootcamp vibes "
                            },
                            {
                                "type": "emoji",
                                "name": "dog2"
                            }
                        ]
                    }
                ]
            }
        ],
        "user": "U01S7KCL3DF",
        "display_as_bot": false,
        "ts": "1616595125.002300",
        "reactions": [
            {
                "name": "catjam",
                "users": [
                    "U01S7BM4N81"
                ],
                "count": 1
            },
            {
                "name": "pray",
                "users": [
                    "U01S7BM4N81",
                    "U01RSRE0N3D"
                ],
                "count": 2
            }
        ]
    },
    {
        "type": "message",
        "text": "",
        "files": [
            {
                "id": "F01SA7UA59R",
                "created": 1616595991,
                "timestamp": 1616595991,
                "name": "image.png",
                "title": "image.png",
                "mimetype": "image\/png",
                "filetype": "png",
                "pretty_type": "PNG",
                "user": "U01RW140HBP",
                "editable": false,
                "size": 58469,
                "mode": "hosted",
                "is_external": false,
                "external_type": "",
                "is_public": true,
                "public_url_shared": false,
                "display_as_bot": false,
                "username": "",
                "url_private": "https:\/\/files.slack.com\/files-pri\/T01RBRV5F7H-F01SA7UA59R\/image.png?t=xoxe-1861879185255-2005250891763-2017654554721-735ed824033d65b9b5a8817aca87e86a",
                "url_private_download": "https:\/\/files.slack.com\/files-pri\/T01RBRV5F7H-F01SA7UA59R\/download\/image.png?t=xoxe-1861879185255-2005250891763-2017654554721-735ed824033d65b9b5a8817aca87e86a",
                "thumb_64": "https:\/\/files.slack.com\/files-tmb\/T01RBRV5F7H-F01SA7UA59R-8cba915277\/image_64.png?t=xoxe-1861879185255-2005250891763-2017654554721-735ed824033d65b9b5a8817aca87e86a",
                "thumb_80": "https:\/\/files.slack.com\/files-tmb\/T01RBRV5F7H-F01SA7UA59R-8cba915277\/image_80.png?t=xoxe-1861879185255-2005250891763-2017654554721-735ed824033d65b9b5a8817aca87e86a",
                "thumb_360": "https:\/\/files.slack.com\/files-tmb\/T01RBRV5F7H-F01SA7UA59R-8cba915277\/image_360.png?t=xoxe-1861879185255-2005250891763-2017654554721-735ed824033d65b9b5a8817aca87e86a",
                "thumb_360_w": 360,
                "thumb_360_h": 278,
                "thumb_480": "https:\/\/files.slack.com\/files-tmb\/T01RBRV5F7H-F01SA7UA59R-8cba915277\/image_480.png?t=xoxe-1861879185255-2005250891763-2017654554721-735ed824033d65b9b5a8817aca87e86a",
                "thumb_480_w": 480,
                "thumb_480_h": 371,
                "thumb_160": "https:\/\/files.slack.com\/files-tmb\/T01RBRV5F7H-F01SA7UA59R-8cba915277\/image_160.png?t=xoxe-1861879185255-2005250891763-2017654554721-735ed824033d65b9b5a8817aca87e86a",
                "thumb_720": "https:\/\/files.slack.com\/files-tmb\/T01RBRV5F7H-F01SA7UA59R-8cba915277\/image_720.png?t=xoxe-1861879185255-2005250891763-2017654554721-735ed824033d65b9b5a8817aca87e86a",
                "thumb_720_w": 720,
                "thumb_720_h": 556,
                "thumb_800": "https:\/\/files.slack.com\/files-tmb\/T01RBRV5F7H-F01SA7UA59R-8cba915277\/image_800.png?t=xoxe-1861879185255-2005250891763-2017654554721-735ed824033d65b9b5a8817aca87e86a",
                "thumb_800_w": 800,
                "thumb_800_h": 618,
                "thumb_960": "https:\/\/files.slack.com\/files-tmb\/T01RBRV5F7H-F01SA7UA59R-8cba915277\/image_960.png?t=xoxe-1861879185255-2005250891763-2017654554721-735ed824033d65b9b5a8817aca87e86a",
                "thumb_960_w": 960,
                "thumb_960_h": 742,
                "original_w": 990,
                "original_h": 765,
                "thumb_tiny": "AwAlADBFQsMihUZhkCoPtCepo+0J6ms7HVzLuTmNgQCOpwKChBAOMmoPtCepo+0J6n8qLBzLuTiNjjGOakjQGFyVyR0xVT7Qnqael5GsbIdxz0xTsJyXco0UoRiMgcUlWcwUUUUAFFFFADg5C4HSm0UUAFFFFABRRRQB\/9k=",
                "permalink": "https:\/\/data-ft-ber-03-2021.slack.com\/files\/U01RW140HBP\/F01SA7UA59R\/image.png",
                "permalink_public": "https:\/\/slack-files.com\/T01RBRV5F7H-F01SA7UA59R-c1627bc549",
                "is_starred": false,
                "has_rich_preview": false
            }
        ],
        "upload": false,
        "user": "U01RW140HBP",
        "display_as_bot": false,
        "ts": "1616595997.002800",
        "reactions": [
            {
                "name": "joy",
                "users": [
                    "U01S7BM4N81",
                    "U01RSRE0N3D",
                    "U01S0MFJ3HR",
                    "U01SK96QF5E",
                    "U01RP2K1606"
                ],
                "count": 5
            }
        ]
    }
]