[
    {
        "type": "message",
        "text": "speaking of For Loops…someone beat me to this meme",
        "files": [
            {
                "id": "F0200A8RDGU",
                "created": 1619165512,
                "timestamp": 1619165512,
                "name": "image.png",
                "title": "image.png",
                "mimetype": "image\/png",
                "filetype": "png",
                "pretty_type": "PNG",
                "user": "U01S7KCL3DF",
                "editable": false,
                "size": 4316591,
                "mode": "hosted",
                "is_external": false,
                "external_type": "",
                "is_public": true,
                "public_url_shared": false,
                "display_as_bot": false,
                "username": "",
                "url_private": "https:\/\/files.slack.com\/files-pri\/T01RBRV5F7H-F0200A8RDGU\/image.png?t=xoxe-1861879185255-2005250891763-2017654554721-735ed824033d65b9b5a8817aca87e86a",
                "url_private_download": "https:\/\/files.slack.com\/files-pri\/T01RBRV5F7H-F0200A8RDGU\/download\/image.png?t=xoxe-1861879185255-2005250891763-2017654554721-735ed824033d65b9b5a8817aca87e86a",
                "thumb_64": "https:\/\/files.slack.com\/files-tmb\/T01RBRV5F7H-F0200A8RDGU-ec889c18b6\/image_64.png?t=xoxe-1861879185255-2005250891763-2017654554721-735ed824033d65b9b5a8817aca87e86a",
                "thumb_80": "https:\/\/files.slack.com\/files-tmb\/T01RBRV5F7H-F0200A8RDGU-ec889c18b6\/image_80.png?t=xoxe-1861879185255-2005250891763-2017654554721-735ed824033d65b9b5a8817aca87e86a",
                "thumb_360": "https:\/\/files.slack.com\/files-tmb\/T01RBRV5F7H-F0200A8RDGU-ec889c18b6\/image_360.png?t=xoxe-1861879185255-2005250891763-2017654554721-735ed824033d65b9b5a8817aca87e86a",
                "thumb_360_w": 219,
                "thumb_360_h": 360,
                "thumb_480": "https:\/\/files.slack.com\/files-tmb\/T01RBRV5F7H-F0200A8RDGU-ec889c18b6\/image_480.png?t=xoxe-1861879185255-2005250891763-2017654554721-735ed824033d65b9b5a8817aca87e86a",
                "thumb_480_w": 292,
                "thumb_480_h": 480,
                "thumb_160": "https:\/\/files.slack.com\/files-tmb\/T01RBRV5F7H-F0200A8RDGU-ec889c18b6\/image_160.png?t=xoxe-1861879185255-2005250891763-2017654554721-735ed824033d65b9b5a8817aca87e86a",
                "thumb_720": "https:\/\/files.slack.com\/files-tmb\/T01RBRV5F7H-F0200A8RDGU-ec889c18b6\/image_720.png?t=xoxe-1861879185255-2005250891763-2017654554721-735ed824033d65b9b5a8817aca87e86a",
                "thumb_720_w": 438,
                "thumb_720_h": 720,
                "thumb_800": "https:\/\/files.slack.com\/files-tmb\/T01RBRV5F7H-F0200A8RDGU-ec889c18b6\/image_800.png?t=xoxe-1861879185255-2005250891763-2017654554721-735ed824033d65b9b5a8817aca87e86a",
                "thumb_800_w": 800,
                "thumb_800_h": 1314,
                "thumb_960": "https:\/\/files.slack.com\/files-tmb\/T01RBRV5F7H-F0200A8RDGU-ec889c18b6\/image_960.png?t=xoxe-1861879185255-2005250891763-2017654554721-735ed824033d65b9b5a8817aca87e86a",
                "thumb_960_w": 584,
                "thumb_960_h": 960,
                "thumb_1024": "https:\/\/files.slack.com\/files-tmb\/T01RBRV5F7H-F0200A8RDGU-ec889c18b6\/image_1024.png?t=xoxe-1861879185255-2005250891763-2017654554721-735ed824033d65b9b5a8817aca87e86a",
                "thumb_1024_w": 623,
                "thumb_1024_h": 1024,
                "original_w": 1105,
                "original_h": 1815,
                "thumb_tiny": "AwAwAB26c\/8ATSlGQQcScfrVQSkDHJpxYn61PMVySLqtu\/hI+tLWcxPH8gTUq7toOetNMTi0RLgH5umCc0\/CkkbTnHft9aruQzcHjtmleYoQWIBPoM1CRo01qPEL8H+tL0pkckhbKndjvipVKAfNgmmVd7sglVRtYD5c9qQp5xzjAPP0p8xUvtTACjmnRYJwvXGM0yfMPLSJQQcj3p5KqSCqn0NJnacNwSeBSiJiSS30zSFc\/9k=",
                "permalink": "https:\/\/data-ft-ber-03-2021.slack.com\/files\/U01S7KCL3DF\/F0200A8RDGU\/image.png",
                "permalink_public": "https:\/\/slack-files.com\/T01RBRV5F7H-F0200A8RDGU-ae368ef44b",
                "is_starred": false,
                "has_rich_preview": false
            }
        ],
        "upload": false,
        "blocks": [
            {
                "type": "rich_text",
                "block_id": "tO+",
                "elements": [
                    {
                        "type": "rich_text_section",
                        "elements": [
                            {
                                "type": "text",
                                "text": "speaking of For Loops…someone beat me to this meme"
                            }
                        ]
                    }
                ]
            }
        ],
        "user": "U01S7KCL3DF",
        "display_as_bot": false,
        "ts": "1619165526.004200",
        "reactions": [
            {
                "name": "joy",
                "users": [
                    "U01S7BM4N81",
                    "U01RN7BVD1C",
                    "U01RKN0EGDV",
                    "U01RW140HBP",
                    "U01RW2X7S9Z"
                ],
                "count": 5
            },
            {
                "name": "sweat_smile",
                "users": [
                    "U01S7BM4N81"
                ],
                "count": 1
            },
            {
                "name": "screaming_jonah",
                "users": [
                    "U01RW2X7S9Z"
                ],
                "count": 1
            }
        ]
    },
    {
        "type": "message",
        "text": "",
        "files": [
            {
                "id": "F020J15PQC8",
                "created": 1619166516,
                "timestamp": 1619166516,
                "name": "download.jpg",
                "title": "download.jpg",
                "mimetype": "image\/jpeg",
                "filetype": "jpg",
                "pretty_type": "JPEG",
                "user": "U01S7BM4N81",
                "editable": false,
                "size": 12562,
                "mode": "hosted",
                "is_external": false,
                "external_type": "",
                "is_public": true,
                "public_url_shared": false,
                "display_as_bot": false,
                "username": "",
                "url_private": "https:\/\/files.slack.com\/files-pri\/T01RBRV5F7H-F020J15PQC8\/download.jpg?t=xoxe-1861879185255-2005250891763-2017654554721-735ed824033d65b9b5a8817aca87e86a",
                "url_private_download": "https:\/\/files.slack.com\/files-pri\/T01RBRV5F7H-F020J15PQC8\/download\/download.jpg?t=xoxe-1861879185255-2005250891763-2017654554721-735ed824033d65b9b5a8817aca87e86a",
                "thumb_64": "https:\/\/files.slack.com\/files-tmb\/T01RBRV5F7H-F020J15PQC8-d5cd9b803b\/download_64.jpg?t=xoxe-1861879185255-2005250891763-2017654554721-735ed824033d65b9b5a8817aca87e86a",
                "thumb_80": "https:\/\/files.slack.com\/files-tmb\/T01RBRV5F7H-F020J15PQC8-d5cd9b803b\/download_80.jpg?t=xoxe-1861879185255-2005250891763-2017654554721-735ed824033d65b9b5a8817aca87e86a",
                "thumb_360": "https:\/\/files.slack.com\/files-tmb\/T01RBRV5F7H-F020J15PQC8-d5cd9b803b\/download_360.jpg?t=xoxe-1861879185255-2005250891763-2017654554721-735ed824033d65b9b5a8817aca87e86a",
                "thumb_360_w": 225,
                "thumb_360_h": 225,
                "thumb_160": "https:\/\/files.slack.com\/files-tmb\/T01RBRV5F7H-F020J15PQC8-d5cd9b803b\/download_160.jpg?t=xoxe-1861879185255-2005250891763-2017654554721-735ed824033d65b9b5a8817aca87e86a",
                "original_w": 225,
                "original_h": 225,
                "thumb_tiny": "AwAwADB+0Z5UY+lLIYVHG3pxn8P\/AK9Cgt0wfqahuwWaJQoBz270AOLQMRuMZG4\/1x+HSnIbUAbdnXn6Zo2W7nACE+xpxMSDYSq+1K47DIXjfgquQTnikIYk7YuM8ZFMshtMoPYgVbzTEU\/tB+7\/AEFPCjzQWPAqt\/H+NStk3BHPHIFIZZaNQQR1zxS7FLFu9AIZAVwR2pcgISwwKkojVcSMVxg81Jg+tRwMNmDw\/UipcirRBUEa7vvKPeh\/lYvuGfrSrNHk5GF45P1\/wpf9HaYHgjBznP4UrAPhXahUnaV6mnhQV8yUkxqMgHvSNLCT8xyVwKJmVkMbN8xAI\/Oiw7lZnYsZT948\/wD1qlEy4O4bT+lPKwHqB36H8qjkC5+TGPrQ1cE7H\/\/Z",
                "permalink": "https:\/\/data-ft-ber-03-2021.slack.com\/files\/U01S7BM4N81\/F020J15PQC8\/download.jpg",
                "permalink_public": "https:\/\/slack-files.com\/T01RBRV5F7H-F020J15PQC8-d3d99d4aca",
                "is_starred": false,
                "has_rich_preview": false
            }
        ],
        "upload": false,
        "user": "U01S7BM4N81",
        "display_as_bot": false,
        "ts": "1619166517.005200",
        "thread_ts": "1619166517.005200",
        "reply_count": 2,
        "reply_users_count": 2,
        "latest_reply": "1619167653.006000",
        "reply_users": [
            "U01S7BM4N81",
            "U01S7KCL3DF"
        ],
        "replies": [
            {
                "user": "U01S7BM4N81",
                "ts": "1619166539.005500"
            },
            {
                "user": "U01S7KCL3DF",
                "ts": "1619167653.006000"
            }
        ],
        "is_locked": false,
        "subscribed": false
    },
    {
        "type": "message",
        "text": "",
        "files": [
            {
                "id": "F01V86ZPEPL",
                "created": 1619166538,
                "timestamp": 1619166538,
                "name": "download-1.jpg",
                "title": "download-1.jpg",
                "mimetype": "image\/jpeg",
                "filetype": "jpg",
                "pretty_type": "JPEG",
                "user": "U01S7BM4N81",
                "editable": false,
                "size": 13830,
                "mode": "hosted",
                "is_external": false,
                "external_type": "",
                "is_public": true,
                "public_url_shared": false,
                "display_as_bot": false,
                "username": "",
                "url_private": "https:\/\/files.slack.com\/files-pri\/T01RBRV5F7H-F01V86ZPEPL\/download-1.jpg?t=xoxe-1861879185255-2005250891763-2017654554721-735ed824033d65b9b5a8817aca87e86a",
                "url_private_download": "https:\/\/files.slack.com\/files-pri\/T01RBRV5F7H-F01V86ZPEPL\/download\/download-1.jpg?t=xoxe-1861879185255-2005250891763-2017654554721-735ed824033d65b9b5a8817aca87e86a",
                "thumb_64": "https:\/\/files.slack.com\/files-tmb\/T01RBRV5F7H-F01V86ZPEPL-1e46aab462\/download-1_64.jpg?t=xoxe-1861879185255-2005250891763-2017654554721-735ed824033d65b9b5a8817aca87e86a",
                "thumb_80": "https:\/\/files.slack.com\/files-tmb\/T01RBRV5F7H-F01V86ZPEPL-1e46aab462\/download-1_80.jpg?t=xoxe-1861879185255-2005250891763-2017654554721-735ed824033d65b9b5a8817aca87e86a",
                "thumb_360": "https:\/\/files.slack.com\/files-tmb\/T01RBRV5F7H-F01V86ZPEPL-1e46aab462\/download-1_360.jpg?t=xoxe-1861879185255-2005250891763-2017654554721-735ed824033d65b9b5a8817aca87e86a",
                "thumb_360_w": 334,
                "thumb_360_h": 151,
                "thumb_160": "https:\/\/files.slack.com\/files-tmb\/T01RBRV5F7H-F01V86ZPEPL-1e46aab462\/download-1_160.jpg?t=xoxe-1861879185255-2005250891763-2017654554721-735ed824033d65b9b5a8817aca87e86a",
                "original_w": 334,
                "original_h": 151,
                "thumb_tiny": "AwAVADBrZ2\/hTkhCquYkJC8H1NJ1xTkkAj5HCnqKcjKk9yCU+VIw8tORnpUbTAjiOPr6USgySF88nrQqBjhU5JxyaRqPDLINoVFOOwxUUke0cnP4VY8nb8rAbsnkVXlABb2NAE8hJ2IOAxwaYrKqcqTnp83SnP8A6yP\/AHqjP3F\/GmyIbDg0f\/PM\/wDfVOV4xj92cj\/aqKikWTSTLIpJT5j3DVCyAqTQfu\/jTj9ygD\/\/2Q==",
                "permalink": "https:\/\/data-ft-ber-03-2021.slack.com\/files\/U01S7BM4N81\/F01V86ZPEPL\/download-1.jpg",
                "permalink_public": "https:\/\/slack-files.com\/T01RBRV5F7H-F01V86ZPEPL-8865464b5a",
                "is_starred": false,
                "has_rich_preview": false
            }
        ],
        "upload": false,
        "user": "U01S7BM4N81",
        "display_as_bot": false,
        "ts": "1619166539.005500",
        "thread_ts": "1619166517.005200",
        "parent_user_id": "U01S7BM4N81"
    },
    {
        "bot_id": "B01S7FSR36Y",
        "type": "message",
        "text": "archer",
        "user": "U01S7KCL3DF",
        "ts": "1619167653.006000",
        "team": "T01RBRV5F7H",
        "bot_profile": {
            "id": "B01S7FSR36Y",
            "deleted": false,
            "name": "giphy",
            "updated": 1616421896,
            "app_id": "A0F827J2C",
            "icons": {
                "image_36": "https:\/\/a.slack-edge.com\/dc483\/img\/plugins\/giphy\/service_72.png",
                "image_48": "https:\/\/a.slack-edge.com\/dc483\/img\/plugins\/giphy\/service_48.png",
                "image_72": "https:\/\/a.slack-edge.com\/dc483\/img\/plugins\/giphy\/service_72.png"
            },
            "team_id": "T01RBRV5F7H"
        },
        "blocks": [
            {
                "type": "image",
                "block_id": "b15X",
                "image_url": "https:\/\/media4.giphy.com\/media\/9U4iHUQFj9fgs\/giphy.gif?cid=6104955e2b8ac75eaf844adc9b2834e5fa211880db742ee4&rid=giphy.gif&ct=g",
                "alt_text": "archer",
                "title": {
                    "type": "plain_text",
                    "text": "archer",
                    "emoji": true
                },
                "fallback": "500x281px image",
                "image_width": 500,
                "image_height": 281,
                "image_bytes": 735997,
                "is_animated": true
            },
            {
                "type": "context",
                "block_id": "hAB",
                "elements": [
                    {
                        "type": "image",
                        "image_url": "https:\/\/a.slack-edge.com\/dc483\/img\/plugins\/giphy\/service_32.png",
                        "alt_text": "giphy logo"
                    },
                    {
                        "type": "mrkdwn",
                        "text": "Posted using \/giphy",
                        "verbatim": false
                    }
                ]
            }
        ],
        "thread_ts": "1619166517.005200",
        "parent_user_id": "U01S7BM4N81",
        "reactions": [
            {
                "name": "fast_parrot",
                "users": [
                    "U01S7BM4N81"
                ],
                "count": 1
            }
        ]
    },
    {
        "client_msg_id": "7516c982-a40e-4277-ba08-2102c820885e",
        "type": "message",
        "text": "<https:\/\/www.youtube.com\/watch?v=5UjIEiB9EFI>",
        "user": "U01RRV4JX6Z",
        "ts": "1619169036.006400",
        "team": "T01RBRV5F7H",
        "user_team": "T01RBRV5F7H",
        "source_team": "T01RBRV5F7H",
        "user_profile": {
            "avatar_hash": "339c4d69b7d9",
            "image_72": "https:\/\/avatars.slack-edge.com\/2021-04-14\/1961122781618_339c4d69b7d9fe16343a_72.jpg",
            "first_name": "",
            "real_name": "Francisco Ebeling",
            "display_name": "Francisco Ebeling",
            "team": "T01RBRV5F7H",
            "name": "ebelingbarros",
            "is_restricted": false,
            "is_ultra_restricted": false
        },
        "attachments": [
            {
                "service_name": "YouTube",
                "service_url": "https:\/\/www.youtube.com\/",
                "title": "Do Not Mess with Jeff Bezos - South Park",
                "title_link": "https:\/\/www.youtube.com\/watch?v=5UjIEiB9EFI",
                "author_name": "Comedy Central",
                "author_link": "https:\/\/www.youtube.com\/c\/ComedyCentral",
                "thumb_url": "https:\/\/i.ytimg.com\/vi\/5UjIEiB9EFI\/hqdefault.jpg",
                "thumb_width": 480,
                "thumb_height": 360,
                "fallback": "YouTube Video: Do Not Mess with Jeff Bezos - South Park",
                "video_html": "<iframe width=\"400\" height=\"225\" src=\"https:\/\/www.youtube.com\/embed\/5UjIEiB9EFI?feature=oembed&autoplay=1&iv_load_policy=3\" frameborder=\"0\" allow=\"accelerometer; autoplay; clipboard-write; encrypted-media; gyroscope; picture-in-picture\" allowfullscreen><\/iframe>",
                "video_html_width": 400,
                "video_html_height": 225,
                "from_url": "https:\/\/www.youtube.com\/watch?v=5UjIEiB9EFI",
                "service_icon": "https:\/\/a.slack-edge.com\/80588\/img\/unfurl_icons\/youtube.png",
                "id": 1,
                "original_url": "https:\/\/www.youtube.com\/watch?v=5UjIEiB9EFI"
            }
        ],
        "blocks": [
            {
                "type": "rich_text",
                "block_id": "FhdwL",
                "elements": [
                    {
                        "type": "rich_text_section",
                        "elements": [
                            {
                                "type": "link",
                                "url": "https:\/\/www.youtube.com\/watch?v=5UjIEiB9EFI"
                            }
                        ]
                    }
                ]
            }
        ],
        "reactions": [
            {
                "name": "joy",
                "users": [
                    "U01RSRE0N3D"
                ],
                "count": 1
            }
        ]
    },
    {
        "client_msg_id": "68272820-386e-4925-9608-0f1ccc8793ca",
        "type": "message",
        "text": "<https:\/\/www.smbc-comics.com\/comic\/rise-of-the-machines?fbclid=IwAR3KwYBB5bLCTnzG8qY3KYbAJHwzYuhn2fYPY6IQY5weBqeD06Hkf0ET8hg|https:\/\/www.smbc-comics.com\/comic\/rise-of-the-machines?fbclid=IwAR3KwYBB5bLCTnzG8qY3KYbAJHwzYuhn2fYPY6IQY5weBqeD06Hkf0ET8hg>",
        "user": "U01RRV4JX6Z",
        "ts": "1619206318.006700",
        "team": "T01RBRV5F7H",
        "user_team": "T01RBRV5F7H",
        "source_team": "T01RBRV5F7H",
        "user_profile": {
            "avatar_hash": "339c4d69b7d9",
            "image_72": "https:\/\/avatars.slack-edge.com\/2021-04-14\/1961122781618_339c4d69b7d9fe16343a_72.jpg",
            "first_name": "",
            "real_name": "Francisco Ebeling",
            "display_name": "Francisco Ebeling",
            "team": "T01RBRV5F7H",
            "name": "ebelingbarros",
            "is_restricted": false,
            "is_ultra_restricted": false
        },
        "attachments": [
            {
                "title": "Saturday Morning Breakfast Cereal - Rise of the Machines",
                "title_link": "https:\/\/www.smbc-comics.com\/comic\/rise-of-the-machines?fbclid=IwAR3KwYBB5bLCTnzG8qY3KYbAJHwzYuhn2fYPY6IQY5weBqeD06Hkf0ET8hg",
                "text": "Saturday Morning Breakfast Cereal - Rise of the Machines",
                "fallback": "Saturday Morning Breakfast Cereal - Rise of the Machines",
                "thumb_url": "https:\/\/www.smbc-comics.com\/comics\/1538492931-20181002.png",
                "from_url": "https:\/\/www.smbc-comics.com\/comic\/rise-of-the-machines?fbclid=IwAR3KwYBB5bLCTnzG8qY3KYbAJHwzYuhn2fYPY6IQY5weBqeD06Hkf0ET8hg",
                "thumb_width": 684,
                "thumb_height": 853,
                "service_icon": "https:\/\/www.smbc-comics.com\/favicon.ico",
                "service_name": "smbc-comics.com",
                "id": 1,
                "original_url": "https:\/\/www.smbc-comics.com\/comic\/rise-of-the-machines?fbclid=IwAR3KwYBB5bLCTnzG8qY3KYbAJHwzYuhn2fYPY6IQY5weBqeD06Hkf0ET8hg"
            }
        ],
        "blocks": [
            {
                "type": "rich_text",
                "block_id": "3lzOB",
                "elements": [
                    {
                        "type": "rich_text_section",
                        "elements": [
                            {
                                "type": "link",
                                "url": "https:\/\/www.smbc-comics.com\/comic\/rise-of-the-machines?fbclid=IwAR3KwYBB5bLCTnzG8qY3KYbAJHwzYuhn2fYPY6IQY5weBqeD06Hkf0ET8hg",
                                "text": "https:\/\/www.smbc-comics.com\/comic\/rise-of-the-machines?fbclid=IwAR3KwYBB5bLCTnzG8qY3KYbAJHwzYuhn2fYPY6IQY5weBqeD06Hkf0ET8hg"
                            }
                        ]
                    }
                ]
            }
        ]
    }
]