[
    {
        "type": "message",
        "text": "",
        "files": [
            {
                "id": "F01UKAX5T2R",
                "created": 1618729553,
                "timestamp": 1618729553,
                "name": "1599756871-20200910.png",
                "title": "1599756871-20200910.png",
                "mimetype": "image\/png",
                "filetype": "png",
                "pretty_type": "PNG",
                "user": "U01RRV4JX6Z",
                "editable": false,
                "size": 439190,
                "mode": "hosted",
                "is_external": false,
                "external_type": "",
                "is_public": true,
                "public_url_shared": false,
                "display_as_bot": false,
                "username": "",
                "url_private": "https:\/\/files.slack.com\/files-pri\/T01RBRV5F7H-F01UKAX5T2R\/1599756871-20200910.png?t=xoxe-1861879185255-2005250891763-2017654554721-735ed824033d65b9b5a8817aca87e86a",
                "url_private_download": "https:\/\/files.slack.com\/files-pri\/T01RBRV5F7H-F01UKAX5T2R\/download\/1599756871-20200910.png?t=xoxe-1861879185255-2005250891763-2017654554721-735ed824033d65b9b5a8817aca87e86a",
                "thumb_64": "https:\/\/files.slack.com\/files-tmb\/T01RBRV5F7H-F01UKAX5T2R-99f1c21ad3\/1599756871-20200910_64.png?t=xoxe-1861879185255-2005250891763-2017654554721-735ed824033d65b9b5a8817aca87e86a",
                "thumb_80": "https:\/\/files.slack.com\/files-tmb\/T01RBRV5F7H-F01UKAX5T2R-99f1c21ad3\/1599756871-20200910_80.png?t=xoxe-1861879185255-2005250891763-2017654554721-735ed824033d65b9b5a8817aca87e86a",
                "thumb_360": "https:\/\/files.slack.com\/files-tmb\/T01RBRV5F7H-F01UKAX5T2R-99f1c21ad3\/1599756871-20200910_360.png?t=xoxe-1861879185255-2005250891763-2017654554721-735ed824033d65b9b5a8817aca87e86a",
                "thumb_360_w": 198,
                "thumb_360_h": 360,
                "thumb_480": "https:\/\/files.slack.com\/files-tmb\/T01RBRV5F7H-F01UKAX5T2R-99f1c21ad3\/1599756871-20200910_480.png?t=xoxe-1861879185255-2005250891763-2017654554721-735ed824033d65b9b5a8817aca87e86a",
                "thumb_480_w": 264,
                "thumb_480_h": 480,
                "thumb_160": "https:\/\/files.slack.com\/files-tmb\/T01RBRV5F7H-F01UKAX5T2R-99f1c21ad3\/1599756871-20200910_160.png?t=xoxe-1861879185255-2005250891763-2017654554721-735ed824033d65b9b5a8817aca87e86a",
                "thumb_720": "https:\/\/files.slack.com\/files-tmb\/T01RBRV5F7H-F01UKAX5T2R-99f1c21ad3\/1599756871-20200910_720.png?t=xoxe-1861879185255-2005250891763-2017654554721-735ed824033d65b9b5a8817aca87e86a",
                "thumb_720_w": 397,
                "thumb_720_h": 720,
                "thumb_800": "https:\/\/files.slack.com\/files-tmb\/T01RBRV5F7H-F01UKAX5T2R-99f1c21ad3\/1599756871-20200910_800.png?t=xoxe-1861879185255-2005250891763-2017654554721-735ed824033d65b9b5a8817aca87e86a",
                "thumb_800_w": 441,
                "thumb_800_h": 800,
                "thumb_960": "https:\/\/files.slack.com\/files-tmb\/T01RBRV5F7H-F01UKAX5T2R-99f1c21ad3\/1599756871-20200910_960.png?t=xoxe-1861879185255-2005250891763-2017654554721-735ed824033d65b9b5a8817aca87e86a",
                "thumb_960_w": 529,
                "thumb_960_h": 960,
                "thumb_1024": "https:\/\/files.slack.com\/files-tmb\/T01RBRV5F7H-F01UKAX5T2R-99f1c21ad3\/1599756871-20200910_1024.png?t=xoxe-1861879185255-2005250891763-2017654554721-735ed824033d65b9b5a8817aca87e86a",
                "thumb_1024_w": 564,
                "thumb_1024_h": 1024,
                "original_w": 684,
                "original_h": 1242,
                "thumb_tiny": "AwAwABp6qSgbHUZpVwZPLPUDNRJcTLCEx0GM4qO2b\/SXeYEgdMijQLsu+WvrTCqAnkfmKf8AaIf7o\/KqhjiJJDMB24osHMyyYZAmQFY+maiRy5K7cEVNFcfLh1IIqJ5CZGdUOcfnRYfMyTYcZOKaetRSNIzBlVl9sU7e39w00kJyY8zQrx8ufxp6sD8ydMduaqfZJ8\/6s\/mKkit7hQ67WUEdc0rja8yRbhckqCQOpxTi8ZOd6VD9if1P5UfYn9\/youw5Utj\/2Q==",
                "permalink": "https:\/\/data-ft-ber-03-2021.slack.com\/files\/U01RRV4JX6Z\/F01UKAX5T2R\/1599756871-20200910.png",
                "permalink_public": "https:\/\/slack-files.com\/T01RBRV5F7H-F01UKAX5T2R-d7dc5fbf70",
                "is_starred": false,
                "has_rich_preview": false
            }
        ],
        "upload": false,
        "blocks": [
            {
                "type": "rich_text",
                "block_id": "qo7",
                "elements": [
                    {
                        "type": "rich_text_section",
                        "elements": []
                    }
                ]
            }
        ],
        "user": "U01RRV4JX6Z",
        "display_as_bot": false,
        "ts": "1618729556.000100",
        "client_msg_id": "9a547b0c-cfc4-42d3-9d03-4fefcc71400e",
        "thread_ts": "1618729556.000100",
        "reply_count": 2,
        "reply_users_count": 2,
        "latest_reply": "1618741497.000900",
        "reply_users": [
            "U01S7BM4N81",
            "U01RRV4JX6Z"
        ],
        "replies": [
            {
                "user": "U01S7BM4N81",
                "ts": "1618729800.000600"
            },
            {
                "user": "U01RRV4JX6Z",
                "ts": "1618741497.000900"
            }
        ],
        "is_locked": false,
        "subscribed": false,
        "reactions": [
            {
                "name": "shushing_face",
                "users": [
                    "U01S7BM4N81"
                ],
                "count": 1
            }
        ]
    },
    {
        "client_msg_id": "74DEF4D3-6227-432D-81C1-90172D4D367B",
        "type": "message",
        "text": "Don't. Be. Evil.",
        "user": "U01S7BM4N81",
        "ts": "1618729800.000600",
        "team": "T01RBRV5F7H",
        "user_team": "T01RBRV5F7H",
        "source_team": "T01RBRV5F7H",
        "user_profile": {
            "avatar_hash": "2adfc641e87e",
            "image_72": "https:\/\/avatars.slack-edge.com\/2021-04-16\/1994438084416_2adfc641e87e3a953d9c_72.png",
            "first_name": "Thamo",
            "real_name": "Thamo",
            "display_name": "Thamo",
            "team": "T01RBRV5F7H",
            "name": "thamokoeper",
            "is_restricted": false,
            "is_ultra_restricted": false
        },
        "blocks": [
            {
                "type": "rich_text",
                "block_id": "oK5yi",
                "elements": [
                    {
                        "type": "rich_text_section",
                        "elements": [
                            {
                                "type": "text",
                                "text": "Don't. Be. Evil."
                            }
                        ]
                    }
                ]
            }
        ],
        "thread_ts": "1618729556.000100",
        "parent_user_id": "U01RRV4JX6Z"
    },
    {
        "client_msg_id": "94a760f3-4a19-4bca-8a8f-44bb8f899b91",
        "type": "message",
        "text": "Yeah, it's not a beautiful cartoon. I believe that humans are not inherently evil or good. Neither are technologies inherently good or bad. You can have a Data Analyst working for the communist party, Greenpeace, Goldman Sachs or Phillip Morris. I guess totalitarian regimes such as Nazi Germany or the Soviet Union would be much harder to remove if these tools were available back then. But there are some pressing governance questions and public choices coming along. Who will make these decisions? Elon Musk? Liberal democracy has its flaws, like permitting the election of morons such as Bolsonaro, but it still offers some valuable deliberation tools...",
        "user": "U01RRV4JX6Z",
        "ts": "1618741497.000900",
        "team": "T01RBRV5F7H",
        "user_team": "T01RBRV5F7H",
        "source_team": "T01RBRV5F7H",
        "user_profile": {
            "avatar_hash": "339c4d69b7d9",
            "image_72": "https:\/\/avatars.slack-edge.com\/2021-04-14\/1961122781618_339c4d69b7d9fe16343a_72.jpg",
            "first_name": "",
            "real_name": "Francisco Ebeling",
            "display_name": "Francisco Ebeling",
            "team": "T01RBRV5F7H",
            "name": "ebelingbarros",
            "is_restricted": false,
            "is_ultra_restricted": false
        },
        "blocks": [
            {
                "type": "rich_text",
                "block_id": "8Fw",
                "elements": [
                    {
                        "type": "rich_text_section",
                        "elements": [
                            {
                                "type": "text",
                                "text": "Yeah, it's not a beautiful cartoon. I believe that humans are not inherently evil or good. Neither are technologies inherently good or bad. You can have a Data Analyst working for the communist party, Greenpeace, Goldman Sachs or Phillip Morris. I guess totalitarian regimes such as Nazi Germany or the Soviet Union would be much harder to remove if these tools were available back then. But there are some pressing governance questions and public choices coming along. Who will make these decisions? Elon Musk? Liberal democracy has its flaws, like permitting the election of morons such as Bolsonaro, but it still offers some valuable deliberation tools..."
                            }
                        ]
                    }
                ]
            }
        ],
        "thread_ts": "1618729556.000100",
        "parent_user_id": "U01RRV4JX6Z",
        "reactions": [
            {
                "name": "+1",
                "users": [
                    "U01S7BM4N81"
                ],
                "count": 1
            }
        ]
    }
]