[
    {
        "client_msg_id": "2d2d8ce6-40c1-418e-8607-a943539bee1c",
        "type": "message",
        "text": "<https:\/\/img.gifglobe.com\/grabs\/peepshow\/S02E02\/gif\/H3qowB0se2KQ.gif>",
        "user": "U01S7KCL3DF",
        "ts": "1616668849.003700",
        "team": "T01RBRV5F7H",
        "user_team": "T01RBRV5F7H",
        "source_team": "T01RBRV5F7H",
        "user_profile": {
            "avatar_hash": "17b52091bb62",
            "image_72": "https:\/\/avatars.slack-edge.com\/2021-03-19\/1875964347925_17b52091bb62c2340b4c_72.png",
            "first_name": "Sam",
            "real_name": "Sam Katterfield",
            "display_name": "Sam",
            "team": "T01RBRV5F7H",
            "name": "samkatterfield",
            "is_restricted": false,
            "is_ultra_restricted": false
        },
        "attachments": [
            {
                "fallback": "520x302px image",
                "image_url": "https:\/\/img.gifglobe.com\/grabs\/peepshow\/S02E02\/gif\/H3qowB0se2KQ.gif",
                "image_width": 520,
                "image_height": 302,
                "image_bytes": 3316401,
                "is_animated": true,
                "from_url": "https:\/\/img.gifglobe.com\/grabs\/peepshow\/S02E02\/gif\/H3qowB0se2KQ.gif",
                "id": 1,
                "original_url": "https:\/\/img.gifglobe.com\/grabs\/peepshow\/S02E02\/gif\/H3qowB0se2KQ.gif"
            }
        ],
        "blocks": [
            {
                "type": "rich_text",
                "block_id": "jF0",
                "elements": [
                    {
                        "type": "rich_text_section",
                        "elements": [
                            {
                                "type": "link",
                                "url": "https:\/\/img.gifglobe.com\/grabs\/peepshow\/S02E02\/gif\/H3qowB0se2KQ.gif"
                            }
                        ]
                    }
                ]
            }
        ],
        "thread_ts": "1616668849.003700",
        "reply_count": 6,
        "reply_users_count": 4,
        "latest_reply": "1616676262.006700",
        "reply_users": [
            "U01S7BM4N81",
            "U01SJKB2MG8",
            "U01RW140HBP",
            "U01S7KCL3DF"
        ],
        "replies": [
            {
                "user": "U01S7BM4N81",
                "ts": "1616668942.004400"
            },
            {
                "user": "U01SJKB2MG8",
                "ts": "1616669050.004600"
            },
            {
                "user": "U01SJKB2MG8",
                "ts": "1616669131.004900"
            },
            {
                "user": "U01RW140HBP",
                "ts": "1616673646.006200"
            },
            {
                "user": "U01S7KCL3DF",
                "ts": "1616676237.006500"
            },
            {
                "user": "U01RW140HBP",
                "ts": "1616676262.006700"
            }
        ],
        "is_locked": false,
        "subscribed": false,
        "reactions": [
            {
                "name": "joy",
                "users": [
                    "U01RSRE0N3D",
                    "U01S7BM4N81",
                    "U01SK96QF5E"
                ],
                "count": 3
            },
            {
                "name": "hugging_face",
                "users": [
                    "U01SJKB2MG8",
                    "U01S7BM4N81",
                    "U01RSRE0N3D"
                ],
                "count": 3
            }
        ]
    },
    {
        "client_msg_id": "bfc97b25-58e0-4b25-a120-68ebf627cd94",
        "type": "message",
        "text": "Awesome that we have that out of the way :smile:",
        "user": "U01S7BM4N81",
        "ts": "1616668942.004400",
        "team": "T01RBRV5F7H",
        "user_team": "T01RBRV5F7H",
        "source_team": "T01RBRV5F7H",
        "user_profile": {
            "avatar_hash": "2adfc641e87e",
            "image_72": "https:\/\/avatars.slack-edge.com\/2021-04-16\/1994438084416_2adfc641e87e3a953d9c_72.png",
            "first_name": "Thamo",
            "real_name": "Thamo",
            "display_name": "Thamo",
            "team": "T01RBRV5F7H",
            "name": "thamokoeper",
            "is_restricted": false,
            "is_ultra_restricted": false
        },
        "blocks": [
            {
                "type": "rich_text",
                "block_id": "wMEba",
                "elements": [
                    {
                        "type": "rich_text_section",
                        "elements": [
                            {
                                "type": "text",
                                "text": "Awesome that we have that out of the way "
                            },
                            {
                                "type": "emoji",
                                "name": "smile"
                            }
                        ]
                    }
                ]
            }
        ],
        "thread_ts": "1616668849.003700",
        "parent_user_id": "U01S7KCL3DF"
    },
    {
        "client_msg_id": "4bbbe625-e4a4-4ef6-a0e0-b33e224b41dc",
        "type": "message",
        "text": "yeah, day 4, agreement on not using piecharts. I see a smooth bootcamp ahead :slightly_smiling_face:",
        "user": "U01SJKB2MG8",
        "ts": "1616669050.004600",
        "team": "T01RBRV5F7H",
        "user_team": "T01RBRV5F7H",
        "source_team": "T01RBRV5F7H",
        "user_profile": {
            "avatar_hash": "88fa894fdb53",
            "image_72": "https:\/\/avatars.slack-edge.com\/2021-03-19\/1885033153332_88fa894fdb5366452adf_72.jpg",
            "first_name": "Florian",
            "real_name": "Florian Titze",
            "display_name": "Flo Titze",
            "team": "T01RBRV5F7H",
            "name": "florian.titze",
            "is_restricted": false,
            "is_ultra_restricted": false
        },
        "blocks": [
            {
                "type": "rich_text",
                "block_id": "fPo",
                "elements": [
                    {
                        "type": "rich_text_section",
                        "elements": [
                            {
                                "type": "text",
                                "text": "yeah, day 4, agreement on not using piecharts. I see a smooth bootcamp ahead "
                            },
                            {
                                "type": "emoji",
                                "name": "slightly_smiling_face"
                            }
                        ]
                    }
                ]
            }
        ],
        "thread_ts": "1616668849.003700",
        "parent_user_id": "U01S7KCL3DF",
        "reactions": [
            {
                "name": "catjam",
                "users": [
                    "U01S7BM4N81"
                ],
                "count": 1
            }
        ]
    },
    {
        "client_msg_id": "e80ae311-edfa-41a5-9d9a-7e4a8630ec1b",
        "type": "message",
        "text": "...except for memes of course",
        "user": "U01SJKB2MG8",
        "ts": "1616669131.004900",
        "team": "T01RBRV5F7H",
        "user_team": "T01RBRV5F7H",
        "source_team": "T01RBRV5F7H",
        "user_profile": {
            "avatar_hash": "88fa894fdb53",
            "image_72": "https:\/\/avatars.slack-edge.com\/2021-03-19\/1885033153332_88fa894fdb5366452adf_72.jpg",
            "first_name": "Florian",
            "real_name": "Florian Titze",
            "display_name": "Flo Titze",
            "team": "T01RBRV5F7H",
            "name": "florian.titze",
            "is_restricted": false,
            "is_ultra_restricted": false
        },
        "blocks": [
            {
                "type": "rich_text",
                "block_id": "168fM",
                "elements": [
                    {
                        "type": "rich_text_section",
                        "elements": [
                            {
                                "type": "text",
                                "text": "...except for memes of course"
                            }
                        ]
                    }
                ]
            }
        ],
        "thread_ts": "1616668849.003700",
        "parent_user_id": "U01S7KCL3DF"
    },
    {
        "type": "message",
        "text": "",
        "files": [
            {
                "id": "F01RZ066TNK",
                "created": 1616671913,
                "timestamp": 1616671913,
                "name": "image.png",
                "title": "image.png",
                "mimetype": "image\/png",
                "filetype": "png",
                "pretty_type": "PNG",
                "user": "U01S0MFJ3HR",
                "editable": false,
                "size": 118155,
                "mode": "hosted",
                "is_external": false,
                "external_type": "",
                "is_public": true,
                "public_url_shared": false,
                "display_as_bot": false,
                "username": "",
                "url_private": "https:\/\/files.slack.com\/files-pri\/T01RBRV5F7H-F01RZ066TNK\/image.png?t=xoxe-1861879185255-2005250891763-2017654554721-735ed824033d65b9b5a8817aca87e86a",
                "url_private_download": "https:\/\/files.slack.com\/files-pri\/T01RBRV5F7H-F01RZ066TNK\/download\/image.png?t=xoxe-1861879185255-2005250891763-2017654554721-735ed824033d65b9b5a8817aca87e86a",
                "thumb_64": "https:\/\/files.slack.com\/files-tmb\/T01RBRV5F7H-F01RZ066TNK-71a3fd59d3\/image_64.png?t=xoxe-1861879185255-2005250891763-2017654554721-735ed824033d65b9b5a8817aca87e86a",
                "thumb_80": "https:\/\/files.slack.com\/files-tmb\/T01RBRV5F7H-F01RZ066TNK-71a3fd59d3\/image_80.png?t=xoxe-1861879185255-2005250891763-2017654554721-735ed824033d65b9b5a8817aca87e86a",
                "thumb_360": "https:\/\/files.slack.com\/files-tmb\/T01RBRV5F7H-F01RZ066TNK-71a3fd59d3\/image_360.png?t=xoxe-1861879185255-2005250891763-2017654554721-735ed824033d65b9b5a8817aca87e86a",
                "thumb_360_w": 284,
                "thumb_360_h": 268,
                "thumb_160": "https:\/\/files.slack.com\/files-tmb\/T01RBRV5F7H-F01RZ066TNK-71a3fd59d3\/image_160.png?t=xoxe-1861879185255-2005250891763-2017654554721-735ed824033d65b9b5a8817aca87e86a",
                "original_w": 284,
                "original_h": 268,
                "thumb_tiny": "AwAtADCW+vJbeVUjVTlc8iq\/9pXP\/PJf++TUt8M3if7n9aolXPzM2FPSgCz\/AGlc\/wDPJf8Avk0f2lc\/88l\/75NQmBtoK5Zj2pDE4P3WpXAn\/tK5\/wCeS\/8AfJqS2v5pbhI3RQG9AfSq8fDEc\/d71Nbj\/TIyBjk\/ypgPvzi7T\/c\/rUcJBRVIBBGDT9ROLuP\/AHf61DG+zAIJx3FADJQYyQjHb29afFK5wGP400YMmWztznpTi654Bx9KVhgzfPnP8NPtWzdx\/U\/yqMlTk5PTFLZ\/8fkWfU\/ypiNWVEcENt5GORWf\/Zaf89\/\/AB2tIjPejHuaAM3+y0\/57\/8AjtH9lp\/z3\/8AHa06KAMz+yk\/57\/+O1Jb6esM6yCXcV7Yq\/RQB\/\/Z",
                "permalink": "https:\/\/data-ft-ber-03-2021.slack.com\/files\/U01S0MFJ3HR\/F01RZ066TNK\/image.png",
                "permalink_public": "https:\/\/slack-files.com\/T01RBRV5F7H-F01RZ066TNK-97e6e74826",
                "is_starred": false,
                "has_rich_preview": false
            }
        ],
        "upload": false,
        "user": "U01S0MFJ3HR",
        "display_as_bot": false,
        "ts": "1616671915.005200",
        "thread_ts": "1616671915.005200",
        "reply_count": 1,
        "reply_users_count": 1,
        "latest_reply": "1616672198.005900",
        "reply_users": [
            "U01S7KCL3DF"
        ],
        "replies": [
            {
                "user": "U01S7KCL3DF",
                "ts": "1616672198.005900"
            }
        ],
        "is_locked": false,
        "subscribed": false,
        "reactions": [
            {
                "name": "raised_hands",
                "users": [
                    "U01RW140HBP"
                ],
                "count": 1
            }
        ]
    },
    {
        "client_msg_id": "9db5e7d7-2801-44dc-8e20-62407a69feea",
        "type": "message",
        "text": "still australia's biggest superstar tbh :kangaroo:",
        "user": "U01S7KCL3DF",
        "ts": "1616672198.005900",
        "team": "T01RBRV5F7H",
        "user_team": "T01RBRV5F7H",
        "source_team": "T01RBRV5F7H",
        "user_profile": {
            "avatar_hash": "17b52091bb62",
            "image_72": "https:\/\/avatars.slack-edge.com\/2021-03-19\/1875964347925_17b52091bb62c2340b4c_72.png",
            "first_name": "Sam",
            "real_name": "Sam Katterfield",
            "display_name": "Sam",
            "team": "T01RBRV5F7H",
            "name": "samkatterfield",
            "is_restricted": false,
            "is_ultra_restricted": false
        },
        "blocks": [
            {
                "type": "rich_text",
                "block_id": "2LRY",
                "elements": [
                    {
                        "type": "rich_text_section",
                        "elements": [
                            {
                                "type": "text",
                                "text": "still australia's biggest superstar tbh "
                            },
                            {
                                "type": "emoji",
                                "name": "kangaroo"
                            }
                        ]
                    }
                ]
            }
        ],
        "thread_ts": "1616671915.005200",
        "parent_user_id": "U01S0MFJ3HR"
    },
    {
        "client_msg_id": "0672e32e-3f89-4597-a6a7-de09cc76284b",
        "type": "message",
        "text": "i thought you meant awesome that we have already seen a peepshow reference",
        "user": "U01RW140HBP",
        "ts": "1616673646.006200",
        "team": "T01RBRV5F7H",
        "user_team": "T01RBRV5F7H",
        "source_team": "T01RBRV5F7H",
        "user_profile": {
            "avatar_hash": "4c43a3a8d10b",
            "image_72": "https:\/\/avatars.slack-edge.com\/2021-03-21\/1895736308209_4c43a3a8d10bc2fe5e13_72.png",
            "first_name": "siand",
            "real_name": "siand the LT (she\/her)",
            "display_name": "siand the LT (she\/her)",
            "team": "T01RBRV5F7H",
            "name": "sian.davies",
            "is_restricted": false,
            "is_ultra_restricted": false
        },
        "blocks": [
            {
                "type": "rich_text",
                "block_id": "Z4f",
                "elements": [
                    {
                        "type": "rich_text_section",
                        "elements": [
                            {
                                "type": "text",
                                "text": "i thought you meant awesome that we have already seen a peepshow reference"
                            }
                        ]
                    }
                ]
            }
        ],
        "thread_ts": "1616668849.003700",
        "parent_user_id": "U01S7KCL3DF",
        "reactions": [
            {
                "name": "raised_hands",
                "users": [
                    "U01S7KCL3DF"
                ],
                "count": 1
            }
        ]
    },
    {
        "client_msg_id": "a4ffef7b-3b0d-42e5-999a-0bea5e5153a7",
        "type": "message",
        "text": "<@U01RW140HBP> more this :D",
        "user": "U01S7KCL3DF",
        "ts": "1616676237.006500",
        "team": "T01RBRV5F7H",
        "user_team": "T01RBRV5F7H",
        "source_team": "T01RBRV5F7H",
        "user_profile": {
            "avatar_hash": "17b52091bb62",
            "image_72": "https:\/\/avatars.slack-edge.com\/2021-03-19\/1875964347925_17b52091bb62c2340b4c_72.png",
            "first_name": "Sam",
            "real_name": "Sam Katterfield",
            "display_name": "Sam",
            "team": "T01RBRV5F7H",
            "name": "samkatterfield",
            "is_restricted": false,
            "is_ultra_restricted": false
        },
        "blocks": [
            {
                "type": "rich_text",
                "block_id": "G+YE",
                "elements": [
                    {
                        "type": "rich_text_section",
                        "elements": [
                            {
                                "type": "user",
                                "user_id": "U01RW140HBP"
                            },
                            {
                                "type": "text",
                                "text": " more this :D"
                            }
                        ]
                    }
                ]
            }
        ],
        "thread_ts": "1616668849.003700",
        "parent_user_id": "U01S7KCL3DF"
    },
    {
        "client_msg_id": "81d8eaa5-6106-4dda-b278-83beced47622",
        "type": "message",
        "text": "same :page_facing_up:",
        "user": "U01RW140HBP",
        "ts": "1616676262.006700",
        "team": "T01RBRV5F7H",
        "user_team": "T01RBRV5F7H",
        "source_team": "T01RBRV5F7H",
        "user_profile": {
            "avatar_hash": "4c43a3a8d10b",
            "image_72": "https:\/\/avatars.slack-edge.com\/2021-03-21\/1895736308209_4c43a3a8d10bc2fe5e13_72.png",
            "first_name": "siand",
            "real_name": "siand the LT (she\/her)",
            "display_name": "siand the LT (she\/her)",
            "team": "T01RBRV5F7H",
            "name": "sian.davies",
            "is_restricted": false,
            "is_ultra_restricted": false
        },
        "blocks": [
            {
                "type": "rich_text",
                "block_id": "akP",
                "elements": [
                    {
                        "type": "rich_text_section",
                        "elements": [
                            {
                                "type": "text",
                                "text": "same "
                            },
                            {
                                "type": "emoji",
                                "name": "page_facing_up"
                            }
                        ]
                    }
                ]
            }
        ],
        "thread_ts": "1616668849.003700",
        "parent_user_id": "U01S7KCL3DF"
    },
    {
        "bot_id": "B01S7FSR36Y",
        "type": "message",
        "text": "dont know",
        "user": "U01RW2X7S9Z",
        "ts": "1616688121.007000",
        "team": "T01RBRV5F7H",
        "bot_profile": {
            "id": "B01S7FSR36Y",
            "deleted": false,
            "name": "giphy",
            "updated": 1616421896,
            "app_id": "A0F827J2C",
            "icons": {
                "image_36": "https:\/\/a.slack-edge.com\/dc483\/img\/plugins\/giphy\/service_72.png",
                "image_48": "https:\/\/a.slack-edge.com\/dc483\/img\/plugins\/giphy\/service_48.png",
                "image_72": "https:\/\/a.slack-edge.com\/dc483\/img\/plugins\/giphy\/service_72.png"
            },
            "team_id": "T01RBRV5F7H"
        },
        "blocks": [
            {
                "type": "image",
                "block_id": "lQnd",
                "image_url": "https:\/\/media2.giphy.com\/media\/GPQL5xsaunjmGcVqLn\/giphy-downsized.gif?cid=6104955eac59695c2e29b19fa677e205ffb0ef3760e3da55&rid=giphy-downsized.gif&ct=g",
                "alt_text": "dont know",
                "title": {
                    "type": "plain_text",
                    "text": "dont know",
                    "emoji": true
                },
                "fallback": "480x400px image",
                "image_width": 480,
                "image_height": 400,
                "image_bytes": 1863154,
                "is_animated": true
            },
            {
                "type": "context",
                "block_id": "Emg",
                "elements": [
                    {
                        "type": "image",
                        "image_url": "https:\/\/a.slack-edge.com\/dc483\/img\/plugins\/giphy\/service_32.png",
                        "alt_text": "giphy logo"
                    },
                    {
                        "type": "mrkdwn",
                        "text": "Posted using \/giphy | GIF by <https:\/\/giphy.com\/theoffice\/|The Office>",
                        "verbatim": false
                    }
                ]
            }
        ],
        "thread_ts": "1616688121.007000",
        "reply_count": 1,
        "reply_users_count": 1,
        "latest_reply": "1616690976.007200",
        "reply_users": [
            "U01RW2X7S9Z"
        ],
        "replies": [
            {
                "user": "U01RW2X7S9Z",
                "ts": "1616690976.007200"
            }
        ],
        "is_locked": false,
        "subscribed": false
    },
    {
        "client_msg_id": "84374dd2-93bd-41a8-9734-c56866afcf7b",
        "type": "message",
        "text": "me, 2h ago",
        "user": "U01RW2X7S9Z",
        "ts": "1616690976.007200",
        "team": "T01RBRV5F7H",
        "user_team": "T01RBRV5F7H",
        "source_team": "T01RBRV5F7H",
        "user_profile": {
            "avatar_hash": "7e12d75d168a",
            "image_72": "https:\/\/avatars.slack-edge.com\/2021-03-19\/1880105796643_7e12d75d168ae25c167d_72.jpg",
            "first_name": "Alexandre",
            "real_name": "Alexandre Sommerkamp",
            "display_name": "Alexandre Sommerkamp",
            "team": "T01RBRV5F7H",
            "name": "alex.c.skp",
            "is_restricted": false,
            "is_ultra_restricted": false
        },
        "blocks": [
            {
                "type": "rich_text",
                "block_id": "cu29O",
                "elements": [
                    {
                        "type": "rich_text_section",
                        "elements": [
                            {
                                "type": "text",
                                "text": "me, 2h ago"
                            }
                        ]
                    }
                ]
            }
        ],
        "thread_ts": "1616688121.007000",
        "parent_user_id": "U01RW2X7S9Z"
    },
    {
        "type": "message",
        "text": "",
        "files": [
            {
                "id": "F01T5UX0S48",
                "created": 1616705057,
                "timestamp": 1616705057,
                "name": "ExVNLLMXAAUNlK-.jpeg",
                "title": "ExVNLLMXAAUNlK-.jpeg",
                "mimetype": "image\/jpeg",
                "filetype": "jpg",
                "pretty_type": "JPEG",
                "user": "U01SJKB2MG8",
                "editable": false,
                "size": 43632,
                "mode": "hosted",
                "is_external": false,
                "external_type": "",
                "is_public": true,
                "public_url_shared": false,
                "display_as_bot": false,
                "username": "",
                "url_private": "https:\/\/files.slack.com\/files-pri\/T01RBRV5F7H-F01T5UX0S48\/exvnllmxaaunlk-.jpeg?t=xoxe-1861879185255-2005250891763-2017654554721-735ed824033d65b9b5a8817aca87e86a",
                "url_private_download": "https:\/\/files.slack.com\/files-pri\/T01RBRV5F7H-F01T5UX0S48\/download\/exvnllmxaaunlk-.jpeg?t=xoxe-1861879185255-2005250891763-2017654554721-735ed824033d65b9b5a8817aca87e86a",
                "thumb_64": "https:\/\/files.slack.com\/files-tmb\/T01RBRV5F7H-F01T5UX0S48-21f4e7d799\/exvnllmxaaunlk-_64.jpg?t=xoxe-1861879185255-2005250891763-2017654554721-735ed824033d65b9b5a8817aca87e86a",
                "thumb_80": "https:\/\/files.slack.com\/files-tmb\/T01RBRV5F7H-F01T5UX0S48-21f4e7d799\/exvnllmxaaunlk-_80.jpg?t=xoxe-1861879185255-2005250891763-2017654554721-735ed824033d65b9b5a8817aca87e86a",
                "thumb_360": "https:\/\/files.slack.com\/files-tmb\/T01RBRV5F7H-F01T5UX0S48-21f4e7d799\/exvnllmxaaunlk-_360.jpg?t=xoxe-1861879185255-2005250891763-2017654554721-735ed824033d65b9b5a8817aca87e86a",
                "thumb_360_w": 360,
                "thumb_360_h": 203,
                "thumb_480": "https:\/\/files.slack.com\/files-tmb\/T01RBRV5F7H-F01T5UX0S48-21f4e7d799\/exvnllmxaaunlk-_480.jpg?t=xoxe-1861879185255-2005250891763-2017654554721-735ed824033d65b9b5a8817aca87e86a",
                "thumb_480_w": 480,
                "thumb_480_h": 270,
                "thumb_160": "https:\/\/files.slack.com\/files-tmb\/T01RBRV5F7H-F01T5UX0S48-21f4e7d799\/exvnllmxaaunlk-_160.jpg?t=xoxe-1861879185255-2005250891763-2017654554721-735ed824033d65b9b5a8817aca87e86a",
                "thumb_720": "https:\/\/files.slack.com\/files-tmb\/T01RBRV5F7H-F01T5UX0S48-21f4e7d799\/exvnllmxaaunlk-_720.jpg?t=xoxe-1861879185255-2005250891763-2017654554721-735ed824033d65b9b5a8817aca87e86a",
                "thumb_720_w": 720,
                "thumb_720_h": 405,
                "thumb_800": "https:\/\/files.slack.com\/files-tmb\/T01RBRV5F7H-F01T5UX0S48-21f4e7d799\/exvnllmxaaunlk-_800.jpg?t=xoxe-1861879185255-2005250891763-2017654554721-735ed824033d65b9b5a8817aca87e86a",
                "thumb_800_w": 800,
                "thumb_800_h": 450,
                "thumb_960": "https:\/\/files.slack.com\/files-tmb\/T01RBRV5F7H-F01T5UX0S48-21f4e7d799\/exvnllmxaaunlk-_960.jpg?t=xoxe-1861879185255-2005250891763-2017654554721-735ed824033d65b9b5a8817aca87e86a",
                "thumb_960_w": 960,
                "thumb_960_h": 540,
                "thumb_1024": "https:\/\/files.slack.com\/files-tmb\/T01RBRV5F7H-F01T5UX0S48-21f4e7d799\/exvnllmxaaunlk-_1024.jpg?t=xoxe-1861879185255-2005250891763-2017654554721-735ed824033d65b9b5a8817aca87e86a",
                "thumb_1024_w": 1024,
                "thumb_1024_h": 576,
                "original_w": 1280,
                "original_h": 720,
                "thumb_tiny": "AwAbADBul\/dk+oq\/WdprbVk+oq9vPp+lS2UhzLuUjOMjrWSzyZPztx71qeZ7VQuYx9oJJ2qwzxQmJkRjlySScDqQahkbdj5mP1qwUTtOaryqFchTuHY1RJa084WTnHIqyGfccuCPrVfTgCsmQOoq6BUtFXGZJPAqGZSxGQOKtVDL1FFg5it5S55FQ3KKuNverg61XvgAEx700Lmuf\/\/Z",
                "permalink": "https:\/\/data-ft-ber-03-2021.slack.com\/files\/U01SJKB2MG8\/F01T5UX0S48\/exvnllmxaaunlk-.jpeg",
                "permalink_public": "https:\/\/slack-files.com\/T01RBRV5F7H-F01T5UX0S48-349a62904d",
                "is_starred": false,
                "has_rich_preview": false
            }
        ],
        "upload": false,
        "blocks": [
            {
                "type": "rich_text",
                "block_id": "JrR",
                "elements": [
                    {
                        "type": "rich_text_section",
                        "elements": []
                    }
                ]
            }
        ],
        "user": "U01SJKB2MG8",
        "display_as_bot": false,
        "ts": "1616705060.007600",
        "client_msg_id": "20c01b46-7afa-437d-b65a-066ff9c60218",
        "thread_ts": "1616705060.007600",
        "reply_count": 3,
        "reply_users_count": 1,
        "latest_reply": "1616750147.003800",
        "reply_users": [
            "U01RW2X7S9Z"
        ],
        "replies": [
            {
                "user": "U01RW2X7S9Z",
                "ts": "1616746382.000100"
            },
            {
                "user": "U01RW2X7S9Z",
                "ts": "1616750118.003400"
            },
            {
                "user": "U01RW2X7S9Z",
                "ts": "1616750147.003800"
            }
        ],
        "is_locked": false,
        "subscribed": false,
        "reactions": [
            {
                "name": "joy",
                "users": [
                    "U01S7BM4N81"
                ],
                "count": 1
            }
        ]
    }
]