[
    {
        "client_msg_id": "1d700e57-3220-43c2-a3d7-593d43fd2b77",
        "type": "message",
        "text": "<https:\/\/jakevdp.github.io\/blog\/2014\/10\/16\/how-bad-is-your-colormap\/>",
        "user": "U01RW140HBP",
        "ts": "1618479095.000200",
        "team": "T01RBRV5F7H",
        "user_team": "T01RBRV5F7H",
        "source_team": "T01RBRV5F7H",
        "user_profile": {
            "avatar_hash": "4c43a3a8d10b",
            "image_72": "https:\/\/avatars.slack-edge.com\/2021-03-21\/1895736308209_4c43a3a8d10bc2fe5e13_72.png",
            "first_name": "siand",
            "real_name": "siand the LT (she\/her)",
            "display_name": "siand the LT (she\/her)",
            "team": "T01RBRV5F7H",
            "name": "sian.davies",
            "is_restricted": false,
            "is_ultra_restricted": false
        },
        "blocks": [
            {
                "type": "rich_text",
                "block_id": "eg2\/",
                "elements": [
                    {
                        "type": "rich_text_section",
                        "elements": [
                            {
                                "type": "link",
                                "url": "https:\/\/jakevdp.github.io\/blog\/2014\/10\/16\/how-bad-is-your-colormap\/"
                            }
                        ]
                    }
                ]
            }
        ],
        "reactions": [
            {
                "name": "eyes",
                "users": [
                    "U01S7BM4N81",
                    "U01SJKB2MG8"
                ],
                "count": 2
            },
            {
                "name": "boom",
                "users": [
                    "U01SJKB2MG8"
                ],
                "count": 1
            }
        ]
    }
]