[
    {
        "type": "message",
        "text": "<https:\/\/public.tableau.com\/profile\/peter.george.ngugulu#!\/vizhome\/covidvis_16174495053570\/Dashboard1>",
        "files": [
            {
                "id": "F01T4DVFSS1",
                "created": 1617450004,
                "timestamp": 1617450004,
                "name": "Screen Shot 2021-04-03 at 1.37.33 PM.png",
                "title": "Screen Shot 2021-04-03 at 1.37.33 PM.png",
                "mimetype": "image\/png",
                "filetype": "png",
                "pretty_type": "PNG",
                "user": "U01RNEU3SNA",
                "editable": false,
                "size": 714632,
                "mode": "hosted",
                "is_external": false,
                "external_type": "",
                "is_public": true,
                "public_url_shared": false,
                "display_as_bot": false,
                "username": "",
                "url_private": "https:\/\/files.slack.com\/files-pri\/T01RBRV5F7H-F01T4DVFSS1\/screen_shot_2021-04-03_at_1.37.33_pm.png?t=xoxe-1861879185255-2005250891763-2017654554721-735ed824033d65b9b5a8817aca87e86a",
                "url_private_download": "https:\/\/files.slack.com\/files-pri\/T01RBRV5F7H-F01T4DVFSS1\/download\/screen_shot_2021-04-03_at_1.37.33_pm.png?t=xoxe-1861879185255-2005250891763-2017654554721-735ed824033d65b9b5a8817aca87e86a",
                "thumb_64": "https:\/\/files.slack.com\/files-tmb\/T01RBRV5F7H-F01T4DVFSS1-deab493adb\/screen_shot_2021-04-03_at_1.37.33_pm_64.png?t=xoxe-1861879185255-2005250891763-2017654554721-735ed824033d65b9b5a8817aca87e86a",
                "thumb_80": "https:\/\/files.slack.com\/files-tmb\/T01RBRV5F7H-F01T4DVFSS1-deab493adb\/screen_shot_2021-04-03_at_1.37.33_pm_80.png?t=xoxe-1861879185255-2005250891763-2017654554721-735ed824033d65b9b5a8817aca87e86a",
                "thumb_360": "https:\/\/files.slack.com\/files-tmb\/T01RBRV5F7H-F01T4DVFSS1-deab493adb\/screen_shot_2021-04-03_at_1.37.33_pm_360.png?t=xoxe-1861879185255-2005250891763-2017654554721-735ed824033d65b9b5a8817aca87e86a",
                "thumb_360_w": 360,
                "thumb_360_h": 202,
                "thumb_480": "https:\/\/files.slack.com\/files-tmb\/T01RBRV5F7H-F01T4DVFSS1-deab493adb\/screen_shot_2021-04-03_at_1.37.33_pm_480.png?t=xoxe-1861879185255-2005250891763-2017654554721-735ed824033d65b9b5a8817aca87e86a",
                "thumb_480_w": 480,
                "thumb_480_h": 270,
                "thumb_160": "https:\/\/files.slack.com\/files-tmb\/T01RBRV5F7H-F01T4DVFSS1-deab493adb\/screen_shot_2021-04-03_at_1.37.33_pm_160.png?t=xoxe-1861879185255-2005250891763-2017654554721-735ed824033d65b9b5a8817aca87e86a",
                "thumb_720": "https:\/\/files.slack.com\/files-tmb\/T01RBRV5F7H-F01T4DVFSS1-deab493adb\/screen_shot_2021-04-03_at_1.37.33_pm_720.png?t=xoxe-1861879185255-2005250891763-2017654554721-735ed824033d65b9b5a8817aca87e86a",
                "thumb_720_w": 720,
                "thumb_720_h": 404,
                "thumb_800": "https:\/\/files.slack.com\/files-tmb\/T01RBRV5F7H-F01T4DVFSS1-deab493adb\/screen_shot_2021-04-03_at_1.37.33_pm_800.png?t=xoxe-1861879185255-2005250891763-2017654554721-735ed824033d65b9b5a8817aca87e86a",
                "thumb_800_w": 800,
                "thumb_800_h": 449,
                "thumb_960": "https:\/\/files.slack.com\/files-tmb\/T01RBRV5F7H-F01T4DVFSS1-deab493adb\/screen_shot_2021-04-03_at_1.37.33_pm_960.png?t=xoxe-1861879185255-2005250891763-2017654554721-735ed824033d65b9b5a8817aca87e86a",
                "thumb_960_w": 960,
                "thumb_960_h": 539,
                "thumb_1024": "https:\/\/files.slack.com\/files-tmb\/T01RBRV5F7H-F01T4DVFSS1-deab493adb\/screen_shot_2021-04-03_at_1.37.33_pm_1024.png?t=xoxe-1861879185255-2005250891763-2017654554721-735ed824033d65b9b5a8817aca87e86a",
                "thumb_1024_w": 1024,
                "thumb_1024_h": 575,
                "image_exif_rotation": 1,
                "original_w": 2805,
                "original_h": 1575,
                "thumb_tiny": "AwAaADCOZdszqOFBwBimY9\/0qefb5z9vmNQ96d2KwmD7flSgHt\/KlPGD607GOtFwFWRVUBoUYjv60jyKwwsaofUU2lBFAx9wp89zj+I1FT7gn7RJyfvGmUgClbrSU4DgUAN6ijvTsClAGelAH\/\/Z",
                "permalink": "https:\/\/data-ft-ber-03-2021.slack.com\/files\/U01RNEU3SNA\/F01T4DVFSS1\/screen_shot_2021-04-03_at_1.37.33_pm.png",
                "permalink_public": "https:\/\/slack-files.com\/T01RBRV5F7H-F01T4DVFSS1-b19027189f",
                "is_starred": false,
                "has_rich_preview": false
            }
        ],
        "upload": false,
        "blocks": [
            {
                "type": "rich_text",
                "block_id": "jMcX",
                "elements": [
                    {
                        "type": "rich_text_section",
                        "elements": [
                            {
                                "type": "link",
                                "url": "https:\/\/public.tableau.com\/profile\/peter.george.ngugulu#!\/vizhome\/covidvis_16174495053570\/Dashboard1"
                            }
                        ]
                    }
                ]
            }
        ],
        "user": "U01RNEU3SNA",
        "display_as_bot": false,
        "ts": "1617450011.000200",
        "reactions": [
            {
                "name": "clap",
                "users": [
                    "U01S1CWGTU4",
                    "U01RRV4JX6Z",
                    "U01S79YDELR",
                    "U01S7KCL3DF",
                    "U01RN7BVD1C"
                ],
                "count": 5
            }
        ]
    },
    {
        "client_msg_id": "5e971dd3-26ca-47d5-8fc3-2231bf2e7d2f",
        "type": "message",
        "text": "<https:\/\/www.washingtonpost.com\/weather\/2021\/03\/29\/japan-kyoto-cherry-blossoms-record\/?fbclid=IwAR0tl2CXCiQdcWkMpW7DdLFTnWI526uhKuCB1ZLWQSlxmjKmytqn9j5f9G4|https:\/\/www.washingtonpost.com\/weather\/2021\/03\/29\/japan-kyoto-cherry-blossoms-record\/?fbclid=IwAR0tl2CXCiQdcWkMpW7DdLFTnWI526uhKuCB1ZLWQSlxmjKmytqn9j5f9G4>",
        "user": "U01RRV4JX6Z",
        "ts": "1617451662.000700",
        "team": "T01RBRV5F7H",
        "user_team": "T01RBRV5F7H",
        "source_team": "T01RBRV5F7H",
        "user_profile": {
            "avatar_hash": "339c4d69b7d9",
            "image_72": "https:\/\/avatars.slack-edge.com\/2021-04-14\/1961122781618_339c4d69b7d9fe16343a_72.jpg",
            "first_name": "",
            "real_name": "Francisco Ebeling",
            "display_name": "Francisco Ebeling",
            "team": "T01RBRV5F7H",
            "name": "ebelingbarros",
            "is_restricted": false,
            "is_ultra_restricted": false
        },
        "attachments": [
            {
                "service_name": "Washington Post",
                "title": "Japan’s Kyoto cherry blossoms peak on earliest date in 1,200 years, a sign of climate change",
                "title_link": "https:\/\/www.washingtonpost.com\/weather\/2021\/03\/29\/japan-kyoto-cherry-blossoms-record\/?fbclid=IwAR0tl2CXCiQdcWkMpW7DdLFTnWI526uhKuCB1ZLWQSlxmjKmytqn9j5f9G4",
                "text": "The record bloom fits into a long-term pattern toward earlier spring flowering.",
                "fallback": "Washington Post: Japan’s Kyoto cherry blossoms peak on earliest date in 1,200 years, a sign of climate change",
                "image_url": "https:\/\/www.washingtonpost.com\/wp-apps\/imrs.php?src=https:\/\/arc-anglerfish-washpost-prod-washpost.s3.amazonaws.com\/public\/BBX3XWO3RBA47DHDZMIBTRRTYE.PNG&w=1440",
                "ts": 1617049535,
                "from_url": "https:\/\/www.washingtonpost.com\/weather\/2021\/03\/29\/japan-kyoto-cherry-blossoms-record\/?fbclid=IwAR0tl2CXCiQdcWkMpW7DdLFTnWI526uhKuCB1ZLWQSlxmjKmytqn9j5f9G4",
                "image_width": 346,
                "image_height": 250,
                "image_bytes": 16426,
                "service_icon": "https:\/\/www.washingtonpost.com\/dr\/resources\/images\/touch-icon-iphone.png?d=706009028@991811f11d84f2ac352ba1871042457d2595ba84",
                "id": 1,
                "original_url": "https:\/\/www.washingtonpost.com\/weather\/2021\/03\/29\/japan-kyoto-cherry-blossoms-record\/?fbclid=IwAR0tl2CXCiQdcWkMpW7DdLFTnWI526uhKuCB1ZLWQSlxmjKmytqn9j5f9G4"
            }
        ],
        "blocks": [
            {
                "type": "rich_text",
                "block_id": "un5F",
                "elements": [
                    {
                        "type": "rich_text_section",
                        "elements": [
                            {
                                "type": "link",
                                "url": "https:\/\/www.washingtonpost.com\/weather\/2021\/03\/29\/japan-kyoto-cherry-blossoms-record\/?fbclid=IwAR0tl2CXCiQdcWkMpW7DdLFTnWI526uhKuCB1ZLWQSlxmjKmytqn9j5f9G4",
                                "text": "https:\/\/www.washingtonpost.com\/weather\/2021\/03\/29\/japan-kyoto-cherry-blossoms-record\/?fbclid=IwAR0tl2CXCiQdcWkMpW7DdLFTnWI526uhKuCB1ZLWQSlxmjKmytqn9j5f9G4"
                            }
                        ]
                    }
                ]
            }
        ]
    }
]