[
    {
        "type": "message",
        "text": "Medium is brutal :open_mouth:",
        "files": [
            {
                "id": "F01U3KK1Q6T",
                "created": 1618567591,
                "timestamp": 1618567591,
                "name": "Screenshot 2021-04-16 at 12.06.21.png",
                "title": "Screenshot 2021-04-16 at 12.06.21.png",
                "mimetype": "image\/png",
                "filetype": "png",
                "pretty_type": "PNG",
                "user": "U01S7KCL3DF",
                "editable": false,
                "size": 119060,
                "mode": "hosted",
                "is_external": false,
                "external_type": "",
                "is_public": true,
                "public_url_shared": false,
                "display_as_bot": false,
                "username": "",
                "url_private": "https:\/\/files.slack.com\/files-pri\/T01RBRV5F7H-F01U3KK1Q6T\/screenshot_2021-04-16_at_12.06.21.png?t=xoxe-1861879185255-2005250891763-2017654554721-735ed824033d65b9b5a8817aca87e86a",
                "url_private_download": "https:\/\/files.slack.com\/files-pri\/T01RBRV5F7H-F01U3KK1Q6T\/download\/screenshot_2021-04-16_at_12.06.21.png?t=xoxe-1861879185255-2005250891763-2017654554721-735ed824033d65b9b5a8817aca87e86a",
                "thumb_64": "https:\/\/files.slack.com\/files-tmb\/T01RBRV5F7H-F01U3KK1Q6T-dce5a46101\/screenshot_2021-04-16_at_12.06.21_64.png?t=xoxe-1861879185255-2005250891763-2017654554721-735ed824033d65b9b5a8817aca87e86a",
                "thumb_80": "https:\/\/files.slack.com\/files-tmb\/T01RBRV5F7H-F01U3KK1Q6T-dce5a46101\/screenshot_2021-04-16_at_12.06.21_80.png?t=xoxe-1861879185255-2005250891763-2017654554721-735ed824033d65b9b5a8817aca87e86a",
                "thumb_360": "https:\/\/files.slack.com\/files-tmb\/T01RBRV5F7H-F01U3KK1Q6T-dce5a46101\/screenshot_2021-04-16_at_12.06.21_360.png?t=xoxe-1861879185255-2005250891763-2017654554721-735ed824033d65b9b5a8817aca87e86a",
                "thumb_360_w": 360,
                "thumb_360_h": 100,
                "thumb_480": "https:\/\/files.slack.com\/files-tmb\/T01RBRV5F7H-F01U3KK1Q6T-dce5a46101\/screenshot_2021-04-16_at_12.06.21_480.png?t=xoxe-1861879185255-2005250891763-2017654554721-735ed824033d65b9b5a8817aca87e86a",
                "thumb_480_w": 480,
                "thumb_480_h": 133,
                "thumb_160": "https:\/\/files.slack.com\/files-tmb\/T01RBRV5F7H-F01U3KK1Q6T-dce5a46101\/screenshot_2021-04-16_at_12.06.21_160.png?t=xoxe-1861879185255-2005250891763-2017654554721-735ed824033d65b9b5a8817aca87e86a",
                "thumb_720": "https:\/\/files.slack.com\/files-tmb\/T01RBRV5F7H-F01U3KK1Q6T-dce5a46101\/screenshot_2021-04-16_at_12.06.21_720.png?t=xoxe-1861879185255-2005250891763-2017654554721-735ed824033d65b9b5a8817aca87e86a",
                "thumb_720_w": 720,
                "thumb_720_h": 199,
                "thumb_800": "https:\/\/files.slack.com\/files-tmb\/T01RBRV5F7H-F01U3KK1Q6T-dce5a46101\/screenshot_2021-04-16_at_12.06.21_800.png?t=xoxe-1861879185255-2005250891763-2017654554721-735ed824033d65b9b5a8817aca87e86a",
                "thumb_800_w": 800,
                "thumb_800_h": 221,
                "thumb_960": "https:\/\/files.slack.com\/files-tmb\/T01RBRV5F7H-F01U3KK1Q6T-dce5a46101\/screenshot_2021-04-16_at_12.06.21_960.png?t=xoxe-1861879185255-2005250891763-2017654554721-735ed824033d65b9b5a8817aca87e86a",
                "thumb_960_w": 960,
                "thumb_960_h": 266,
                "thumb_1024": "https:\/\/files.slack.com\/files-tmb\/T01RBRV5F7H-F01U3KK1Q6T-dce5a46101\/screenshot_2021-04-16_at_12.06.21_1024.png?t=xoxe-1861879185255-2005250891763-2017654554721-735ed824033d65b9b5a8817aca87e86a",
                "thumb_1024_w": 1024,
                "thumb_1024_h": 283,
                "original_w": 1164,
                "original_h": 322,
                "thumb_tiny": "AwANADC+27dwT+FLhvU\/n\/8AWpSqkkkcmjavpQAm1vU\/n\/8AWo2t\/eP5\/wD1qUKB0FL0oAY77AM8E0oJPWnEA9aQKBQI\/9k=",
                "permalink": "https:\/\/data-ft-ber-03-2021.slack.com\/files\/U01S7KCL3DF\/F01U3KK1Q6T\/screenshot_2021-04-16_at_12.06.21.png",
                "permalink_public": "https:\/\/slack-files.com\/T01RBRV5F7H-F01U3KK1Q6T-9e0780ef65",
                "is_starred": false,
                "has_rich_preview": false
            }
        ],
        "upload": false,
        "blocks": [
            {
                "type": "rich_text",
                "block_id": "CtA",
                "elements": [
                    {
                        "type": "rich_text_section",
                        "elements": [
                            {
                                "type": "text",
                                "text": "Medium is brutal "
                            },
                            {
                                "type": "emoji",
                                "name": "open_mouth"
                            }
                        ]
                    }
                ]
            }
        ],
        "user": "U01S7KCL3DF",
        "display_as_bot": false,
        "ts": "1618567600.000300",
        "thread_ts": "1618567600.000300",
        "reply_count": 5,
        "reply_users_count": 4,
        "latest_reply": "1618571191.002000",
        "reply_users": [
            "U01S7KCL3DF",
            "U01RW2X7S9Z",
            "U01S7BM4N81",
            "U01SJKB2MG8"
        ],
        "replies": [
            {
                "user": "U01S7KCL3DF",
                "ts": "1618567611.000600"
            },
            {
                "user": "U01RW2X7S9Z",
                "ts": "1618567636.001100"
            },
            {
                "user": "U01S7KCL3DF",
                "ts": "1618567730.001300"
            },
            {
                "user": "U01S7BM4N81",
                "ts": "1618567775.001700"
            },
            {
                "user": "U01SJKB2MG8",
                "ts": "1618571191.002000"
            }
        ],
        "is_locked": false,
        "subscribed": false,
        "reactions": [
            {
                "name": "destroy",
                "users": [
                    "U01RKN0EGDV",
                    "U01SJKB2MG8"
                ],
                "count": 2
            },
            {
                "name": "popcorn",
                "users": [
                    "U01RW140HBP"
                ],
                "count": 1
            }
        ]
    },
    {
        "client_msg_id": "dc5e27d1-63e1-4d33-a5ac-9d8adcc4160d",
        "type": "message",
        "text": "Not read it…but here is the article:\n\n<https:\/\/pub.towardsai.net\/matplotlib-is-dead-long-life-to-plotly-express-e1671dce0d18>",
        "user": "U01S7KCL3DF",
        "ts": "1618567611.000600",
        "team": "T01RBRV5F7H",
        "user_team": "T01RBRV5F7H",
        "source_team": "T01RBRV5F7H",
        "user_profile": {
            "avatar_hash": "17b52091bb62",
            "image_72": "https:\/\/avatars.slack-edge.com\/2021-03-19\/1875964347925_17b52091bb62c2340b4c_72.png",
            "first_name": "Sam",
            "real_name": "Sam Katterfield",
            "display_name": "Sam",
            "team": "T01RBRV5F7H",
            "name": "samkatterfield",
            "is_restricted": false,
            "is_ultra_restricted": false
        },
        "attachments": [
            {
                "service_name": "Medium",
                "title": "Matplotlib is Dead. Long life to Plotly Express!",
                "title_link": "https:\/\/pub.towardsai.net\/matplotlib-is-dead-long-life-to-plotly-express-e1671dce0d18",
                "text": "Using Plotly Express to create Interactive data visualization in Python",
                "fallback": "Medium: Matplotlib is Dead. Long life to Plotly Express!",
                "image_url": "https:\/\/miro.medium.com\/freeze\/max\/593\/1*ePWWolJMYpFrQnyi-ltbng.gif",
                "fields": [
                    {
                        "title": "Reading time",
                        "value": "6 min read",
                        "short": true
                    }
                ],
                "ts": 1617349061,
                "from_url": "https:\/\/pub.towardsai.net\/matplotlib-is-dead-long-life-to-plotly-express-e1671dce0d18",
                "image_width": 575,
                "image_height": 250,
                "image_bytes": 25442,
                "service_icon": "https:\/\/miro.medium.com\/fit\/c\/152\/152\/1*sHhtYhaCe2Uc3IU0IgKwIQ.png",
                "id": 1,
                "original_url": "https:\/\/pub.towardsai.net\/matplotlib-is-dead-long-life-to-plotly-express-e1671dce0d18"
            }
        ],
        "blocks": [
            {
                "type": "rich_text",
                "block_id": "YEyab",
                "elements": [
                    {
                        "type": "rich_text_section",
                        "elements": [
                            {
                                "type": "text",
                                "text": "Not read it…but here is the article:\n\n"
                            },
                            {
                                "type": "link",
                                "url": "https:\/\/pub.towardsai.net\/matplotlib-is-dead-long-life-to-plotly-express-e1671dce0d18"
                            }
                        ]
                    }
                ]
            }
        ],
        "thread_ts": "1618567600.000300",
        "parent_user_id": "U01S7KCL3DF"
    },
    {
        "client_msg_id": "9a50efe1-cd54-44f0-9f3a-b37e28931486",
        "type": "message",
        "text": "that's a VERY bold statement",
        "user": "U01RW2X7S9Z",
        "ts": "1618567636.001100",
        "team": "T01RBRV5F7H",
        "user_team": "T01RBRV5F7H",
        "source_team": "T01RBRV5F7H",
        "user_profile": {
            "avatar_hash": "7e12d75d168a",
            "image_72": "https:\/\/avatars.slack-edge.com\/2021-03-19\/1880105796643_7e12d75d168ae25c167d_72.jpg",
            "first_name": "Alexandre",
            "real_name": "Alexandre Sommerkamp",
            "display_name": "Alexandre Sommerkamp",
            "team": "T01RBRV5F7H",
            "name": "alex.c.skp",
            "is_restricted": false,
            "is_ultra_restricted": false
        },
        "blocks": [
            {
                "type": "rich_text",
                "block_id": "vg1Wa",
                "elements": [
                    {
                        "type": "rich_text_section",
                        "elements": [
                            {
                                "type": "text",
                                "text": "that's a VERY bold statement"
                            }
                        ]
                    }
                ]
            }
        ],
        "thread_ts": "1618567600.000300",
        "parent_user_id": "U01S7KCL3DF"
    },
    {
        "type": "message",
        "text": "from the same mailing list. they’re taking aim at all our sacred cows :disappointed:",
        "files": [
            {
                "id": "F01UQHXTLS0",
                "created": 1618567719,
                "timestamp": 1618567719,
                "name": "Screenshot 2021-04-16 at 12.08.27.png",
                "title": "Screenshot 2021-04-16 at 12.08.27.png",
                "mimetype": "image\/png",
                "filetype": "png",
                "pretty_type": "PNG",
                "user": "U01S7KCL3DF",
                "editable": false,
                "size": 85270,
                "mode": "hosted",
                "is_external": false,
                "external_type": "",
                "is_public": true,
                "public_url_shared": false,
                "display_as_bot": false,
                "username": "",
                "url_private": "https:\/\/files.slack.com\/files-pri\/T01RBRV5F7H-F01UQHXTLS0\/screenshot_2021-04-16_at_12.08.27.png?t=xoxe-1861879185255-2005250891763-2017654554721-735ed824033d65b9b5a8817aca87e86a",
                "url_private_download": "https:\/\/files.slack.com\/files-pri\/T01RBRV5F7H-F01UQHXTLS0\/download\/screenshot_2021-04-16_at_12.08.27.png?t=xoxe-1861879185255-2005250891763-2017654554721-735ed824033d65b9b5a8817aca87e86a",
                "thumb_64": "https:\/\/files.slack.com\/files-tmb\/T01RBRV5F7H-F01UQHXTLS0-ebab9d4038\/screenshot_2021-04-16_at_12.08.27_64.png?t=xoxe-1861879185255-2005250891763-2017654554721-735ed824033d65b9b5a8817aca87e86a",
                "thumb_80": "https:\/\/files.slack.com\/files-tmb\/T01RBRV5F7H-F01UQHXTLS0-ebab9d4038\/screenshot_2021-04-16_at_12.08.27_80.png?t=xoxe-1861879185255-2005250891763-2017654554721-735ed824033d65b9b5a8817aca87e86a",
                "thumb_360": "https:\/\/files.slack.com\/files-tmb\/T01RBRV5F7H-F01UQHXTLS0-ebab9d4038\/screenshot_2021-04-16_at_12.08.27_360.png?t=xoxe-1861879185255-2005250891763-2017654554721-735ed824033d65b9b5a8817aca87e86a",
                "thumb_360_w": 360,
                "thumb_360_h": 92,
                "thumb_480": "https:\/\/files.slack.com\/files-tmb\/T01RBRV5F7H-F01UQHXTLS0-ebab9d4038\/screenshot_2021-04-16_at_12.08.27_480.png?t=xoxe-1861879185255-2005250891763-2017654554721-735ed824033d65b9b5a8817aca87e86a",
                "thumb_480_w": 480,
                "thumb_480_h": 123,
                "thumb_160": "https:\/\/files.slack.com\/files-tmb\/T01RBRV5F7H-F01UQHXTLS0-ebab9d4038\/screenshot_2021-04-16_at_12.08.27_160.png?t=xoxe-1861879185255-2005250891763-2017654554721-735ed824033d65b9b5a8817aca87e86a",
                "thumb_720": "https:\/\/files.slack.com\/files-tmb\/T01RBRV5F7H-F01UQHXTLS0-ebab9d4038\/screenshot_2021-04-16_at_12.08.27_720.png?t=xoxe-1861879185255-2005250891763-2017654554721-735ed824033d65b9b5a8817aca87e86a",
                "thumb_720_w": 720,
                "thumb_720_h": 184,
                "thumb_800": "https:\/\/files.slack.com\/files-tmb\/T01RBRV5F7H-F01UQHXTLS0-ebab9d4038\/screenshot_2021-04-16_at_12.08.27_800.png?t=xoxe-1861879185255-2005250891763-2017654554721-735ed824033d65b9b5a8817aca87e86a",
                "thumb_800_w": 800,
                "thumb_800_h": 205,
                "thumb_960": "https:\/\/files.slack.com\/files-tmb\/T01RBRV5F7H-F01UQHXTLS0-ebab9d4038\/screenshot_2021-04-16_at_12.08.27_960.png?t=xoxe-1861879185255-2005250891763-2017654554721-735ed824033d65b9b5a8817aca87e86a",
                "thumb_960_w": 960,
                "thumb_960_h": 246,
                "thumb_1024": "https:\/\/files.slack.com\/files-tmb\/T01RBRV5F7H-F01UQHXTLS0-ebab9d4038\/screenshot_2021-04-16_at_12.08.27_1024.png?t=xoxe-1861879185255-2005250891763-2017654554721-735ed824033d65b9b5a8817aca87e86a",
                "thumb_1024_w": 1024,
                "thumb_1024_h": 262,
                "original_w": 1148,
                "original_h": 294,
                "thumb_tiny": "AwAMADC+Qd3f86VdwP8AiacQD1ANGB6UAJ83tSjPfFFFAEFxHvZf3jJjPQ4\/rUaQsJkPnMQDnlv\/AK9Puk3snzMOD0qOOALKp3ucHoTTA\/\/Z",
                "permalink": "https:\/\/data-ft-ber-03-2021.slack.com\/files\/U01S7KCL3DF\/F01UQHXTLS0\/screenshot_2021-04-16_at_12.08.27.png",
                "permalink_public": "https:\/\/slack-files.com\/T01RBRV5F7H-F01UQHXTLS0-482e66eb29",
                "is_starred": false,
                "has_rich_preview": false
            }
        ],
        "upload": false,
        "blocks": [
            {
                "type": "rich_text",
                "block_id": "T7O",
                "elements": [
                    {
                        "type": "rich_text_section",
                        "elements": [
                            {
                                "type": "text",
                                "text": "from the same mailing list. they’re taking aim at all our sacred cows "
                            },
                            {
                                "type": "emoji",
                                "name": "disappointed"
                            }
                        ]
                    }
                ]
            }
        ],
        "user": "U01S7KCL3DF",
        "display_as_bot": false,
        "ts": "1618567730.001300",
        "thread_ts": "1618567600.000300",
        "parent_user_id": "U01S7KCL3DF"
    },
    {
        "client_msg_id": "7e6f1839-b3a5-4c33-be00-846bb1ef2f3d",
        "type": "message",
        "text": "well, the charts from the article are superior I’d say, but probably a lot slower as well",
        "user": "U01S7BM4N81",
        "ts": "1618567775.001700",
        "team": "T01RBRV5F7H",
        "user_team": "T01RBRV5F7H",
        "source_team": "T01RBRV5F7H",
        "user_profile": {
            "avatar_hash": "2adfc641e87e",
            "image_72": "https:\/\/avatars.slack-edge.com\/2021-04-16\/1994438084416_2adfc641e87e3a953d9c_72.png",
            "first_name": "Thamo",
            "real_name": "Thamo",
            "display_name": "Thamo",
            "team": "T01RBRV5F7H",
            "name": "thamokoeper",
            "is_restricted": false,
            "is_ultra_restricted": false
        },
        "blocks": [
            {
                "type": "rich_text",
                "block_id": "vDO",
                "elements": [
                    {
                        "type": "rich_text_section",
                        "elements": [
                            {
                                "type": "text",
                                "text": "well, the charts from the article are superior I’d say, but probably a lot slower as well"
                            }
                        ]
                    }
                ]
            }
        ],
        "thread_ts": "1618567600.000300",
        "parent_user_id": "U01S7KCL3DF"
    },
    {
        "bot_id": "B01S7FSR36Y",
        "type": "message",
        "text": "woah",
        "user": "U01SJKB2MG8",
        "ts": "1618571191.002000",
        "team": "T01RBRV5F7H",
        "bot_profile": {
            "id": "B01S7FSR36Y",
            "deleted": false,
            "name": "giphy",
            "updated": 1616421896,
            "app_id": "A0F827J2C",
            "icons": {
                "image_36": "https:\/\/a.slack-edge.com\/dc483\/img\/plugins\/giphy\/service_72.png",
                "image_48": "https:\/\/a.slack-edge.com\/dc483\/img\/plugins\/giphy\/service_48.png",
                "image_72": "https:\/\/a.slack-edge.com\/dc483\/img\/plugins\/giphy\/service_72.png"
            },
            "team_id": "T01RBRV5F7H"
        },
        "blocks": [
            {
                "type": "image",
                "block_id": "bOfU",
                "image_url": "https:\/\/media1.giphy.com\/media\/3o6gDPXMNxFhvHdcf6\/giphy.gif?cid=6104955e7682288dc27999a2f4a37d714fdb37645a3ee652&rid=giphy.gif&ct=g",
                "alt_text": "woah",
                "title": {
                    "type": "plain_text",
                    "text": "woah",
                    "emoji": true
                },
                "fallback": "480x261px image",
                "image_width": 480,
                "image_height": 261,
                "image_bytes": 1299292,
                "is_animated": true
            },
            {
                "type": "context",
                "block_id": "IHDCI",
                "elements": [
                    {
                        "type": "image",
                        "image_url": "https:\/\/a.slack-edge.com\/dc483\/img\/plugins\/giphy\/service_32.png",
                        "alt_text": "giphy logo"
                    },
                    {
                        "type": "mrkdwn",
                        "text": "Posted using \/giphy",
                        "verbatim": false
                    }
                ]
            }
        ],
        "thread_ts": "1618567600.000300",
        "parent_user_id": "U01S7KCL3DF"
    }
]