[
    {
        "type": "message",
        "text": "Not gonna lie, plotly is a powerful library",
        "files": [
            {
                "id": "F01UWSEDVLL",
                "created": 1618834315,
                "timestamp": 1618834315,
                "name": "Bildschirmaufnahme 2021-04-19 um 14.11.33.mov",
                "title": "Bildschirmaufnahme 2021-04-19 um 14.11.33.mov",
                "mimetype": "video\/quicktime",
                "filetype": "mov",
                "pretty_type": "QuickTime Movie",
                "user": "U01S7BM4N81",
                "editable": false,
                "size": 6789856,
                "mode": "hosted",
                "is_external": false,
                "external_type": "",
                "is_public": true,
                "public_url_shared": false,
                "display_as_bot": false,
                "username": "",
                "url_private": "https:\/\/files.slack.com\/files-pri\/T01RBRV5F7H-F01UWSEDVLL\/bildschirmaufnahme_2021-04-19_um_14.11.33.mov?t=xoxe-1861879185255-2005250891763-2017654554721-735ed824033d65b9b5a8817aca87e86a",
                "url_private_download": "https:\/\/files.slack.com\/files-pri\/T01RBRV5F7H-F01UWSEDVLL\/download\/bildschirmaufnahme_2021-04-19_um_14.11.33.mov?t=xoxe-1861879185255-2005250891763-2017654554721-735ed824033d65b9b5a8817aca87e86a",
                "thumb_video": "https:\/\/files.slack.com\/files-tmb\/T01RBRV5F7H-F01UWSEDVLL-e945f2c854\/bildschirmaufnahme_2021-04-19_um_14.11.33_thumb_video.jpeg?t=xoxe-1861879185255-2005250891763-2017654554721-735ed824033d65b9b5a8817aca87e86a",
                "permalink": "https:\/\/data-ft-ber-03-2021.slack.com\/files\/U01S7BM4N81\/F01UWSEDVLL\/bildschirmaufnahme_2021-04-19_um_14.11.33.mov",
                "permalink_public": "https:\/\/slack-files.com\/T01RBRV5F7H-F01UWSEDVLL-26e8f5ddf6",
                "is_starred": false,
                "has_rich_preview": false
            }
        ],
        "upload": false,
        "blocks": [
            {
                "type": "rich_text",
                "block_id": "fwru",
                "elements": [
                    {
                        "type": "rich_text_section",
                        "elements": [
                            {
                                "type": "text",
                                "text": "Not gonna lie, plotly is a powerful library"
                            }
                        ]
                    }
                ]
            }
        ],
        "user": "U01S7BM4N81",
        "display_as_bot": false,
        "ts": "1618834325.000700",
        "thread_ts": "1618834325.000700",
        "reply_count": 5,
        "reply_users_count": 2,
        "latest_reply": "1618839508.002000",
        "reply_users": [
            "U01RW140HBP",
            "U01S7BM4N81"
        ],
        "replies": [
            {
                "user": "U01RW140HBP",
                "ts": "1618837275.001000"
            },
            {
                "user": "U01S7BM4N81",
                "ts": "1618837831.001200"
            },
            {
                "user": "U01S7BM4N81",
                "ts": "1618837863.001400"
            },
            {
                "user": "U01S7BM4N81",
                "ts": "1618838056.001800"
            },
            {
                "user": "U01RW140HBP",
                "ts": "1618839508.002000"
            }
        ],
        "is_locked": false,
        "subscribed": false
    },
    {
        "client_msg_id": "a4f20d0a-f9b7-4abb-9821-a72507545d8f",
        "type": "message",
        "text": "its a cool tool… but curious to find out, what did you learn from the plot?",
        "user": "U01RW140HBP",
        "ts": "1618837275.001000",
        "team": "T01RBRV5F7H",
        "user_team": "T01RBRV5F7H",
        "source_team": "T01RBRV5F7H",
        "user_profile": {
            "avatar_hash": "4c43a3a8d10b",
            "image_72": "https:\/\/avatars.slack-edge.com\/2021-03-21\/1895736308209_4c43a3a8d10bc2fe5e13_72.png",
            "first_name": "siand",
            "real_name": "siand the LT (she\/her)",
            "display_name": "siand the LT (she\/her)",
            "team": "T01RBRV5F7H",
            "name": "sian.davies",
            "is_restricted": false,
            "is_ultra_restricted": false
        },
        "blocks": [
            {
                "type": "rich_text",
                "block_id": "kTQly",
                "elements": [
                    {
                        "type": "rich_text_section",
                        "elements": [
                            {
                                "type": "text",
                                "text": "its a cool tool… but curious to find out, what did you learn from the plot?"
                            }
                        ]
                    }
                ]
            }
        ],
        "thread_ts": "1618834325.000700",
        "parent_user_id": "U01S7BM4N81",
        "reactions": [
            {
                "name": "cattyping",
                "users": [
                    "U01S7BM4N81"
                ],
                "count": 1
            }
        ]
    },
    {
        "client_msg_id": "6398aab4-c802-4039-ae27-89eaa7cce016",
        "type": "message",
        "text": "I was interested in the relationship of  grade and condition, and how it relates to price.\nInteresting to see here:\n• low prices come in all conditions and grades (referring to sub 200k)\n• High prices usually have a condition of 3+ AND a grade of 4+\n• There’s no high grade-low condition-cluster (I assumed this, and it is true)\n• Very high condition and very high grade correlate to higher prices, but are likely not the cause of them",
        "user": "U01S7BM4N81",
        "ts": "1618837831.001200",
        "team": "T01RBRV5F7H",
        "user_team": "T01RBRV5F7H",
        "source_team": "T01RBRV5F7H",
        "user_profile": {
            "avatar_hash": "2adfc641e87e",
            "image_72": "https:\/\/avatars.slack-edge.com\/2021-04-16\/1994438084416_2adfc641e87e3a953d9c_72.png",
            "first_name": "Thamo",
            "real_name": "Thamo",
            "display_name": "Thamo",
            "team": "T01RBRV5F7H",
            "name": "thamokoeper",
            "is_restricted": false,
            "is_ultra_restricted": false
        },
        "edited": {
            "user": "U01S7BM4N81",
            "ts": "1618838004.000000"
        },
        "blocks": [
            {
                "type": "rich_text",
                "block_id": "5tk",
                "elements": [
                    {
                        "type": "rich_text_section",
                        "elements": [
                            {
                                "type": "text",
                                "text": "I was interested in the relationship of  grade and condition, and how it relates to price.\nInteresting to see here:\n"
                            }
                        ]
                    },
                    {
                        "type": "rich_text_list",
                        "elements": [
                            {
                                "type": "rich_text_section",
                                "elements": [
                                    {
                                        "type": "text",
                                        "text": "low prices come in all conditions and grades (referring to sub 200k)"
                                    }
                                ]
                            },
                            {
                                "type": "rich_text_section",
                                "elements": [
                                    {
                                        "type": "text",
                                        "text": "High prices usually have a condition of 3+ AND a grade of 4+"
                                    }
                                ]
                            },
                            {
                                "type": "rich_text_section",
                                "elements": [
                                    {
                                        "type": "text",
                                        "text": "There’s no high grade-low condition-cluster (I assumed this, and it is true)"
                                    }
                                ]
                            },
                            {
                                "type": "rich_text_section",
                                "elements": [
                                    {
                                        "type": "text",
                                        "text": "Very high condition and very high grade correlate to higher prices, but are likely not the cause of them"
                                    }
                                ]
                            }
                        ],
                        "style": "bullet",
                        "indent": 0
                    }
                ]
            }
        ],
        "thread_ts": "1618834325.000700",
        "parent_user_id": "U01S7BM4N81"
    },
    {
        "client_msg_id": "6247c326-044a-4b47-9f7e-4843fd3694f1",
        "type": "message",
        "text": "Surely, you can gather these insights from basic scatterplots as well, but it was a fun experience to “walk” through the data and look at the clusters individually",
        "user": "U01S7BM4N81",
        "ts": "1618837863.001400",
        "team": "T01RBRV5F7H",
        "user_team": "T01RBRV5F7H",
        "source_team": "T01RBRV5F7H",
        "user_profile": {
            "avatar_hash": "2adfc641e87e",
            "image_72": "https:\/\/avatars.slack-edge.com\/2021-04-16\/1994438084416_2adfc641e87e3a953d9c_72.png",
            "first_name": "Thamo",
            "real_name": "Thamo",
            "display_name": "Thamo",
            "team": "T01RBRV5F7H",
            "name": "thamokoeper",
            "is_restricted": false,
            "is_ultra_restricted": false
        },
        "blocks": [
            {
                "type": "rich_text",
                "block_id": "7CS+",
                "elements": [
                    {
                        "type": "rich_text_section",
                        "elements": [
                            {
                                "type": "text",
                                "text": "Surely, you can gather these insights from basic scatterplots as well, but it was a fun experience to “walk” through the data and look at the clusters individually"
                            }
                        ]
                    }
                ]
            }
        ],
        "thread_ts": "1618834325.000700",
        "parent_user_id": "U01S7BM4N81"
    },
    {
        "client_msg_id": "89ae231a-fb7f-4c68-8b0d-ac105082a904",
        "type": "message",
        "text": "It’s the only 3D scatterplot I explored, since it is harder to consume than normal scatterplots - also a learning from that one :slightly_smiling_face:",
        "user": "U01S7BM4N81",
        "ts": "1618838056.001800",
        "team": "T01RBRV5F7H",
        "user_team": "T01RBRV5F7H",
        "source_team": "T01RBRV5F7H",
        "user_profile": {
            "avatar_hash": "2adfc641e87e",
            "image_72": "https:\/\/avatars.slack-edge.com\/2021-04-16\/1994438084416_2adfc641e87e3a953d9c_72.png",
            "first_name": "Thamo",
            "real_name": "Thamo",
            "display_name": "Thamo",
            "team": "T01RBRV5F7H",
            "name": "thamokoeper",
            "is_restricted": false,
            "is_ultra_restricted": false
        },
        "blocks": [
            {
                "type": "rich_text",
                "block_id": "N2n",
                "elements": [
                    {
                        "type": "rich_text_section",
                        "elements": [
                            {
                                "type": "text",
                                "text": "It’s the only 3D scatterplot I explored, since it is harder to consume than normal scatterplots - also a learning from that one "
                            },
                            {
                                "type": "emoji",
                                "name": "slightly_smiling_face"
                            }
                        ]
                    }
                ]
            }
        ],
        "thread_ts": "1618834325.000700",
        "parent_user_id": "U01S7BM4N81"
    },
    {
        "client_msg_id": "ec666be5-7605-46f4-9a04-419a01185214",
        "type": "message",
        "text": "agree, its really helpful sometimes to see day from a different angle - in this case literally. and it can help with those relationships that are hard to plot, because they are multidimensional, so its very useful to get your thoughts on how easy it was to confirm those insights from plotly",
        "user": "U01RW140HBP",
        "ts": "1618839508.002000",
        "team": "T01RBRV5F7H",
        "user_team": "T01RBRV5F7H",
        "source_team": "T01RBRV5F7H",
        "user_profile": {
            "avatar_hash": "4c43a3a8d10b",
            "image_72": "https:\/\/avatars.slack-edge.com\/2021-03-21\/1895736308209_4c43a3a8d10bc2fe5e13_72.png",
            "first_name": "siand",
            "real_name": "siand the LT (she\/her)",
            "display_name": "siand the LT (she\/her)",
            "team": "T01RBRV5F7H",
            "name": "sian.davies",
            "is_restricted": false,
            "is_ultra_restricted": false
        },
        "blocks": [
            {
                "type": "rich_text",
                "block_id": "do7",
                "elements": [
                    {
                        "type": "rich_text_section",
                        "elements": [
                            {
                                "type": "text",
                                "text": "agree, its really helpful sometimes to see day from a different angle - in this case literally. and it can help with those relationships that are hard to plot, because they are multidimensional, so its very useful to get your thoughts on how easy it was to confirm those insights from plotly"
                            }
                        ]
                    }
                ]
            }
        ],
        "thread_ts": "1618834325.000700",
        "parent_user_id": "U01S7BM4N81"
    }
]