[
    {
        "type": "message",
        "text": "#xkcd",
        "files": [
            {
                "id": "F01V07RE1PB",
                "created": 1618651211,
                "timestamp": 1618651211,
                "name": "EzCBWRSXMAIQgov.jpeg",
                "title": "EzCBWRSXMAIQgov.jpeg",
                "mimetype": "image\/jpeg",
                "filetype": "jpg",
                "pretty_type": "JPEG",
                "user": "U01SJKB2MG8",
                "editable": false,
                "size": 52208,
                "mode": "hosted",
                "is_external": false,
                "external_type": "",
                "is_public": true,
                "public_url_shared": false,
                "display_as_bot": false,
                "username": "",
                "url_private": "https:\/\/files.slack.com\/files-pri\/T01RBRV5F7H-F01V07RE1PB\/ezcbwrsxmaiqgov.jpeg?t=xoxe-1861879185255-2005250891763-2017654554721-735ed824033d65b9b5a8817aca87e86a",
                "url_private_download": "https:\/\/files.slack.com\/files-pri\/T01RBRV5F7H-F01V07RE1PB\/download\/ezcbwrsxmaiqgov.jpeg?t=xoxe-1861879185255-2005250891763-2017654554721-735ed824033d65b9b5a8817aca87e86a",
                "thumb_64": "https:\/\/files.slack.com\/files-tmb\/T01RBRV5F7H-F01V07RE1PB-126288acc0\/ezcbwrsxmaiqgov_64.jpg?t=xoxe-1861879185255-2005250891763-2017654554721-735ed824033d65b9b5a8817aca87e86a",
                "thumb_80": "https:\/\/files.slack.com\/files-tmb\/T01RBRV5F7H-F01V07RE1PB-126288acc0\/ezcbwrsxmaiqgov_80.jpg?t=xoxe-1861879185255-2005250891763-2017654554721-735ed824033d65b9b5a8817aca87e86a",
                "thumb_360": "https:\/\/files.slack.com\/files-tmb\/T01RBRV5F7H-F01V07RE1PB-126288acc0\/ezcbwrsxmaiqgov_360.jpg?t=xoxe-1861879185255-2005250891763-2017654554721-735ed824033d65b9b5a8817aca87e86a",
                "thumb_360_w": 360,
                "thumb_360_h": 142,
                "thumb_480": "https:\/\/files.slack.com\/files-tmb\/T01RBRV5F7H-F01V07RE1PB-126288acc0\/ezcbwrsxmaiqgov_480.jpg?t=xoxe-1861879185255-2005250891763-2017654554721-735ed824033d65b9b5a8817aca87e86a",
                "thumb_480_w": 480,
                "thumb_480_h": 189,
                "thumb_160": "https:\/\/files.slack.com\/files-tmb\/T01RBRV5F7H-F01V07RE1PB-126288acc0\/ezcbwrsxmaiqgov_160.jpg?t=xoxe-1861879185255-2005250891763-2017654554721-735ed824033d65b9b5a8817aca87e86a",
                "thumb_720": "https:\/\/files.slack.com\/files-tmb\/T01RBRV5F7H-F01V07RE1PB-126288acc0\/ezcbwrsxmaiqgov_720.jpg?t=xoxe-1861879185255-2005250891763-2017654554721-735ed824033d65b9b5a8817aca87e86a",
                "thumb_720_w": 720,
                "thumb_720_h": 284,
                "thumb_800": "https:\/\/files.slack.com\/files-tmb\/T01RBRV5F7H-F01V07RE1PB-126288acc0\/ezcbwrsxmaiqgov_800.jpg?t=xoxe-1861879185255-2005250891763-2017654554721-735ed824033d65b9b5a8817aca87e86a",
                "thumb_800_w": 800,
                "thumb_800_h": 315,
                "thumb_960": "https:\/\/files.slack.com\/files-tmb\/T01RBRV5F7H-F01V07RE1PB-126288acc0\/ezcbwrsxmaiqgov_960.jpg?t=xoxe-1861879185255-2005250891763-2017654554721-735ed824033d65b9b5a8817aca87e86a",
                "thumb_960_w": 960,
                "thumb_960_h": 378,
                "thumb_1024": "https:\/\/files.slack.com\/files-tmb\/T01RBRV5F7H-F01V07RE1PB-126288acc0\/ezcbwrsxmaiqgov_1024.jpg?t=xoxe-1861879185255-2005250891763-2017654554721-735ed824033d65b9b5a8817aca87e86a",
                "thumb_1024_w": 1024,
                "thumb_1024_h": 403,
                "original_w": 1257,
                "original_h": 495,
                "thumb_tiny": "AwASADDQXqad+FNUcmnUAITzjFIWGQB3oIbPQYpFzj7vP0oAATj15pQc54pu1hjp1pVGM8YoAkwPSmyAbDxTqbJ9w0AQ9z9KD2+lHc\/Sg\/w\/SgCWMDyxT8D0psX+rFOoA\/\/Z",
                "permalink": "https:\/\/data-ft-ber-03-2021.slack.com\/files\/U01SJKB2MG8\/F01V07RE1PB\/ezcbwrsxmaiqgov.jpeg",
                "permalink_public": "https:\/\/slack-files.com\/T01RBRV5F7H-F01V07RE1PB-bc9bbaec7d",
                "is_starred": false,
                "has_rich_preview": false
            }
        ],
        "upload": false,
        "blocks": [
            {
                "type": "rich_text",
                "block_id": "vq0",
                "elements": [
                    {
                        "type": "rich_text_section",
                        "elements": [
                            {
                                "type": "text",
                                "text": "#xkcd"
                            }
                        ]
                    }
                ]
            }
        ],
        "user": "U01SJKB2MG8",
        "display_as_bot": false,
        "ts": "1618651222.002600",
        "client_msg_id": "65f1ca9e-020f-43b4-87f8-147b89e66119"
    }
]