[
    {
        "type": "message",
        "text": "Someone having trouble to save Tableau Public? :thinking_face:",
        "files": [
            {
                "id": "F01V25U9CLC",
                "created": 1618931009,
                "timestamp": 1618931009,
                "name": "Screenshot 2021-04-20 at 15.51.17.png",
                "title": "Screenshot 2021-04-20 at 15.51.17.png",
                "mimetype": "image\/png",
                "filetype": "png",
                "pretty_type": "PNG",
                "user": "U01S081EULS",
                "editable": false,
                "size": 75830,
                "mode": "hosted",
                "is_external": false,
                "external_type": "",
                "is_public": true,
                "public_url_shared": false,
                "display_as_bot": false,
                "username": "",
                "url_private": "https:\/\/files.slack.com\/files-pri\/T01RBRV5F7H-F01V25U9CLC\/screenshot_2021-04-20_at_15.51.17.png?t=xoxe-1861879185255-2005250891763-2017654554721-735ed824033d65b9b5a8817aca87e86a",
                "url_private_download": "https:\/\/files.slack.com\/files-pri\/T01RBRV5F7H-F01V25U9CLC\/download\/screenshot_2021-04-20_at_15.51.17.png?t=xoxe-1861879185255-2005250891763-2017654554721-735ed824033d65b9b5a8817aca87e86a",
                "thumb_64": "https:\/\/files.slack.com\/files-tmb\/T01RBRV5F7H-F01V25U9CLC-3f8e00fafa\/screenshot_2021-04-20_at_15.51.17_64.png?t=xoxe-1861879185255-2005250891763-2017654554721-735ed824033d65b9b5a8817aca87e86a",
                "thumb_80": "https:\/\/files.slack.com\/files-tmb\/T01RBRV5F7H-F01V25U9CLC-3f8e00fafa\/screenshot_2021-04-20_at_15.51.17_80.png?t=xoxe-1861879185255-2005250891763-2017654554721-735ed824033d65b9b5a8817aca87e86a",
                "thumb_360": "https:\/\/files.slack.com\/files-tmb\/T01RBRV5F7H-F01V25U9CLC-3f8e00fafa\/screenshot_2021-04-20_at_15.51.17_360.png?t=xoxe-1861879185255-2005250891763-2017654554721-735ed824033d65b9b5a8817aca87e86a",
                "thumb_360_w": 360,
                "thumb_360_h": 349,
                "thumb_480": "https:\/\/files.slack.com\/files-tmb\/T01RBRV5F7H-F01V25U9CLC-3f8e00fafa\/screenshot_2021-04-20_at_15.51.17_480.png?t=xoxe-1861879185255-2005250891763-2017654554721-735ed824033d65b9b5a8817aca87e86a",
                "thumb_480_w": 480,
                "thumb_480_h": 466,
                "thumb_160": "https:\/\/files.slack.com\/files-tmb\/T01RBRV5F7H-F01V25U9CLC-3f8e00fafa\/screenshot_2021-04-20_at_15.51.17_160.png?t=xoxe-1861879185255-2005250891763-2017654554721-735ed824033d65b9b5a8817aca87e86a",
                "thumb_720": "https:\/\/files.slack.com\/files-tmb\/T01RBRV5F7H-F01V25U9CLC-3f8e00fafa\/screenshot_2021-04-20_at_15.51.17_720.png?t=xoxe-1861879185255-2005250891763-2017654554721-735ed824033d65b9b5a8817aca87e86a",
                "thumb_720_w": 720,
                "thumb_720_h": 698,
                "thumb_800": "https:\/\/files.slack.com\/files-tmb\/T01RBRV5F7H-F01V25U9CLC-3f8e00fafa\/screenshot_2021-04-20_at_15.51.17_800.png?t=xoxe-1861879185255-2005250891763-2017654554721-735ed824033d65b9b5a8817aca87e86a",
                "thumb_800_w": 800,
                "thumb_800_h": 776,
                "original_w": 868,
                "original_h": 842,
                "thumb_tiny": "AwAuADDToJA6mikKg9QDQAuR60m4eopNi\/3RRsX0FADutFAAHQUUAI2OM0gVe1JJIqEbiRmmefH\/AHz+VK6HZk1FQ+en98\/lR58fdz+VF0HKyaiofPj\/ALx\/KpUYOuVORRcGmhkkQkIz2pn2VPf86noosguyEWyep\/Oj7NH6t+dSfifzpR17\/nRZBzMi+yx\/7X51IiBF2jpTqKLIG2z\/2Q==",
                "permalink": "https:\/\/data-ft-ber-03-2021.slack.com\/files\/U01S081EULS\/F01V25U9CLC\/screenshot_2021-04-20_at_15.51.17.png",
                "permalink_public": "https:\/\/slack-files.com\/T01RBRV5F7H-F01V25U9CLC-2cc3169719",
                "is_starred": false,
                "has_rich_preview": false
            }
        ],
        "upload": false,
        "blocks": [
            {
                "type": "rich_text",
                "block_id": "aE14q",
                "elements": [
                    {
                        "type": "rich_text_section",
                        "elements": [
                            {
                                "type": "text",
                                "text": "Someone having trouble to save Tableau Public? "
                            },
                            {
                                "type": "emoji",
                                "name": "thinking_face"
                            }
                        ]
                    }
                ]
            }
        ],
        "user": "U01S081EULS",
        "display_as_bot": false,
        "ts": "1618931016.002700",
        "thread_ts": "1618931016.002700",
        "reply_count": 6,
        "reply_users_count": 2,
        "latest_reply": "1618932416.004400",
        "reply_users": [
            "U01RW140HBP",
            "U01S081EULS"
        ],
        "replies": [
            {
                "user": "U01RW140HBP",
                "ts": "1618931134.003300"
            },
            {
                "user": "U01RW140HBP",
                "ts": "1618931216.003600"
            },
            {
                "user": "U01RW140HBP",
                "ts": "1618931234.003800"
            },
            {
                "user": "U01S081EULS",
                "ts": "1618931414.004000"
            },
            {
                "user": "U01S081EULS",
                "ts": "1618931482.004200"
            },
            {
                "user": "U01RW140HBP",
                "ts": "1618932416.004400"
            }
        ],
        "is_locked": false,
        "subscribed": false
    },
    {
        "client_msg_id": "a7e90086-b649-45a9-98f1-bd751613db52",
        "type": "message",
        "text": "let me try one sec",
        "user": "U01RW140HBP",
        "ts": "1618931134.003300",
        "team": "T01RBRV5F7H",
        "user_team": "T01RBRV5F7H",
        "source_team": "T01RBRV5F7H",
        "user_profile": {
            "avatar_hash": "4c43a3a8d10b",
            "image_72": "https:\/\/avatars.slack-edge.com\/2021-03-21\/1895736308209_4c43a3a8d10bc2fe5e13_72.png",
            "first_name": "siand",
            "real_name": "siand the LT (she\/her)",
            "display_name": "siand the LT (she\/her)",
            "team": "T01RBRV5F7H",
            "name": "sian.davies",
            "is_restricted": false,
            "is_ultra_restricted": false
        },
        "blocks": [
            {
                "type": "rich_text",
                "block_id": "3PI16",
                "elements": [
                    {
                        "type": "rich_text_section",
                        "elements": [
                            {
                                "type": "text",
                                "text": "let me try one sec"
                            }
                        ]
                    }
                ]
            }
        ],
        "thread_ts": "1618931016.002700",
        "parent_user_id": "U01S081EULS",
        "reactions": [
            {
                "name": "+1",
                "users": [
                    "U01S081EULS"
                ],
                "count": 1
            }
        ]
    },
    {
        "client_msg_id": "d8f583da-0e65-470d-a532-f41079f6e169",
        "type": "message",
        "text": "no i just saved fine on my account…",
        "user": "U01RW140HBP",
        "ts": "1618931216.003600",
        "team": "T01RBRV5F7H",
        "user_team": "T01RBRV5F7H",
        "source_team": "T01RBRV5F7H",
        "user_profile": {
            "avatar_hash": "4c43a3a8d10b",
            "image_72": "https:\/\/avatars.slack-edge.com\/2021-03-21\/1895736308209_4c43a3a8d10bc2fe5e13_72.png",
            "first_name": "siand",
            "real_name": "siand the LT (she\/her)",
            "display_name": "siand the LT (she\/her)",
            "team": "T01RBRV5F7H",
            "name": "sian.davies",
            "is_restricted": false,
            "is_ultra_restricted": false
        },
        "blocks": [
            {
                "type": "rich_text",
                "block_id": "esp",
                "elements": [
                    {
                        "type": "rich_text_section",
                        "elements": [
                            {
                                "type": "text",
                                "text": "no i just saved fine on my account…"
                            }
                        ]
                    }
                ]
            }
        ],
        "thread_ts": "1618931016.002700",
        "parent_user_id": "U01S081EULS"
    },
    {
        "client_msg_id": "a2b33f43-dda2-4fa6-8ae0-aafbe3be783e",
        "type": "message",
        "text": "try disconnecting and reconnecting to tableau public using the server menu",
        "user": "U01RW140HBP",
        "ts": "1618931234.003800",
        "team": "T01RBRV5F7H",
        "user_team": "T01RBRV5F7H",
        "source_team": "T01RBRV5F7H",
        "user_profile": {
            "avatar_hash": "4c43a3a8d10b",
            "image_72": "https:\/\/avatars.slack-edge.com\/2021-03-21\/1895736308209_4c43a3a8d10bc2fe5e13_72.png",
            "first_name": "siand",
            "real_name": "siand the LT (she\/her)",
            "display_name": "siand the LT (she\/her)",
            "team": "T01RBRV5F7H",
            "name": "sian.davies",
            "is_restricted": false,
            "is_ultra_restricted": false
        },
        "blocks": [
            {
                "type": "rich_text",
                "block_id": "H+U",
                "elements": [
                    {
                        "type": "rich_text_section",
                        "elements": [
                            {
                                "type": "text",
                                "text": "try disconnecting and reconnecting to tableau public using the server menu"
                            }
                        ]
                    }
                ]
            }
        ],
        "thread_ts": "1618931016.002700",
        "parent_user_id": "U01S081EULS"
    },
    {
        "client_msg_id": "41ff3119-3234-498e-a3f6-e013e0d23236",
        "type": "message",
        "text": "I try, thank you! I hope to don’t lose my work. Already this morning it quit work out of nothing :confused:",
        "user": "U01S081EULS",
        "ts": "1618931414.004000",
        "team": "T01RBRV5F7H",
        "user_team": "T01RBRV5F7H",
        "source_team": "T01RBRV5F7H",
        "user_profile": {
            "avatar_hash": "072722b5938a",
            "image_72": "https:\/\/avatars.slack-edge.com\/2021-03-22\/1869523305975_072722b5938a81b68381_72.png",
            "first_name": "",
            "real_name": "Federico Giuliani",
            "display_name": "Federico Giuliani",
            "team": "T01RBRV5F7H",
            "name": "defe_fg",
            "is_restricted": false,
            "is_ultra_restricted": false
        },
        "blocks": [
            {
                "type": "rich_text",
                "block_id": "A=X",
                "elements": [
                    {
                        "type": "rich_text_section",
                        "elements": [
                            {
                                "type": "text",
                                "text": "I try, thank you! I hope to don’t lose my work. Already this morning it quit work out of nothing "
                            },
                            {
                                "type": "emoji",
                                "name": "confused"
                            }
                        ]
                    }
                ]
            }
        ],
        "thread_ts": "1618931016.002700",
        "parent_user_id": "U01S081EULS"
    },
    {
        "client_msg_id": "81aac47e-f496-4523-ad3a-1c5dced3980a",
        "type": "message",
        "text": "oh all good now! Thank you",
        "user": "U01S081EULS",
        "ts": "1618931482.004200",
        "team": "T01RBRV5F7H",
        "user_team": "T01RBRV5F7H",
        "source_team": "T01RBRV5F7H",
        "user_profile": {
            "avatar_hash": "072722b5938a",
            "image_72": "https:\/\/avatars.slack-edge.com\/2021-03-22\/1869523305975_072722b5938a81b68381_72.png",
            "first_name": "",
            "real_name": "Federico Giuliani",
            "display_name": "Federico Giuliani",
            "team": "T01RBRV5F7H",
            "name": "defe_fg",
            "is_restricted": false,
            "is_ultra_restricted": false
        },
        "blocks": [
            {
                "type": "rich_text",
                "block_id": "a7d7",
                "elements": [
                    {
                        "type": "rich_text_section",
                        "elements": [
                            {
                                "type": "text",
                                "text": "oh all good now! Thank you"
                            }
                        ]
                    }
                ]
            }
        ],
        "thread_ts": "1618931016.002700",
        "parent_user_id": "U01S081EULS"
    },
    {
        "client_msg_id": "25b68e6d-dc24-4e46-a441-5641c8f290b3",
        "type": "message",
        "text": "great !",
        "user": "U01RW140HBP",
        "ts": "1618932416.004400",
        "team": "T01RBRV5F7H",
        "user_team": "T01RBRV5F7H",
        "source_team": "T01RBRV5F7H",
        "user_profile": {
            "avatar_hash": "4c43a3a8d10b",
            "image_72": "https:\/\/avatars.slack-edge.com\/2021-03-21\/1895736308209_4c43a3a8d10bc2fe5e13_72.png",
            "first_name": "siand",
            "real_name": "siand the LT (she\/her)",
            "display_name": "siand the LT (she\/her)",
            "team": "T01RBRV5F7H",
            "name": "sian.davies",
            "is_restricted": false,
            "is_ultra_restricted": false
        },
        "blocks": [
            {
                "type": "rich_text",
                "block_id": "+SgB",
                "elements": [
                    {
                        "type": "rich_text_section",
                        "elements": [
                            {
                                "type": "text",
                                "text": "great !"
                            }
                        ]
                    }
                ]
            }
        ],
        "thread_ts": "1618931016.002700",
        "parent_user_id": "U01S081EULS"
    }
]