[
    {
        "type": "message",
        "subtype": "channel_join",
        "ts": "1616404283.000200",
        "user": "U01S7BM4N81",
        "text": "<@U01S7BM4N81> has joined the channel"
    },
    {
        "type": "message",
        "subtype": "channel_join",
        "ts": "1616406379.000400",
        "user": "U01RXCQHMHT",
        "text": "<@U01RXCQHMHT> has joined the channel"
    },
    {
        "type": "message",
        "subtype": "channel_join",
        "ts": "1616408529.000600",
        "user": "U01S0MFJ3HR",
        "text": "<@U01S0MFJ3HR> has joined the channel"
    },
    {
        "type": "message",
        "subtype": "channel_join",
        "ts": "1616421918.000900",
        "user": "U01SD3CDH9P",
        "text": "<@U01SD3CDH9P> has joined the channel",
        "inviter": "U01SJKB2MG8"
    },
    {
        "type": "message",
        "subtype": "channel_join",
        "ts": "1616421919.001100",
        "user": "U01S0E0MRJ7",
        "text": "<@U01S0E0MRJ7> has joined the channel",
        "inviter": "U01SJKB2MG8"
    },
    {
        "type": "message",
        "subtype": "channel_join",
        "ts": "1616421919.001300",
        "user": "U01S081EULS",
        "text": "<@U01S081EULS> has joined the channel",
        "inviter": "U01SJKB2MG8"
    },
    {
        "type": "message",
        "subtype": "channel_join",
        "ts": "1616421919.001500",
        "user": "U01RRV4JX6Z",
        "text": "<@U01RRV4JX6Z> has joined the channel",
        "inviter": "U01SJKB2MG8"
    },
    {
        "type": "message",
        "subtype": "channel_join",
        "ts": "1616421920.001700",
        "user": "U01RVSTNRRT",
        "text": "<@U01RVSTNRRT> has joined the channel",
        "inviter": "U01SJKB2MG8"
    },
    {
        "type": "message",
        "subtype": "channel_join",
        "ts": "1616421920.001900",
        "user": "U01RV3K524T",
        "text": "<@U01RV3K524T> has joined the channel",
        "inviter": "U01SJKB2MG8"
    },
    {
        "type": "message",
        "subtype": "channel_join",
        "ts": "1616421920.002100",
        "user": "U01S65G72SY",
        "text": "<@U01S65G72SY> has joined the channel",
        "inviter": "U01SJKB2MG8"
    },
    {
        "type": "message",
        "subtype": "channel_join",
        "ts": "1616421920.002300",
        "user": "U01RP2K1606",
        "text": "<@U01RP2K1606> has joined the channel",
        "inviter": "U01SJKB2MG8"
    },
    {
        "type": "message",
        "subtype": "channel_join",
        "ts": "1616421920.002500",
        "user": "U01S0P26NKD",
        "text": "<@U01S0P26NKD> has joined the channel",
        "inviter": "U01SJKB2MG8"
    },
    {
        "type": "message",
        "subtype": "channel_join",
        "ts": "1616421921.002700",
        "user": "U01S6LCPM0C",
        "text": "<@U01S6LCPM0C> has joined the channel",
        "inviter": "U01SJKB2MG8"
    },
    {
        "type": "message",
        "subtype": "channel_join",
        "ts": "1616421921.002900",
        "user": "U01RN7BVD1C",
        "text": "<@U01RN7BVD1C> has joined the channel",
        "inviter": "U01SJKB2MG8"
    },
    {
        "type": "message",
        "subtype": "channel_join",
        "ts": "1616421921.003100",
        "user": "U01S79YDELR",
        "text": "<@U01S79YDELR> has joined the channel",
        "inviter": "U01SJKB2MG8"
    },
    {
        "type": "message",
        "subtype": "channel_join",
        "ts": "1616421921.003300",
        "user": "U01SK96QF5E",
        "text": "<@U01SK96QF5E> has joined the channel",
        "inviter": "U01SJKB2MG8"
    },
    {
        "type": "message",
        "subtype": "channel_join",
        "ts": "1616421922.003500",
        "user": "U01RKN0EGDV",
        "text": "<@U01RKN0EGDV> has joined the channel",
        "inviter": "U01SJKB2MG8"
    },
    {
        "type": "message",
        "subtype": "channel_join",
        "ts": "1616421922.003700",
        "user": "U01RS9Y6UJH",
        "text": "<@U01RS9Y6UJH> has joined the channel",
        "inviter": "U01SJKB2MG8"
    },
    {
        "type": "message",
        "subtype": "channel_join",
        "ts": "1616421922.003900",
        "user": "U01RNEU3SNA",
        "text": "<@U01RNEU3SNA> has joined the channel",
        "inviter": "U01SJKB2MG8"
    },
    {
        "type": "message",
        "subtype": "channel_join",
        "ts": "1616421923.004100",
        "user": "U01S6L7HLUC",
        "text": "<@U01S6L7HLUC> has joined the channel",
        "inviter": "U01SJKB2MG8"
    },
    {
        "type": "message",
        "subtype": "channel_join",
        "ts": "1616421923.004300",
        "user": "U01S7KCL3DF",
        "text": "<@U01S7KCL3DF> has joined the channel",
        "inviter": "U01SJKB2MG8"
    },
    {
        "type": "message",
        "subtype": "channel_join",
        "ts": "1616421923.004500",
        "user": "U01RW140HBP",
        "text": "<@U01RW140HBP> has joined the channel",
        "inviter": "U01SJKB2MG8"
    },
    {
        "type": "message",
        "subtype": "channel_join",
        "ts": "1616421923.004700",
        "user": "U01S133DZ9A",
        "text": "<@U01S133DZ9A> has joined the channel",
        "inviter": "U01SJKB2MG8"
    }
]