[
    {
        "type": "message",
        "text": "First Machine Learning, then Machine Dying :smiling_face_with_tear:",
        "files": [
            {
                "id": "F01UZ0623HR",
                "created": 1618987319,
                "timestamp": 1618987319,
                "name": "20210421_084100.jpg",
                "title": "20210421_084100.jpg",
                "mimetype": "image\/jpeg",
                "filetype": "jpg",
                "pretty_type": "JPEG",
                "user": "U01RKN0EGDV",
                "editable": false,
                "size": 178223,
                "mode": "hosted",
                "is_external": false,
                "external_type": "",
                "is_public": true,
                "public_url_shared": false,
                "display_as_bot": false,
                "username": "",
                "url_private": "https:\/\/files.slack.com\/files-pri\/T01RBRV5F7H-F01UZ0623HR\/20210421_084100.jpg?t=xoxe-1861879185255-2047593969042-2053756158948-4cf6552631c579c36efd5d2fd242de30",
                "url_private_download": "https:\/\/files.slack.com\/files-pri\/T01RBRV5F7H-F01UZ0623HR\/download\/20210421_084100.jpg?t=xoxe-1861879185255-2047593969042-2053756158948-4cf6552631c579c36efd5d2fd242de30",
                "thumb_64": "https:\/\/files.slack.com\/files-tmb\/T01RBRV5F7H-F01UZ0623HR-628705469e\/20210421_084100_64.jpg?t=xoxe-1861879185255-2047593969042-2053756158948-4cf6552631c579c36efd5d2fd242de30",
                "thumb_80": "https:\/\/files.slack.com\/files-tmb\/T01RBRV5F7H-F01UZ0623HR-628705469e\/20210421_084100_80.jpg?t=xoxe-1861879185255-2047593969042-2053756158948-4cf6552631c579c36efd5d2fd242de30",
                "thumb_360": "https:\/\/files.slack.com\/files-tmb\/T01RBRV5F7H-F01UZ0623HR-628705469e\/20210421_084100_360.jpg?t=xoxe-1861879185255-2047593969042-2053756158948-4cf6552631c579c36efd5d2fd242de30",
                "thumb_360_w": 360,
                "thumb_360_h": 264,
                "thumb_480": "https:\/\/files.slack.com\/files-tmb\/T01RBRV5F7H-F01UZ0623HR-628705469e\/20210421_084100_480.jpg?t=xoxe-1861879185255-2047593969042-2053756158948-4cf6552631c579c36efd5d2fd242de30",
                "thumb_480_w": 480,
                "thumb_480_h": 352,
                "thumb_160": "https:\/\/files.slack.com\/files-tmb\/T01RBRV5F7H-F01UZ0623HR-628705469e\/20210421_084100_160.jpg?t=xoxe-1861879185255-2047593969042-2053756158948-4cf6552631c579c36efd5d2fd242de30",
                "thumb_720": "https:\/\/files.slack.com\/files-tmb\/T01RBRV5F7H-F01UZ0623HR-628705469e\/20210421_084100_720.jpg?t=xoxe-1861879185255-2047593969042-2053756158948-4cf6552631c579c36efd5d2fd242de30",
                "thumb_720_w": 720,
                "thumb_720_h": 527,
                "thumb_800": "https:\/\/files.slack.com\/files-tmb\/T01RBRV5F7H-F01UZ0623HR-628705469e\/20210421_084100_800.jpg?t=xoxe-1861879185255-2047593969042-2053756158948-4cf6552631c579c36efd5d2fd242de30",
                "thumb_800_w": 800,
                "thumb_800_h": 586,
                "thumb_960": "https:\/\/files.slack.com\/files-tmb\/T01RBRV5F7H-F01UZ0623HR-628705469e\/20210421_084100_960.jpg?t=xoxe-1861879185255-2047593969042-2053756158948-4cf6552631c579c36efd5d2fd242de30",
                "thumb_960_w": 960,
                "thumb_960_h": 703,
                "thumb_1024": "https:\/\/files.slack.com\/files-tmb\/T01RBRV5F7H-F01UZ0623HR-628705469e\/20210421_084100_1024.jpg?t=xoxe-1861879185255-2047593969042-2053756158948-4cf6552631c579c36efd5d2fd242de30",
                "thumb_1024_w": 1024,
                "thumb_1024_h": 750,
                "original_w": 1488,
                "original_h": 1090,
                "thumb_tiny": "AwAjADCNIEQFnOcdvSpleFeh\/BRmokKs+5hwTzUkjKDuVdq0tx7DmnH8MbY9zim+czBsYB25GPX8aYSeVfaoFImCxwP6U7IVx5O5stKu3HQjmpLFvvL26ioGPzDAHp1p8GUfNADA4dwo2g+p7U6bfHxuHPQiq6mNCTuOewFI0uW6kqOxoAsoR5Z5JOOSBn9aa427WY\/KeOKr+aQMINo9qTLt6n8aAJ3eLbhUYH1Y1H5jf3uajIPekJxQAqgYppJB4py9Ka3WgBWJ9alhA2fU1C3ap4fuD60IfQYaiapTUTUAf\/\/Z",
                "permalink": "https:\/\/data-ft-ber-03-2021.slack.com\/files\/U01RKN0EGDV\/F01UZ0623HR\/20210421_084100.jpg",
                "permalink_public": "https:\/\/slack-files.com\/T01RBRV5F7H-F01UZ0623HR-b965e16812",
                "is_starred": false,
                "has_rich_preview": false
            }
        ],
        "upload": false,
        "blocks": [
            {
                "type": "rich_text",
                "block_id": "eaz",
                "elements": [
                    {
                        "type": "rich_text_section",
                        "elements": [
                            {
                                "type": "text",
                                "text": "First Machine Learning, then Machine Dying "
                            },
                            {
                                "type": "emoji",
                                "name": "smiling_face_with_tear"
                            }
                        ]
                    }
                ]
            }
        ],
        "user": "U01RKN0EGDV",
        "display_as_bot": false,
        "ts": "1618987376.000100",
        "client_msg_id": "16bb3cdb-c31c-45e7-ab25-473a1f4893f1",
        "thread_ts": "1618987376.000100",
        "reply_count": 3,
        "reply_users_count": 2,
        "latest_reply": "1618990338.002300",
        "reply_users": [
            "U01SJKB2MG8",
            "U01RKN0EGDV"
        ],
        "replies": [
            {
                "user": "U01SJKB2MG8",
                "ts": "1618988711.001900"
            },
            {
                "user": "U01RKN0EGDV",
                "ts": "1618990270.002100"
            },
            {
                "user": "U01RKN0EGDV",
                "ts": "1618990338.002300"
            }
        ],
        "is_locked": false,
        "subscribed": false,
        "reactions": [
            {
                "name": "sob",
                "users": [
                    "U01RN7BVD1C"
                ],
                "count": 1
            },
            {
                "name": "sleepy",
                "users": [
                    "U01S1CWGTU4"
                ],
                "count": 1
            }
        ]
    },
    {
        "client_msg_id": "1cf77204-134b-491e-a463-c66844fcae2a",
        "type": "message",
        "text": ":slightly_frowning_face:",
        "user": "U01S79YDELR",
        "ts": "1618987402.000300",
        "team": "T01RBRV5F7H",
        "user_team": "T01RBRV5F7H",
        "source_team": "T01RBRV5F7H",
        "user_profile": {
            "avatar_hash": "606def897de6",
            "image_72": "https:\/\/avatars.slack-edge.com\/2021-03-22\/1910932493456_606def897de66681d932_72.jpg",
            "first_name": "",
            "real_name": "Karina Condeixa",
            "display_name": "Karina Condeixa",
            "team": "T01RBRV5F7H",
            "name": "karina.condeixa",
            "is_restricted": false,
            "is_ultra_restricted": false
        },
        "blocks": [
            {
                "type": "rich_text",
                "block_id": "Yiy4E",
                "elements": [
                    {
                        "type": "rich_text_section",
                        "elements": [
                            {
                                "type": "emoji",
                                "name": "slightly_frowning_face"
                            }
                        ]
                    }
                ]
            }
        ]
    },
    {
        "client_msg_id": "26ad66d4-df5b-420c-8540-3a4106022f9b",
        "type": "message",
        "text": "I had to change the mine last year because of this. it was almost dying when making ML.",
        "user": "U01S79YDELR",
        "ts": "1618987459.001300",
        "team": "T01RBRV5F7H",
        "user_team": "T01RBRV5F7H",
        "source_team": "T01RBRV5F7H",
        "user_profile": {
            "avatar_hash": "606def897de6",
            "image_72": "https:\/\/avatars.slack-edge.com\/2021-03-22\/1910932493456_606def897de66681d932_72.jpg",
            "first_name": "",
            "real_name": "Karina Condeixa",
            "display_name": "Karina Condeixa",
            "team": "T01RBRV5F7H",
            "name": "karina.condeixa",
            "is_restricted": false,
            "is_ultra_restricted": false
        },
        "edited": {
            "user": "U01S79YDELR",
            "ts": "1618987515.000000"
        },
        "blocks": [
            {
                "type": "rich_text",
                "block_id": "eUy",
                "elements": [
                    {
                        "type": "rich_text_section",
                        "elements": [
                            {
                                "type": "text",
                                "text": "I had to change the mine last year because of this. it was almost dying when making ML."
                            }
                        ]
                    }
                ]
            }
        ],
        "reactions": [
            {
                "name": "sweat",
                "users": [
                    "U01RKN0EGDV"
                ],
                "count": 1
            }
        ]
    }
]