[
    {
        "type": "message",
        "text": "it's fine because zoom says in spanish 'try the new filters!!' but there is nothing to try :sweat:",
        "files": [
            {
                "id": "F020QG0ATNY",
                "created": 1619775093,
                "timestamp": 1619775093,
                "name": "image.png",
                "title": "image.png",
                "mimetype": "image\/png",
                "filetype": "png",
                "pretty_type": "PNG",
                "user": "U01RKN0EGDV",
                "editable": false,
                "size": 9852,
                "mode": "hosted",
                "is_external": false,
                "external_type": "",
                "is_public": true,
                "public_url_shared": false,
                "display_as_bot": false,
                "username": "",
                "url_private": "https:\/\/files.slack.com\/files-pri\/T01RBRV5F7H-F020QG0ATNY\/image.png?t=xoxe-1861879185255-2047593969042-2053756158948-4cf6552631c579c36efd5d2fd242de30",
                "url_private_download": "https:\/\/files.slack.com\/files-pri\/T01RBRV5F7H-F020QG0ATNY\/download\/image.png?t=xoxe-1861879185255-2047593969042-2053756158948-4cf6552631c579c36efd5d2fd242de30",
                "thumb_64": "https:\/\/files.slack.com\/files-tmb\/T01RBRV5F7H-F020QG0ATNY-c920feece2\/image_64.png?t=xoxe-1861879185255-2047593969042-2053756158948-4cf6552631c579c36efd5d2fd242de30",
                "thumb_80": "https:\/\/files.slack.com\/files-tmb\/T01RBRV5F7H-F020QG0ATNY-c920feece2\/image_80.png?t=xoxe-1861879185255-2047593969042-2053756158948-4cf6552631c579c36efd5d2fd242de30",
                "thumb_360": "https:\/\/files.slack.com\/files-tmb\/T01RBRV5F7H-F020QG0ATNY-c920feece2\/image_360.png?t=xoxe-1861879185255-2047593969042-2053756158948-4cf6552631c579c36efd5d2fd242de30",
                "thumb_360_w": 360,
                "thumb_360_h": 181,
                "thumb_480": "https:\/\/files.slack.com\/files-tmb\/T01RBRV5F7H-F020QG0ATNY-c920feece2\/image_480.png?t=xoxe-1861879185255-2047593969042-2053756158948-4cf6552631c579c36efd5d2fd242de30",
                "thumb_480_w": 480,
                "thumb_480_h": 241,
                "thumb_160": "https:\/\/files.slack.com\/files-tmb\/T01RBRV5F7H-F020QG0ATNY-c920feece2\/image_160.png?t=xoxe-1861879185255-2047593969042-2053756158948-4cf6552631c579c36efd5d2fd242de30",
                "original_w": 538,
                "original_h": 270,
                "thumb_tiny": "AwAYADDTz7U0596gu7eScqUcDHqTVkcAUANGSe9OoooAKKKKACiiigAooooAKKKKAP\/Z",
                "permalink": "https:\/\/data-ft-ber-03-2021.slack.com\/files\/U01RKN0EGDV\/F020QG0ATNY\/image.png",
                "permalink_public": "https:\/\/slack-files.com\/T01RBRV5F7H-F020QG0ATNY-30e70e3230",
                "is_starred": false,
                "has_rich_preview": false
            }
        ],
        "upload": false,
        "blocks": [
            {
                "type": "rich_text",
                "block_id": "At1Q5",
                "elements": [
                    {
                        "type": "rich_text_section",
                        "elements": [
                            {
                                "type": "text",
                                "text": "it's fine because zoom says in spanish 'try the new filters!!' but there is nothing to try "
                            },
                            {
                                "type": "emoji",
                                "name": "sweat"
                            }
                        ]
                    }
                ]
            }
        ],
        "user": "U01RKN0EGDV",
        "display_as_bot": false,
        "ts": "1619775136.005000",
        "thread_ts": "1619775136.005000",
        "reply_count": 2,
        "reply_users_count": 2,
        "latest_reply": "1619775208.005300",
        "reply_users": [
            "U01RW2X7S9Z",
            "U01RKN0EGDV"
        ],
        "replies": [
            {
                "user": "U01RW2X7S9Z",
                "ts": "1619775167.005100"
            },
            {
                "user": "U01RKN0EGDV",
                "ts": "1619775208.005300"
            }
        ],
        "is_locked": false,
        "subscribed": false
    },
    {
        "client_msg_id": "846c38c0-d0d6-413e-a81e-60665d054fec",
        "type": "message",
        "text": "same here",
        "user": "U01RW2X7S9Z",
        "ts": "1619775167.005100",
        "team": "T01RBRV5F7H",
        "user_team": "T01RBRV5F7H",
        "source_team": "T01RBRV5F7H",
        "user_profile": {
            "avatar_hash": "7e12d75d168a",
            "image_72": "https:\/\/avatars.slack-edge.com\/2021-03-19\/1880105796643_7e12d75d168ae25c167d_72.jpg",
            "first_name": "Alexandre",
            "real_name": "Alexandre Sommerkamp",
            "display_name": "Alexandre Sommerkamp",
            "team": "T01RBRV5F7H",
            "name": "alex.c.skp",
            "is_restricted": false,
            "is_ultra_restricted": false
        },
        "blocks": [
            {
                "type": "rich_text",
                "block_id": "QYaD8",
                "elements": [
                    {
                        "type": "rich_text_section",
                        "elements": [
                            {
                                "type": "text",
                                "text": "same here"
                            }
                        ]
                    }
                ]
            }
        ],
        "thread_ts": "1619775136.005000",
        "parent_user_id": "U01RKN0EGDV"
    },
    {
        "client_msg_id": "4373b55e-efd7-456e-881e-9c390e38d220",
        "type": "message",
        "text": "anti-update too¿? haha",
        "user": "U01RKN0EGDV",
        "ts": "1619775208.005300",
        "team": "T01RBRV5F7H",
        "user_team": "T01RBRV5F7H",
        "source_team": "T01RBRV5F7H",
        "user_profile": {
            "avatar_hash": "abe46e9352ee",
            "image_72": "https:\/\/avatars.slack-edge.com\/2021-03-24\/1878427345639_abe46e9352ee26531094_72.jpg",
            "first_name": "Marian",
            "real_name": "Marian Moreno",
            "display_name": "Marian (she\/her)",
            "team": "T01RBRV5F7H",
            "name": "marimor62",
            "is_restricted": false,
            "is_ultra_restricted": false
        },
        "blocks": [
            {
                "type": "rich_text",
                "block_id": "DH3VO",
                "elements": [
                    {
                        "type": "rich_text_section",
                        "elements": [
                            {
                                "type": "text",
                                "text": "anti-update too¿? haha"
                            }
                        ]
                    }
                ]
            }
        ],
        "thread_ts": "1619775136.005000",
        "parent_user_id": "U01RKN0EGDV"
    },
    {
        "client_msg_id": "08ef3def-ee40-4ca9-8c5a-ac58a94239f5",
        "type": "message",
        "text": "Do you need a revolving credit card? Or would one that is mirroring a bank account and doing direct debits also okay?\nIf the second case applies, check out DKB and ING Girokonto, they come with a credit card, and the limit on the card is basically the bank account balance. Maybe that’s a workaround for you.\nOther than that, I used to be a credit consultant and still have lot’s of contacts in the market, so send me a message if you want some help :slightly_smiling_face:",
        "user": "U01S7BM4N81",
        "ts": "1619781303.005500",
        "team": "T01RBRV5F7H",
        "user_team": "T01RBRV5F7H",
        "source_team": "T01RBRV5F7H",
        "user_profile": {
            "avatar_hash": "2adfc641e87e",
            "image_72": "https:\/\/avatars.slack-edge.com\/2021-04-16\/1994438084416_2adfc641e87e3a953d9c_72.png",
            "first_name": "Thamo",
            "real_name": "Thamo",
            "display_name": "Thamo",
            "team": "T01RBRV5F7H",
            "name": "thamokoeper",
            "is_restricted": false,
            "is_ultra_restricted": false
        },
        "blocks": [
            {
                "type": "rich_text",
                "block_id": "eDK",
                "elements": [
                    {
                        "type": "rich_text_section",
                        "elements": [
                            {
                                "type": "text",
                                "text": "Do you need a revolving credit card? Or would one that is mirroring a bank account and doing direct debits also okay?\nIf the second case applies, check out DKB and ING Girokonto, they come with a credit card, and the limit on the card is basically the bank account balance. Maybe that’s a workaround for you.\nOther than that, I used to be a credit consultant and still have lot’s of contacts in the market, so send me a message if you want some help "
                            },
                            {
                                "type": "emoji",
                                "name": "slightly_smiling_face"
                            }
                        ]
                    }
                ]
            }
        ],
        "thread_ts": "1619689033.003600",
        "parent_user_id": "U01S7KCL3DF"
    },
    {
        "client_msg_id": "d4fd0019-0ff9-4dd0-ae60-9db78b5be08a",
        "type": "message",
        "text": "cheers but that’s a US credit card…these german ones tend to earn me nooootthiinngggg :crying_cat_face:",
        "user": "U01S7KCL3DF",
        "ts": "1619781382.005700",
        "team": "T01RBRV5F7H",
        "user_team": "T01RBRV5F7H",
        "source_team": "T01RBRV5F7H",
        "user_profile": {
            "avatar_hash": "17b52091bb62",
            "image_72": "https:\/\/avatars.slack-edge.com\/2021-03-19\/1875964347925_17b52091bb62c2340b4c_72.png",
            "first_name": "Sam",
            "real_name": "Sam Katterfield",
            "display_name": "Sam",
            "team": "T01RBRV5F7H",
            "name": "samkatterfield",
            "is_restricted": false,
            "is_ultra_restricted": false
        },
        "blocks": [
            {
                "type": "rich_text",
                "block_id": "il2jh",
                "elements": [
                    {
                        "type": "rich_text_section",
                        "elements": [
                            {
                                "type": "text",
                                "text": "cheers but that’s a US credit card…these german ones tend to earn me nooootthiinngggg "
                            },
                            {
                                "type": "emoji",
                                "name": "crying_cat_face"
                            }
                        ]
                    }
                ]
            }
        ],
        "thread_ts": "1619689033.003600",
        "parent_user_id": "U01S7KCL3DF"
    },
    {
        "client_msg_id": "7fa4cd59-4d70-4514-9a76-24ba72b3e613",
        "type": "message",
        "text": "Thats so true - but as far as I know, US cards for non US citizens are not possible - or do you know a trick there?",
        "user": "U01S7BM4N81",
        "ts": "1619785587.005900",
        "team": "T01RBRV5F7H",
        "user_team": "T01RBRV5F7H",
        "source_team": "T01RBRV5F7H",
        "user_profile": {
            "avatar_hash": "2adfc641e87e",
            "image_72": "https:\/\/avatars.slack-edge.com\/2021-04-16\/1994438084416_2adfc641e87e3a953d9c_72.png",
            "first_name": "Thamo",
            "real_name": "Thamo",
            "display_name": "Thamo",
            "team": "T01RBRV5F7H",
            "name": "thamokoeper",
            "is_restricted": false,
            "is_ultra_restricted": false
        },
        "blocks": [
            {
                "type": "rich_text",
                "block_id": "+YXZF",
                "elements": [
                    {
                        "type": "rich_text_section",
                        "elements": [
                            {
                                "type": "text",
                                "text": "Thats so true - but as far as I know, US cards for non US citizens are not possible - or do you know a trick there?"
                            }
                        ]
                    }
                ]
            }
        ],
        "thread_ts": "1619689033.003600",
        "parent_user_id": "U01S7KCL3DF"
    },
    {
        "client_msg_id": "ca60b36b-a29a-4803-9744-908edd6b0fee",
        "type": "message",
        "text": "i’m as American as Top Gun fam",
        "user": "U01S7KCL3DF",
        "ts": "1619785636.006100",
        "team": "T01RBRV5F7H",
        "user_team": "T01RBRV5F7H",
        "source_team": "T01RBRV5F7H",
        "user_profile": {
            "avatar_hash": "17b52091bb62",
            "image_72": "https:\/\/avatars.slack-edge.com\/2021-03-19\/1875964347925_17b52091bb62c2340b4c_72.png",
            "first_name": "Sam",
            "real_name": "Sam Katterfield",
            "display_name": "Sam",
            "team": "T01RBRV5F7H",
            "name": "samkatterfield",
            "is_restricted": false,
            "is_ultra_restricted": false
        },
        "edited": {
            "user": "U01S7KCL3DF",
            "ts": "1619785646.000000"
        },
        "blocks": [
            {
                "type": "rich_text",
                "block_id": "ofGL4",
                "elements": [
                    {
                        "type": "rich_text_section",
                        "elements": [
                            {
                                "type": "text",
                                "text": "i’m as American as Top Gun fam"
                            }
                        ]
                    }
                ]
            }
        ],
        "thread_ts": "1619689033.003600",
        "parent_user_id": "U01S7KCL3DF",
        "reactions": [
            {
                "name": "us",
                "users": [
                    "U01S7BM4N81"
                ],
                "count": 1
            }
        ]
    },
    {
        "bot_id": "B01S7FSR36Y",
        "type": "message",
        "text": "USA",
        "user": "U01S7KCL3DF",
        "ts": "1619785655.006500",
        "team": "T01RBRV5F7H",
        "bot_profile": {
            "id": "B01S7FSR36Y",
            "deleted": false,
            "name": "giphy",
            "updated": 1616421896,
            "app_id": "A0F827J2C",
            "icons": {
                "image_36": "https:\/\/a.slack-edge.com\/dc483\/img\/plugins\/giphy\/service_72.png",
                "image_48": "https:\/\/a.slack-edge.com\/dc483\/img\/plugins\/giphy\/service_48.png",
                "image_72": "https:\/\/a.slack-edge.com\/dc483\/img\/plugins\/giphy\/service_72.png"
            },
            "team_id": "T01RBRV5F7H"
        },
        "blocks": [
            {
                "type": "image",
                "block_id": "WOO",
                "image_url": "https:\/\/media4.giphy.com\/media\/65kQC6Mg4XIsw\/giphy.gif?cid=6104955e4495a3e0919b61ab397cb7c546be05666470dc5a&rid=giphy.gif&ct=g&cid=6104955e4495a3e0919b61ab397cb7c546be05666470dc5a&rid=giphy.gif&ct=g",
                "alt_text": "USA",
                "title": {
                    "type": "plain_text",
                    "text": "USA",
                    "emoji": true
                },
                "fallback": "500x274px image",
                "image_width": 500,
                "image_height": 274,
                "image_bytes": 882648,
                "is_animated": true
            },
            {
                "type": "context",
                "block_id": "tpt8",
                "elements": [
                    {
                        "type": "image",
                        "image_url": "https:\/\/a.slack-edge.com\/dc483\/img\/plugins\/giphy\/service_32.png",
                        "alt_text": "giphy logo"
                    },
                    {
                        "type": "mrkdwn",
                        "text": "Posted using \/giphy",
                        "verbatim": false
                    }
                ]
            }
        ],
        "thread_ts": "1619689033.003600",
        "parent_user_id": "U01S7KCL3DF"
    }
]