[
    {
        "client_msg_id": "aae4fe55-2818-45cc-ad70-398bfc233764",
        "type": "message",
        "text": "Does any one of you know Ubiqum school? Before enrolling here i considered doing the Data Analytics course there. The course's coordinator keeps sending me emails attempting to make me join his school. Kind of creepy....",
        "user": "U01RRV4JX6Z",
        "ts": "1619619060.018400",
        "team": "T01RBRV5F7H",
        "user_team": "T01RBRV5F7H",
        "source_team": "T01RBRV5F7H",
        "user_profile": {
            "avatar_hash": "339c4d69b7d9",
            "image_72": "https:\/\/avatars.slack-edge.com\/2021-04-14\/1961122781618_339c4d69b7d9fe16343a_72.jpg",
            "first_name": "",
            "real_name": "Francisco Ebeling",
            "display_name": "Francisco Ebeling",
            "team": "T01RBRV5F7H",
            "name": "ebelingbarros",
            "is_restricted": false,
            "is_ultra_restricted": false
        },
        "blocks": [
            {
                "type": "rich_text",
                "block_id": "y4Q",
                "elements": [
                    {
                        "type": "rich_text_section",
                        "elements": [
                            {
                                "type": "text",
                                "text": "Does any one of you know Ubiqum school? Before enrolling here i considered doing the Data Analytics course there. The course's coordinator keeps sending me emails attempting to make me join his school. Kind of creepy...."
                            }
                        ]
                    }
                ]
            }
        ],
        "thread_ts": "1619619060.018400",
        "reply_count": 5,
        "reply_users_count": 3,
        "latest_reply": "1619620815.019500",
        "reply_users": [
            "U01S7KCL3DF",
            "U01RRV4JX6Z",
            "U01RW140HBP"
        ],
        "replies": [
            {
                "user": "U01S7KCL3DF",
                "ts": "1619619135.018500"
            },
            {
                "user": "U01RRV4JX6Z",
                "ts": "1619619164.018800"
            },
            {
                "user": "U01RRV4JX6Z",
                "ts": "1619619253.019000"
            },
            {
                "user": "U01RRV4JX6Z",
                "ts": "1619619286.019200"
            },
            {
                "user": "U01RW140HBP",
                "ts": "1619620815.019500"
            }
        ],
        "is_locked": false,
        "subscribed": false
    },
    {
        "client_msg_id": "4723a662-932d-4f4d-8e0a-1fd74db02635",
        "type": "message",
        "text": "You're a catch! I heard about it... Isn't the course like 5 months long?",
        "user": "U01S7KCL3DF",
        "ts": "1619619135.018500",
        "team": "T01RBRV5F7H",
        "user_team": "T01RBRV5F7H",
        "source_team": "T01RBRV5F7H",
        "user_profile": {
            "avatar_hash": "17b52091bb62",
            "image_72": "https:\/\/avatars.slack-edge.com\/2021-03-19\/1875964347925_17b52091bb62c2340b4c_72.png",
            "first_name": "Sam",
            "real_name": "Sam Katterfield",
            "display_name": "Sam",
            "team": "T01RBRV5F7H",
            "name": "samkatterfield",
            "is_restricted": false,
            "is_ultra_restricted": false
        },
        "blocks": [
            {
                "type": "rich_text",
                "block_id": "6a6w",
                "elements": [
                    {
                        "type": "rich_text_section",
                        "elements": [
                            {
                                "type": "text",
                                "text": "You're a catch! I heard about it... Isn't the course like 5 months long?"
                            }
                        ]
                    }
                ]
            }
        ],
        "thread_ts": "1619619060.018400",
        "parent_user_id": "U01RRV4JX6Z"
    },
    {
        "client_msg_id": "a16d4e9c-f831-4c9d-9e09-3e706eb95abc",
        "type": "message",
        "text": "yeah, 5 months long",
        "user": "U01RRV4JX6Z",
        "ts": "1619619164.018800",
        "team": "T01RBRV5F7H",
        "user_team": "T01RBRV5F7H",
        "source_team": "T01RBRV5F7H",
        "user_profile": {
            "avatar_hash": "339c4d69b7d9",
            "image_72": "https:\/\/avatars.slack-edge.com\/2021-04-14\/1961122781618_339c4d69b7d9fe16343a_72.jpg",
            "first_name": "",
            "real_name": "Francisco Ebeling",
            "display_name": "Francisco Ebeling",
            "team": "T01RBRV5F7H",
            "name": "ebelingbarros",
            "is_restricted": false,
            "is_ultra_restricted": false
        },
        "blocks": [
            {
                "type": "rich_text",
                "block_id": "r6\/H",
                "elements": [
                    {
                        "type": "rich_text_section",
                        "elements": [
                            {
                                "type": "text",
                                "text": "yeah, 5 months long"
                            }
                        ]
                    }
                ]
            }
        ],
        "thread_ts": "1619619060.018400",
        "parent_user_id": "U01RRV4JX6Z"
    },
    {
        "client_msg_id": "00817374-43ae-407f-8584-782f69d36ccb",
        "type": "message",
        "text": "I think it's kind of creepy. The world is full of people not giving you an acceptance to their positions and that kind of thing",
        "user": "U01RRV4JX6Z",
        "ts": "1619619253.019000",
        "team": "T01RBRV5F7H",
        "user_team": "T01RBRV5F7H",
        "source_team": "T01RBRV5F7H",
        "user_profile": {
            "avatar_hash": "339c4d69b7d9",
            "image_72": "https:\/\/avatars.slack-edge.com\/2021-04-14\/1961122781618_339c4d69b7d9fe16343a_72.jpg",
            "first_name": "",
            "real_name": "Francisco Ebeling",
            "display_name": "Francisco Ebeling",
            "team": "T01RBRV5F7H",
            "name": "ebelingbarros",
            "is_restricted": false,
            "is_ultra_restricted": false
        },
        "blocks": [
            {
                "type": "rich_text",
                "block_id": "W4dx",
                "elements": [
                    {
                        "type": "rich_text_section",
                        "elements": [
                            {
                                "type": "text",
                                "text": "I think it's kind of creepy. The world is full of people not giving you an acceptance to their positions and that kind of thing"
                            }
                        ]
                    }
                ]
            }
        ],
        "thread_ts": "1619619060.018400",
        "parent_user_id": "U01RRV4JX6Z"
    },
    {
        "client_msg_id": "769e1b46-d259-4394-bd45-987473e57be8",
        "type": "message",
        "text": "<@U01RW140HBP>, do you know Sebastian Barajas?",
        "user": "U01RRV4JX6Z",
        "ts": "1619619286.019200",
        "team": "T01RBRV5F7H",
        "user_team": "T01RBRV5F7H",
        "source_team": "T01RBRV5F7H",
        "user_profile": {
            "avatar_hash": "339c4d69b7d9",
            "image_72": "https:\/\/avatars.slack-edge.com\/2021-04-14\/1961122781618_339c4d69b7d9fe16343a_72.jpg",
            "first_name": "",
            "real_name": "Francisco Ebeling",
            "display_name": "Francisco Ebeling",
            "team": "T01RBRV5F7H",
            "name": "ebelingbarros",
            "is_restricted": false,
            "is_ultra_restricted": false
        },
        "blocks": [
            {
                "type": "rich_text",
                "block_id": "9YE",
                "elements": [
                    {
                        "type": "rich_text_section",
                        "elements": [
                            {
                                "type": "user",
                                "user_id": "U01RW140HBP"
                            },
                            {
                                "type": "text",
                                "text": ", do you know Sebastian Barajas?"
                            }
                        ]
                    }
                ]
            }
        ],
        "thread_ts": "1619619060.018400",
        "parent_user_id": "U01RRV4JX6Z"
    },
    {
        "client_msg_id": "cd41587c-eca2-47d6-94ba-53493b069a31",
        "type": "message",
        "text": "no, we are connected through a couple of ironhackers on linkedin but i dont know him",
        "user": "U01RW140HBP",
        "ts": "1619620815.019500",
        "team": "T01RBRV5F7H",
        "user_team": "T01RBRV5F7H",
        "source_team": "T01RBRV5F7H",
        "user_profile": {
            "avatar_hash": "4c43a3a8d10b",
            "image_72": "https:\/\/avatars.slack-edge.com\/2021-03-21\/1895736308209_4c43a3a8d10bc2fe5e13_72.png",
            "first_name": "siand",
            "real_name": "siand the LT (she\/her)",
            "display_name": "siand the LT (she\/her)",
            "team": "T01RBRV5F7H",
            "name": "sian.davies",
            "is_restricted": false,
            "is_ultra_restricted": false
        },
        "blocks": [
            {
                "type": "rich_text",
                "block_id": "1a1fk",
                "elements": [
                    {
                        "type": "rich_text_section",
                        "elements": [
                            {
                                "type": "text",
                                "text": "no, we are connected through a couple of ironhackers on linkedin but i dont know him"
                            }
                        ]
                    }
                ]
            }
        ],
        "thread_ts": "1619619060.018400",
        "parent_user_id": "U01RRV4JX6Z"
    },
    {
        "type": "message",
        "text": "Hi, folks\nI send some links about Capoeira.  <@U01RSRE0N3D>, you can find groups in Berlin as well.\n \n \n“roda de capoeira”\n<https:\/\/www.youtube.com\/watch?v=aiehFxUskEQ>\n \n“batizado”, when people make the presentation to level up and win a rope with a new color.\n<https:\/\/www.youtube.com\/watch?v=8YReiHsxsiI>\n \nMaculele is the dance they do\n<https:\/\/en.wikipedia.org\/wiki\/Maculel%C3%AA_(dance)>\n<https:\/\/quilombo-berlin.de\/en\/kurs\/maculele-dancing\/>\n\n\n \nSome songs:\n<https:\/\/www.youtube.com\/watch?v=bmDmop2hgBk>",
        "files": [
            {
                "id": "F0206GBKEQN",
                "created": 1619675865,
                "timestamp": 1619675865,
                "name": "instruments.jpg",
                "title": "instruments.jpg",
                "mimetype": "image\/jpeg",
                "filetype": "jpg",
                "pretty_type": "JPEG",
                "user": "U01S79YDELR",
                "editable": false,
                "size": 148585,
                "mode": "hosted",
                "is_external": false,
                "external_type": "",
                "is_public": true,
                "public_url_shared": false,
                "display_as_bot": false,
                "username": "",
                "url_private": "https:\/\/files.slack.com\/files-pri\/T01RBRV5F7H-F0206GBKEQN\/instruments.jpg?t=xoxe-1861879185255-2047593969042-2053756158948-4cf6552631c579c36efd5d2fd242de30",
                "url_private_download": "https:\/\/files.slack.com\/files-pri\/T01RBRV5F7H-F0206GBKEQN\/download\/instruments.jpg?t=xoxe-1861879185255-2047593969042-2053756158948-4cf6552631c579c36efd5d2fd242de30",
                "thumb_64": "https:\/\/files.slack.com\/files-tmb\/T01RBRV5F7H-F0206GBKEQN-253a722b20\/instruments_64.jpg?t=xoxe-1861879185255-2047593969042-2053756158948-4cf6552631c579c36efd5d2fd242de30",
                "thumb_80": "https:\/\/files.slack.com\/files-tmb\/T01RBRV5F7H-F0206GBKEQN-253a722b20\/instruments_80.jpg?t=xoxe-1861879185255-2047593969042-2053756158948-4cf6552631c579c36efd5d2fd242de30",
                "thumb_360": "https:\/\/files.slack.com\/files-tmb\/T01RBRV5F7H-F0206GBKEQN-253a722b20\/instruments_360.jpg?t=xoxe-1861879185255-2047593969042-2053756158948-4cf6552631c579c36efd5d2fd242de30",
                "thumb_360_w": 360,
                "thumb_360_h": 203,
                "thumb_480": "https:\/\/files.slack.com\/files-tmb\/T01RBRV5F7H-F0206GBKEQN-253a722b20\/instruments_480.jpg?t=xoxe-1861879185255-2047593969042-2053756158948-4cf6552631c579c36efd5d2fd242de30",
                "thumb_480_w": 480,
                "thumb_480_h": 270,
                "thumb_160": "https:\/\/files.slack.com\/files-tmb\/T01RBRV5F7H-F0206GBKEQN-253a722b20\/instruments_160.jpg?t=xoxe-1861879185255-2047593969042-2053756158948-4cf6552631c579c36efd5d2fd242de30",
                "thumb_720": "https:\/\/files.slack.com\/files-tmb\/T01RBRV5F7H-F0206GBKEQN-253a722b20\/instruments_720.jpg?t=xoxe-1861879185255-2047593969042-2053756158948-4cf6552631c579c36efd5d2fd242de30",
                "thumb_720_w": 720,
                "thumb_720_h": 405,
                "thumb_800": "https:\/\/files.slack.com\/files-tmb\/T01RBRV5F7H-F0206GBKEQN-253a722b20\/instruments_800.jpg?t=xoxe-1861879185255-2047593969042-2053756158948-4cf6552631c579c36efd5d2fd242de30",
                "thumb_800_w": 800,
                "thumb_800_h": 451,
                "original_w": 902,
                "original_h": 508,
                "thumb_tiny": "AwAbADCsACMYpdoA5z+FKi5Pfp2p\/Hb\/APXUARBcsAuTStHt+9wfSpI3MTtgZyPSiWbzVC4x3pgRqiucDI+pprptGdwP0qWLjPFE3KnjFLqNBE20nC5yMUZIXBA\/Ko6XtQBMkiiFgcgnjK1GCPVcnnBFM7UbiDwcUIBysfMGOAf1pZ88VGSRzk5oZi2ATwKAP\/\/Z",
                "permalink": "https:\/\/data-ft-ber-03-2021.slack.com\/files\/U01S79YDELR\/F0206GBKEQN\/instruments.jpg",
                "permalink_public": "https:\/\/slack-files.com\/T01RBRV5F7H-F0206GBKEQN-a8a36d621d",
                "is_starred": false,
                "has_rich_preview": false
            }
        ],
        "upload": false,
        "blocks": [
            {
                "type": "rich_text",
                "block_id": "YEWWx",
                "elements": [
                    {
                        "type": "rich_text_section",
                        "elements": [
                            {
                                "type": "text",
                                "text": "Hi, folks\nI send some links about Capoeira.  "
                            },
                            {
                                "type": "user",
                                "user_id": "U01RSRE0N3D"
                            },
                            {
                                "type": "text",
                                "text": ", you can find groups in Berlin as well.\n \n \n“roda de capoeira”\n"
                            },
                            {
                                "type": "link",
                                "url": "https:\/\/www.youtube.com\/watch?v=aiehFxUskEQ"
                            },
                            {
                                "type": "text",
                                "text": "\n \n“batizado”, when people make the presentation to level up and win a rope with a new color.\n"
                            },
                            {
                                "type": "link",
                                "url": "https:\/\/www.youtube.com\/watch?v=8YReiHsxsiI"
                            },
                            {
                                "type": "text",
                                "text": "\n \nMaculele is the dance they do\n"
                            },
                            {
                                "type": "link",
                                "url": "https:\/\/en.wikipedia.org\/wiki\/Maculel%C3%AA_(dance)"
                            },
                            {
                                "type": "text",
                                "text": "\n"
                            },
                            {
                                "type": "link",
                                "url": "https:\/\/quilombo-berlin.de\/en\/kurs\/maculele-dancing\/"
                            },
                            {
                                "type": "text",
                                "text": "\n\n\n \nSome songs:\n"
                            },
                            {
                                "type": "link",
                                "url": "https:\/\/www.youtube.com\/watch?v=bmDmop2hgBk"
                            }
                        ]
                    }
                ]
            }
        ],
        "user": "U01S79YDELR",
        "display_as_bot": false,
        "ts": "1619675874.000400",
        "thread_ts": "1619675874.000400",
        "reply_count": 2,
        "reply_users_count": 2,
        "latest_reply": "1619679977.000700",
        "reply_users": [
            "U01RW140HBP",
            "U01RSRE0N3D"
        ],
        "replies": [
            {
                "user": "U01RW140HBP",
                "ts": "1619679648.000500"
            },
            {
                "user": "U01RSRE0N3D",
                "ts": "1619679977.000700"
            }
        ],
        "is_locked": false,
        "subscribed": true,
        "last_read": "1619679977.000700",
        "reactions": [
            {
                "name": "+1",
                "users": [
                    "U01S0E0MRJ7"
                ],
                "count": 1
            }
        ]
    }
]