[
    {
        "client_msg_id": "e087b5d7-26fe-4e0d-901f-b82b9d51dc24",
        "type": "message",
        "text": "<@U01S1CWGTU4> must reenact this at Viktoriapark next time\n\n<https:\/\/youtu.be\/m3eYOEVCKHU?t=61>",
        "user": "U01S7KCL3DF",
        "ts": "1620113194.012900",
        "team": "T01RBRV5F7H",
        "user_team": "T01RBRV5F7H",
        "source_team": "T01RBRV5F7H",
        "user_profile": {
            "avatar_hash": "17b52091bb62",
            "image_72": "https:\/\/avatars.slack-edge.com\/2021-03-19\/1875964347925_17b52091bb62c2340b4c_72.png",
            "first_name": "Sam",
            "real_name": "Sam Katterfield",
            "display_name": "Sam",
            "team": "T01RBRV5F7H",
            "name": "samkatterfield",
            "is_restricted": false,
            "is_ultra_restricted": false
        },
        "attachments": [
            {
                "service_name": "YouTube",
                "service_url": "https:\/\/www.youtube.com\/",
                "title": "Jack Dee feels the force of opera - Shooting Stars Christmas Special 2008 - BBC Two",
                "title_link": "https:\/\/youtu.be\/m3eYOEVCKHU?t=61",
                "author_name": "BBC",
                "author_link": "https:\/\/www.youtube.com\/user\/BBC",
                "thumb_url": "https:\/\/i.ytimg.com\/vi\/m3eYOEVCKHU\/hqdefault.jpg",
                "thumb_width": 480,
                "thumb_height": 360,
                "fallback": "YouTube Video: Jack Dee feels the force of opera - Shooting Stars Christmas Special 2008 - BBC Two",
                "video_html": "<iframe width=\"400\" height=\"225\" src=\"https:\/\/www.youtube.com\/embed\/m3eYOEVCKHU?start=61&feature=oembed&start=61&autoplay=1&iv_load_policy=3\" frameborder=\"0\" allow=\"accelerometer; autoplay; clipboard-write; encrypted-media; gyroscope; picture-in-picture\" allowfullscreen><\/iframe>",
                "video_html_width": 400,
                "video_html_height": 225,
                "from_url": "https:\/\/youtu.be\/m3eYOEVCKHU?t=61",
                "service_icon": "https:\/\/a.slack-edge.com\/80588\/img\/unfurl_icons\/youtube.png",
                "id": 1,
                "original_url": "https:\/\/youtu.be\/m3eYOEVCKHU?t=61"
            }
        ],
        "blocks": [
            {
                "type": "rich_text",
                "block_id": "7tLRy",
                "elements": [
                    {
                        "type": "rich_text_section",
                        "elements": [
                            {
                                "type": "user",
                                "user_id": "U01S1CWGTU4"
                            },
                            {
                                "type": "text",
                                "text": " must reenact this at Viktoriapark next time\n\n"
                            },
                            {
                                "type": "link",
                                "url": "https:\/\/youtu.be\/m3eYOEVCKHU?t=61"
                            }
                        ]
                    }
                ]
            }
        ]
    },
    {
        "client_msg_id": "8df41de4-828b-4e7b-9337-717218c7e14a",
        "type": "message",
        "text": "i mean… its only taken 184 years <https:\/\/www.bbc.co.uk\/news\/uk-56975357>",
        "user": "U01RW140HBP",
        "ts": "1620113630.013300",
        "team": "T01RBRV5F7H",
        "user_team": "T01RBRV5F7H",
        "source_team": "T01RBRV5F7H",
        "user_profile": {
            "avatar_hash": "4c43a3a8d10b",
            "image_72": "https:\/\/avatars.slack-edge.com\/2021-03-21\/1895736308209_4c43a3a8d10bc2fe5e13_72.png",
            "first_name": "siand",
            "real_name": "siand the LT (she\/her)",
            "display_name": "siand the LT (she\/her)",
            "team": "T01RBRV5F7H",
            "name": "sian.davies",
            "is_restricted": false,
            "is_ultra_restricted": false
        },
        "attachments": [
            {
                "service_name": "BBC News",
                "title": "Marriage certificate to include mothers' names in England and Wales",
                "title_link": "https:\/\/www.bbc.co.uk\/news\/uk-56975357",
                "text": "Both parents, not just the father, will now be named on marriage certificates in England and Wales.",
                "fallback": "BBC News: Marriage certificate to include mothers' names in England and Wales",
                "image_url": "https:\/\/ichef.bbci.co.uk\/news\/1024\/branded_news\/5BE1\/production\/_118312532_gettyimages-910182728.jpg",
                "from_url": "https:\/\/www.bbc.co.uk\/news\/uk-56975357",
                "image_width": 444,
                "image_height": 250,
                "image_bytes": 66584,
                "service_icon": "https:\/\/www.bbc.co.uk\/favicon.ico",
                "id": 1,
                "original_url": "https:\/\/www.bbc.co.uk\/news\/uk-56975357"
            }
        ],
        "blocks": [
            {
                "type": "rich_text",
                "block_id": "DJ++",
                "elements": [
                    {
                        "type": "rich_text_section",
                        "elements": [
                            {
                                "type": "text",
                                "text": "i mean… its only taken 184 years "
                            },
                            {
                                "type": "link",
                                "url": "https:\/\/www.bbc.co.uk\/news\/uk-56975357"
                            }
                        ]
                    }
                ]
            }
        ],
        "thread_ts": "1620113630.013300",
        "reply_count": 1,
        "reply_users_count": 1,
        "latest_reply": "1620114062.013700",
        "reply_users": [
            "U01RRV4JX6Z"
        ],
        "replies": [
            {
                "user": "U01RRV4JX6Z",
                "ts": "1620114062.013700"
            }
        ],
        "is_locked": false,
        "subscribed": false,
        "reactions": [
            {
                "name": "exploding_head",
                "users": [
                    "U01RN7BVD1C",
                    "U01S0E0MRJ7",
                    "U01SK96QF5E"
                ],
                "count": 3
            },
            {
                "name": "success-kid",
                "users": [
                    "U01RKN0EGDV"
                ],
                "count": 1
            },
            {
                "name": "+1",
                "users": [
                    "U01RP2K1606"
                ],
                "count": 1
            }
        ]
    },
    {
        "client_msg_id": "84975019-3952-4255-b59e-1a32405b9ee2",
        "type": "message",
        "text": "There are so many thing we take for granted that were actually fought tooth and nail for. And if we dont pay attention and keep fighting for them, there is even today the risk of going backwards...",
        "user": "U01RRV4JX6Z",
        "ts": "1620114062.013700",
        "team": "T01RBRV5F7H",
        "user_team": "T01RBRV5F7H",
        "source_team": "T01RBRV5F7H",
        "user_profile": {
            "avatar_hash": "339c4d69b7d9",
            "image_72": "https:\/\/avatars.slack-edge.com\/2021-04-14\/1961122781618_339c4d69b7d9fe16343a_72.jpg",
            "first_name": "",
            "real_name": "Francisco Ebeling",
            "display_name": "Francisco Ebeling",
            "team": "T01RBRV5F7H",
            "name": "ebelingbarros",
            "is_restricted": false,
            "is_ultra_restricted": false
        },
        "blocks": [
            {
                "type": "rich_text",
                "block_id": "EST",
                "elements": [
                    {
                        "type": "rich_text_section",
                        "elements": [
                            {
                                "type": "text",
                                "text": "There are so many thing we take for granted that were actually fought tooth and nail for. And if we dont pay attention and keep fighting for them, there is even today the risk of going backwards..."
                            }
                        ]
                    }
                ]
            }
        ],
        "thread_ts": "1620113630.013300",
        "parent_user_id": "U01RW140HBP",
        "reactions": [
            {
                "name": "handshake",
                "users": [
                    "U01S7BM4N81"
                ],
                "count": 1
            },
            {
                "name": "muscle",
                "users": [
                    "U01S7KCL3DF"
                ],
                "count": 1
            }
        ]
    }
]