[
    {
        "client_msg_id": "e34e458c-5741-4483-aa91-2f0474f375fd",
        "type": "message",
        "text": "<https:\/\/www.youtube.com\/watch?v=R13BD8qKeTg>",
        "user": "U01RW2X7S9Z",
        "ts": "1619688023.000200",
        "team": "T01RBRV5F7H",
        "user_team": "T01RBRV5F7H",
        "source_team": "T01RBRV5F7H",
        "user_profile": {
            "avatar_hash": "7e12d75d168a",
            "image_72": "https:\/\/avatars.slack-edge.com\/2021-03-19\/1880105796643_7e12d75d168ae25c167d_72.jpg",
            "first_name": "Alexandre",
            "real_name": "Alexandre Sommerkamp",
            "display_name": "Alexandre Sommerkamp",
            "team": "T01RBRV5F7H",
            "name": "alex.c.skp",
            "is_restricted": false,
            "is_ultra_restricted": false
        },
        "attachments": [
            {
                "service_name": "YouTube",
                "service_url": "https:\/\/www.youtube.com\/",
                "title": "The Bayesian Trap",
                "title_link": "https:\/\/www.youtube.com\/watch?v=R13BD8qKeTg",
                "author_name": "Veritasium",
                "author_link": "https:\/\/www.youtube.com\/user\/1veritasium",
                "thumb_url": "https:\/\/i.ytimg.com\/vi\/R13BD8qKeTg\/hqdefault.jpg",
                "thumb_width": 480,
                "thumb_height": 360,
                "fallback": "YouTube Video: The Bayesian Trap",
                "video_html": "<iframe width=\"400\" height=\"225\" src=\"https:\/\/www.youtube.com\/embed\/R13BD8qKeTg?feature=oembed&autoplay=1&iv_load_policy=3\" frameborder=\"0\" allow=\"accelerometer; autoplay; clipboard-write; encrypted-media; gyroscope; picture-in-picture\" allowfullscreen><\/iframe>",
                "video_html_width": 400,
                "video_html_height": 225,
                "from_url": "https:\/\/www.youtube.com\/watch?v=R13BD8qKeTg",
                "service_icon": "https:\/\/a.slack-edge.com\/80588\/img\/unfurl_icons\/youtube.png",
                "id": 1,
                "original_url": "https:\/\/www.youtube.com\/watch?v=R13BD8qKeTg"
            }
        ],
        "blocks": [
            {
                "type": "rich_text",
                "block_id": "a90QX",
                "elements": [
                    {
                        "type": "rich_text_section",
                        "elements": [
                            {
                                "type": "link",
                                "url": "https:\/\/www.youtube.com\/watch?v=R13BD8qKeTg"
                            }
                        ]
                    }
                ]
            }
        ],
        "reactions": [
            {
                "name": "+1",
                "users": [
                    "U01S79YDELR",
                    "U01S7BM4N81"
                ],
                "count": 2
            }
        ]
    },
    {
        "client_msg_id": "42293014-b1d7-4977-9b90-dcc25487b3da",
        "type": "message",
        "text": "<https:\/\/towardsdatascience.com\/inferential-statistics-series-t-test-using-numpy-2718f8f9bf2f>",
        "user": "U01RKN0EGDV",
        "ts": "1619706862.000700",
        "team": "T01RBRV5F7H",
        "user_team": "T01RBRV5F7H",
        "source_team": "T01RBRV5F7H",
        "user_profile": {
            "avatar_hash": "abe46e9352ee",
            "image_72": "https:\/\/avatars.slack-edge.com\/2021-03-24\/1878427345639_abe46e9352ee26531094_72.jpg",
            "first_name": "Marian",
            "real_name": "Marian Moreno",
            "display_name": "Marian (she\/her)",
            "team": "T01RBRV5F7H",
            "name": "marimor62",
            "is_restricted": false,
            "is_ultra_restricted": false
        },
        "attachments": [
            {
                "service_name": "Medium",
                "title": "T-test using Python and Numpy",
                "title_link": "https:\/\/towardsdatascience.com\/inferential-statistics-series-t-test-using-numpy-2718f8f9bf2f",
                "text": "Although popular statistics libraries like SciPy and PyMC3 have pre-defined functions to compute different tests, to understand the maths…",
                "fallback": "Medium: T-test using Python and Numpy",
                "image_url": "https:\/\/miro.medium.com\/max\/719\/0*lu4eTYjfc-Gs7U9b.png",
                "fields": [
                    {
                        "title": "Reading time",
                        "value": "6 min read",
                        "short": true
                    }
                ],
                "ts": 1504121295,
                "from_url": "https:\/\/towardsdatascience.com\/inferential-statistics-series-t-test-using-numpy-2718f8f9bf2f",
                "image_width": 616,
                "image_height": 250,
                "image_bytes": 36106,
                "service_icon": "https:\/\/miro.medium.com\/fit\/c\/152\/152\/1*sHhtYhaCe2Uc3IU0IgKwIQ.png",
                "id": 1,
                "original_url": "https:\/\/towardsdatascience.com\/inferential-statistics-series-t-test-using-numpy-2718f8f9bf2f"
            }
        ],
        "blocks": [
            {
                "type": "rich_text",
                "block_id": "hfN7",
                "elements": [
                    {
                        "type": "rich_text_section",
                        "elements": [
                            {
                                "type": "link",
                                "url": "https:\/\/towardsdatascience.com\/inferential-statistics-series-t-test-using-numpy-2718f8f9bf2f"
                            }
                        ]
                    }
                ]
            }
        ],
        "reactions": [
            {
                "name": "raised_hands",
                "users": [
                    "U01RW140HBP",
                    "U01RXCQHMHT"
                ],
                "count": 2
            },
            {
                "name": "+1",
                "users": [
                    "U01S65G72SY",
                    "U01RXCQHMHT"
                ],
                "count": 2
            }
        ]
    },
    {
        "client_msg_id": "b86b863f-2fcd-4a14-ac1d-ef6aa4f23385",
        "type": "message",
        "text": "<https:\/\/www.kaggle.com\/hamelg\/python-for-data-24-hypothesis-testing>",
        "user": "U01RXCQHMHT",
        "ts": "1619719314.001600",
        "team": "T01RBRV5F7H",
        "user_team": "T01RBRV5F7H",
        "source_team": "T01RBRV5F7H",
        "user_profile": {
            "avatar_hash": "7290c61c38a0",
            "image_72": "https:\/\/avatars.slack-edge.com\/2021-03-22\/1898002028225_7290c61c38a01ad66680_72.jpg",
            "first_name": "Thanh",
            "real_name": "Thanh Tung Ha Thuc DAFT Berlin March 2021",
            "display_name": "Tony Ha",
            "team": "T01RBRV5F7H",
            "name": "tony.hathuc",
            "is_restricted": false,
            "is_ultra_restricted": false
        },
        "attachments": [
            {
                "title": "Python for Data 24: Hypothesis Testing",
                "title_link": "https:\/\/www.kaggle.com\/hamelg\/python-for-data-24-hypothesis-testing",
                "text": "Explore and run machine learning code with Kaggle Notebooks | Using data from no data sources",
                "fallback": "Python for Data 24: Hypothesis Testing",
                "thumb_url": "https:\/\/storage.googleapis.com\/kaggle-avatars\/thumbnails\/183041-fb.jpg",
                "from_url": "https:\/\/www.kaggle.com\/hamelg\/python-for-data-24-hypothesis-testing",
                "thumb_width": 100,
                "thumb_height": 100,
                "service_name": "kaggle.com",
                "id": 1,
                "original_url": "https:\/\/www.kaggle.com\/hamelg\/python-for-data-24-hypothesis-testing"
            }
        ],
        "blocks": [
            {
                "type": "rich_text",
                "block_id": "7Hvw",
                "elements": [
                    {
                        "type": "rich_text_section",
                        "elements": [
                            {
                                "type": "link",
                                "url": "https:\/\/www.kaggle.com\/hamelg\/python-for-data-24-hypothesis-testing"
                            }
                        ]
                    }
                ]
            }
        ]
    }
]