[
    {
        "type": "message",
        "text": "",
        "files": [
            {
                "id": "F01V9D29YDB",
                "created": 1619334215,
                "timestamp": 1619334215,
                "name": "image.png",
                "title": "image.png",
                "mimetype": "image\/png",
                "filetype": "png",
                "pretty_type": "PNG",
                "user": "U01S79YDELR",
                "editable": false,
                "size": 1149636,
                "mode": "hosted",
                "is_external": false,
                "external_type": "",
                "is_public": true,
                "public_url_shared": false,
                "display_as_bot": false,
                "username": "",
                "url_private": "https:\/\/files.slack.com\/files-pri\/T01RBRV5F7H-F01V9D29YDB\/image.png?t=xoxe-1861879185255-2047593969042-2053756158948-4cf6552631c579c36efd5d2fd242de30",
                "url_private_download": "https:\/\/files.slack.com\/files-pri\/T01RBRV5F7H-F01V9D29YDB\/download\/image.png?t=xoxe-1861879185255-2047593969042-2053756158948-4cf6552631c579c36efd5d2fd242de30",
                "thumb_64": "https:\/\/files.slack.com\/files-tmb\/T01RBRV5F7H-F01V9D29YDB-6c5d77a152\/image_64.png?t=xoxe-1861879185255-2047593969042-2053756158948-4cf6552631c579c36efd5d2fd242de30",
                "thumb_80": "https:\/\/files.slack.com\/files-tmb\/T01RBRV5F7H-F01V9D29YDB-6c5d77a152\/image_80.png?t=xoxe-1861879185255-2047593969042-2053756158948-4cf6552631c579c36efd5d2fd242de30",
                "thumb_360": "https:\/\/files.slack.com\/files-tmb\/T01RBRV5F7H-F01V9D29YDB-6c5d77a152\/image_360.png?t=xoxe-1861879185255-2047593969042-2053756158948-4cf6552631c579c36efd5d2fd242de30",
                "thumb_360_w": 278,
                "thumb_360_h": 360,
                "thumb_480": "https:\/\/files.slack.com\/files-tmb\/T01RBRV5F7H-F01V9D29YDB-6c5d77a152\/image_480.png?t=xoxe-1861879185255-2047593969042-2053756158948-4cf6552631c579c36efd5d2fd242de30",
                "thumb_480_w": 371,
                "thumb_480_h": 480,
                "thumb_160": "https:\/\/files.slack.com\/files-tmb\/T01RBRV5F7H-F01V9D29YDB-6c5d77a152\/image_160.png?t=xoxe-1861879185255-2047593969042-2053756158948-4cf6552631c579c36efd5d2fd242de30",
                "thumb_720": "https:\/\/files.slack.com\/files-tmb\/T01RBRV5F7H-F01V9D29YDB-6c5d77a152\/image_720.png?t=xoxe-1861879185255-2047593969042-2053756158948-4cf6552631c579c36efd5d2fd242de30",
                "thumb_720_w": 556,
                "thumb_720_h": 720,
                "thumb_800": "https:\/\/files.slack.com\/files-tmb\/T01RBRV5F7H-F01V9D29YDB-6c5d77a152\/image_800.png?t=xoxe-1861879185255-2047593969042-2053756158948-4cf6552631c579c36efd5d2fd242de30",
                "thumb_800_w": 800,
                "thumb_800_h": 1036,
                "thumb_960": "https:\/\/files.slack.com\/files-tmb\/T01RBRV5F7H-F01V9D29YDB-6c5d77a152\/image_960.png?t=xoxe-1861879185255-2047593969042-2053756158948-4cf6552631c579c36efd5d2fd242de30",
                "thumb_960_w": 742,
                "thumb_960_h": 960,
                "thumb_1024": "https:\/\/files.slack.com\/files-tmb\/T01RBRV5F7H-F01V9D29YDB-6c5d77a152\/image_1024.png?t=xoxe-1861879185255-2047593969042-2053756158948-4cf6552631c579c36efd5d2fd242de30",
                "thumb_1024_w": 791,
                "thumb_1024_h": 1024,
                "original_w": 1582,
                "original_h": 2048,
                "thumb_tiny": "AwAwACXQZsE9KQfj+BpH+8eP1pQcCgBcc\/xfnQBjufxNAP8AnFKTQAopaRaWgCNvvdDS5+gpGHPSlA47flQAK2ff8KUkZoGAf\/rUEigBVpaQe1LQA0jLHmkOPU0v8RpDyaAA4xnmjt3\/ACpR0o7UAKvSlpF6UtAH\/9k=",
                "permalink": "https:\/\/data-ft-ber-03-2021.slack.com\/files\/U01S79YDELR\/F01V9D29YDB\/image.png",
                "permalink_public": "https:\/\/slack-files.com\/T01RBRV5F7H-F01V9D29YDB-9fa6204fb7",
                "is_starred": false,
                "has_rich_preview": false
            }
        ],
        "upload": false,
        "user": "U01S79YDELR",
        "display_as_bot": false,
        "ts": "1619334219.005800"
    },
    {
        "type": "message",
        "text": "",
        "files": [
            {
                "id": "F0204L8917E",
                "created": 1619334305,
                "timestamp": 1619334305,
                "name": "image.png",
                "title": "image.png",
                "mimetype": "image\/png",
                "filetype": "png",
                "pretty_type": "PNG",
                "user": "U01S79YDELR",
                "editable": false,
                "size": 4183334,
                "mode": "hosted",
                "is_external": false,
                "external_type": "",
                "is_public": true,
                "public_url_shared": false,
                "display_as_bot": false,
                "username": "",
                "url_private": "https:\/\/files.slack.com\/files-pri\/T01RBRV5F7H-F0204L8917E\/image.png?t=xoxe-1861879185255-2047593969042-2053756158948-4cf6552631c579c36efd5d2fd242de30",
                "url_private_download": "https:\/\/files.slack.com\/files-pri\/T01RBRV5F7H-F0204L8917E\/download\/image.png?t=xoxe-1861879185255-2047593969042-2053756158948-4cf6552631c579c36efd5d2fd242de30",
                "thumb_64": "https:\/\/files.slack.com\/files-tmb\/T01RBRV5F7H-F0204L8917E-8790a89f2e\/image_64.png?t=xoxe-1861879185255-2047593969042-2053756158948-4cf6552631c579c36efd5d2fd242de30",
                "thumb_80": "https:\/\/files.slack.com\/files-tmb\/T01RBRV5F7H-F0204L8917E-8790a89f2e\/image_80.png?t=xoxe-1861879185255-2047593969042-2053756158948-4cf6552631c579c36efd5d2fd242de30",
                "thumb_360": "https:\/\/files.slack.com\/files-tmb\/T01RBRV5F7H-F0204L8917E-8790a89f2e\/image_360.png?t=xoxe-1861879185255-2047593969042-2053756158948-4cf6552631c579c36efd5d2fd242de30",
                "thumb_360_w": 264,
                "thumb_360_h": 360,
                "thumb_480": "https:\/\/files.slack.com\/files-tmb\/T01RBRV5F7H-F0204L8917E-8790a89f2e\/image_480.png?t=xoxe-1861879185255-2047593969042-2053756158948-4cf6552631c579c36efd5d2fd242de30",
                "thumb_480_w": 352,
                "thumb_480_h": 480,
                "thumb_160": "https:\/\/files.slack.com\/files-tmb\/T01RBRV5F7H-F0204L8917E-8790a89f2e\/image_160.png?t=xoxe-1861879185255-2047593969042-2053756158948-4cf6552631c579c36efd5d2fd242de30",
                "thumb_720": "https:\/\/files.slack.com\/files-tmb\/T01RBRV5F7H-F0204L8917E-8790a89f2e\/image_720.png?t=xoxe-1861879185255-2047593969042-2053756158948-4cf6552631c579c36efd5d2fd242de30",
                "thumb_720_w": 528,
                "thumb_720_h": 720,
                "thumb_800": "https:\/\/files.slack.com\/files-tmb\/T01RBRV5F7H-F0204L8917E-8790a89f2e\/image_800.png?t=xoxe-1861879185255-2047593969042-2053756158948-4cf6552631c579c36efd5d2fd242de30",
                "thumb_800_w": 800,
                "thumb_800_h": 1091,
                "thumb_960": "https:\/\/files.slack.com\/files-tmb\/T01RBRV5F7H-F0204L8917E-8790a89f2e\/image_960.png?t=xoxe-1861879185255-2047593969042-2053756158948-4cf6552631c579c36efd5d2fd242de30",
                "thumb_960_w": 704,
                "thumb_960_h": 960,
                "thumb_1024": "https:\/\/files.slack.com\/files-tmb\/T01RBRV5F7H-F0204L8917E-8790a89f2e\/image_1024.png?t=xoxe-1861879185255-2047593969042-2053756158948-4cf6552631c579c36efd5d2fd242de30",
                "thumb_1024_w": 751,
                "thumb_1024_h": 1024,
                "original_w": 1502,
                "original_h": 2048,
                "thumb_tiny": "AwAwACO9I5DYFEchLYPNDt8zfdwBzxk0wSg9GwR1JXrTuLld73FZ\/lLZYgnGAaQOX+6WUjt61MpBXIqPduHzbTz0IpWKJhyKKRfujjHtS0CIC7bmU5PbjFDbo\/ugelOPDk7iP5U7cRj+LPcdqSBkas5PIpPIQE5A9ucVMCTngjHeoiG3\/Ng07gkSKrbR835UuG\/vUBlAwOn0pd49\/wAqLgRyEjvkdxkUL8x4I2+gNJIEXO4daI1Uj5GIx1x3pagOwFPzYx246Un8ZG3aPX1prkhyMkccZPFIvZTgnrxVWAnAGOp\/OjH1\/OkBIGNp\/MUZP90\/nSA\/\/9k=",
                "permalink": "https:\/\/data-ft-ber-03-2021.slack.com\/files\/U01S79YDELR\/F0204L8917E\/image.png",
                "permalink_public": "https:\/\/slack-files.com\/T01RBRV5F7H-F0204L8917E-3bc738a5bc",
                "is_starred": false,
                "has_rich_preview": false
            }
        ],
        "upload": false,
        "user": "U01S79YDELR",
        "display_as_bot": false,
        "ts": "1619334310.005900"
    },
    {
        "type": "message",
        "text": "",
        "files": [
            {
                "id": "F020NA0HAU8",
                "created": 1619335745,
                "timestamp": 1619335745,
                "name": "image.png",
                "title": "image.png",
                "mimetype": "image\/png",
                "filetype": "png",
                "pretty_type": "PNG",
                "user": "U01S79YDELR",
                "editable": false,
                "size": 498347,
                "mode": "hosted",
                "is_external": false,
                "external_type": "",
                "is_public": true,
                "public_url_shared": false,
                "display_as_bot": false,
                "username": "",
                "url_private": "https:\/\/files.slack.com\/files-pri\/T01RBRV5F7H-F020NA0HAU8\/image.png?t=xoxe-1861879185255-2047593969042-2053756158948-4cf6552631c579c36efd5d2fd242de30",
                "url_private_download": "https:\/\/files.slack.com\/files-pri\/T01RBRV5F7H-F020NA0HAU8\/download\/image.png?t=xoxe-1861879185255-2047593969042-2053756158948-4cf6552631c579c36efd5d2fd242de30",
                "thumb_64": "https:\/\/files.slack.com\/files-tmb\/T01RBRV5F7H-F020NA0HAU8-1644b9d37e\/image_64.png?t=xoxe-1861879185255-2047593969042-2053756158948-4cf6552631c579c36efd5d2fd242de30",
                "thumb_80": "https:\/\/files.slack.com\/files-tmb\/T01RBRV5F7H-F020NA0HAU8-1644b9d37e\/image_80.png?t=xoxe-1861879185255-2047593969042-2053756158948-4cf6552631c579c36efd5d2fd242de30",
                "thumb_360": "https:\/\/files.slack.com\/files-tmb\/T01RBRV5F7H-F020NA0HAU8-1644b9d37e\/image_360.png?t=xoxe-1861879185255-2047593969042-2053756158948-4cf6552631c579c36efd5d2fd242de30",
                "thumb_360_w": 360,
                "thumb_360_h": 360,
                "thumb_480": "https:\/\/files.slack.com\/files-tmb\/T01RBRV5F7H-F020NA0HAU8-1644b9d37e\/image_480.png?t=xoxe-1861879185255-2047593969042-2053756158948-4cf6552631c579c36efd5d2fd242de30",
                "thumb_480_w": 480,
                "thumb_480_h": 480,
                "thumb_160": "https:\/\/files.slack.com\/files-tmb\/T01RBRV5F7H-F020NA0HAU8-1644b9d37e\/image_160.png?t=xoxe-1861879185255-2047593969042-2053756158948-4cf6552631c579c36efd5d2fd242de30",
                "thumb_720": "https:\/\/files.slack.com\/files-tmb\/T01RBRV5F7H-F020NA0HAU8-1644b9d37e\/image_720.png?t=xoxe-1861879185255-2047593969042-2053756158948-4cf6552631c579c36efd5d2fd242de30",
                "thumb_720_w": 720,
                "thumb_720_h": 720,
                "thumb_800": "https:\/\/files.slack.com\/files-tmb\/T01RBRV5F7H-F020NA0HAU8-1644b9d37e\/image_800.png?t=xoxe-1861879185255-2047593969042-2053756158948-4cf6552631c579c36efd5d2fd242de30",
                "thumb_800_w": 800,
                "thumb_800_h": 800,
                "thumb_960": "https:\/\/files.slack.com\/files-tmb\/T01RBRV5F7H-F020NA0HAU8-1644b9d37e\/image_960.png?t=xoxe-1861879185255-2047593969042-2053756158948-4cf6552631c579c36efd5d2fd242de30",
                "thumb_960_w": 960,
                "thumb_960_h": 960,
                "thumb_1024": "https:\/\/files.slack.com\/files-tmb\/T01RBRV5F7H-F020NA0HAU8-1644b9d37e\/image_1024.png?t=xoxe-1861879185255-2047593969042-2053756158948-4cf6552631c579c36efd5d2fd242de30",
                "thumb_1024_w": 1024,
                "thumb_1024_h": 1024,
                "original_w": 1080,
                "original_h": 1080,
                "thumb_tiny": "AwAwADDTOccU3Lf3QPxpSARyM1Dvi9BQA\/dLz8i\/99Ub5P7g\/wC+qX5MA4600Kn\/ADzAFAD9x\/uj86cMkDPWmeTH\/cFPAAGBwBQAU1xheAM0FwDg9aRsSLjJGaAETcR83WnODt+UDNIqBRjNK6h1I3Ee4NMBqls8k1JUJ2xKWJ6d8VKrBhxSAjmGPmVNzAccUqgsvIxn1FO3ex\/KlDZ6fypgRxwbCTuzk55qLYscu3zDk84IzVqmGJGOSqk+uKLgIdm35wDj1FEUkbj9329qVlTABXI9MZpFCIflXBPotAH\/2Q==",
                "permalink": "https:\/\/data-ft-ber-03-2021.slack.com\/files\/U01S79YDELR\/F020NA0HAU8\/image.png",
                "permalink_public": "https:\/\/slack-files.com\/T01RBRV5F7H-F020NA0HAU8-bd4c6b7acc",
                "is_starred": false,
                "has_rich_preview": false
            }
        ],
        "upload": false,
        "user": "U01S79YDELR",
        "display_as_bot": false,
        "ts": "1619335750.006200",
        "reactions": [
            {
                "name": "heart",
                "users": [
                    "U01S7BM4N81",
                    "U01SD3CDH9P"
                ],
                "count": 2
            }
        ]
    },
    {
        "type": "message",
        "text": "I mostly refer to this book, _Web Scraping withPython_ by Ryan Mitchel. Doesn't contain information for docker though",
        "files": [
            {
                "id": "F01UXNMDC23",
                "created": 1619336212,
                "timestamp": 1619336212,
                "name": "Web Scraping With Python, 2nd Ed. - 2018.pdf",
                "title": "Web Scraping With Python, 2nd Ed. - 2018.pdf",
                "mimetype": "application\/pdf",
                "filetype": "pdf",
                "pretty_type": "PDF",
                "user": "U01SJKB2MG8",
                "editable": false,
                "size": 6661744,
                "mode": "hosted",
                "is_external": false,
                "external_type": "",
                "is_public": true,
                "public_url_shared": false,
                "display_as_bot": false,
                "username": "",
                "url_private": "https:\/\/files.slack.com\/files-pri\/T01RBRV5F7H-F01UXNMDC23\/web_scraping_with_python__2nd_ed._-_2018.pdf?t=xoxe-1861879185255-2047593969042-2053756158948-4cf6552631c579c36efd5d2fd242de30",
                "url_private_download": "https:\/\/files.slack.com\/files-pri\/T01RBRV5F7H-F01UXNMDC23\/download\/web_scraping_with_python__2nd_ed._-_2018.pdf?t=xoxe-1861879185255-2047593969042-2053756158948-4cf6552631c579c36efd5d2fd242de30",
                "thumb_pdf": "https:\/\/files.slack.com\/files-tmb\/T01RBRV5F7H-F01UXNMDC23-7748c6e30a\/web_scraping_with_python__2nd_ed._-_2018_thumb_pdf.png?t=xoxe-1861879185255-2047593969042-2053756158948-4cf6552631c579c36efd5d2fd242de30",
                "thumb_pdf_w": 770,
                "thumb_pdf_h": 1011,
                "permalink": "https:\/\/data-ft-ber-03-2021.slack.com\/files\/U01SJKB2MG8\/F01UXNMDC23\/web_scraping_with_python__2nd_ed._-_2018.pdf",
                "permalink_public": "https:\/\/slack-files.com\/T01RBRV5F7H-F01UXNMDC23-b7a4facb59",
                "is_starred": false,
                "has_rich_preview": false
            }
        ],
        "upload": false,
        "blocks": [
            {
                "type": "rich_text",
                "block_id": "=KkhE",
                "elements": [
                    {
                        "type": "rich_text_section",
                        "elements": [
                            {
                                "type": "text",
                                "text": "I mostly refer to this book, "
                            },
                            {
                                "type": "text",
                                "text": "Web Scraping withPython ",
                                "style": {
                                    "italic": true
                                }
                            },
                            {
                                "type": "text",
                                "text": "by Ryan Mitchel. Doesn't contain information for docker though"
                            }
                        ]
                    }
                ]
            }
        ],
        "user": "U01SJKB2MG8",
        "display_as_bot": false,
        "ts": "1619336314.006300",
        "thread_ts": "1619325545.005300",
        "parent_user_id": "U01S79YDELR",
        "reactions": [
            {
                "name": "+1",
                "users": [
                    "U01S79YDELR"
                ],
                "count": 1
            }
        ]
    },
    {
        "client_msg_id": "2a709977-421b-45fc-9d96-a67b2280493a",
        "type": "message",
        "text": "Thanks, <@U01SJKB2MG8>",
        "user": "U01S79YDELR",
        "ts": "1619336521.006600",
        "team": "T01RBRV5F7H",
        "user_team": "T01RBRV5F7H",
        "source_team": "T01RBRV5F7H",
        "user_profile": {
            "avatar_hash": "606def897de6",
            "image_72": "https:\/\/avatars.slack-edge.com\/2021-03-22\/1910932493456_606def897de66681d932_72.jpg",
            "first_name": "",
            "real_name": "Karina Condeixa",
            "display_name": "Karina Condeixa",
            "team": "T01RBRV5F7H",
            "name": "karina.condeixa",
            "is_restricted": false,
            "is_ultra_restricted": false
        },
        "blocks": [
            {
                "type": "rich_text",
                "block_id": "bsSCZ",
                "elements": [
                    {
                        "type": "rich_text_section",
                        "elements": [
                            {
                                "type": "text",
                                "text": "Thanks, "
                            },
                            {
                                "type": "user",
                                "user_id": "U01SJKB2MG8"
                            }
                        ]
                    }
                ]
            }
        ],
        "thread_ts": "1619325545.005300",
        "parent_user_id": "U01S79YDELR"
    },
    {
        "client_msg_id": "62cd6543-334d-401b-86a3-d12968f2c519",
        "type": "message",
        "text": "Thank you <@U01S79YDELR>. Very helpful :slightly_smiling_face:",
        "user": "U01RXCQHMHT",
        "ts": "1619344379.007200",
        "team": "T01RBRV5F7H",
        "user_team": "T01RBRV5F7H",
        "source_team": "T01RBRV5F7H",
        "user_profile": {
            "avatar_hash": "7290c61c38a0",
            "image_72": "https:\/\/avatars.slack-edge.com\/2021-03-22\/1898002028225_7290c61c38a01ad66680_72.jpg",
            "first_name": "Thanh",
            "real_name": "Thanh Tung Ha Thuc DAFT Berlin March 2021",
            "display_name": "Tony Ha",
            "team": "T01RBRV5F7H",
            "name": "tony.hathuc",
            "is_restricted": false,
            "is_ultra_restricted": false
        },
        "blocks": [
            {
                "type": "rich_text",
                "block_id": "DeskP",
                "elements": [
                    {
                        "type": "rich_text_section",
                        "elements": [
                            {
                                "type": "text",
                                "text": "Thank you "
                            },
                            {
                                "type": "user",
                                "user_id": "U01S79YDELR"
                            },
                            {
                                "type": "text",
                                "text": ". Very helpful "
                            },
                            {
                                "type": "emoji",
                                "name": "slightly_smiling_face"
                            }
                        ]
                    }
                ]
            }
        ],
        "reactions": [
            {
                "name": "+1",
                "users": [
                    "U01S79YDELR"
                ],
                "count": 1
            }
        ]
    }
]