[
    {
        "type": "message",
        "subtype": "channel_join",
        "ts": "1616404290.000200",
        "user": "U01S7BM4N81",
        "text": "<@U01S7BM4N81> has joined the channel"
    },
    {
        "type": "message",
        "subtype": "channel_join",
        "ts": "1616406363.000400",
        "user": "U01RXCQHMHT",
        "text": "<@U01RXCQHMHT> has joined the channel"
    },
    {
        "type": "message",
        "subtype": "channel_join",
        "ts": "1616408523.000600",
        "user": "U01S0MFJ3HR",
        "text": "<@U01S0MFJ3HR> has joined the channel"
    },
    {
        "type": "message",
        "subtype": "channel_join",
        "ts": "1616413804.000800",
        "user": "U01SK96QF5E",
        "text": "<@U01SK96QF5E> has joined the channel"
    },
    {
        "type": "message",
        "subtype": "channel_join",
        "ts": "1616421856.001200",
        "user": "U01SD3CDH9P",
        "text": "<@U01SD3CDH9P> has joined the channel",
        "inviter": "U01SJKB2MG8"
    },
    {
        "type": "message",
        "subtype": "channel_join",
        "ts": "1616421857.001400",
        "user": "U01S0E0MRJ7",
        "text": "<@U01S0E0MRJ7> has joined the channel",
        "inviter": "U01SJKB2MG8"
    },
    {
        "type": "message",
        "subtype": "channel_join",
        "ts": "1616421857.001600",
        "user": "U01S081EULS",
        "text": "<@U01S081EULS> has joined the channel",
        "inviter": "U01SJKB2MG8"
    },
    {
        "type": "message",
        "subtype": "channel_join",
        "ts": "1616421857.001800",
        "user": "U01RRV4JX6Z",
        "text": "<@U01RRV4JX6Z> has joined the channel",
        "inviter": "U01SJKB2MG8"
    },
    {
        "type": "message",
        "subtype": "channel_join",
        "ts": "1616421857.002000",
        "user": "U01RVSTNRRT",
        "text": "<@U01RVSTNRRT> has joined the channel",
        "inviter": "U01SJKB2MG8"
    },
    {
        "type": "message",
        "subtype": "channel_join",
        "ts": "1616421858.002200",
        "user": "U01RV3K524T",
        "text": "<@U01RV3K524T> has joined the channel",
        "inviter": "U01SJKB2MG8"
    },
    {
        "type": "message",
        "subtype": "channel_join",
        "ts": "1616421858.002400",
        "user": "U01S65G72SY",
        "text": "<@U01S65G72SY> has joined the channel",
        "inviter": "U01SJKB2MG8"
    },
    {
        "type": "message",
        "subtype": "channel_join",
        "ts": "1616421858.002600",
        "user": "U01RP2K1606",
        "text": "<@U01RP2K1606> has joined the channel",
        "inviter": "U01SJKB2MG8"
    },
    {
        "type": "message",
        "subtype": "channel_join",
        "ts": "1616421858.002800",
        "user": "U01S0P26NKD",
        "text": "<@U01S0P26NKD> has joined the channel",
        "inviter": "U01SJKB2MG8"
    },
    {
        "type": "message",
        "subtype": "channel_join",
        "ts": "1616421859.003000",
        "user": "U01S6LCPM0C",
        "text": "<@U01S6LCPM0C> has joined the channel",
        "inviter": "U01SJKB2MG8"
    },
    {
        "type": "message",
        "subtype": "channel_join",
        "ts": "1616421859.003200",
        "user": "U01RN7BVD1C",
        "text": "<@U01RN7BVD1C> has joined the channel",
        "inviter": "U01SJKB2MG8"
    },
    {
        "type": "message",
        "subtype": "channel_join",
        "ts": "1616421859.003400",
        "user": "U01RKN0EGDV",
        "text": "<@U01RKN0EGDV> has joined the channel",
        "inviter": "U01SJKB2MG8"
    },
    {
        "type": "message",
        "subtype": "channel_join",
        "ts": "1616421859.003600",
        "user": "U01RS9Y6UJH",
        "text": "<@U01RS9Y6UJH> has joined the channel",
        "inviter": "U01SJKB2MG8"
    },
    {
        "type": "message",
        "subtype": "channel_join",
        "ts": "1616421860.003800",
        "user": "U01RNEU3SNA",
        "text": "<@U01RNEU3SNA> has joined the channel",
        "inviter": "U01SJKB2MG8"
    },
    {
        "type": "message",
        "subtype": "channel_join",
        "ts": "1616421860.004000",
        "user": "U01S6L7HLUC",
        "text": "<@U01S6L7HLUC> has joined the channel",
        "inviter": "U01SJKB2MG8"
    },
    {
        "type": "message",
        "subtype": "channel_join",
        "ts": "1616421860.004200",
        "user": "U01S7KCL3DF",
        "text": "<@U01S7KCL3DF> has joined the channel",
        "inviter": "U01SJKB2MG8"
    },
    {
        "type": "message",
        "subtype": "channel_join",
        "ts": "1616421861.004400",
        "user": "U01RW140HBP",
        "text": "<@U01RW140HBP> has joined the channel",
        "inviter": "U01SJKB2MG8"
    },
    {
        "type": "message",
        "subtype": "channel_join",
        "ts": "1616421861.004600",
        "user": "U01S133DZ9A",
        "text": "<@U01S133DZ9A> has joined the channel",
        "inviter": "U01SJKB2MG8"
    },
    {
        "client_msg_id": "7c08f051-44e6-4759-8519-a42385fc027d",
        "type": "message",
        "text": "<!channel>,\ngit, but _Explained Like I'm Five_\n<https:\/\/dev.to\/sublimegeek\/git-staging-area-explained-like-im-five-1anh>",
        "user": "U01SJKB2MG8",
        "ts": "1616437515.005800",
        "team": "T01RBRV5F7H",
        "user_team": "T01RBRV5F7H",
        "source_team": "T01RBRV5F7H",
        "user_profile": {
            "avatar_hash": "88fa894fdb53",
            "image_72": "https:\/\/avatars.slack-edge.com\/2021-03-19\/1885033153332_88fa894fdb5366452adf_72.jpg",
            "first_name": "Florian",
            "real_name": "Florian Titze",
            "display_name": "Flo Titze",
            "team": "T01RBRV5F7H",
            "name": "florian.titze",
            "is_restricted": false,
            "is_ultra_restricted": false
        },
        "attachments": [
            {
                "service_name": "DEV Community",
                "title": "Git Staging Area: Explained Like I'm Five",
                "title_link": "https:\/\/dev.to\/sublimegeek\/git-staging-area-explained-like-im-five-1anh",
                "text": "Imagine you have a box. Do you throw everything in it?",
                "fallback": "DEV Community: Git Staging Area: Explained Like I'm Five",
                "image_url": "https:\/\/res.cloudinary.com\/practicaldev\/image\/fetch\/s--6q_UVD_j--\/c_imagga_scale,f_auto,fl_progressive,h_500,q_auto,w_1000\/https:\/\/cl.ly\/569e7f0bbfaf\/download\/Image%25202018-08-29%2520at%25208.26.35%2520PM.png",
                "from_url": "https:\/\/dev.to\/sublimegeek\/git-staging-area-explained-like-im-five-1anh",
                "image_width": 500,
                "image_height": 250,
                "image_bytes": 13739,
                "service_icon": "https:\/\/res.cloudinary.com\/practicaldev\/image\/fetch\/s--gDM0_LTS--\/c_limit,f_png,fl_progressive,q_80,w_180\/https:\/\/practicaldev-herokuapp-com.freetls.fastly.net\/assets\/devlogo-pwa-512.png",
                "id": 1,
                "original_url": "https:\/\/dev.to\/sublimegeek\/git-staging-area-explained-like-im-five-1anh"
            }
        ],
        "blocks": [
            {
                "type": "rich_text",
                "block_id": "dse",
                "elements": [
                    {
                        "type": "rich_text_section",
                        "elements": [
                            {
                                "type": "broadcast",
                                "range": "channel"
                            },
                            {
                                "type": "text",
                                "text": ",\ngit, but "
                            },
                            {
                                "type": "text",
                                "text": "Explained Like I'm Five",
                                "style": {
                                    "italic": true
                                }
                            },
                            {
                                "type": "text",
                                "text": "\n"
                            },
                            {
                                "type": "link",
                                "url": "https:\/\/dev.to\/sublimegeek\/git-staging-area-explained-like-im-five-1anh"
                            }
                        ]
                    }
                ]
            }
        ],
        "reactions": [
            {
                "name": "+1",
                "users": [
                    "U01S133DZ9A",
                    "U01RW140HBP"
                ],
                "count": 2
            }
        ]
    },
    {
        "client_msg_id": "262d586d-388f-4922-84de-b81904fedaac",
        "type": "message",
        "text": ":point_up:\n&gt; `git reset --hard HEAD`\n&gt; Pour gasoline on the box and light it on fire. Your stuff is now ashes. Gone. Forever.",
        "user": "U01SJKB2MG8",
        "ts": "1616437580.006300",
        "team": "T01RBRV5F7H",
        "user_team": "T01RBRV5F7H",
        "source_team": "T01RBRV5F7H",
        "user_profile": {
            "avatar_hash": "88fa894fdb53",
            "image_72": "https:\/\/avatars.slack-edge.com\/2021-03-19\/1885033153332_88fa894fdb5366452adf_72.jpg",
            "first_name": "Florian",
            "real_name": "Florian Titze",
            "display_name": "Flo Titze",
            "team": "T01RBRV5F7H",
            "name": "florian.titze",
            "is_restricted": false,
            "is_ultra_restricted": false
        },
        "blocks": [
            {
                "type": "rich_text",
                "block_id": "xII",
                "elements": [
                    {
                        "type": "rich_text_section",
                        "elements": [
                            {
                                "type": "emoji",
                                "name": "point_up"
                            },
                            {
                                "type": "text",
                                "text": "\n"
                            }
                        ]
                    },
                    {
                        "type": "rich_text_quote",
                        "elements": [
                            {
                                "type": "text",
                                "text": "git reset --hard HEAD",
                                "style": {
                                    "code": true
                                }
                            },
                            {
                                "type": "text",
                                "text": "\nPour gasoline on the box and light it on fire. Your stuff is now ashes. Gone. Forever."
                            }
                        ]
                    }
                ]
            }
        ],
        "thread_ts": "1616437580.006300",
        "reply_count": 1,
        "reply_users_count": 1,
        "latest_reply": "1616437642.006700",
        "reply_users": [
            "U01S7BM4N81"
        ],
        "replies": [
            {
                "user": "U01S7BM4N81",
                "ts": "1616437642.006700"
            }
        ],
        "is_locked": false,
        "subscribed": false,
        "reactions": [
            {
                "name": "raised_hands",
                "users": [
                    "U01SD3CDH9P"
                ],
                "count": 1
            }
        ]
    },
    {
        "type": "message",
        "subtype": "channel_topic",
        "ts": "1616437633.006500",
        "user": "U01SJKB2MG8",
        "text": "<@U01SJKB2MG8> set the channel topic: Find the resources also on notion, here: <https:\/\/www.notion.so\/ironhack\/8af74fb0e11447e9812e816ec184b958?v=c90c2e1e8d2846f0bc25d8a9e667ff1e>",
        "topic": "Find the resources also on notion, here: <https:\/\/www.notion.so\/ironhack\/8af74fb0e11447e9812e816ec184b958?v=c90c2e1e8d2846f0bc25d8a9e667ff1e>"
    },
    {
        "client_msg_id": "56E7CF49-FFCD-4A54-BF4D-B9C6EB3A1F07",
        "type": "message",
        "text": ":fuelpump:️:fire:",
        "user": "U01S7BM4N81",
        "ts": "1616437642.006700",
        "team": "T01RBRV5F7H",
        "user_team": "T01RBRV5F7H",
        "source_team": "T01RBRV5F7H",
        "user_profile": {
            "avatar_hash": "2adfc641e87e",
            "image_72": "https:\/\/avatars.slack-edge.com\/2021-04-16\/1994438084416_2adfc641e87e3a953d9c_72.png",
            "first_name": "Thamo",
            "real_name": "Thamo",
            "display_name": "Thamo",
            "team": "T01RBRV5F7H",
            "name": "thamokoeper",
            "is_restricted": false,
            "is_ultra_restricted": false
        },
        "blocks": [
            {
                "type": "rich_text",
                "block_id": "bF\/",
                "elements": [
                    {
                        "type": "rich_text_section",
                        "elements": [
                            {
                                "type": "emoji",
                                "name": "fuelpump"
                            },
                            {
                                "type": "text",
                                "text": "️"
                            },
                            {
                                "type": "emoji",
                                "name": "fire"
                            }
                        ]
                    }
                ]
            }
        ],
        "thread_ts": "1616437580.006300",
        "parent_user_id": "U01SJKB2MG8"
    },
    {
        "type": "message",
        "text": "Hi, I cannot log in to Notion. Whenever I try to open a link from Notion it returns this message. Does anyone knows why?  Thank you:)",
        "files": [
            {
                "id": "F01RZJTMK8V",
                "created": 1616439469,
                "timestamp": 1616439469,
                "name": "Screenshot 2021-03-22 at 19.57.47.png",
                "title": "Screenshot 2021-03-22 at 19.57.47.png",
                "mimetype": "image\/png",
                "filetype": "png",
                "pretty_type": "PNG",
                "user": "U01SD3CDH9P",
                "editable": false,
                "size": 118180,
                "mode": "hosted",
                "is_external": false,
                "external_type": "",
                "is_public": true,
                "public_url_shared": false,
                "display_as_bot": false,
                "username": "",
                "url_private": "https:\/\/files.slack.com\/files-pri\/T01RBRV5F7H-F01RZJTMK8V\/screenshot_2021-03-22_at_19.57.47.png?t=xoxe-1861879185255-2047593969042-2053756158948-4cf6552631c579c36efd5d2fd242de30",
                "url_private_download": "https:\/\/files.slack.com\/files-pri\/T01RBRV5F7H-F01RZJTMK8V\/download\/screenshot_2021-03-22_at_19.57.47.png?t=xoxe-1861879185255-2047593969042-2053756158948-4cf6552631c579c36efd5d2fd242de30",
                "thumb_64": "https:\/\/files.slack.com\/files-tmb\/T01RBRV5F7H-F01RZJTMK8V-db4e6b1280\/screenshot_2021-03-22_at_19.57.47_64.png?t=xoxe-1861879185255-2047593969042-2053756158948-4cf6552631c579c36efd5d2fd242de30",
                "thumb_80": "https:\/\/files.slack.com\/files-tmb\/T01RBRV5F7H-F01RZJTMK8V-db4e6b1280\/screenshot_2021-03-22_at_19.57.47_80.png?t=xoxe-1861879185255-2047593969042-2053756158948-4cf6552631c579c36efd5d2fd242de30",
                "thumb_360": "https:\/\/files.slack.com\/files-tmb\/T01RBRV5F7H-F01RZJTMK8V-db4e6b1280\/screenshot_2021-03-22_at_19.57.47_360.png?t=xoxe-1861879185255-2047593969042-2053756158948-4cf6552631c579c36efd5d2fd242de30",
                "thumb_360_w": 360,
                "thumb_360_h": 226,
                "thumb_480": "https:\/\/files.slack.com\/files-tmb\/T01RBRV5F7H-F01RZJTMK8V-db4e6b1280\/screenshot_2021-03-22_at_19.57.47_480.png?t=xoxe-1861879185255-2047593969042-2053756158948-4cf6552631c579c36efd5d2fd242de30",
                "thumb_480_w": 480,
                "thumb_480_h": 301,
                "thumb_160": "https:\/\/files.slack.com\/files-tmb\/T01RBRV5F7H-F01RZJTMK8V-db4e6b1280\/screenshot_2021-03-22_at_19.57.47_160.png?t=xoxe-1861879185255-2047593969042-2053756158948-4cf6552631c579c36efd5d2fd242de30",
                "thumb_720": "https:\/\/files.slack.com\/files-tmb\/T01RBRV5F7H-F01RZJTMK8V-db4e6b1280\/screenshot_2021-03-22_at_19.57.47_720.png?t=xoxe-1861879185255-2047593969042-2053756158948-4cf6552631c579c36efd5d2fd242de30",
                "thumb_720_w": 720,
                "thumb_720_h": 451,
                "thumb_800": "https:\/\/files.slack.com\/files-tmb\/T01RBRV5F7H-F01RZJTMK8V-db4e6b1280\/screenshot_2021-03-22_at_19.57.47_800.png?t=xoxe-1861879185255-2047593969042-2053756158948-4cf6552631c579c36efd5d2fd242de30",
                "thumb_800_w": 800,
                "thumb_800_h": 501,
                "thumb_960": "https:\/\/files.slack.com\/files-tmb\/T01RBRV5F7H-F01RZJTMK8V-db4e6b1280\/screenshot_2021-03-22_at_19.57.47_960.png?t=xoxe-1861879185255-2047593969042-2053756158948-4cf6552631c579c36efd5d2fd242de30",
                "thumb_960_w": 960,
                "thumb_960_h": 601,
                "thumb_1024": "https:\/\/files.slack.com\/files-tmb\/T01RBRV5F7H-F01RZJTMK8V-db4e6b1280\/screenshot_2021-03-22_at_19.57.47_1024.png?t=xoxe-1861879185255-2047593969042-2053756158948-4cf6552631c579c36efd5d2fd242de30",
                "thumb_1024_w": 1024,
                "thumb_1024_h": 642,
                "original_w": 1762,
                "original_h": 1104,
                "thumb_tiny": "AwAeADDToooJwM0AFFNLgjHNIrYAHJ96AH0UgORmloAKM0UUANYBscsPpSKAp6sfrT6KAsGaKKKAP\/\/Z",
                "permalink": "https:\/\/data-ft-ber-03-2021.slack.com\/files\/U01SD3CDH9P\/F01RZJTMK8V\/screenshot_2021-03-22_at_19.57.47.png",
                "permalink_public": "https:\/\/slack-files.com\/T01RBRV5F7H-F01RZJTMK8V-bb834d0884",
                "is_starred": false,
                "has_rich_preview": false
            }
        ],
        "upload": false,
        "blocks": [
            {
                "type": "rich_text",
                "block_id": "WmDE",
                "elements": [
                    {
                        "type": "rich_text_section",
                        "elements": [
                            {
                                "type": "text",
                                "text": "Hi, I cannot log in to Notion. Whenever I try to open a link from Notion it returns this message. Does anyone knows why?  Thank you:)"
                            }
                        ]
                    }
                ]
            }
        ],
        "user": "U01SD3CDH9P",
        "display_as_bot": false,
        "ts": "1616439534.009000",
        "thread_ts": "1616439534.009000",
        "reply_count": 10,
        "reply_users_count": 6,
        "latest_reply": "1616491585.001600",
        "reply_users": [
            "U01S7BM4N81",
            "U01RN7BVD1C",
            "U01S081EULS",
            "U01S0MFJ3HR",
            "U01RSRE0N3D",
            "U01SD3CDH9P"
        ],
        "replies": [
            {
                "user": "U01S7BM4N81",
                "ts": "1616439845.011100"
            },
            {
                "user": "U01RN7BVD1C",
                "ts": "1616443346.011400"
            },
            {
                "user": "U01S081EULS",
                "ts": "1616443482.011600"
            },
            {
                "user": "U01S0MFJ3HR",
                "ts": "1616483960.000100"
            },
            {
                "user": "U01RSRE0N3D",
                "ts": "1616488301.000400"
            },
            {
                "user": "U01S7BM4N81",
                "ts": "1616488746.000700"
            },
            {
                "user": "U01RSRE0N3D",
                "ts": "1616488825.001000"
            },
            {
                "user": "U01RN7BVD1C",
                "ts": "1616488849.001200"
            },
            {
                "user": "U01S081EULS",
                "ts": "1616489466.001400"
            },
            {
                "user": "U01SD3CDH9P",
                "ts": "1616491585.001600"
            }
        ],
        "is_locked": false,
        "subscribed": true,
        "last_read": "1616491585.001600"
    },
    {
        "client_msg_id": "47A82E4A-FCF5-43B3-9E44-0F39D2983537",
        "type": "message",
        "text": "Hi there, try clicking the hyperlink below in the grey text and login with the credentials you used to complete the pre-work with. \nIf that doesn't do it  I don't know either ",
        "user": "U01S7BM4N81",
        "ts": "1616439845.011100",
        "team": "T01RBRV5F7H",
        "user_team": "T01RBRV5F7H",
        "source_team": "T01RBRV5F7H",
        "user_profile": {
            "avatar_hash": "2adfc641e87e",
            "image_72": "https:\/\/avatars.slack-edge.com\/2021-04-16\/1994438084416_2adfc641e87e3a953d9c_72.png",
            "first_name": "Thamo",
            "real_name": "Thamo",
            "display_name": "Thamo",
            "team": "T01RBRV5F7H",
            "name": "thamokoeper",
            "is_restricted": false,
            "is_ultra_restricted": false
        },
        "edited": {
            "user": "U01S7BM4N81",
            "ts": "1616439875.000000"
        },
        "blocks": [
            {
                "type": "rich_text",
                "block_id": "ZeT",
                "elements": [
                    {
                        "type": "rich_text_section",
                        "elements": [
                            {
                                "type": "text",
                                "text": "Hi there, try clicking the hyperlink below in the grey text and login with the credentials you used to complete the pre-work with. \nIf that doesn't do it  I don't know either "
                            }
                        ]
                    }
                ]
            }
        ],
        "thread_ts": "1616439534.009000",
        "parent_user_id": "U01SD3CDH9P"
    },
    {
        "client_msg_id": "b195f733-0381-40fa-aceb-0b014e8f1681",
        "type": "message",
        "text": "I have the same problem :disappointed:",
        "user": "U01RN7BVD1C",
        "ts": "1616443346.011400",
        "team": "T01RBRV5F7H",
        "user_team": "T01RBRV5F7H",
        "source_team": "T01RBRV5F7H",
        "user_profile": {
            "avatar_hash": "55e0c1b57456",
            "image_72": "https:\/\/avatars.slack-edge.com\/2021-03-20\/1882033802643_55e0c1b574562994417f_72.jpg",
            "first_name": "Josephine",
            "real_name": "Josephine Biedermann",
            "display_name": "Phine",
            "team": "T01RBRV5F7H",
            "name": "josephinebiedermann",
            "is_restricted": false,
            "is_ultra_restricted": false
        },
        "blocks": [
            {
                "type": "rich_text",
                "block_id": "ZICw",
                "elements": [
                    {
                        "type": "rich_text_section",
                        "elements": [
                            {
                                "type": "text",
                                "text": "I have the same problem "
                            },
                            {
                                "type": "emoji",
                                "name": "disappointed"
                            }
                        ]
                    }
                ]
            }
        ],
        "thread_ts": "1616439534.009000",
        "parent_user_id": "U01SD3CDH9P"
    },
    {
        "client_msg_id": "7430c057-ce00-4206-ad4e-1ef0221df89f",
        "type": "message",
        "text": "Same here, no access :confused:",
        "user": "U01S081EULS",
        "ts": "1616443482.011600",
        "team": "T01RBRV5F7H",
        "user_team": "T01RBRV5F7H",
        "source_team": "T01RBRV5F7H",
        "user_profile": {
            "avatar_hash": "072722b5938a",
            "image_72": "https:\/\/avatars.slack-edge.com\/2021-03-22\/1869523305975_072722b5938a81b68381_72.png",
            "first_name": "",
            "real_name": "Federico Giuliani",
            "display_name": "Federico Giuliani",
            "team": "T01RBRV5F7H",
            "name": "defe_fg",
            "is_restricted": false,
            "is_ultra_restricted": false
        },
        "blocks": [
            {
                "type": "rich_text",
                "block_id": "0ex9",
                "elements": [
                    {
                        "type": "rich_text_section",
                        "elements": [
                            {
                                "type": "text",
                                "text": "Same here, no access "
                            },
                            {
                                "type": "emoji",
                                "name": "confused"
                            }
                        ]
                    }
                ]
            }
        ],
        "thread_ts": "1616439534.009000",
        "parent_user_id": "U01SD3CDH9P"
    }
]