[
    {
        "client_msg_id": "2ff1776c-f32c-4d02-903e-241588e87e3d",
        "type": "message",
        "text": "<https:\/\/www.datacamp.com\/community\/tutorials\/pickle-python-tutorial>",
        "user": "U01RW140HBP",
        "ts": "1620209797.012500",
        "team": "T01RBRV5F7H",
        "user_team": "T01RBRV5F7H",
        "source_team": "T01RBRV5F7H",
        "user_profile": {
            "avatar_hash": "4c43a3a8d10b",
            "image_72": "https:\/\/avatars.slack-edge.com\/2021-03-21\/1895736308209_4c43a3a8d10bc2fe5e13_72.png",
            "first_name": "siand",
            "real_name": "siand the LT (she\/her)",
            "display_name": "siand the LT (she\/her)",
            "team": "T01RBRV5F7H",
            "name": "sian.davies",
            "is_restricted": false,
            "is_ultra_restricted": false
        },
        "attachments": [
            {
                "service_name": "DataCamp Community",
                "title": "Python Pickle Tutorial",
                "title_link": "https:\/\/www.datacamp.com\/community\/tutorials\/pickle-python-tutorial",
                "text": "Discover the Python pickle module: learn about serialization, when (not) to use it, how to compress pickled objects, multiprocessing, and much more!",
                "fallback": "DataCamp Community: Python Pickle Tutorial",
                "thumb_url": "https:\/\/cdn.datacamp.com\/community\/logos\/medium\/placeholder.jpg",
                "ts": 1522922400,
                "from_url": "https:\/\/www.datacamp.com\/community\/tutorials\/pickle-python-tutorial",
                "thumb_width": 300,
                "thumb_height": 300,
                "service_icon": "https:\/\/learn.datacamp.com\/favicon.ico",
                "id": 1,
                "original_url": "https:\/\/www.datacamp.com\/community\/tutorials\/pickle-python-tutorial"
            }
        ],
        "blocks": [
            {
                "type": "rich_text",
                "block_id": "ktG",
                "elements": [
                    {
                        "type": "rich_text_section",
                        "elements": [
                            {
                                "type": "link",
                                "url": "https:\/\/www.datacamp.com\/community\/tutorials\/pickle-python-tutorial"
                            }
                        ]
                    }
                ]
            }
        ]
    },
    {
        "client_msg_id": "3f4b2121-76fa-402f-8968-dad2c3aef6b3",
        "type": "message",
        "text": "(as flo mentioned pickle a few times, im not sure when this was covered )",
        "user": "U01RW140HBP",
        "ts": "1620209815.013000",
        "team": "T01RBRV5F7H",
        "user_team": "T01RBRV5F7H",
        "source_team": "T01RBRV5F7H",
        "user_profile": {
            "avatar_hash": "4c43a3a8d10b",
            "image_72": "https:\/\/avatars.slack-edge.com\/2021-03-21\/1895736308209_4c43a3a8d10bc2fe5e13_72.png",
            "first_name": "siand",
            "real_name": "siand the LT (she\/her)",
            "display_name": "siand the LT (she\/her)",
            "team": "T01RBRV5F7H",
            "name": "sian.davies",
            "is_restricted": false,
            "is_ultra_restricted": false
        },
        "blocks": [
            {
                "type": "rich_text",
                "block_id": "sWh8P",
                "elements": [
                    {
                        "type": "rich_text_section",
                        "elements": [
                            {
                                "type": "text",
                                "text": "(as flo mentioned pickle a few times, im not sure when this was covered )"
                            }
                        ]
                    }
                ]
            }
        ]
    },
    {
        "type": "message",
        "text": "from the modules workshop",
        "files": [
            {
                "id": "F020YLGMH34",
                "created": 1620219378,
                "timestamp": 1620219378,
                "name": "python_modules.pdf",
                "title": "python_modules.pdf",
                "mimetype": "application\/pdf",
                "filetype": "pdf",
                "pretty_type": "PDF",
                "user": "U01SJKB2MG8",
                "editable": false,
                "size": 329391,
                "mode": "hosted",
                "is_external": false,
                "external_type": "",
                "is_public": true,
                "public_url_shared": false,
                "display_as_bot": false,
                "username": "",
                "url_private": "https:\/\/files.slack.com\/files-pri\/T01RBRV5F7H-F020YLGMH34\/python_modules.pdf?t=xoxe-1861879185255-2047593969042-2053756158948-4cf6552631c579c36efd5d2fd242de30",
                "url_private_download": "https:\/\/files.slack.com\/files-pri\/T01RBRV5F7H-F020YLGMH34\/download\/python_modules.pdf?t=xoxe-1861879185255-2047593969042-2053756158948-4cf6552631c579c36efd5d2fd242de30",
                "thumb_pdf": "https:\/\/files.slack.com\/files-tmb\/T01RBRV5F7H-F020YLGMH34-b3fe7da169\/python_modules_thumb_pdf.png?t=xoxe-1861879185255-2047593969042-2053756158948-4cf6552631c579c36efd5d2fd242de30",
                "thumb_pdf_w": 1100,
                "thumb_pdf_h": 619,
                "permalink": "https:\/\/data-ft-ber-03-2021.slack.com\/files\/U01SJKB2MG8\/F020YLGMH34\/python_modules.pdf",
                "permalink_public": "https:\/\/slack-files.com\/T01RBRV5F7H-F020YLGMH34-23164e72fc",
                "is_starred": false,
                "has_rich_preview": false
            }
        ],
        "upload": false,
        "blocks": [
            {
                "type": "rich_text",
                "block_id": "5RpRF",
                "elements": [
                    {
                        "type": "rich_text_section",
                        "elements": [
                            {
                                "type": "text",
                                "text": "from the modules workshop"
                            }
                        ]
                    }
                ]
            }
        ],
        "user": "U01SJKB2MG8",
        "display_as_bot": false,
        "ts": "1620219389.013400",
        "thread_ts": "1620219389.013400",
        "reply_count": 1,
        "reply_users_count": 1,
        "latest_reply": "1620219495.013500",
        "reply_users": [
            "U01S7BM4N81"
        ],
        "replies": [
            {
                "user": "U01S7BM4N81",
                "ts": "1620219495.013500"
            }
        ],
        "is_locked": false,
        "subscribed": false
    },
    {
        "client_msg_id": "295817d8-595d-45aa-8af6-6398d2795a5f",
        "type": "message",
        "text": "was ist recorded? :slightly_smiling_face:",
        "user": "U01S7BM4N81",
        "ts": "1620219495.013500",
        "team": "T01RBRV5F7H",
        "user_team": "T01RBRV5F7H",
        "source_team": "T01RBRV5F7H",
        "user_profile": {
            "avatar_hash": "2adfc641e87e",
            "image_72": "https:\/\/avatars.slack-edge.com\/2021-04-16\/1994438084416_2adfc641e87e3a953d9c_72.png",
            "first_name": "Thamo",
            "real_name": "Thamo",
            "display_name": "Thamo",
            "team": "T01RBRV5F7H",
            "name": "thamokoeper",
            "is_restricted": false,
            "is_ultra_restricted": false
        },
        "blocks": [
            {
                "type": "rich_text",
                "block_id": "KOP",
                "elements": [
                    {
                        "type": "rich_text_section",
                        "elements": [
                            {
                                "type": "text",
                                "text": "was ist recorded? "
                            },
                            {
                                "type": "emoji",
                                "name": "slightly_smiling_face"
                            }
                        ]
                    }
                ]
            }
        ],
        "thread_ts": "1620219389.013400",
        "parent_user_id": "U01SJKB2MG8",
        "reactions": [
            {
                "name": "tick_checkmark",
                "users": [
                    "U01SJKB2MG8"
                ],
                "count": 1
            }
        ]
    },
    {
        "type": "message",
        "text": "<!channel>,\n607 playlist IDs in case you need some. Just import it into df....",
        "files": [
            {
                "id": "F020J4B8SHM",
                "created": 1620222287,
                "timestamp": 1620222287,
                "name": "607ids.csv",
                "title": "607ids.csv",
                "mimetype": "text\/csv",
                "filetype": "csv",
                "pretty_type": "CSV",
                "user": "U01SJKB2MG8",
                "editable": true,
                "size": 16289,
                "mode": "snippet",
                "is_external": false,
                "external_type": "",
                "is_public": true,
                "public_url_shared": false,
                "display_as_bot": false,
                "username": "",
                "url_private": "https:\/\/files.slack.com\/files-pri\/T01RBRV5F7H-F020J4B8SHM\/607ids.csv?t=xoxe-1861879185255-2047593969042-2053756158948-4cf6552631c579c36efd5d2fd242de30",
                "url_private_download": "https:\/\/files.slack.com\/files-pri\/T01RBRV5F7H-F020J4B8SHM\/download\/607ids.csv?t=xoxe-1861879185255-2047593969042-2053756158948-4cf6552631c579c36efd5d2fd242de30",
                "permalink": "https:\/\/data-ft-ber-03-2021.slack.com\/files\/U01SJKB2MG8\/F020J4B8SHM\/607ids.csv",
                "permalink_public": "https:\/\/slack-files.com\/T01RBRV5F7H-F020J4B8SHM-c6ef445471",
                "edit_link": "https:\/\/data-ft-ber-03-2021.slack.com\/files\/U01SJKB2MG8\/F020J4B8SHM\/607ids.csv\/edit",
                "is_starred": false,
                "has_rich_preview": false
            }
        ],
        "upload": false,
        "blocks": [
            {
                "type": "rich_text",
                "block_id": "Wu05",
                "elements": [
                    {
                        "type": "rich_text_section",
                        "elements": [
                            {
                                "type": "broadcast",
                                "range": "channel"
                            },
                            {
                                "type": "text",
                                "text": ",\n607 playlist IDs in case you need some. Just import it into df...."
                            }
                        ]
                    }
                ]
            }
        ],
        "user": "U01SJKB2MG8",
        "display_as_bot": false,
        "ts": "1620222290.014800",
        "edited": {
            "user": "U01SJKB2MG8",
            "ts": "1620222315.000000"
        },
        "reactions": [
            {
                "name": "raised_hands",
                "users": [
                    "U01RW140HBP"
                ],
                "count": 1
            }
        ]
    },
    {
        "client_msg_id": "ce21ffc0-f71f-4982-bee9-f5e60afc92f2",
        "type": "message",
        "text": "<https:\/\/www.youtube.com\/watch?v=EItlUEPCIzM>",
        "user": "U01S79YDELR",
        "ts": "1620283458.016100",
        "team": "T01RBRV5F7H",
        "user_team": "T01RBRV5F7H",
        "source_team": "T01RBRV5F7H",
        "user_profile": {
            "avatar_hash": "606def897de6",
            "image_72": "https:\/\/avatars.slack-edge.com\/2021-03-22\/1910932493456_606def897de66681d932_72.jpg",
            "first_name": "",
            "real_name": "Karina Condeixa",
            "display_name": "Karina Condeixa",
            "team": "T01RBRV5F7H",
            "name": "karina.condeixa",
            "is_restricted": false,
            "is_ultra_restricted": false
        },
        "attachments": [
            {
                "service_name": "YouTube",
                "service_url": "https:\/\/www.youtube.com\/",
                "title": "Machine Learning Tutorial Python - 13:  K Means Clustering",
                "title_link": "https:\/\/www.youtube.com\/watch?v=EItlUEPCIzM",
                "author_name": "codebasics",
                "author_link": "https:\/\/www.youtube.com\/channel\/UCh9nVJoWXmFb7sLApWGcLPQ",
                "thumb_url": "https:\/\/i.ytimg.com\/vi\/EItlUEPCIzM\/hqdefault.jpg",
                "thumb_width": 480,
                "thumb_height": 360,
                "fallback": "YouTube Video: Machine Learning Tutorial Python - 13:  K Means Clustering",
                "video_html": "<iframe width=\"400\" height=\"225\" src=\"https:\/\/www.youtube.com\/embed\/EItlUEPCIzM?feature=oembed&autoplay=1&iv_load_policy=3\" frameborder=\"0\" allow=\"accelerometer; autoplay; clipboard-write; encrypted-media; gyroscope; picture-in-picture\" allowfullscreen><\/iframe>",
                "video_html_width": 400,
                "video_html_height": 225,
                "from_url": "https:\/\/www.youtube.com\/watch?v=EItlUEPCIzM",
                "service_icon": "https:\/\/a.slack-edge.com\/80588\/img\/unfurl_icons\/youtube.png",
                "id": 1,
                "original_url": "https:\/\/www.youtube.com\/watch?v=EItlUEPCIzM"
            }
        ],
        "blocks": [
            {
                "type": "rich_text",
                "block_id": "UXw",
                "elements": [
                    {
                        "type": "rich_text_section",
                        "elements": [
                            {
                                "type": "link",
                                "url": "https:\/\/www.youtube.com\/watch?v=EItlUEPCIzM"
                            }
                        ]
                    }
                ]
            }
        ]
    }
]