[
    {
        "client_msg_id": "7e76ef61-b682-4598-ae0f-fab6d0f69043",
        "type": "message",
        "text": "think we have shared before but could come in handy today <https:\/\/www.edureka.co\/blog\/wp-content\/uploads\/2018\/10\/Jupyter_Notebook_CheatSheet_Edureka.pdf>",
        "user": "U01RW140HBP",
        "ts": "1620119469.008500",
        "team": "T01RBRV5F7H",
        "user_team": "T01RBRV5F7H",
        "source_team": "T01RBRV5F7H",
        "user_profile": {
            "avatar_hash": "4c43a3a8d10b",
            "image_72": "https:\/\/avatars.slack-edge.com\/2021-03-21\/1895736308209_4c43a3a8d10bc2fe5e13_72.png",
            "first_name": "siand",
            "real_name": "siand the LT (she\/her)",
            "display_name": "siand the LT (she\/her)",
            "team": "T01RBRV5F7H",
            "name": "sian.davies",
            "is_restricted": false,
            "is_ultra_restricted": false
        },
        "blocks": [
            {
                "type": "rich_text",
                "block_id": "a7gbB",
                "elements": [
                    {
                        "type": "rich_text_section",
                        "elements": [
                            {
                                "type": "text",
                                "text": "think we have shared before but could come in handy today "
                            },
                            {
                                "type": "link",
                                "url": "https:\/\/www.edureka.co\/blog\/wp-content\/uploads\/2018\/10\/Jupyter_Notebook_CheatSheet_Edureka.pdf"
                            }
                        ]
                    }
                ]
            }
        ]
    },
    {
        "client_msg_id": "86df0a8f-ca41-4e17-8bad-d4661456b67b",
        "type": "message",
        "text": "<https:\/\/www.dataquest.io\/blog\/jupyter-notebook-tips-tricks-shortcuts\/>",
        "user": "U01RW140HBP",
        "ts": "1620119513.008700",
        "team": "T01RBRV5F7H",
        "user_team": "T01RBRV5F7H",
        "source_team": "T01RBRV5F7H",
        "user_profile": {
            "avatar_hash": "4c43a3a8d10b",
            "image_72": "https:\/\/avatars.slack-edge.com\/2021-03-21\/1895736308209_4c43a3a8d10bc2fe5e13_72.png",
            "first_name": "siand",
            "real_name": "siand the LT (she\/her)",
            "display_name": "siand the LT (she\/her)",
            "team": "T01RBRV5F7H",
            "name": "sian.davies",
            "is_restricted": false,
            "is_ultra_restricted": false
        },
        "attachments": [
            {
                "service_name": "Dataquest",
                "title": "28 Jupyter Notebook Tips, Tricks, and Shortcuts for Data Science",
                "title_link": "https:\/\/www.dataquest.io\/blog\/jupyter-notebook-tips-tricks-shortcuts\/",
                "text": "Jupyter Notebook is a powerful tool for data analysis. Here are 28 tips, tricks, and shortcuts to turn you into a Jupyter notebooks power user!",
                "fallback": "Dataquest: 28 Jupyter Notebook Tips, Tricks, and Shortcuts for Data Science",
                "image_url": "https:\/\/www.dataquest.io\/wp-content\/uploads\/2019\/01\/1-LPnY8nOLg4S6_TG0DEXwsg-1.png",
                "image_width": 503,
                "image_height": 250,
                "fields": [
                    {
                        "title": "Written by",
                        "value": "Josh Devlin",
                        "short": true
                    },
                    {
                        "title": "Est. reading time",
                        "value": "18 minutes",
                        "short": true
                    }
                ],
                "ts": 1476255600,
                "from_url": "https:\/\/www.dataquest.io\/blog\/jupyter-notebook-tips-tricks-shortcuts\/",
                "image_bytes": 44002,
                "service_icon": "https:\/\/www.dataquest.io\/wp-content\/uploads\/2020\/07\/rocket-circle-only.png",
                "id": 1,
                "original_url": "https:\/\/www.dataquest.io\/blog\/jupyter-notebook-tips-tricks-shortcuts\/"
            }
        ],
        "blocks": [
            {
                "type": "rich_text",
                "block_id": "JwYK8",
                "elements": [
                    {
                        "type": "rich_text_section",
                        "elements": [
                            {
                                "type": "link",
                                "url": "https:\/\/www.dataquest.io\/blog\/jupyter-notebook-tips-tricks-shortcuts\/"
                            }
                        ]
                    }
                ]
            }
        ],
        "reactions": [
            {
                "name": "+1",
                "users": [
                    "U01S79YDELR"
                ],
                "count": 1
            },
            {
                "name": "eyes",
                "users": [
                    "U01RXCQHMHT"
                ],
                "count": 1
            }
        ]
    },
    {
        "client_msg_id": "8C5BFA8E-F1E6-420D-8514-DECA3DA63E64",
        "type": "message",
        "text": "Soo.. supervised, unsupervised and self-supervised? <https:\/\/ai.facebook.com\/blog\/dino-paws-computer-vision-with-self-supervised-transformers-and-10x-more-efficient-training|https:\/\/ai.facebook.com\/blog\/dino-paws-computer-vision-with-self-supervised-transformers-and-10x-more-efficient-training>",
        "user": "U01SK96QF5E",
        "ts": "1620121226.009500",
        "team": "T01RBRV5F7H",
        "user_team": "T01RBRV5F7H",
        "source_team": "T01RBRV5F7H",
        "user_profile": {
            "avatar_hash": "94c1e7ff9e09",
            "image_72": "https:\/\/avatars.slack-edge.com\/2021-03-21\/1883381430979_94c1e7ff9e09a95d14cb_72.jpg",
            "first_name": "Lilla",
            "real_name": "Lilla Szulyovszky",
            "display_name": "lilla",
            "team": "T01RBRV5F7H",
            "name": "lilla.szulyovszky",
            "is_restricted": false,
            "is_ultra_restricted": false
        },
        "attachments": [
            {
                "title": "DINO and PAWS: Advancing the state of the art in computer vision",
                "title_link": "https:\/\/ai.facebook.com\/blog\/dino-paws-computer-vision-with-self-supervised-transformers-and-10x-more-efficient-training",
                "text": "Working with Inria researchers, we’ve developed a self-supervised image representation method, DINO, which produces remarkable results when trained with Vision Transformers. We are also detailing PAWS, a new method for 10x more efficient training.",
                "fallback": "DINO and PAWS: Advancing the state of the art in computer vision",
                "thumb_url": "https:\/\/scontent-iad3-2.xx.fbcdn.net\/v\/t39.2365-6\/175563722_2961317637477713_3077911381961439916_n.jpg?_nc_cat=107&ccb=1-3&_nc_sid=ad8a9d&_nc_ohc=UGyTtuCTmtcAX_hv19_&_nc_ht=scontent-iad3-2.xx&oh=35f8627a82441404c9813b93c0fe806b&oe=60B5CBF3",
                "from_url": "https:\/\/ai.facebook.com\/blog\/dino-paws-computer-vision-with-self-supervised-transformers-and-10x-more-efficient-training",
                "thumb_width": 1848,
                "thumb_height": 1110,
                "service_icon": "https:\/\/static.xx.fbcdn.net\/rsrc.php\/v3\/yh\/r\/5ZP3mZo0oAE.png",
                "service_name": "ai.facebook.com",
                "id": 1,
                "original_url": "https:\/\/ai.facebook.com\/blog\/dino-paws-computer-vision-with-self-supervised-transformers-and-10x-more-efficient-training"
            }
        ],
        "blocks": [
            {
                "type": "rich_text",
                "block_id": "0suh",
                "elements": [
                    {
                        "type": "rich_text_section",
                        "elements": [
                            {
                                "type": "text",
                                "text": "Soo.. supervised, unsupervised and self-supervised? "
                            },
                            {
                                "type": "link",
                                "url": "https:\/\/ai.facebook.com\/blog\/dino-paws-computer-vision-with-self-supervised-transformers-and-10x-more-efficient-training",
                                "text": "https:\/\/ai.facebook.com\/blog\/dino-paws-computer-vision-with-self-supervised-transformers-and-10x-more-efficient-training"
                            }
                        ]
                    }
                ]
            }
        ],
        "thread_ts": "1620121226.009500",
        "reply_count": 4,
        "reply_users_count": 3,
        "latest_reply": "1620135821.012200",
        "reply_users": [
            "U01RN7BVD1C",
            "U01SK96QF5E",
            "U01RRV4JX6Z"
        ],
        "replies": [
            {
                "user": "U01RN7BVD1C",
                "ts": "1620121681.009800"
            },
            {
                "user": "U01RN7BVD1C",
                "ts": "1620121695.010000"
            },
            {
                "user": "U01SK96QF5E",
                "ts": "1620123457.010200"
            },
            {
                "user": "U01RRV4JX6Z",
                "ts": "1620135821.012200"
            }
        ],
        "is_locked": false,
        "subscribed": false
    },
    {
        "client_msg_id": "5e470234-648e-4297-999c-dfc78c3cf819",
        "type": "message",
        "text": "Dinooo, thats the name of my cat haha",
        "user": "U01RN7BVD1C",
        "ts": "1620121681.009800",
        "team": "T01RBRV5F7H",
        "user_team": "T01RBRV5F7H",
        "source_team": "T01RBRV5F7H",
        "user_profile": {
            "avatar_hash": "55e0c1b57456",
            "image_72": "https:\/\/avatars.slack-edge.com\/2021-03-20\/1882033802643_55e0c1b574562994417f_72.jpg",
            "first_name": "Josephine",
            "real_name": "Josephine Biedermann",
            "display_name": "Phine",
            "team": "T01RBRV5F7H",
            "name": "josephinebiedermann",
            "is_restricted": false,
            "is_ultra_restricted": false
        },
        "blocks": [
            {
                "type": "rich_text",
                "block_id": "WhAK0",
                "elements": [
                    {
                        "type": "rich_text_section",
                        "elements": [
                            {
                                "type": "text",
                                "text": "Dinooo, thats the name of my cat haha"
                            }
                        ]
                    }
                ]
            }
        ],
        "thread_ts": "1620121226.009500",
        "parent_user_id": "U01SK96QF5E"
    },
    {
        "client_msg_id": "bff6f37d-f692-4c66-9a65-1ca41f266ba9",
        "type": "message",
        "text": "interesting read apart from that :stuck_out_tongue:",
        "user": "U01RN7BVD1C",
        "ts": "1620121695.010000",
        "team": "T01RBRV5F7H",
        "user_team": "T01RBRV5F7H",
        "source_team": "T01RBRV5F7H",
        "user_profile": {
            "avatar_hash": "55e0c1b57456",
            "image_72": "https:\/\/avatars.slack-edge.com\/2021-03-20\/1882033802643_55e0c1b574562994417f_72.jpg",
            "first_name": "Josephine",
            "real_name": "Josephine Biedermann",
            "display_name": "Phine",
            "team": "T01RBRV5F7H",
            "name": "josephinebiedermann",
            "is_restricted": false,
            "is_ultra_restricted": false
        },
        "blocks": [
            {
                "type": "rich_text",
                "block_id": "TaN8L",
                "elements": [
                    {
                        "type": "rich_text_section",
                        "elements": [
                            {
                                "type": "text",
                                "text": "interesting read apart from that "
                            },
                            {
                                "type": "emoji",
                                "name": "stuck_out_tongue"
                            }
                        ]
                    }
                ]
            }
        ],
        "thread_ts": "1620121226.009500",
        "parent_user_id": "U01SK96QF5E"
    },
    {
        "client_msg_id": "af5cb74c-bcbd-4611-955b-b30464f513d3",
        "type": "message",
        "text": "awww",
        "user": "U01SK96QF5E",
        "ts": "1620123457.010200",
        "team": "T01RBRV5F7H",
        "user_team": "T01RBRV5F7H",
        "source_team": "T01RBRV5F7H",
        "user_profile": {
            "avatar_hash": "94c1e7ff9e09",
            "image_72": "https:\/\/avatars.slack-edge.com\/2021-03-21\/1883381430979_94c1e7ff9e09a95d14cb_72.jpg",
            "first_name": "Lilla",
            "real_name": "Lilla Szulyovszky",
            "display_name": "lilla",
            "team": "T01RBRV5F7H",
            "name": "lilla.szulyovszky",
            "is_restricted": false,
            "is_ultra_restricted": false
        },
        "blocks": [
            {
                "type": "rich_text",
                "block_id": "g14",
                "elements": [
                    {
                        "type": "rich_text_section",
                        "elements": [
                            {
                                "type": "text",
                                "text": "awww"
                            }
                        ]
                    }
                ]
            }
        ],
        "thread_ts": "1620121226.009500",
        "parent_user_id": "U01SK96QF5E"
    },
    {
        "client_msg_id": "7bd67ca1-5d95-4f84-89e5-f8a9bbf22c34",
        "type": "message",
        "text": "<https:\/\/www.postman.com\/>",
        "user": "U01S79YDELR",
        "ts": "1620125717.010600",
        "team": "T01RBRV5F7H",
        "user_team": "T01RBRV5F7H",
        "source_team": "T01RBRV5F7H",
        "user_profile": {
            "avatar_hash": "606def897de6",
            "image_72": "https:\/\/avatars.slack-edge.com\/2021-03-22\/1910932493456_606def897de66681d932_72.jpg",
            "first_name": "",
            "real_name": "Karina Condeixa",
            "display_name": "Karina Condeixa",
            "team": "T01RBRV5F7H",
            "name": "karina.condeixa",
            "is_restricted": false,
            "is_ultra_restricted": false
        },
        "attachments": [
            {
                "service_name": "Postman",
                "title": "Postman | The Collaboration Platform for API Development",
                "title_link": "https:\/\/www.postman.com\/",
                "text": "Postman makes API development easy. Our platform offers the tools to simplify each step of the API building process and streamlines collaboration so you can create better APIs faster.",
                "fallback": "Postman: Postman | The Collaboration Platform for API Development",
                "image_url": "https:\/\/assets.getpostman.com\/common-share\/postman-platform-for-api-development-social-card.jpg",
                "from_url": "https:\/\/www.postman.com\/",
                "image_width": 476,
                "image_height": 250,
                "image_bytes": 39057,
                "service_icon": "https:\/\/www.postman.com\/icons\/icon-48x48.png?v=6fa10b9ee2b6e5dcec30e5027a14e7a4",
                "id": 1,
                "original_url": "https:\/\/www.postman.com\/"
            }
        ],
        "blocks": [
            {
                "type": "rich_text",
                "block_id": "3Uur0",
                "elements": [
                    {
                        "type": "rich_text_section",
                        "elements": [
                            {
                                "type": "link",
                                "url": "https:\/\/www.postman.com\/"
                            }
                        ]
                    }
                ]
            }
        ],
        "reactions": [
            {
                "name": "white_check_mark",
                "users": [
                    "U01RXCQHMHT",
                    "U01RN7BVD1C"
                ],
                "count": 2
            }
        ]
    },
    {
        "client_msg_id": "09b8c78d-0408-422e-8586-eb463d0e0b98",
        "type": "message",
        "text": "I’ll just leave this here…\n<https:\/\/pandas.pydata.org\/docs\/reference\/api\/pandas.read_html.html>",
        "user": "U01S7BM4N81",
        "ts": "1620126828.012000",
        "team": "T01RBRV5F7H",
        "user_team": "T01RBRV5F7H",
        "source_team": "T01RBRV5F7H",
        "user_profile": {
            "avatar_hash": "2adfc641e87e",
            "image_72": "https:\/\/avatars.slack-edge.com\/2021-04-16\/1994438084416_2adfc641e87e3a953d9c_72.png",
            "first_name": "Thamo",
            "real_name": "Thamo",
            "display_name": "Thamo",
            "team": "T01RBRV5F7H",
            "name": "thamokoeper",
            "is_restricted": false,
            "is_ultra_restricted": false
        },
        "blocks": [
            {
                "type": "rich_text",
                "block_id": "wwM",
                "elements": [
                    {
                        "type": "rich_text_section",
                        "elements": [
                            {
                                "type": "text",
                                "text": "I’ll just leave this here…\n"
                            },
                            {
                                "type": "link",
                                "url": "https:\/\/pandas.pydata.org\/docs\/reference\/api\/pandas.read_html.html"
                            }
                        ]
                    }
                ]
            }
        ]
    },
    {
        "client_msg_id": "cce4dcb0-12f4-44ac-a0c5-e0c6ad0899ab",
        "type": "message",
        "text": "I´m both amazed and afraid of what the future holds for us...",
        "user": "U01RRV4JX6Z",
        "ts": "1620135821.012200",
        "team": "T01RBRV5F7H",
        "user_team": "T01RBRV5F7H",
        "source_team": "T01RBRV5F7H",
        "user_profile": {
            "avatar_hash": "339c4d69b7d9",
            "image_72": "https:\/\/avatars.slack-edge.com\/2021-04-14\/1961122781618_339c4d69b7d9fe16343a_72.jpg",
            "first_name": "",
            "real_name": "Francisco Ebeling",
            "display_name": "Francisco Ebeling",
            "team": "T01RBRV5F7H",
            "name": "ebelingbarros",
            "is_restricted": false,
            "is_ultra_restricted": false
        },
        "blocks": [
            {
                "type": "rich_text",
                "block_id": "aYqL",
                "elements": [
                    {
                        "type": "rich_text_section",
                        "elements": [
                            {
                                "type": "text",
                                "text": "I´m both amazed and afraid of what the future holds for us..."
                            }
                        ]
                    }
                ]
            }
        ],
        "thread_ts": "1620121226.009500",
        "parent_user_id": "U01SK96QF5E"
    }
]