[
    {
        "client_msg_id": "8d44cf5d-c7f5-4cfd-a78b-a8ce063e4a68",
        "type": "message",
        "text": "Fleur Delacour :slightly_smiling_face:\n\n<https:\/\/public.tableau.com\/profile\/federico.giuliani#!\/vizhome\/Mid_Project_Data\/StoryProject?publish=yes>",
        "user": "U01S081EULS",
        "ts": "1619430653.007400",
        "team": "T01RBRV5F7H",
        "user_team": "T01RBRV5F7H",
        "source_team": "T01RBRV5F7H",
        "user_profile": {
            "avatar_hash": "072722b5938a",
            "image_72": "https:\/\/avatars.slack-edge.com\/2021-03-22\/1869523305975_072722b5938a81b68381_72.png",
            "first_name": "",
            "real_name": "Federico Giuliani",
            "display_name": "Federico Giuliani",
            "team": "T01RBRV5F7H",
            "name": "defe_fg",
            "is_restricted": false,
            "is_ultra_restricted": false
        },
        "blocks": [
            {
                "type": "rich_text",
                "block_id": "zjM",
                "elements": [
                    {
                        "type": "rich_text_section",
                        "elements": [
                            {
                                "type": "text",
                                "text": "Fleur Delacour "
                            },
                            {
                                "type": "emoji",
                                "name": "slightly_smiling_face"
                            },
                            {
                                "type": "text",
                                "text": "\n\n"
                            },
                            {
                                "type": "link",
                                "url": "https:\/\/public.tableau.com\/profile\/federico.giuliani#!\/vizhome\/Mid_Project_Data\/StoryProject?publish=yes"
                            }
                        ]
                    }
                ]
            }
        ],
        "reactions": [
            {
                "name": "boludo",
                "users": [
                    "U01S1CWGTU4",
                    "U01RXCQHMHT"
                ],
                "count": 2
            }
        ]
    }
]