[
    {
        "client_msg_id": "9c72cca2-bd8d-4406-939e-42ba70b057f9",
        "type": "message",
        "text": "<!channel> any suggestions for seaborn matplot lib charts you want us to go through in the lessons - add to the thread",
        "user": "U01RW140HBP",
        "ts": "1617094543.000900",
        "team": "T01RBRV5F7H",
        "user_team": "T01RBRV5F7H",
        "source_team": "T01RBRV5F7H",
        "user_profile": {
            "avatar_hash": "4c43a3a8d10b",
            "image_72": "https:\/\/avatars.slack-edge.com\/2021-03-21\/1895736308209_4c43a3a8d10bc2fe5e13_72.png",
            "first_name": "siand",
            "real_name": "siand the LT (she\/her)",
            "display_name": "siand the LT (she\/her)",
            "team": "T01RBRV5F7H",
            "name": "sian.davies",
            "is_restricted": false,
            "is_ultra_restricted": false
        },
        "blocks": [
            {
                "type": "rich_text",
                "block_id": "7ey",
                "elements": [
                    {
                        "type": "rich_text_section",
                        "elements": [
                            {
                                "type": "broadcast",
                                "range": "channel"
                            },
                            {
                                "type": "text",
                                "text": " any suggestions for seaborn matplot lib charts you want us to go through in the lessons - add to the thread"
                            }
                        ]
                    }
                ]
            }
        ],
        "thread_ts": "1617094543.000900",
        "reply_count": 5,
        "reply_users_count": 4,
        "latest_reply": "1617119323.002600",
        "reply_users": [
            "U01RW140HBP",
            "U01S0E0MRJ7",
            "U01S7KCL3DF",
            "U01S133DZ9A"
        ],
        "replies": [
            {
                "user": "U01RW140HBP",
                "ts": "1617094555.001000"
            },
            {
                "user": "U01S0E0MRJ7",
                "ts": "1617094582.001200"
            },
            {
                "user": "U01S7KCL3DF",
                "ts": "1617096901.002000"
            },
            {
                "user": "U01RW140HBP",
                "ts": "1617100246.002400"
            },
            {
                "user": "U01S133DZ9A",
                "ts": "1617119323.002600"
            }
        ],
        "is_locked": false,
        "subscribed": false
    },
    {
        "client_msg_id": "1ed117d6-beab-4ae7-9c1a-15ea3085ae0e",
        "type": "message",
        "text": "isobel suggestions - stack bar and pie chart",
        "user": "U01RW140HBP",
        "ts": "1617094555.001000",
        "team": "T01RBRV5F7H",
        "user_team": "T01RBRV5F7H",
        "source_team": "T01RBRV5F7H",
        "user_profile": {
            "avatar_hash": "4c43a3a8d10b",
            "image_72": "https:\/\/avatars.slack-edge.com\/2021-03-21\/1895736308209_4c43a3a8d10bc2fe5e13_72.png",
            "first_name": "siand",
            "real_name": "siand the LT (she\/her)",
            "display_name": "siand the LT (she\/her)",
            "team": "T01RBRV5F7H",
            "name": "sian.davies",
            "is_restricted": false,
            "is_ultra_restricted": false
        },
        "blocks": [
            {
                "type": "rich_text",
                "block_id": "BfP",
                "elements": [
                    {
                        "type": "rich_text_section",
                        "elements": [
                            {
                                "type": "text",
                                "text": "isobel suggestions - stack bar and pie chart"
                            }
                        ]
                    }
                ]
            }
        ],
        "thread_ts": "1617094543.000900",
        "parent_user_id": "U01RW140HBP"
    },
    {
        "client_msg_id": "c6369727-1954-4c1f-b44e-17653074e29e",
        "type": "message",
        "text": "charts for categorical data in general",
        "user": "U01S0E0MRJ7",
        "ts": "1617094582.001200",
        "team": "T01RBRV5F7H",
        "user_team": "T01RBRV5F7H",
        "source_team": "T01RBRV5F7H",
        "user_profile": {
            "avatar_hash": "ad6853d3a1f4",
            "image_72": "https:\/\/avatars.slack-edge.com\/2021-04-16\/1993872127808_ad6853d3a1f43da8ec48_72.jpg",
            "first_name": "",
            "real_name": "Davis Pudans",
            "display_name": "Davis Pudans",
            "team": "T01RBRV5F7H",
            "name": "d.pudans",
            "is_restricted": false,
            "is_ultra_restricted": false
        },
        "blocks": [
            {
                "type": "rich_text",
                "block_id": "je0",
                "elements": [
                    {
                        "type": "rich_text_section",
                        "elements": [
                            {
                                "type": "text",
                                "text": "charts for categorical data in general"
                            }
                        ]
                    }
                ]
            }
        ],
        "thread_ts": "1617094543.000900",
        "parent_user_id": "U01RW140HBP",
        "reactions": [
            {
                "name": "+1",
                "users": [
                    "U01RKN0EGDV",
                    "U01RNEU3SNA"
                ],
                "count": 2
            }
        ]
    },
    {
        "type": "message",
        "text": "better options for plotting 2 different variables on the Y axis... i take full responsibility for this format\/colour scheme on our presentation (python struggles :see_no_evil: )",
        "files": [
            {
                "id": "F01STEYEKTM",
                "created": 1617096889,
                "timestamp": 1617096889,
                "name": "image.png",
                "title": "image.png",
                "mimetype": "image\/png",
                "filetype": "png",
                "pretty_type": "PNG",
                "user": "U01S7KCL3DF",
                "editable": false,
                "size": 60119,
                "mode": "hosted",
                "is_external": false,
                "external_type": "",
                "is_public": true,
                "public_url_shared": false,
                "display_as_bot": false,
                "username": "",
                "url_private": "https:\/\/files.slack.com\/files-pri\/T01RBRV5F7H-F01STEYEKTM\/image.png?t=xoxe-1861879185255-2047593969042-2053756158948-4cf6552631c579c36efd5d2fd242de30",
                "url_private_download": "https:\/\/files.slack.com\/files-pri\/T01RBRV5F7H-F01STEYEKTM\/download\/image.png?t=xoxe-1861879185255-2047593969042-2053756158948-4cf6552631c579c36efd5d2fd242de30",
                "thumb_64": "https:\/\/files.slack.com\/files-tmb\/T01RBRV5F7H-F01STEYEKTM-c175139151\/image_64.png?t=xoxe-1861879185255-2047593969042-2053756158948-4cf6552631c579c36efd5d2fd242de30",
                "thumb_80": "https:\/\/files.slack.com\/files-tmb\/T01RBRV5F7H-F01STEYEKTM-c175139151\/image_80.png?t=xoxe-1861879185255-2047593969042-2053756158948-4cf6552631c579c36efd5d2fd242de30",
                "thumb_360": "https:\/\/files.slack.com\/files-tmb\/T01RBRV5F7H-F01STEYEKTM-c175139151\/image_360.png?t=xoxe-1861879185255-2047593969042-2053756158948-4cf6552631c579c36efd5d2fd242de30",
                "thumb_360_w": 360,
                "thumb_360_h": 231,
                "thumb_480": "https:\/\/files.slack.com\/files-tmb\/T01RBRV5F7H-F01STEYEKTM-c175139151\/image_480.png?t=xoxe-1861879185255-2047593969042-2053756158948-4cf6552631c579c36efd5d2fd242de30",
                "thumb_480_w": 480,
                "thumb_480_h": 308,
                "thumb_160": "https:\/\/files.slack.com\/files-tmb\/T01RBRV5F7H-F01STEYEKTM-c175139151\/image_160.png?t=xoxe-1861879185255-2047593969042-2053756158948-4cf6552631c579c36efd5d2fd242de30",
                "thumb_720": "https:\/\/files.slack.com\/files-tmb\/T01RBRV5F7H-F01STEYEKTM-c175139151\/image_720.png?t=xoxe-1861879185255-2047593969042-2053756158948-4cf6552631c579c36efd5d2fd242de30",
                "thumb_720_w": 720,
                "thumb_720_h": 462,
                "thumb_800": "https:\/\/files.slack.com\/files-tmb\/T01RBRV5F7H-F01STEYEKTM-c175139151\/image_800.png?t=xoxe-1861879185255-2047593969042-2053756158948-4cf6552631c579c36efd5d2fd242de30",
                "thumb_800_w": 800,
                "thumb_800_h": 514,
                "thumb_960": "https:\/\/files.slack.com\/files-tmb\/T01RBRV5F7H-F01STEYEKTM-c175139151\/image_960.png?t=xoxe-1861879185255-2047593969042-2053756158948-4cf6552631c579c36efd5d2fd242de30",
                "thumb_960_w": 960,
                "thumb_960_h": 616,
                "original_w": 969,
                "original_h": 622,
                "thumb_tiny": "AwAeADC+xwVx69jS0j9V69aWhAFFAIPSigApRmmP92njHegBr9V+tG4frinlQSM9qTYP1zSAjzjOP71OY4GaUoMH65pdoZaAGORtPNOU5YgdqUoDn3pQoBJHegD\/2Q==",
                "permalink": "https:\/\/data-ft-ber-03-2021.slack.com\/files\/U01S7KCL3DF\/F01STEYEKTM\/image.png",
                "permalink_public": "https:\/\/slack-files.com\/T01RBRV5F7H-F01STEYEKTM-7f11e4e4e6",
                "is_starred": false,
                "has_rich_preview": false
            }
        ],
        "upload": false,
        "blocks": [
            {
                "type": "rich_text",
                "block_id": "g6F0",
                "elements": [
                    {
                        "type": "rich_text_section",
                        "elements": [
                            {
                                "type": "text",
                                "text": "better options for plotting 2 different variables on the Y axis... i take full responsibility for this format\/colour scheme on our presentation (python struggles "
                            },
                            {
                                "type": "emoji",
                                "name": "see_no_evil"
                            },
                            {
                                "type": "text",
                                "text": " )"
                            }
                        ]
                    }
                ]
            }
        ],
        "user": "U01S7KCL3DF",
        "display_as_bot": false,
        "ts": "1617096901.002000",
        "thread_ts": "1617094543.000900",
        "parent_user_id": "U01RW140HBP"
    },
    {
        "client_msg_id": "cc805552-8645-4a69-9bdc-d6e6cbeeb92d",
        "type": "message",
        "text": "no worries we will do it! I am looking forward to giving you the joy of tableau for much easier charting options",
        "user": "U01RW140HBP",
        "ts": "1617100246.002400",
        "team": "T01RBRV5F7H",
        "user_team": "T01RBRV5F7H",
        "source_team": "T01RBRV5F7H",
        "user_profile": {
            "avatar_hash": "4c43a3a8d10b",
            "image_72": "https:\/\/avatars.slack-edge.com\/2021-03-21\/1895736308209_4c43a3a8d10bc2fe5e13_72.png",
            "first_name": "siand",
            "real_name": "siand the LT (she\/her)",
            "display_name": "siand the LT (she\/her)",
            "team": "T01RBRV5F7H",
            "name": "sian.davies",
            "is_restricted": false,
            "is_ultra_restricted": false
        },
        "blocks": [
            {
                "type": "rich_text",
                "block_id": "KD=",
                "elements": [
                    {
                        "type": "rich_text_section",
                        "elements": [
                            {
                                "type": "text",
                                "text": "no worries we will do it! I am looking forward to giving you the joy of tableau for much easier charting options"
                            }
                        ]
                    }
                ]
            }
        ],
        "thread_ts": "1617094543.000900",
        "parent_user_id": "U01RW140HBP"
    },
    {
        "client_msg_id": "42be9d97-b9f0-4d39-b14c-367a7124a982",
        "type": "message",
        "text": "Stacked column chart",
        "user": "U01S133DZ9A",
        "ts": "1617119323.002600",
        "team": "T01RBRV5F7H",
        "user_team": "T01RBRV5F7H",
        "source_team": "T01RBRV5F7H",
        "user_profile": {
            "avatar_hash": "adb8b81e55b5",
            "image_72": "https:\/\/avatars.slack-edge.com\/2021-03-23\/1887337161925_adb8b81e55b5ac488cf1_72.jpg",
            "first_name": "Simon",
            "real_name": "Simon Data",
            "display_name": "Simon Data",
            "team": "T01RBRV5F7H",
            "name": "simples707data",
            "is_restricted": false,
            "is_ultra_restricted": false
        },
        "blocks": [
            {
                "type": "rich_text",
                "block_id": "D=vl",
                "elements": [
                    {
                        "type": "rich_text_section",
                        "elements": [
                            {
                                "type": "text",
                                "text": "Stacked column chart"
                            }
                        ]
                    }
                ]
            }
        ],
        "thread_ts": "1617094543.000900",
        "parent_user_id": "U01RW140HBP"
    }
]