[
{
    "id": "C01RKRMS10W",
    "name": "general",
    "created": 1616107441,
    "creator": "U01RSRE0N3D",
    "is_archived": false,
    "is_general": true,
    "members": [
        "U01RKN0EGDV",
        "U01RN7BVD1C",
        "U01RNEU3SNA",
        "U01RP2K1606",
        "U01RRV4JX6Z",
        "U01RS9Y6UJH",
        "U01RSRE0N3D",
        "U01RUTP1ZQB",
        "U01RUU9SK4K",
        "U01RV3K524T",
        "U01RVSTNRRT",
        "U01RW140HBP",
        "U01RW2X7S9Z",
        "U01RXCQHMHT",
        "U01S081EULS",
        "U01S0E0MRJ7",
        "U01S0MFJ3HR",
        "U01S0P26NKD",
        "U01S133DZ9A",
        "U01S1CWGTU4",
        "U01S65G72SY",
        "U01S6L7HLUC",
        "U01S6LCPM0C",
        "U01S79YDELR",
        "U01S7BM4N81",
        "U01S7KCL3DF",
        "U01S85M3UCV",
        "U01SD3CDH9P",
        "U01SJKB2MG8",
        "U01SK96QF5E"
    ],
    "pins": [
        {
            "id": "1616485380.003400",
            "type": "C",
            "created": 1616485580,
            "user": "U01S081EULS",
            "owner": "USLACKBOT"
        },
        {
            "id": "1616486407.006500",
            "type": "C",
            "created": 1616486416,
            "user": "U01S7KCL3DF",
            "owner": "U01S7KCL3DF"
        },
        {
            "id": "1617707970.021700",
            "type": "C",
            "created": 1617778896,
            "user": "U01RW2X7S9Z",
            "owner": "U01RW140HBP"
        }
    ],
    "topic": {
        "value": ":zoom: classroom:\n<https:\/\/zoom.us\/j\/877626245>\npw: 986565",
        "creator": "U01RW2X7S9Z",
        "last_set": 1620284481
    },
    "purpose": {
        "value": ":zoom: classroom:\n<https:\/\/zoom.us\/j\/877626245>\npw: 986565",
        "creator": "U01S7BM4N81",
        "last_set": 1618672219
    }
},
{
    "id": "C01RPGU7NTF",
    "name": "random",
    "created": 1616107441,
    "creator": "U01RSRE0N3D",
    "is_archived": false,
    "is_general": false,
    "members": [
        "U01RKN0EGDV",
        "U01RN7BVD1C",
        "U01RNEU3SNA",
        "U01RP2K1606",
        "U01RRV4JX6Z",
        "U01RS9Y6UJH",
        "U01RSRE0N3D",
        "U01RUTP1ZQB",
        "U01RUU9SK4K",
        "U01RV3K524T",
        "U01RVSTNRRT",
        "U01RW140HBP",
        "U01RW2X7S9Z",
        "U01RXCQHMHT",
        "U01S081EULS",
        "U01S0E0MRJ7",
        "U01S0MFJ3HR",
        "U01S0P26NKD",
        "U01S133DZ9A",
        "U01S1CWGTU4",
        "U01S65G72SY",
        "U01S6L7HLUC",
        "U01S6LCPM0C",
        "U01S79YDELR",
        "U01S7BM4N81",
        "U01S7KCL3DF",
        "U01S85M3UCV",
        "U01SD3CDH9P",
        "U01SJKB2MG8",
        "U01SK96QF5E"
    ],
    "topic": {
        "value": "",
        "creator": "",
        "last_set": 0
    },
    "purpose": {
        "value": "This channel is for... well, everything else. It’s a place for team jokes, spur-of-the-moment ideas, and funny GIFs. Go wild!",
        "creator": "U01RSRE0N3D",
        "last_set": 1616107441
    }
},
{
    "id": "C01RPHG9G69",
    "name": "fun_committee",
    "created": 1616107937,
    "creator": "U01RSRE0N3D",
    "is_archived": false,
    "is_general": false,
    "members": [
        "U01RKN0EGDV",
        "U01RN7BVD1C",
        "U01RNEU3SNA",
        "U01RP2K1606",
        "U01RRV4JX6Z",
        "U01RS9Y6UJH",
        "U01RSRE0N3D",
        "U01RV3K524T",
        "U01RVSTNRRT",
        "U01RW140HBP",
        "U01RW2X7S9Z",
        "U01RXCQHMHT",
        "U01S081EULS",
        "U01S0E0MRJ7",
        "U01S0MFJ3HR",
        "U01S0P26NKD",
        "U01S133DZ9A",
        "U01S1CWGTU4",
        "U01S65G72SY",
        "U01S6L7HLUC",
        "U01S6LCPM0C",
        "U01S79YDELR",
        "U01S7BM4N81",
        "U01S7KCL3DF",
        "U01SD3CDH9P",
        "U01SJKB2MG8",
        "U01SK96QF5E"
    ],
    "pins": [
        {
            "id": "1616602964.006400",
            "type": "C",
            "created": 1617000537,
            "user": "U01RSRE0N3D",
            "owner": "U01RSRE0N3D"
        }
    ],
    "topic": {
        "value": "",
        "creator": "",
        "last_set": 0
    },
    "purpose": {
        "value": "",
        "creator": "",
        "last_set": 0
    }
},
{
    "id": "C01RSRK4P27",
    "name": "data-bootcamp",
    "created": 1616107551,
    "creator": "U01RSRE0N3D",
    "is_archived": false,
    "is_general": false,
    "members": [
        "U01RKN0EGDV",
        "U01RN7BVD1C",
        "U01RNEU3SNA",
        "U01RP2K1606",
        "U01RRV4JX6Z",
        "U01RS9Y6UJH",
        "U01RSRE0N3D",
        "U01RUTP1ZQB",
        "U01RUU9SK4K",
        "U01RV3K524T",
        "U01RVSTNRRT",
        "U01RW140HBP",
        "U01RW2X7S9Z",
        "U01RXCQHMHT",
        "U01S081EULS",
        "U01S0E0MRJ7",
        "U01S0MFJ3HR",
        "U01S0P26NKD",
        "U01S133DZ9A",
        "U01S1CWGTU4",
        "U01S65G72SY",
        "U01S6L7HLUC",
        "U01S6LCPM0C",
        "U01S79YDELR",
        "U01S7BM4N81",
        "U01S7KCL3DF",
        "U01S85M3UCV",
        "U01SD3CDH9P",
        "U01SJKB2MG8",
        "U01SK96QF5E"
    ],
    "topic": {
        "value": "",
        "creator": "",
        "last_set": 0
    },
    "purpose": {
        "value": "This *channel* is for working on a project. Hold meetings, share docs, and make decisions together with your team.",
        "creator": "U01RSRE0N3D",
        "last_set": 1616107551
    }
},
{
    "id": "C01RY8SDHEH",
    "name": "data-memes",
    "created": 1616421966,
    "creator": "U01SJKB2MG8",
    "is_archived": false,
    "is_general": false,
    "members": [
        "U01RKN0EGDV",
        "U01RN7BVD1C",
        "U01RNEU3SNA",
        "U01RP2K1606",
        "U01RRV4JX6Z",
        "U01RS9Y6UJH",
        "U01RSRE0N3D",
        "U01RV3K524T",
        "U01RVSTNRRT",
        "U01RW140HBP",
        "U01RW2X7S9Z",
        "U01RXCQHMHT",
        "U01S081EULS",
        "U01S0E0MRJ7",
        "U01S0MFJ3HR",
        "U01S0P26NKD",
        "U01S133DZ9A",
        "U01S1CWGTU4",
        "U01S65G72SY",
        "U01S6L7HLUC",
        "U01S6LCPM0C",
        "U01S79YDELR",
        "U01S7BM4N81",
        "U01S7KCL3DF",
        "U01SD3CDH9P",
        "U01SJKB2MG8",
        "U01SK96QF5E"
    ],
    "topic": {
        "value": "",
        "creator": "",
        "last_set": 0
    },
    "purpose": {
        "value": "memes &amp; data, what else....",
        "creator": "U01SJKB2MG8",
        "last_set": 1616421966
    }
},
{
    "id": "C01RYQKD2GL",
    "name": "data_resources",
    "created": 1616107876,
    "creator": "U01RSRE0N3D",
    "is_archived": false,
    "is_general": false,
    "members": [
        "U01RKN0EGDV",
        "U01RN7BVD1C",
        "U01RNEU3SNA",
        "U01RP2K1606",
        "U01RRV4JX6Z",
        "U01RS9Y6UJH",
        "U01RSRE0N3D",
        "U01RV3K524T",
        "U01RVSTNRRT",
        "U01RW140HBP",
        "U01RW2X7S9Z",
        "U01RXCQHMHT",
        "U01S081EULS",
        "U01S0E0MRJ7",
        "U01S0MFJ3HR",
        "U01S0P26NKD",
        "U01S133DZ9A",
        "U01S1CWGTU4",
        "U01S65G72SY",
        "U01S6L7HLUC",
        "U01S6LCPM0C",
        "U01S79YDELR",
        "U01S7BM4N81",
        "U01S7KCL3DF",
        "U01S85M3UCV",
        "U01SD3CDH9P",
        "U01SJKB2MG8",
        "U01SK96QF5E"
    ],
    "topic": {
        "value": "Find the resources also on notion, here: <https:\/\/www.notion.so\/ironhack\/8af74fb0e11447e9812e816ec184b958?v=c90c2e1e8d2846f0bc25d8a9e667ff1e>",
        "creator": "U01SJKB2MG8",
        "last_set": 1616437633
    },
    "purpose": {
        "value": "",
        "creator": "",
        "last_set": 0
    }
},
{
    "id": "C01RYQQQEHJ",
    "name": "music",
    "created": 1616108000,
    "creator": "U01RSRE0N3D",
    "is_archived": false,
    "is_general": false,
    "members": [
        "U01RKN0EGDV",
        "U01RN7BVD1C",
        "U01RNEU3SNA",
        "U01RP2K1606",
        "U01RRV4JX6Z",
        "U01RS9Y6UJH",
        "U01RSRE0N3D",
        "U01RV3K524T",
        "U01RVSTNRRT",
        "U01RW140HBP",
        "U01RW2X7S9Z",
        "U01RXCQHMHT",
        "U01S081EULS",
        "U01S0E0MRJ7",
        "U01S0MFJ3HR",
        "U01S0P26NKD",
        "U01S133DZ9A",
        "U01S1CWGTU4",
        "U01S65G72SY",
        "U01S6L7HLUC",
        "U01S6LCPM0C",
        "U01S79YDELR",
        "U01S7BM4N81",
        "U01S7KCL3DF",
        "U01S85M3UCV",
        "U01SD3CDH9P",
        "U01SK96QF5E"
    ],
    "topic": {
        "value": "",
        "creator": "",
        "last_set": 0
    },
    "purpose": {
        "value": "",
        "creator": "",
        "last_set": 0
    }
},
{
    "id": "C01S07DTUKH",
    "name": "katas",
    "created": 1616689008,
    "creator": "U01SJKB2MG8",
    "is_archived": false,
    "is_general": false,
    "members": [
        "U01RKN0EGDV",
        "U01RN7BVD1C",
        "U01RNEU3SNA",
        "U01RP2K1606",
        "U01RRV4JX6Z",
        "U01RS9Y6UJH",
        "U01RSRE0N3D",
        "U01RV3K524T",
        "U01RVSTNRRT",
        "U01RW140HBP",
        "U01RW2X7S9Z",
        "U01RXCQHMHT",
        "U01S081EULS",
        "U01S0E0MRJ7",
        "U01S0MFJ3HR",
        "U01S0P26NKD",
        "U01S133DZ9A",
        "U01S1CWGTU4",
        "U01S65G72SY",
        "U01S6L7HLUC",
        "U01S6LCPM0C",
        "U01S79YDELR",
        "U01S7BM4N81",
        "U01S7KCL3DF",
        "U01SD3CDH9P",
        "U01SJKB2MG8",
        "U01SK96QF5E"
    ],
    "topic": {
        "value": "Have the list of Katas we did and the solutions here: <https:\/\/www.notion.so\/ironhack\/f04376c779aa462793d49e927acd2f9b?v=b1f5bff5716c4915be65ce410a9d1166>",
        "creator": "U01SJKB2MG8",
        "last_set": 1616692814
    },
    "purpose": {
        "value": "",
        "creator": "",
        "last_set": 0
    }
},
{
    "id": "C01S58JN5FT",
    "name": "lab-help",
    "created": 1616107975,
    "creator": "U01RSRE0N3D",
    "is_archived": false,
    "is_general": false,
    "members": [
        "U01RKN0EGDV",
        "U01RN7BVD1C",
        "U01RNEU3SNA",
        "U01RP2K1606",
        "U01RRV4JX6Z",
        "U01RS9Y6UJH",
        "U01RSRE0N3D",
        "U01RUTP1ZQB",
        "U01RV3K524T",
        "U01RVSTNRRT",
        "U01RW140HBP",
        "U01RW2X7S9Z",
        "U01RXCQHMHT",
        "U01S081EULS",
        "U01S0E0MRJ7",
        "U01S0MFJ3HR",
        "U01S0P26NKD",
        "U01S133DZ9A",
        "U01S1CWGTU4",
        "U01S65G72SY",
        "U01S6L7HLUC",
        "U01S6LCPM0C",
        "U01S79YDELR",
        "U01S7BM4N81",
        "U01S7KCL3DF",
        "U01S85M3UCV",
        "U01SD3CDH9P",
        "U01SJKB2MG8",
        "U01SK96QF5E"
    ],
    "topic": {
        "value": "",
        "creator": "",
        "last_set": 0
    },
    "purpose": {
        "value": "",
        "creator": "",
        "last_set": 0
    }
},
{
    "id": "C01S6UPTSLE",
    "name": "books",
    "created": 1616671439,
    "creator": "U01RRV4JX6Z",
    "is_archived": false,
    "is_general": false,
    "members": [
        "U01RRV4JX6Z"
    ],
    "topic": {
        "value": "",
        "creator": "",
        "last_set": 0
    },
    "purpose": {
        "value": "",
        "creator": "",
        "last_set": 0
    }
},
{
    "id": "C01SAEL4UKF",
    "name": "data-viz-beauties",
    "created": 1616667755,
    "creator": "U01SJKB2MG8",
    "is_archived": false,
    "is_general": false,
    "members": [
        "U01RKN0EGDV",
        "U01RN7BVD1C",
        "U01RNEU3SNA",
        "U01RP2K1606",
        "U01RRV4JX6Z",
        "U01RS9Y6UJH",
        "U01RSRE0N3D",
        "U01RV3K524T",
        "U01RVSTNRRT",
        "U01RW140HBP",
        "U01RW2X7S9Z",
        "U01RXCQHMHT",
        "U01S081EULS",
        "U01S0E0MRJ7",
        "U01S0MFJ3HR",
        "U01S0P26NKD",
        "U01S133DZ9A",
        "U01S1CWGTU4",
        "U01S65G72SY",
        "U01S6L7HLUC",
        "U01S6LCPM0C",
        "U01S79YDELR",
        "U01S7BM4N81",
        "U01S7KCL3DF",
        "U01SD3CDH9P",
        "U01SJKB2MG8",
        "U01SK96QF5E"
    ],
    "topic": {
        "value": "",
        "creator": "",
        "last_set": 0
    },
    "purpose": {
        "value": "All gorgeous, beautiful, crazy or whacky data visualisations in here please. Especially your own creations",
        "creator": "U01SJKB2MG8",
        "last_set": 1616667755
    }
},
{
    "id": "C01T5AKBA9W",
    "name": "frustrations-shared",
    "created": 1616695675,
    "creator": "U01S133DZ9A",
    "is_archived": false,
    "is_general": false,
    "members": [
        "U01S133DZ9A"
    ],
    "topic": {
        "value": "",
        "creator": "",
        "last_set": 0
    },
    "purpose": {
        "value": "A place to vent your frustration with the world of code and your struggles to comprehend it",
        "creator": "U01S133DZ9A",
        "last_set": 1616695676
    }
},
{
    "id": "C01TAJG1C11",
    "name": "vanilla_plus_more",
    "created": 1617636971,
    "creator": "U01RW140HBP",
    "is_archived": false,
    "is_general": false,
    "members": [
        "U01RKN0EGDV",
        "U01RN7BVD1C",
        "U01RP2K1606",
        "U01RSRE0N3D",
        "U01RV3K524T",
        "U01RW140HBP",
        "U01S0MFJ3HR",
        "U01S133DZ9A",
        "U01S79YDELR",
        "U01S7KCL3DF",
        "U01SD3CDH9P",
        "U01SJKB2MG8"
    ],
    "topic": {
        "value": "",
        "creator": "",
        "last_set": 0
    },
    "purpose": {
        "value": "this channel is to continue learning reinforcement of the basic concepts in python, small challenges, extra optional labs, workshops",
        "creator": "U01RW140HBP",
        "last_set": 1617636971
    }
},
{
    "id": "C020FGR4XHA",
    "name": "project-storytelling",
    "created": 1619602313,
    "creator": "U01S79YDELR",
    "is_archived": false,
    "is_general": false,
    "members": [
        "U01RV3K524T",
        "U01RVSTNRRT",
        "U01S79YDELR"
    ],
    "topic": {
        "value": "",
        "creator": "",
        "last_set": 0
    },
    "purpose": {
        "value": "",
        "creator": "",
        "last_set": 0
    }
},
{
    "id": "C020LMP4V5K",
    "name": "web-scraping-latino",
    "created": 1620031975,
    "creator": "U01SD3CDH9P",
    "is_archived": true,
    "is_general": false,
    "members": [],
    "topic": {
        "value": "",
        "creator": "",
        "last_set": 0
    },
    "purpose": {
        "value": "",
        "creator": "",
        "last_set": 0
    }
},
{
    "id": "C0215VDBWPQ",
    "name": "final-project",
    "created": 1620629187,
    "creator": "U01RSRE0N3D",
    "is_archived": false,
    "is_general": false,
    "members": [
        "U01RKN0EGDV",
        "U01RN7BVD1C",
        "U01RNEU3SNA",
        "U01RP2K1606",
        "U01RRV4JX6Z",
        "U01RS9Y6UJH",
        "U01RSRE0N3D",
        "U01RV3K524T",
        "U01RVSTNRRT",
        "U01RW140HBP",
        "U01RW2X7S9Z",
        "U01RXCQHMHT",
        "U01S081EULS",
        "U01S0E0MRJ7",
        "U01S0MFJ3HR",
        "U01S0P26NKD",
        "U01S133DZ9A",
        "U01S1CWGTU4",
        "U01S65G72SY",
        "U01S6L7HLUC",
        "U01S6LCPM0C",
        "U01S79YDELR",
        "U01S7BM4N81",
        "U01S7KCL3DF",
        "U01SD3CDH9P",
        "U01SJKB2MG8",
        "U01SK96QF5E"
    ],
    "topic": {
        "value": "",
        "creator": "",
        "last_set": 0
    },
    "purpose": {
        "value": "",
        "creator": "",
        "last_set": 0
    }
}
]