[
    {
        "client_msg_id": "593fe4d1-4a6b-4827-9c53-260376d6493f",
        "type": "message",
        "text": "<https:\/\/www.codewars.com\/kata\/57a0556c7cb1f31ab3000ad7\/train\/python>",
        "user": "U01RSRE0N3D",
        "ts": "1618229024.000200",
        "team": "T01RBRV5F7H",
        "user_team": "T01RBRV5F7H",
        "source_team": "T01RBRV5F7H",
        "user_profile": {
            "avatar_hash": "5b0571ca5e6f",
            "image_72": "https:\/\/avatars.slack-edge.com\/2021-03-18\/1876877550179_5b0571ca5e6fe1f759fe_72.jpg",
            "first_name": "Kosta",
            "real_name": "Kosta",
            "display_name": "Kosta",
            "team": "T01RBRV5F7H",
            "name": "kostadin.mitkov",
            "is_restricted": false,
            "is_ultra_restricted": false
        },
        "attachments": [
            {
                "service_name": "Codewars",
                "title": "Training on MakeUpperCase | Codewars",
                "title_link": "https:\/\/www.codewars.com\/kata\/57a0556c7cb1f31ab3000ad7\/train\/python",
                "text": "Codewars is where developers achieve code mastery through challenge. Train on kata in the dojo and reach your highest potential.",
                "fallback": "Codewars: Training on MakeUpperCase | Codewars",
                "from_url": "https:\/\/www.codewars.com\/kata\/57a0556c7cb1f31ab3000ad7\/train\/python",
                "thumb_url": "https:\/\/www.codewars.com\/assets\/logos\/logo-square-paper-bg-c3d2b1eb4fb35d75b0c0c0e3b74616fab527afdce9d1d3184624cf0b4e950357.jpg",
                "thumb_width": 200,
                "thumb_height": 200,
                "service_icon": "https:\/\/www.codewars.com\/favicon.ico",
                "id": 1,
                "original_url": "https:\/\/www.codewars.com\/kata\/57a0556c7cb1f31ab3000ad7\/train\/python"
            }
        ],
        "blocks": [
            {
                "type": "rich_text",
                "block_id": "EhY",
                "elements": [
                    {
                        "type": "rich_text_section",
                        "elements": [
                            {
                                "type": "link",
                                "url": "https:\/\/www.codewars.com\/kata\/57a0556c7cb1f31ab3000ad7\/train\/python"
                            }
                        ]
                    }
                ]
            }
        ],
        "thread_ts": "1618229024.000200",
        "reply_count": 7,
        "reply_users_count": 3,
        "latest_reply": "1618229314.003300",
        "reply_users": [
            "U01S7BM4N81",
            "U01RW2X7S9Z",
            "U01S7KCL3DF"
        ],
        "replies": [
            {
                "user": "U01S7BM4N81",
                "ts": "1618229069.000600"
            },
            {
                "user": "U01RW2X7S9Z",
                "ts": "1618229097.001500"
            },
            {
                "user": "U01S7BM4N81",
                "ts": "1618229139.002400"
            },
            {
                "user": "U01S7BM4N81",
                "ts": "1618229156.002600"
            },
            {
                "user": "U01RW2X7S9Z",
                "ts": "1618229164.002800"
            },
            {
                "user": "U01S7BM4N81",
                "ts": "1618229300.003000"
            },
            {
                "user": "U01S7KCL3DF",
                "ts": "1618229314.003300"
            }
        ],
        "is_locked": false,
        "subscribed": true,
        "last_read": "1618229314.003300",
        "reactions": [
            {
                "name": "white_check_mark",
                "users": [
                    "U01S7BM4N81",
                    "U01RW2X7S9Z",
                    "U01SD3CDH9P",
                    "U01RKN0EGDV",
                    "U01S1CWGTU4",
                    "U01S6LCPM0C",
                    "U01SK96QF5E"
                ],
                "count": 7
            }
        ]
    },
    {
        "client_msg_id": "c2d95c8b-3e50-4d48-8135-648704bf35d3",
        "type": "message",
        "text": "Who was first? :smile:",
        "user": "U01S7BM4N81",
        "ts": "1618229069.000600",
        "team": "T01RBRV5F7H",
        "user_team": "T01RBRV5F7H",
        "source_team": "T01RBRV5F7H",
        "user_profile": {
            "avatar_hash": "2adfc641e87e",
            "image_72": "https:\/\/avatars.slack-edge.com\/2021-04-16\/1994438084416_2adfc641e87e3a953d9c_72.png",
            "first_name": "Thamo",
            "real_name": "Thamo",
            "display_name": "Thamo",
            "team": "T01RBRV5F7H",
            "name": "thamokoeper",
            "is_restricted": false,
            "is_ultra_restricted": false
        },
        "edited": {
            "user": "U01S7BM4N81",
            "ts": "1618229077.000000"
        },
        "blocks": [
            {
                "type": "rich_text",
                "block_id": "=AEq",
                "elements": [
                    {
                        "type": "rich_text_section",
                        "elements": [
                            {
                                "type": "text",
                                "text": "Who was first? "
                            },
                            {
                                "type": "emoji",
                                "name": "smile"
                            }
                        ]
                    }
                ]
            }
        ],
        "thread_ts": "1618229024.000200",
        "parent_user_id": "U01RSRE0N3D"
    },
    {
        "client_msg_id": "33452e06-616f-439e-9ad6-02aeb31269b5",
        "type": "message",
        "text": "Where is it?",
        "user": "U01RRV4JX6Z",
        "ts": "1618229083.001100",
        "team": "T01RBRV5F7H",
        "user_team": "T01RBRV5F7H",
        "source_team": "T01RBRV5F7H",
        "user_profile": {
            "avatar_hash": "339c4d69b7d9",
            "image_72": "https:\/\/avatars.slack-edge.com\/2021-04-14\/1961122781618_339c4d69b7d9fe16343a_72.jpg",
            "first_name": "",
            "real_name": "Francisco Ebeling",
            "display_name": "Francisco Ebeling",
            "team": "T01RBRV5F7H",
            "name": "ebelingbarros",
            "is_restricted": false,
            "is_ultra_restricted": false
        },
        "blocks": [
            {
                "type": "rich_text",
                "block_id": "h+H",
                "elements": [
                    {
                        "type": "rich_text_section",
                        "elements": [
                            {
                                "type": "text",
                                "text": "Where is it?"
                            }
                        ]
                    }
                ]
            }
        ],
        "thread_ts": "1618229083.001100",
        "reply_count": 1,
        "reply_users_count": 1,
        "latest_reply": "1618229101.001700",
        "reply_users": [
            "U01S7BM4N81"
        ],
        "replies": [
            {
                "user": "U01S7BM4N81",
                "ts": "1618229101.001700"
            }
        ],
        "is_locked": false,
        "subscribed": false
    },
    {
        "client_msg_id": "67dc2652-03b5-4f43-b826-e8883ea5bc58",
        "type": "message",
        "text": "<https:\/\/www.codewars.com\/kata\/57a0556c7cb1f31ab3000ad7\/train\/python>",
        "user": "U01SD3CDH9P",
        "ts": "1618229096.001400",
        "team": "T01RBRV5F7H",
        "user_team": "T01RBRV5F7H",
        "source_team": "T01RBRV5F7H",
        "user_profile": {
            "avatar_hash": "735d50ad8f34",
            "image_72": "https:\/\/avatars.slack-edge.com\/2021-04-15\/1962810903269_735d50ad8f345a94bd76_72.jpg",
            "first_name": "",
            "real_name": "Andrea Tognoli",
            "display_name": "Andrea Tognoli",
            "team": "T01RBRV5F7H",
            "name": "andreatognoli001",
            "is_restricted": false,
            "is_ultra_restricted": false
        },
        "blocks": [
            {
                "type": "rich_text",
                "block_id": "WN7",
                "elements": [
                    {
                        "type": "rich_text_section",
                        "elements": [
                            {
                                "type": "link",
                                "url": "https:\/\/www.codewars.com\/kata\/57a0556c7cb1f31ab3000ad7\/train\/python"
                            }
                        ]
                    }
                ]
            }
        ]
    },
    {
        "client_msg_id": "b63eafaf-fd31-4a13-b26b-81ee65d897fd",
        "type": "message",
        "text": "to know the answer or to put the tick? :girl-grin:",
        "user": "U01RW2X7S9Z",
        "ts": "1618229097.001500",
        "team": "T01RBRV5F7H",
        "user_team": "T01RBRV5F7H",
        "source_team": "T01RBRV5F7H",
        "user_profile": {
            "avatar_hash": "7e12d75d168a",
            "image_72": "https:\/\/avatars.slack-edge.com\/2021-03-19\/1880105796643_7e12d75d168ae25c167d_72.jpg",
            "first_name": "Alexandre",
            "real_name": "Alexandre Sommerkamp",
            "display_name": "Alexandre Sommerkamp",
            "team": "T01RBRV5F7H",
            "name": "alex.c.skp",
            "is_restricted": false,
            "is_ultra_restricted": false
        },
        "blocks": [
            {
                "type": "rich_text",
                "block_id": "Nkf",
                "elements": [
                    {
                        "type": "rich_text_section",
                        "elements": [
                            {
                                "type": "text",
                                "text": "to know the answer or to put the tick? "
                            },
                            {
                                "type": "emoji",
                                "name": "girl-grin"
                            }
                        ]
                    }
                ]
            }
        ],
        "thread_ts": "1618229024.000200",
        "parent_user_id": "U01RSRE0N3D"
    },
    {
        "client_msg_id": "b83506b4-d33b-4182-bf59-f839e763f1f6",
        "type": "message",
        "text": "<https:\/\/www.codewars.com\/kata\/57a0556c7cb1f31ab3000ad7\/train\/python>",
        "user": "U01S7BM4N81",
        "ts": "1618229101.001700",
        "team": "T01RBRV5F7H",
        "user_team": "T01RBRV5F7H",
        "source_team": "T01RBRV5F7H",
        "user_profile": {
            "avatar_hash": "2adfc641e87e",
            "image_72": "https:\/\/avatars.slack-edge.com\/2021-04-16\/1994438084416_2adfc641e87e3a953d9c_72.png",
            "first_name": "Thamo",
            "real_name": "Thamo",
            "display_name": "Thamo",
            "team": "T01RBRV5F7H",
            "name": "thamokoeper",
            "is_restricted": false,
            "is_ultra_restricted": false
        },
        "blocks": [
            {
                "type": "rich_text",
                "block_id": "vnWr",
                "elements": [
                    {
                        "type": "rich_text_section",
                        "elements": [
                            {
                                "type": "link",
                                "url": "https:\/\/www.codewars.com\/kata\/57a0556c7cb1f31ab3000ad7\/train\/python"
                            }
                        ]
                    }
                ]
            }
        ],
        "thread_ts": "1618229083.001100",
        "parent_user_id": "U01RRV4JX6Z",
        "reactions": [
            {
                "name": "+1",
                "users": [
                    "U01RRV4JX6Z"
                ],
                "count": 1
            }
        ]
    },
    {
        "client_msg_id": "cf13b5cd-b9e4-499d-bb1f-fb473e663ac7",
        "type": "message",
        "text": "Thanks",
        "user": "U01RRV4JX6Z",
        "ts": "1618229107.002100",
        "team": "T01RBRV5F7H",
        "user_team": "T01RBRV5F7H",
        "source_team": "T01RBRV5F7H",
        "user_profile": {
            "avatar_hash": "339c4d69b7d9",
            "image_72": "https:\/\/avatars.slack-edge.com\/2021-04-14\/1961122781618_339c4d69b7d9fe16343a_72.jpg",
            "first_name": "",
            "real_name": "Francisco Ebeling",
            "display_name": "Francisco Ebeling",
            "team": "T01RBRV5F7H",
            "name": "ebelingbarros",
            "is_restricted": false,
            "is_ultra_restricted": false
        },
        "blocks": [
            {
                "type": "rich_text",
                "block_id": "KO6",
                "elements": [
                    {
                        "type": "rich_text_section",
                        "elements": [
                            {
                                "type": "text",
                                "text": "Thanks"
                            }
                        ]
                    }
                ]
            }
        ]
    },
    {
        "client_msg_id": "b76a4fe5-84dd-4ed8-96d0-86bad1aca6ec",
        "type": "message",
        "text": ":squirrel:",
        "user": "U01S7BM4N81",
        "ts": "1618229139.002400",
        "team": "T01RBRV5F7H",
        "user_team": "T01RBRV5F7H",
        "source_team": "T01RBRV5F7H",
        "user_profile": {
            "avatar_hash": "2adfc641e87e",
            "image_72": "https:\/\/avatars.slack-edge.com\/2021-04-16\/1994438084416_2adfc641e87e3a953d9c_72.png",
            "first_name": "Thamo",
            "real_name": "Thamo",
            "display_name": "Thamo",
            "team": "T01RBRV5F7H",
            "name": "thamokoeper",
            "is_restricted": false,
            "is_ultra_restricted": false
        },
        "blocks": [
            {
                "type": "rich_text",
                "block_id": "zDw",
                "elements": [
                    {
                        "type": "rich_text_section",
                        "elements": [
                            {
                                "type": "emoji",
                                "name": "squirrel"
                            }
                        ]
                    }
                ]
            }
        ],
        "thread_ts": "1618229024.000200",
        "parent_user_id": "U01RSRE0N3D"
    },
    {
        "client_msg_id": "3935e4b5-6961-452a-a160-97639da0803c",
        "type": "message",
        "text": "you wouldnt hit the tick before you got the attempt right, would you?! :smile:",
        "user": "U01S7BM4N81",
        "ts": "1618229156.002600",
        "team": "T01RBRV5F7H",
        "user_team": "T01RBRV5F7H",
        "source_team": "T01RBRV5F7H",
        "user_profile": {
            "avatar_hash": "2adfc641e87e",
            "image_72": "https:\/\/avatars.slack-edge.com\/2021-04-16\/1994438084416_2adfc641e87e3a953d9c_72.png",
            "first_name": "Thamo",
            "real_name": "Thamo",
            "display_name": "Thamo",
            "team": "T01RBRV5F7H",
            "name": "thamokoeper",
            "is_restricted": false,
            "is_ultra_restricted": false
        },
        "blocks": [
            {
                "type": "rich_text",
                "block_id": "xzxY",
                "elements": [
                    {
                        "type": "rich_text_section",
                        "elements": [
                            {
                                "type": "text",
                                "text": "you wouldnt hit the tick before you got the attempt right, would you?! "
                            },
                            {
                                "type": "emoji",
                                "name": "smile"
                            }
                        ]
                    }
                ]
            }
        ],
        "thread_ts": "1618229024.000200",
        "parent_user_id": "U01RSRE0N3D"
    },
    {
        "client_msg_id": "34335673-7902-44c5-9c46-35984e43dcf3",
        "type": "message",
        "text": "if you didnt wait until kosta put the link, open it, write the code and attempted, it doesnt count xD",
        "user": "U01RW2X7S9Z",
        "ts": "1618229164.002800",
        "team": "T01RBRV5F7H",
        "user_team": "T01RBRV5F7H",
        "source_team": "T01RBRV5F7H",
        "user_profile": {
            "avatar_hash": "7e12d75d168a",
            "image_72": "https:\/\/avatars.slack-edge.com\/2021-03-19\/1880105796643_7e12d75d168ae25c167d_72.jpg",
            "first_name": "Alexandre",
            "real_name": "Alexandre Sommerkamp",
            "display_name": "Alexandre Sommerkamp",
            "team": "T01RBRV5F7H",
            "name": "alex.c.skp",
            "is_restricted": false,
            "is_ultra_restricted": false
        },
        "blocks": [
            {
                "type": "rich_text",
                "block_id": "hLmV",
                "elements": [
                    {
                        "type": "rich_text_section",
                        "elements": [
                            {
                                "type": "text",
                                "text": "if you didnt wait until kosta put the link, open it, write the code and attempted, it doesnt count xD"
                            }
                        ]
                    }
                ]
            }
        ],
        "thread_ts": "1618229024.000200",
        "parent_user_id": "U01RSRE0N3D"
    },
    {
        "client_msg_id": "90a3c133-d6b6-4168-8f52-000c9e3cae03",
        "type": "message",
        "text": "nah, all within the rules :slightly_smiling_face:",
        "user": "U01S7BM4N81",
        "ts": "1618229300.003000",
        "team": "T01RBRV5F7H",
        "user_team": "T01RBRV5F7H",
        "source_team": "T01RBRV5F7H",
        "user_profile": {
            "avatar_hash": "2adfc641e87e",
            "image_72": "https:\/\/avatars.slack-edge.com\/2021-04-16\/1994438084416_2adfc641e87e3a953d9c_72.png",
            "first_name": "Thamo",
            "real_name": "Thamo",
            "display_name": "Thamo",
            "team": "T01RBRV5F7H",
            "name": "thamokoeper",
            "is_restricted": false,
            "is_ultra_restricted": false
        },
        "blocks": [
            {
                "type": "rich_text",
                "block_id": "5RbBo",
                "elements": [
                    {
                        "type": "rich_text_section",
                        "elements": [
                            {
                                "type": "text",
                                "text": "nah, all within the rules "
                            },
                            {
                                "type": "emoji",
                                "name": "slightly_smiling_face"
                            }
                        ]
                    }
                ]
            }
        ],
        "thread_ts": "1618229024.000200",
        "parent_user_id": "U01RSRE0N3D"
    },
    {
        "bot_id": "B01S7FSR36Y",
        "type": "message",
        "text": "VAR",
        "user": "U01S7KCL3DF",
        "ts": "1618229314.003300",
        "team": "T01RBRV5F7H",
        "bot_profile": {
            "id": "B01S7FSR36Y",
            "deleted": false,
            "name": "giphy",
            "updated": 1616421896,
            "app_id": "A0F827J2C",
            "icons": {
                "image_36": "https:\/\/a.slack-edge.com\/dc483\/img\/plugins\/giphy\/service_72.png",
                "image_48": "https:\/\/a.slack-edge.com\/dc483\/img\/plugins\/giphy\/service_48.png",
                "image_72": "https:\/\/a.slack-edge.com\/dc483\/img\/plugins\/giphy\/service_72.png"
            },
            "team_id": "T01RBRV5F7H"
        },
        "blocks": [
            {
                "type": "image",
                "block_id": "Wiu",
                "image_url": "https:\/\/media4.giphy.com\/media\/3pZbeEkuUzDYUCyJGs\/giphy.gif?cid=6104955e6a52b31950cf4983bf120fd7160fbfb053c1a2ec&rid=giphy.gif&ct=g",
                "alt_text": "VAR",
                "title": {
                    "type": "plain_text",
                    "text": "VAR",
                    "emoji": true
                },
                "fallback": "480x270px image",
                "image_width": 480,
                "image_height": 270,
                "image_bytes": 1364290,
                "is_animated": true
            },
            {
                "type": "context",
                "block_id": "orquL",
                "elements": [
                    {
                        "type": "image",
                        "image_url": "https:\/\/a.slack-edge.com\/dc483\/img\/plugins\/giphy\/service_32.png",
                        "alt_text": "giphy logo"
                    },
                    {
                        "type": "mrkdwn",
                        "text": "Posted using \/giphy | GIF by <https:\/\/giphy.com\/toulousefc\/|Toulouse Football Club>",
                        "verbatim": false
                    }
                ]
            }
        ],
        "thread_ts": "1618229024.000200",
        "parent_user_id": "U01RSRE0N3D",
        "reactions": [
            {
                "name": "screaming_jonah",
                "users": [
                    "U01RW2X7S9Z",
                    "U01RSRE0N3D"
                ],
                "count": 2
            }
        ]
    },
    {
        "client_msg_id": "9674ecde-dcec-43e2-8584-a007c83794c9",
        "type": "message",
        "text": "<https:\/\/www.codewars.com\/kata\/57a083a57cb1f31db7000028\/train\/python>",
        "user": "U01RSRE0N3D",
        "ts": "1618229608.004600",
        "team": "T01RBRV5F7H",
        "user_team": "T01RBRV5F7H",
        "source_team": "T01RBRV5F7H",
        "user_profile": {
            "avatar_hash": "5b0571ca5e6f",
            "image_72": "https:\/\/avatars.slack-edge.com\/2021-03-18\/1876877550179_5b0571ca5e6fe1f759fe_72.jpg",
            "first_name": "Kosta",
            "real_name": "Kosta",
            "display_name": "Kosta",
            "team": "T01RBRV5F7H",
            "name": "kostadin.mitkov",
            "is_restricted": false,
            "is_ultra_restricted": false
        },
        "attachments": [
            {
                "service_name": "Codewars",
                "title": "Training on Powers of 2 | Codewars",
                "title_link": "https:\/\/www.codewars.com\/kata\/57a083a57cb1f31db7000028\/train\/python",
                "text": "Codewars is where developers achieve code mastery through challenge. Train on kata in the dojo and reach your highest potential.",
                "fallback": "Codewars: Training on Powers of 2 | Codewars",
                "from_url": "https:\/\/www.codewars.com\/kata\/57a083a57cb1f31db7000028\/train\/python",
                "thumb_url": "https:\/\/www.codewars.com\/assets\/logos\/logo-square-paper-bg-c3d2b1eb4fb35d75b0c0c0e3b74616fab527afdce9d1d3184624cf0b4e950357.jpg",
                "thumb_width": 200,
                "thumb_height": 200,
                "service_icon": "https:\/\/www.codewars.com\/favicon.ico",
                "id": 1,
                "original_url": "https:\/\/www.codewars.com\/kata\/57a083a57cb1f31db7000028\/train\/python"
            }
        ],
        "blocks": [
            {
                "type": "rich_text",
                "block_id": "Qn+c4",
                "elements": [
                    {
                        "type": "rich_text_section",
                        "elements": [
                            {
                                "type": "link",
                                "url": "https:\/\/www.codewars.com\/kata\/57a083a57cb1f31db7000028\/train\/python"
                            }
                        ]
                    }
                ]
            }
        ],
        "thread_ts": "1618229608.004600",
        "reply_count": 5,
        "reply_users_count": 4,
        "latest_reply": "1618230480.006400",
        "reply_users": [
            "U01S7BM4N81",
            "U01SK96QF5E",
            "U01RW2X7S9Z",
            "U01RKN0EGDV"
        ],
        "replies": [
            {
                "user": "U01S7BM4N81",
                "ts": "1618229797.005000"
            },
            {
                "user": "U01SK96QF5E",
                "ts": "1618229851.005200"
            },
            {
                "user": "U01RW2X7S9Z",
                "ts": "1618229917.005700"
            },
            {
                "user": "U01RKN0EGDV",
                "ts": "1618230415.006200"
            },
            {
                "user": "U01S7BM4N81",
                "ts": "1618230480.006400"
            }
        ],
        "is_locked": false,
        "subscribed": true,
        "last_read": "1618230480.006400",
        "reactions": [
            {
                "name": "white_check_mark",
                "users": [
                    "U01S7BM4N81",
                    "U01S6LCPM0C",
                    "U01RW2X7S9Z",
                    "U01RKN0EGDV"
                ],
                "count": 4
            }
        ]
    },
    {
        "client_msg_id": "51fa365e-9bb1-4744-8c63-38006fc11f8d",
        "type": "message",
        "text": "I solved this earlier last week, so I don’t count in here :confused:",
        "user": "U01S7BM4N81",
        "ts": "1618229797.005000",
        "team": "T01RBRV5F7H",
        "user_team": "T01RBRV5F7H",
        "source_team": "T01RBRV5F7H",
        "user_profile": {
            "avatar_hash": "2adfc641e87e",
            "image_72": "https:\/\/avatars.slack-edge.com\/2021-04-16\/1994438084416_2adfc641e87e3a953d9c_72.png",
            "first_name": "Thamo",
            "real_name": "Thamo",
            "display_name": "Thamo",
            "team": "T01RBRV5F7H",
            "name": "thamokoeper",
            "is_restricted": false,
            "is_ultra_restricted": false
        },
        "blocks": [
            {
                "type": "rich_text",
                "block_id": "Wy\/w",
                "elements": [
                    {
                        "type": "rich_text_section",
                        "elements": [
                            {
                                "type": "text",
                                "text": "I solved this earlier last week, so I don’t count in here "
                            },
                            {
                                "type": "emoji",
                                "name": "confused"
                            }
                        ]
                    }
                ]
            }
        ],
        "thread_ts": "1618229608.004600",
        "parent_user_id": "U01RSRE0N3D"
    },
    {
        "type": "message",
        "text": "got to love the error message’s visual",
        "files": [
            {
                "id": "F01TK6MBCDV",
                "created": 1618229848,
                "timestamp": 1618229848,
                "name": "Screenshot 2021-04-12 at 14.17.05.png",
                "title": "Screenshot 2021-04-12 at 14.17.05.png",
                "mimetype": "image\/png",
                "filetype": "png",
                "pretty_type": "PNG",
                "user": "U01SK96QF5E",
                "editable": false,
                "size": 289325,
                "mode": "hosted",
                "is_external": false,
                "external_type": "",
                "is_public": true,
                "public_url_shared": false,
                "display_as_bot": false,
                "username": "",
                "url_private": "https:\/\/files.slack.com\/files-pri\/T01RBRV5F7H-F01TK6MBCDV\/screenshot_2021-04-12_at_14.17.05.png?t=xoxe-1861879185255-2047593969042-2053756158948-4cf6552631c579c36efd5d2fd242de30",
                "url_private_download": "https:\/\/files.slack.com\/files-pri\/T01RBRV5F7H-F01TK6MBCDV\/download\/screenshot_2021-04-12_at_14.17.05.png?t=xoxe-1861879185255-2047593969042-2053756158948-4cf6552631c579c36efd5d2fd242de30",
                "thumb_64": "https:\/\/files.slack.com\/files-tmb\/T01RBRV5F7H-F01TK6MBCDV-9df4e9ff1c\/screenshot_2021-04-12_at_14.17.05_64.png?t=xoxe-1861879185255-2047593969042-2053756158948-4cf6552631c579c36efd5d2fd242de30",
                "thumb_80": "https:\/\/files.slack.com\/files-tmb\/T01RBRV5F7H-F01TK6MBCDV-9df4e9ff1c\/screenshot_2021-04-12_at_14.17.05_80.png?t=xoxe-1861879185255-2047593969042-2053756158948-4cf6552631c579c36efd5d2fd242de30",
                "thumb_360": "https:\/\/files.slack.com\/files-tmb\/T01RBRV5F7H-F01TK6MBCDV-9df4e9ff1c\/screenshot_2021-04-12_at_14.17.05_360.png?t=xoxe-1861879185255-2047593969042-2053756158948-4cf6552631c579c36efd5d2fd242de30",
                "thumb_360_w": 360,
                "thumb_360_h": 296,
                "thumb_480": "https:\/\/files.slack.com\/files-tmb\/T01RBRV5F7H-F01TK6MBCDV-9df4e9ff1c\/screenshot_2021-04-12_at_14.17.05_480.png?t=xoxe-1861879185255-2047593969042-2053756158948-4cf6552631c579c36efd5d2fd242de30",
                "thumb_480_w": 480,
                "thumb_480_h": 395,
                "thumb_160": "https:\/\/files.slack.com\/files-tmb\/T01RBRV5F7H-F01TK6MBCDV-9df4e9ff1c\/screenshot_2021-04-12_at_14.17.05_160.png?t=xoxe-1861879185255-2047593969042-2053756158948-4cf6552631c579c36efd5d2fd242de30",
                "thumb_720": "https:\/\/files.slack.com\/files-tmb\/T01RBRV5F7H-F01TK6MBCDV-9df4e9ff1c\/screenshot_2021-04-12_at_14.17.05_720.png?t=xoxe-1861879185255-2047593969042-2053756158948-4cf6552631c579c36efd5d2fd242de30",
                "thumb_720_w": 720,
                "thumb_720_h": 593,
                "thumb_800": "https:\/\/files.slack.com\/files-tmb\/T01RBRV5F7H-F01TK6MBCDV-9df4e9ff1c\/screenshot_2021-04-12_at_14.17.05_800.png?t=xoxe-1861879185255-2047593969042-2053756158948-4cf6552631c579c36efd5d2fd242de30",
                "thumb_800_w": 800,
                "thumb_800_h": 659,
                "original_w": 940,
                "original_h": 774,
                "thumb_tiny": "AwAnADDPHIoxQtLQMbijFOooAbiilPFITQAq0tItLQAUUUUgEyKQ47UMO9JTEOWlpopaBhS0lFAC02lpO9Aj\/9k=",
                "permalink": "https:\/\/data-ft-ber-03-2021.slack.com\/files\/U01SK96QF5E\/F01TK6MBCDV\/screenshot_2021-04-12_at_14.17.05.png",
                "permalink_public": "https:\/\/slack-files.com\/T01RBRV5F7H-F01TK6MBCDV-8bae5bd9f2",
                "is_starred": false,
                "has_rich_preview": false
            }
        ],
        "upload": false,
        "blocks": [
            {
                "type": "rich_text",
                "block_id": "jNC",
                "elements": [
                    {
                        "type": "rich_text_section",
                        "elements": [
                            {
                                "type": "text",
                                "text": "got to love the error message’s visual"
                            }
                        ]
                    }
                ]
            }
        ],
        "user": "U01SK96QF5E",
        "display_as_bot": false,
        "ts": "1618229851.005200",
        "thread_ts": "1618229608.004600",
        "parent_user_id": "U01RSRE0N3D",
        "reactions": [
            {
                "name": "catjam",
                "users": [
                    "U01S7BM4N81"
                ],
                "count": 1
            },
            {
                "name": "sweat_smile",
                "users": [
                    "U01RKN0EGDV"
                ],
                "count": 1
            }
        ]
    },
    {
        "client_msg_id": "5af99694-655c-4098-b494-960110ae1ef1",
        "type": "message",
        "text": "check how the range function works!",
        "user": "U01RW2X7S9Z",
        "ts": "1618229917.005700",
        "team": "T01RBRV5F7H",
        "user_team": "T01RBRV5F7H",
        "source_team": "T01RBRV5F7H",
        "user_profile": {
            "avatar_hash": "7e12d75d168a",
            "image_72": "https:\/\/avatars.slack-edge.com\/2021-03-19\/1880105796643_7e12d75d168ae25c167d_72.jpg",
            "first_name": "Alexandre",
            "real_name": "Alexandre Sommerkamp",
            "display_name": "Alexandre Sommerkamp",
            "team": "T01RBRV5F7H",
            "name": "alex.c.skp",
            "is_restricted": false,
            "is_ultra_restricted": false
        },
        "blocks": [
            {
                "type": "rich_text",
                "block_id": "I5ic",
                "elements": [
                    {
                        "type": "rich_text_section",
                        "elements": [
                            {
                                "type": "text",
                                "text": "check how the range function works!"
                            }
                        ]
                    }
                ]
            }
        ],
        "thread_ts": "1618229608.004600",
        "parent_user_id": "U01RSRE0N3D"
    },
    {
        "client_msg_id": "bf1d651a-4cdb-403e-a8cc-ff279aeb9c79",
        "type": "message",
        "text": "omg fucking range i was going crazy :rolling_on_the_floor_laughing:",
        "user": "U01RKN0EGDV",
        "ts": "1618230415.006200",
        "team": "T01RBRV5F7H",
        "user_team": "T01RBRV5F7H",
        "source_team": "T01RBRV5F7H",
        "user_profile": {
            "avatar_hash": "abe46e9352ee",
            "image_72": "https:\/\/avatars.slack-edge.com\/2021-03-24\/1878427345639_abe46e9352ee26531094_72.jpg",
            "first_name": "Marian",
            "real_name": "Marian Moreno",
            "display_name": "Marian (she\/her)",
            "team": "T01RBRV5F7H",
            "name": "marimor62",
            "is_restricted": false,
            "is_ultra_restricted": false
        },
        "blocks": [
            {
                "type": "rich_text",
                "block_id": "xjq",
                "elements": [
                    {
                        "type": "rich_text_section",
                        "elements": [
                            {
                                "type": "text",
                                "text": "omg fucking range i was going crazy "
                            },
                            {
                                "type": "emoji",
                                "name": "rolling_on_the_floor_laughing"
                            }
                        ]
                    }
                ]
            }
        ],
        "thread_ts": "1618229608.004600",
        "parent_user_id": "U01RSRE0N3D",
        "reactions": [
            {
                "name": "sob",
                "users": [
                    "U01RN7BVD1C"
                ],
                "count": 1
            }
        ]
    },
    {
        "client_msg_id": "d9f972a6-74e6-4523-a8e6-c8adfdd76e10",
        "type": "message",
        "text": "did someone solve this with a loop?",
        "user": "U01S7BM4N81",
        "ts": "1618230480.006400",
        "team": "T01RBRV5F7H",
        "user_team": "T01RBRV5F7H",
        "source_team": "T01RBRV5F7H",
        "user_profile": {
            "avatar_hash": "2adfc641e87e",
            "image_72": "https:\/\/avatars.slack-edge.com\/2021-04-16\/1994438084416_2adfc641e87e3a953d9c_72.png",
            "first_name": "Thamo",
            "real_name": "Thamo",
            "display_name": "Thamo",
            "team": "T01RBRV5F7H",
            "name": "thamokoeper",
            "is_restricted": false,
            "is_ultra_restricted": false
        },
        "blocks": [
            {
                "type": "rich_text",
                "block_id": "Nfubc",
                "elements": [
                    {
                        "type": "rich_text_section",
                        "elements": [
                            {
                                "type": "text",
                                "text": "did someone solve this with a loop?"
                            }
                        ]
                    }
                ]
            }
        ],
        "thread_ts": "1618229608.004600",
        "parent_user_id": "U01RSRE0N3D"
    },
    {
        "client_msg_id": "db009228-a736-4cb6-8f0a-f442d75c2d45",
        "type": "message",
        "text": "<https:\/\/www.codewars.com\/kata\/54bf85e3d5b56c7a05000cf9\/train\/python>",
        "user": "U01SJKB2MG8",
        "ts": "1618232555.006900",
        "team": "T01RBRV5F7H",
        "user_team": "T01RBRV5F7H",
        "source_team": "T01RBRV5F7H",
        "user_profile": {
            "avatar_hash": "88fa894fdb53",
            "image_72": "https:\/\/avatars.slack-edge.com\/2021-03-19\/1885033153332_88fa894fdb5366452adf_72.jpg",
            "first_name": "Florian",
            "real_name": "Florian Titze",
            "display_name": "Flo Titze",
            "team": "T01RBRV5F7H",
            "name": "florian.titze",
            "is_restricted": false,
            "is_ultra_restricted": false
        },
        "attachments": [
            {
                "service_name": "Codewars",
                "title": "Training on Testing 1-2-3 | Codewars",
                "title_link": "https:\/\/www.codewars.com\/kata\/54bf85e3d5b56c7a05000cf9\/train\/python",
                "text": "Codewars is where developers achieve code mastery through challenge. Train on kata in the dojo and reach your highest potential.",
                "fallback": "Codewars: Training on Testing 1-2-3 | Codewars",
                "from_url": "https:\/\/www.codewars.com\/kata\/54bf85e3d5b56c7a05000cf9\/train\/python",
                "thumb_url": "https:\/\/www.codewars.com\/assets\/logos\/logo-square-paper-bg-c3d2b1eb4fb35d75b0c0c0e3b74616fab527afdce9d1d3184624cf0b4e950357.jpg",
                "thumb_width": 200,
                "thumb_height": 200,
                "service_icon": "https:\/\/www.codewars.com\/favicon.ico",
                "id": 1,
                "original_url": "https:\/\/www.codewars.com\/kata\/54bf85e3d5b56c7a05000cf9\/train\/python"
            }
        ],
        "blocks": [
            {
                "type": "rich_text",
                "block_id": "z8x0",
                "elements": [
                    {
                        "type": "rich_text_section",
                        "elements": [
                            {
                                "type": "link",
                                "url": "https:\/\/www.codewars.com\/kata\/54bf85e3d5b56c7a05000cf9\/train\/python"
                            }
                        ]
                    }
                ]
            }
        ],
        "thread_ts": "1618232555.006900",
        "reply_count": 3,
        "reply_users_count": 2,
        "latest_reply": "1618235798.008400",
        "reply_users": [
            "U01S7KCL3DF",
            "U01SJKB2MG8"
        ],
        "replies": [
            {
                "user": "U01S7KCL3DF",
                "ts": "1618234441.007800"
            },
            {
                "user": "U01SJKB2MG8",
                "ts": "1618235680.008200"
            },
            {
                "user": "U01S7KCL3DF",
                "ts": "1618235798.008400"
            }
        ],
        "is_locked": false,
        "subscribed": false,
        "reactions": [
            {
                "name": "white_check_mark",
                "users": [
                    "U01RW2X7S9Z",
                    "U01S7BM4N81",
                    "U01S1CWGTU4",
                    "U01RRV4JX6Z",
                    "U01S6LCPM0C"
                ],
                "count": 5
            }
        ]
    },
    {
        "client_msg_id": "2e58795a-b0ea-4bd4-9d9d-b97a2c31c81e",
        "type": "message",
        "text": "def number(lines):\n        return [\"{}: {}\".format(str(i+1), c) for i,c in enumerate(lines)]",
        "user": "U01RRV4JX6Z",
        "ts": "1618233552.007700",
        "team": "T01RBRV5F7H",
        "user_team": "T01RBRV5F7H",
        "source_team": "T01RBRV5F7H",
        "user_profile": {
            "avatar_hash": "339c4d69b7d9",
            "image_72": "https:\/\/avatars.slack-edge.com\/2021-04-14\/1961122781618_339c4d69b7d9fe16343a_72.jpg",
            "first_name": "",
            "real_name": "Francisco Ebeling",
            "display_name": "Francisco Ebeling",
            "team": "T01RBRV5F7H",
            "name": "ebelingbarros",
            "is_restricted": false,
            "is_ultra_restricted": false
        },
        "blocks": [
            {
                "type": "rich_text",
                "block_id": "eMsMe",
                "elements": [
                    {
                        "type": "rich_text_section",
                        "elements": [
                            {
                                "type": "text",
                                "text": "def number(lines):\n        return [\"{}: {}\".format(str(i+1), c) for i,c in enumerate(lines)]"
                            }
                        ]
                    }
                ]
            }
        ]
    },
    {
        "client_msg_id": "0d4e47b2-7270-4660-95d0-48fc83bfb905",
        "type": "message",
        "text": "i was honestly noooowhere near this one :face_with_head_bandage: . What should I add to my to do list as 'building blocks'? <@U01SJKB2MG8>\n\nfor loops, making lists, count, enumerate... maybe even list comprehension?",
        "user": "U01S7KCL3DF",
        "ts": "1618234441.007800",
        "team": "T01RBRV5F7H",
        "user_team": "T01RBRV5F7H",
        "source_team": "T01RBRV5F7H",
        "user_profile": {
            "avatar_hash": "17b52091bb62",
            "image_72": "https:\/\/avatars.slack-edge.com\/2021-03-19\/1875964347925_17b52091bb62c2340b4c_72.png",
            "first_name": "Sam",
            "real_name": "Sam Katterfield",
            "display_name": "Sam",
            "team": "T01RBRV5F7H",
            "name": "samkatterfield",
            "is_restricted": false,
            "is_ultra_restricted": false
        },
        "blocks": [
            {
                "type": "rich_text",
                "block_id": "V4a",
                "elements": [
                    {
                        "type": "rich_text_section",
                        "elements": [
                            {
                                "type": "text",
                                "text": "i was honestly noooowhere near this one "
                            },
                            {
                                "type": "emoji",
                                "name": "face_with_head_bandage"
                            },
                            {
                                "type": "text",
                                "text": " . What should I add to my to do list as 'building blocks'? "
                            },
                            {
                                "type": "user",
                                "user_id": "U01SJKB2MG8"
                            },
                            {
                                "type": "text",
                                "text": "\n\nfor loops, making lists, count, enumerate... maybe even list comprehension?"
                            }
                        ]
                    }
                ]
            }
        ],
        "thread_ts": "1618232555.006900",
        "parent_user_id": "U01SJKB2MG8"
    },
    {
        "client_msg_id": "77f62a2f-17cb-40e9-82f1-dbc4990e963c",
        "type": "message",
        "text": "\"nowhere\" in terms of what the goal was, or feeling lost in terms of not having the pyhon techniques?",
        "user": "U01SJKB2MG8",
        "ts": "1618235680.008200",
        "team": "T01RBRV5F7H",
        "user_team": "T01RBRV5F7H",
        "source_team": "T01RBRV5F7H",
        "user_profile": {
            "avatar_hash": "88fa894fdb53",
            "image_72": "https:\/\/avatars.slack-edge.com\/2021-03-19\/1885033153332_88fa894fdb5366452adf_72.jpg",
            "first_name": "Florian",
            "real_name": "Florian Titze",
            "display_name": "Flo Titze",
            "team": "T01RBRV5F7H",
            "name": "florian.titze",
            "is_restricted": false,
            "is_ultra_restricted": false
        },
        "blocks": [
            {
                "type": "rich_text",
                "block_id": "yHH0w",
                "elements": [
                    {
                        "type": "rich_text_section",
                        "elements": [
                            {
                                "type": "text",
                                "text": "\"nowhere\" in terms of what the goal was, or feeling lost in terms of not having the pyhon techniques?"
                            }
                        ]
                    }
                ]
            }
        ],
        "thread_ts": "1618232555.006900",
        "parent_user_id": "U01SJKB2MG8"
    },
    {
        "type": "message",
        "text": "",
        "files": [
            {
                "id": "F01TTKKDSS2",
                "created": 1618235794,
                "timestamp": 1618235794,
                "name": "image.png",
                "title": "image.png",
                "mimetype": "image\/png",
                "filetype": "png",
                "pretty_type": "PNG",
                "user": "U01S7KCL3DF",
                "editable": false,
                "size": 330356,
                "mode": "hosted",
                "is_external": false,
                "external_type": "",
                "is_public": true,
                "public_url_shared": false,
                "display_as_bot": false,
                "username": "",
                "url_private": "https:\/\/files.slack.com\/files-pri\/T01RBRV5F7H-F01TTKKDSS2\/image.png?t=xoxe-1861879185255-2047593969042-2053756158948-4cf6552631c579c36efd5d2fd242de30",
                "url_private_download": "https:\/\/files.slack.com\/files-pri\/T01RBRV5F7H-F01TTKKDSS2\/download\/image.png?t=xoxe-1861879185255-2047593969042-2053756158948-4cf6552631c579c36efd5d2fd242de30",
                "thumb_64": "https:\/\/files.slack.com\/files-tmb\/T01RBRV5F7H-F01TTKKDSS2-4c4cc1aaa6\/image_64.png?t=xoxe-1861879185255-2047593969042-2053756158948-4cf6552631c579c36efd5d2fd242de30",
                "thumb_80": "https:\/\/files.slack.com\/files-tmb\/T01RBRV5F7H-F01TTKKDSS2-4c4cc1aaa6\/image_80.png?t=xoxe-1861879185255-2047593969042-2053756158948-4cf6552631c579c36efd5d2fd242de30",
                "thumb_360": "https:\/\/files.slack.com\/files-tmb\/T01RBRV5F7H-F01TTKKDSS2-4c4cc1aaa6\/image_360.png?t=xoxe-1861879185255-2047593969042-2053756158948-4cf6552631c579c36efd5d2fd242de30",
                "thumb_360_w": 360,
                "thumb_360_h": 274,
                "thumb_480": "https:\/\/files.slack.com\/files-tmb\/T01RBRV5F7H-F01TTKKDSS2-4c4cc1aaa6\/image_480.png?t=xoxe-1861879185255-2047593969042-2053756158948-4cf6552631c579c36efd5d2fd242de30",
                "thumb_480_w": 480,
                "thumb_480_h": 365,
                "thumb_160": "https:\/\/files.slack.com\/files-tmb\/T01RBRV5F7H-F01TTKKDSS2-4c4cc1aaa6\/image_160.png?t=xoxe-1861879185255-2047593969042-2053756158948-4cf6552631c579c36efd5d2fd242de30",
                "original_w": 500,
                "original_h": 380,
                "thumb_tiny": "AwAkADAlIXkjP\/66iEo7rUs+CMZqucDHI\/Gg0sPSYsdqxlj\/APWqZgVXcQOMZApLcBVJAXk9qdP80fpyKyk3fQLIUDgYApQPYUL90UtaoLFQ5JyfXBI71N5I60I57qOfSpRipTY5MSOIR596HTcBmn7hQSMYot1JuNAwMUUmADwSaAead9bDuVPNYAc9KfDIzSqpPBqGnwf65a0exBd2ikYBUJHYZp1JJ\/q2+hrMZT81\/WjzXx1plFa2Ef\/Z",
                "permalink": "https:\/\/data-ft-ber-03-2021.slack.com\/files\/U01S7KCL3DF\/F01TTKKDSS2\/image.png",
                "permalink_public": "https:\/\/slack-files.com\/T01RBRV5F7H-F01TTKKDSS2-7d19fbdf98",
                "is_starred": false,
                "has_rich_preview": false
            }
        ],
        "upload": false,
        "user": "U01S7KCL3DF",
        "display_as_bot": false,
        "ts": "1618235798.008400",
        "thread_ts": "1618232555.006900",
        "parent_user_id": "U01SJKB2MG8"
    },
    {
        "type": "message",
        "text": "results from poll",
        "files": [
            {
                "id": "F01U0KD1WGK",
                "created": 1618235855,
                "timestamp": 1618235855,
                "name": "Screenshot 2021-04-12 at 15.57.08.png",
                "title": "Screenshot 2021-04-12 at 15.57.08.png",
                "mimetype": "image\/png",
                "filetype": "png",
                "pretty_type": "PNG",
                "user": "U01RSRE0N3D",
                "editable": false,
                "size": 107791,
                "mode": "hosted",
                "is_external": false,
                "external_type": "",
                "is_public": true,
                "public_url_shared": false,
                "display_as_bot": false,
                "username": "",
                "url_private": "https:\/\/files.slack.com\/files-pri\/T01RBRV5F7H-F01U0KD1WGK\/screenshot_2021-04-12_at_15.57.08.png?t=xoxe-1861879185255-2047593969042-2053756158948-4cf6552631c579c36efd5d2fd242de30",
                "url_private_download": "https:\/\/files.slack.com\/files-pri\/T01RBRV5F7H-F01U0KD1WGK\/download\/screenshot_2021-04-12_at_15.57.08.png?t=xoxe-1861879185255-2047593969042-2053756158948-4cf6552631c579c36efd5d2fd242de30",
                "thumb_64": "https:\/\/files.slack.com\/files-tmb\/T01RBRV5F7H-F01U0KD1WGK-7c8ffd6c13\/screenshot_2021-04-12_at_15.57.08_64.png?t=xoxe-1861879185255-2047593969042-2053756158948-4cf6552631c579c36efd5d2fd242de30",
                "thumb_80": "https:\/\/files.slack.com\/files-tmb\/T01RBRV5F7H-F01U0KD1WGK-7c8ffd6c13\/screenshot_2021-04-12_at_15.57.08_80.png?t=xoxe-1861879185255-2047593969042-2053756158948-4cf6552631c579c36efd5d2fd242de30",
                "thumb_360": "https:\/\/files.slack.com\/files-tmb\/T01RBRV5F7H-F01U0KD1WGK-7c8ffd6c13\/screenshot_2021-04-12_at_15.57.08_360.png?t=xoxe-1861879185255-2047593969042-2053756158948-4cf6552631c579c36efd5d2fd242de30",
                "thumb_360_w": 240,
                "thumb_360_h": 360,
                "thumb_480": "https:\/\/files.slack.com\/files-tmb\/T01RBRV5F7H-F01U0KD1WGK-7c8ffd6c13\/screenshot_2021-04-12_at_15.57.08_480.png?t=xoxe-1861879185255-2047593969042-2053756158948-4cf6552631c579c36efd5d2fd242de30",
                "thumb_480_w": 320,
                "thumb_480_h": 480,
                "thumb_160": "https:\/\/files.slack.com\/files-tmb\/T01RBRV5F7H-F01U0KD1WGK-7c8ffd6c13\/screenshot_2021-04-12_at_15.57.08_160.png?t=xoxe-1861879185255-2047593969042-2053756158948-4cf6552631c579c36efd5d2fd242de30",
                "thumb_720": "https:\/\/files.slack.com\/files-tmb\/T01RBRV5F7H-F01U0KD1WGK-7c8ffd6c13\/screenshot_2021-04-12_at_15.57.08_720.png?t=xoxe-1861879185255-2047593969042-2053756158948-4cf6552631c579c36efd5d2fd242de30",
                "thumb_720_w": 480,
                "thumb_720_h": 720,
                "thumb_800": "https:\/\/files.slack.com\/files-tmb\/T01RBRV5F7H-F01U0KD1WGK-7c8ffd6c13\/screenshot_2021-04-12_at_15.57.08_800.png?t=xoxe-1861879185255-2047593969042-2053756158948-4cf6552631c579c36efd5d2fd242de30",
                "thumb_800_w": 533,
                "thumb_800_h": 800,
                "thumb_960": "https:\/\/files.slack.com\/files-tmb\/T01RBRV5F7H-F01U0KD1WGK-7c8ffd6c13\/screenshot_2021-04-12_at_15.57.08_960.png?t=xoxe-1861879185255-2047593969042-2053756158948-4cf6552631c579c36efd5d2fd242de30",
                "thumb_960_w": 639,
                "thumb_960_h": 960,
                "thumb_1024": "https:\/\/files.slack.com\/files-tmb\/T01RBRV5F7H-F01U0KD1WGK-7c8ffd6c13\/screenshot_2021-04-12_at_15.57.08_1024.png?t=xoxe-1861879185255-2047593969042-2053756158948-4cf6552631c579c36efd5d2fd242de30",
                "thumb_1024_w": 682,
                "thumb_1024_h": 1024,
                "original_w": 778,
                "original_h": 1168,
                "thumb_tiny": "AwAwAB+rwepP5UcDoTn6Ugzjq1G0D+9+lABmlGO5P5U35fVvypMnHXigBw6dP1oOMdP1pAMj7pNGxv7p\/KgBtL2pdrehpDxwRzQA4DjoKQ4x0H4Um04zSdaAF49DR2pQhJx\/WlMbAZOPzp2YXP\/Z",
                "permalink": "https:\/\/data-ft-ber-03-2021.slack.com\/files\/U01RSRE0N3D\/F01U0KD1WGK\/screenshot_2021-04-12_at_15.57.08.png",
                "permalink_public": "https:\/\/slack-files.com\/T01RBRV5F7H-F01U0KD1WGK-78fbb9ce24",
                "is_starred": false,
                "has_rich_preview": false
            }
        ],
        "upload": false,
        "blocks": [
            {
                "type": "rich_text",
                "block_id": "4gM",
                "elements": [
                    {
                        "type": "rich_text_section",
                        "elements": [
                            {
                                "type": "text",
                                "text": "results from poll"
                            }
                        ]
                    }
                ]
            }
        ],
        "user": "U01RSRE0N3D",
        "display_as_bot": false,
        "ts": "1618235865.009000",
        "thread_ts": "1618235865.009000",
        "reply_count": 1,
        "reply_users_count": 1,
        "latest_reply": "1618236004.010500",
        "reply_users": [
            "U01RN7BVD1C"
        ],
        "replies": [
            {
                "user": "U01RN7BVD1C",
                "ts": "1618236004.010500"
            }
        ],
        "is_locked": false,
        "subscribed": true,
        "last_read": "1618236004.010500"
    },
    {
        "client_msg_id": "1b528e54-7c5c-4b50-aff6-f5a31b3fc8e9",
        "type": "message",
        "text": "I think I just need to practice more katas in my free time.\n\nIn my case, I often do not know how to approach the katas or where to begin at all. So I think I just need to break it down somehow.",
        "user": "U01RXCQHMHT",
        "ts": "1618235932.010200",
        "team": "T01RBRV5F7H",
        "user_team": "T01RBRV5F7H",
        "source_team": "T01RBRV5F7H",
        "user_profile": {
            "avatar_hash": "7290c61c38a0",
            "image_72": "https:\/\/avatars.slack-edge.com\/2021-03-22\/1898002028225_7290c61c38a01ad66680_72.jpg",
            "first_name": "Thanh",
            "real_name": "Thanh Tung Ha Thuc DAFT Berlin March 2021",
            "display_name": "Tony Ha",
            "team": "T01RBRV5F7H",
            "name": "tony.hathuc",
            "is_restricted": false,
            "is_ultra_restricted": false
        },
        "blocks": [
            {
                "type": "rich_text",
                "block_id": "G2e=",
                "elements": [
                    {
                        "type": "rich_text_section",
                        "elements": [
                            {
                                "type": "text",
                                "text": "I think I just need to practice more katas in my free time.\n\nIn my case, I often do not know how to approach the katas or where to begin at all. So I think I just need to break it down somehow."
                            }
                        ]
                    }
                ]
            }
        ],
        "reactions": [
            {
                "name": "raised_hands",
                "users": [
                    "U01RN7BVD1C",
                    "U01S7KCL3DF",
                    "U01RSRE0N3D"
                ],
                "count": 3
            }
        ]
    },
    {
        "client_msg_id": "b0329cca-8dc9-44cf-b5cd-c446267f6d06",
        "type": "message",
        "text": "maybe we could do a : how to approach which kind of question.\nUsually i have an idea, but dont get the structure on how to put it in the kata :disappointed:",
        "user": "U01RN7BVD1C",
        "ts": "1618236004.010500",
        "team": "T01RBRV5F7H",
        "user_team": "T01RBRV5F7H",
        "source_team": "T01RBRV5F7H",
        "user_profile": {
            "avatar_hash": "55e0c1b57456",
            "image_72": "https:\/\/avatars.slack-edge.com\/2021-03-20\/1882033802643_55e0c1b574562994417f_72.jpg",
            "first_name": "Josephine",
            "real_name": "Josephine Biedermann",
            "display_name": "Phine",
            "team": "T01RBRV5F7H",
            "name": "josephinebiedermann",
            "is_restricted": false,
            "is_ultra_restricted": false
        },
        "blocks": [
            {
                "type": "rich_text",
                "block_id": "t2ZV",
                "elements": [
                    {
                        "type": "rich_text_section",
                        "elements": [
                            {
                                "type": "text",
                                "text": "maybe we could do a : how to approach which kind of question.\nUsually i have an idea, but dont get the structure on how to put it in the kata "
                            },
                            {
                                "type": "emoji",
                                "name": "disappointed"
                            }
                        ]
                    }
                ]
            }
        ],
        "thread_ts": "1618235865.009000",
        "parent_user_id": "U01RSRE0N3D",
        "reactions": [
            {
                "name": "heavy_plus_sign",
                "users": [
                    "U01SK96QF5E"
                ],
                "count": 1
            },
            {
                "name": "+1",
                "users": [
                    "U01RSRE0N3D"
                ],
                "count": 1
            }
        ]
    },
    {
        "client_msg_id": "d10f6eca-01e7-4203-958c-82ccc5e7eafd",
        "type": "message",
        "text": "<!channel>,\nthe Solution notebook for the `enumerate()` Kata is available here <https:\/\/www.notion.so\/ironhack\/f04376c779aa462793d49e927acd2f9b?v=b1f5bff5716c4915be65ce410a9d1166>",
        "user": "U01SJKB2MG8",
        "ts": "1618238065.011600",
        "team": "T01RBRV5F7H",
        "user_team": "T01RBRV5F7H",
        "source_team": "T01RBRV5F7H",
        "user_profile": {
            "avatar_hash": "88fa894fdb53",
            "image_72": "https:\/\/avatars.slack-edge.com\/2021-03-19\/1885033153332_88fa894fdb5366452adf_72.jpg",
            "first_name": "Florian",
            "real_name": "Florian Titze",
            "display_name": "Flo Titze",
            "team": "T01RBRV5F7H",
            "name": "florian.titze",
            "is_restricted": false,
            "is_ultra_restricted": false
        },
        "attachments": [
            {
                "service_name": "ironhack on Notion",
                "title": "Katas",
                "title_link": "https:\/\/www.notion.so\/ironhack\/f04376c779aa462793d49e927acd2f9b?v=b1f5bff5716c4915be65ce410a9d1166",
                "text": "A new tool for teams &amp; individuals that blends everyday work apps into one.",
                "fallback": "ironhack on Notion: Katas",
                "from_url": "https:\/\/www.notion.so\/ironhack\/f04376c779aa462793d49e927acd2f9b?v=b1f5bff5716c4915be65ce410a9d1166",
                "id": 1,
                "original_url": "https:\/\/www.notion.so\/ironhack\/f04376c779aa462793d49e927acd2f9b?v=b1f5bff5716c4915be65ce410a9d1166"
            }
        ],
        "blocks": [
            {
                "type": "rich_text",
                "block_id": "76m6K",
                "elements": [
                    {
                        "type": "rich_text_section",
                        "elements": [
                            {
                                "type": "broadcast",
                                "range": "channel"
                            },
                            {
                                "type": "text",
                                "text": ",\nthe Solution notebook for the "
                            },
                            {
                                "type": "text",
                                "text": "enumerate()",
                                "style": {
                                    "code": true
                                }
                            },
                            {
                                "type": "text",
                                "text": " Kata is available here "
                            },
                            {
                                "type": "link",
                                "url": "https:\/\/www.notion.so\/ironhack\/f04376c779aa462793d49e927acd2f9b?v=b1f5bff5716c4915be65ce410a9d1166"
                            }
                        ]
                    }
                ]
            }
        ],
        "reactions": [
            {
                "name": "white_check_mark",
                "users": [
                    "U01RXCQHMHT"
                ],
                "count": 1
            },
            {
                "name": "+1",
                "users": [
                    "U01S133DZ9A"
                ],
                "count": 1
            }
        ]
    }
]