[
    {
        "client_msg_id": "77ce24b0-3203-4d63-9686-4921cbf541fd",
        "type": "message",
        "text": "Good morning!",
        "user": "U01SD3CDH9P",
        "ts": "1618902063.011500",
        "team": "T01RBRV5F7H",
        "user_team": "T01RBRV5F7H",
        "source_team": "T01RBRV5F7H",
        "user_profile": {
            "avatar_hash": "735d50ad8f34",
            "image_72": "https:\/\/avatars.slack-edge.com\/2021-04-15\/1962810903269_735d50ad8f345a94bd76_72.jpg",
            "first_name": "",
            "real_name": "Andrea Tognoli",
            "display_name": "Andrea Tognoli",
            "team": "T01RBRV5F7H",
            "name": "andreatognoli001",
            "is_restricted": false,
            "is_ultra_restricted": false
        },
        "blocks": [
            {
                "type": "rich_text",
                "block_id": "PxGl8",
                "elements": [
                    {
                        "type": "rich_text_section",
                        "elements": [
                            {
                                "type": "text",
                                "text": "Good morning!"
                            }
                        ]
                    }
                ]
            }
        ]
    },
    {
        "client_msg_id": "a5330745-cc2e-4ab3-aeb9-7b8f510e810d",
        "type": "message",
        "text": "Good Morning",
        "user": "U01S0MFJ3HR",
        "ts": "1618902312.012100",
        "team": "T01RBRV5F7H",
        "user_team": "T01RBRV5F7H",
        "source_team": "T01RBRV5F7H",
        "user_profile": {
            "avatar_hash": "16aa576b8645",
            "image_72": "https:\/\/avatars.slack-edge.com\/2021-03-23\/1903189544593_16aa576b864568c61af7_72.jpg",
            "first_name": "",
            "real_name": "Anja Fechner",
            "display_name": "Anja Fechner",
            "team": "T01RBRV5F7H",
            "name": "anja.fechner",
            "is_restricted": false,
            "is_ultra_restricted": false
        },
        "blocks": [
            {
                "type": "rich_text",
                "block_id": "T2ve1",
                "elements": [
                    {
                        "type": "rich_text_section",
                        "elements": [
                            {
                                "type": "text",
                                "text": "Good Morning"
                            }
                        ]
                    }
                ]
            }
        ]
    },
    {
        "client_msg_id": "b086e6ea-0038-48a6-9994-70bfced2c90c",
        "type": "message",
        "text": "<!channel> Dont forget the yoga class today :slightly_smiling_face:\nThe class on thursday has been canceled since our instructor is going away for the weekend, so this is only class we will have this week :slightly_smiling_face:\n\n*1. Hatha Yoga Online* \n*Tuesdays* \n\n12:30 pm - 1:30 pm  \n\nMeeting ID: 827 1186 7834\nPassword: breath  \n\nLINK:\n\n<https:\/\/us02web.zoom.us\/j\/82711867834?pwd=cWVFSXdVUEh5V2s1YVVxMDJxSi9UUT09>",
        "user": "U01RUTP1ZQB",
        "ts": "1618909672.013900",
        "team": "T01RBRV5F7H",
        "user_team": "T01RBRV5F7H",
        "source_team": "T01RBRV5F7H",
        "user_profile": {
            "avatar_hash": "36a33ae8e1df",
            "image_72": "https:\/\/avatars.slack-edge.com\/2021-03-19\/1878730954818_36a33ae8e1df8718c064_72.png",
            "first_name": "",
            "real_name": "Jonas Tonndorff",
            "display_name": "Jonas Tonndorff",
            "team": "T01RBRV5F7H",
            "name": "jonas.tonndorff",
            "is_restricted": false,
            "is_ultra_restricted": false
        },
        "blocks": [
            {
                "type": "rich_text",
                "block_id": "AbxoM",
                "elements": [
                    {
                        "type": "rich_text_section",
                        "elements": [
                            {
                                "type": "broadcast",
                                "range": "channel"
                            },
                            {
                                "type": "text",
                                "text": " Dont forget the yoga class today "
                            },
                            {
                                "type": "emoji",
                                "name": "slightly_smiling_face"
                            },
                            {
                                "type": "text",
                                "text": "\nThe class on thursday has been canceled since our instructor is going away for the weekend, so this is only class we will have this week "
                            },
                            {
                                "type": "emoji",
                                "name": "slightly_smiling_face"
                            },
                            {
                                "type": "text",
                                "text": "\n\n"
                            },
                            {
                                "type": "text",
                                "text": "1. Hatha Yoga Online ",
                                "style": {
                                    "bold": true
                                }
                            },
                            {
                                "type": "text",
                                "text": "\n"
                            },
                            {
                                "type": "text",
                                "text": "Tuesdays ",
                                "style": {
                                    "bold": true
                                }
                            },
                            {
                                "type": "text",
                                "text": "\n\n12:30 pm - 1:30 pm  \n\nMeeting ID: 827 1186 7834\nPassword: breath  \n\nLINK:\n\n"
                            },
                            {
                                "type": "link",
                                "url": "https:\/\/us02web.zoom.us\/j\/82711867834?pwd=cWVFSXdVUEh5V2s1YVVxMDJxSi9UUT09"
                            }
                        ]
                    }
                ]
            }
        ]
    },
    {
        "client_msg_id": "13488b1d-cf46-40ef-803c-3fa298bd9f67",
        "type": "message",
        "text": ":arrow_up: thats the full yoga ironhack organise, we of course have Robert joining us at 4pm as normal",
        "user": "U01RW140HBP",
        "ts": "1618913771.015000",
        "team": "T01RBRV5F7H",
        "user_team": "T01RBRV5F7H",
        "source_team": "T01RBRV5F7H",
        "user_profile": {
            "avatar_hash": "4c43a3a8d10b",
            "image_72": "https:\/\/avatars.slack-edge.com\/2021-03-21\/1895736308209_4c43a3a8d10bc2fe5e13_72.png",
            "first_name": "siand",
            "real_name": "siand the LT (she\/her)",
            "display_name": "siand the LT (she\/her)",
            "team": "T01RBRV5F7H",
            "name": "sian.davies",
            "is_restricted": false,
            "is_ultra_restricted": false
        },
        "blocks": [
            {
                "type": "rich_text",
                "block_id": "Yq\/MK",
                "elements": [
                    {
                        "type": "rich_text_section",
                        "elements": [
                            {
                                "type": "emoji",
                                "name": "arrow_up"
                            },
                            {
                                "type": "text",
                                "text": " thats the full yoga ironhack organise, we of course have Robert joining us at 4pm as normal"
                            }
                        ]
                    }
                ]
            }
        ]
    },
    {
        "client_msg_id": "8ce4fae8-f03b-4e5b-b6a7-8bedd30437ab",
        "type": "message",
        "text": "Could you also upload the Tableau workshop recording from today? :slightly_smiling_face:",
        "user": "U01RXCQHMHT",
        "ts": "1618914455.015700",
        "team": "T01RBRV5F7H",
        "user_team": "T01RBRV5F7H",
        "source_team": "T01RBRV5F7H",
        "user_profile": {
            "avatar_hash": "7290c61c38a0",
            "image_72": "https:\/\/avatars.slack-edge.com\/2021-03-22\/1898002028225_7290c61c38a01ad66680_72.jpg",
            "first_name": "Thanh",
            "real_name": "Thanh Tung Ha Thuc DAFT Berlin March 2021",
            "display_name": "Tony Ha",
            "team": "T01RBRV5F7H",
            "name": "tony.hathuc",
            "is_restricted": false,
            "is_ultra_restricted": false
        },
        "blocks": [
            {
                "type": "rich_text",
                "block_id": "Khs5",
                "elements": [
                    {
                        "type": "rich_text_section",
                        "elements": [
                            {
                                "type": "text",
                                "text": "Could you also upload the Tableau workshop recording from today? "
                            },
                            {
                                "type": "emoji",
                                "name": "slightly_smiling_face"
                            }
                        ]
                    }
                ]
            }
        ]
    },
    {
        "client_msg_id": "290387ec-d6fb-4600-8bff-387210d2a49e",
        "type": "message",
        "text": "depends when available Tony… thats kind of up to zoom",
        "user": "U01RW140HBP",
        "ts": "1618914767.016000",
        "team": "T01RBRV5F7H",
        "user_team": "T01RBRV5F7H",
        "source_team": "T01RBRV5F7H",
        "user_profile": {
            "avatar_hash": "4c43a3a8d10b",
            "image_72": "https:\/\/avatars.slack-edge.com\/2021-03-21\/1895736308209_4c43a3a8d10bc2fe5e13_72.png",
            "first_name": "siand",
            "real_name": "siand the LT (she\/her)",
            "display_name": "siand the LT (she\/her)",
            "team": "T01RBRV5F7H",
            "name": "sian.davies",
            "is_restricted": false,
            "is_ultra_restricted": false
        },
        "blocks": [
            {
                "type": "rich_text",
                "block_id": "q9Q",
                "elements": [
                    {
                        "type": "rich_text_section",
                        "elements": [
                            {
                                "type": "text",
                                "text": "depends when available Tony… thats kind of up to zoom"
                            }
                        ]
                    }
                ]
            }
        ],
        "thread_ts": "1618914767.016000",
        "reply_count": 6,
        "reply_users_count": 3,
        "latest_reply": "1618992700.000200",
        "reply_users": [
            "U01RW140HBP",
            "U01SJKB2MG8",
            "U01RXCQHMHT"
        ],
        "replies": [
            {
                "user": "U01RW140HBP",
                "ts": "1618914807.016500"
            },
            {
                "user": "U01SJKB2MG8",
                "ts": "1618914970.016800"
            },
            {
                "user": "U01RW140HBP",
                "ts": "1618914980.017000"
            },
            {
                "user": "U01RXCQHMHT",
                "ts": "1618915371.021400"
            },
            {
                "user": "U01RW140HBP",
                "ts": "1618915442.022100"
            },
            {
                "user": "U01RW140HBP",
                "ts": "1618992700.000200"
            }
        ],
        "is_locked": false,
        "subscribed": true,
        "last_read": "1618992700.000200"
    },
    {
        "client_msg_id": "5a3da26c-d504-4ac2-8bdc-a96bcd2dc22a",
        "type": "message",
        "text": "<@U01SJKB2MG8> or <@U01RSRE0N3D> can you keep an eye out for when that recording has compiled?",
        "user": "U01RW140HBP",
        "ts": "1618914807.016500",
        "team": "T01RBRV5F7H",
        "user_team": "T01RBRV5F7H",
        "source_team": "T01RBRV5F7H",
        "user_profile": {
            "avatar_hash": "4c43a3a8d10b",
            "image_72": "https:\/\/avatars.slack-edge.com\/2021-03-21\/1895736308209_4c43a3a8d10bc2fe5e13_72.png",
            "first_name": "siand",
            "real_name": "siand the LT (she\/her)",
            "display_name": "siand the LT (she\/her)",
            "team": "T01RBRV5F7H",
            "name": "sian.davies",
            "is_restricted": false,
            "is_ultra_restricted": false
        },
        "blocks": [
            {
                "type": "rich_text",
                "block_id": "aETFf",
                "elements": [
                    {
                        "type": "rich_text_section",
                        "elements": [
                            {
                                "type": "user",
                                "user_id": "U01SJKB2MG8"
                            },
                            {
                                "type": "text",
                                "text": " or "
                            },
                            {
                                "type": "user",
                                "user_id": "U01RSRE0N3D"
                            },
                            {
                                "type": "text",
                                "text": " can you keep an eye out for when that recording has compiled?"
                            }
                        ]
                    }
                ]
            }
        ],
        "thread_ts": "1618914767.016000",
        "parent_user_id": "U01RW140HBP",
        "reactions": [
            {
                "name": "+1",
                "users": [
                    "U01SJKB2MG8"
                ],
                "count": 1
            }
        ]
    },
    {
        "client_msg_id": "bf9d4c1c-2dfc-494f-b2d4-b6e687fd45db",
        "type": "message",
        "text": "will do. But could well be that Zoom needs until the evening",
        "user": "U01SJKB2MG8",
        "ts": "1618914970.016800",
        "team": "T01RBRV5F7H",
        "user_team": "T01RBRV5F7H",
        "source_team": "T01RBRV5F7H",
        "user_profile": {
            "avatar_hash": "88fa894fdb53",
            "image_72": "https:\/\/avatars.slack-edge.com\/2021-03-19\/1885033153332_88fa894fdb5366452adf_72.jpg",
            "first_name": "Florian",
            "real_name": "Florian Titze",
            "display_name": "Flo Titze",
            "team": "T01RBRV5F7H",
            "name": "florian.titze",
            "is_restricted": false,
            "is_ultra_restricted": false
        },
        "blocks": [
            {
                "type": "rich_text",
                "block_id": "B41H",
                "elements": [
                    {
                        "type": "rich_text_section",
                        "elements": [
                            {
                                "type": "text",
                                "text": "will do. But could well be that Zoom needs until the evening"
                            }
                        ]
                    }
                ]
            }
        ],
        "thread_ts": "1618914767.016000",
        "parent_user_id": "U01RW140HBP"
    },
    {
        "client_msg_id": "f19ebe7c-b319-49cc-8550-9e0f6d092c46",
        "type": "message",
        "text": "thats what i would expect",
        "user": "U01RW140HBP",
        "ts": "1618914980.017000",
        "team": "T01RBRV5F7H",
        "user_team": "T01RBRV5F7H",
        "source_team": "T01RBRV5F7H",
        "user_profile": {
            "avatar_hash": "4c43a3a8d10b",
            "image_72": "https:\/\/avatars.slack-edge.com\/2021-03-21\/1895736308209_4c43a3a8d10bc2fe5e13_72.png",
            "first_name": "siand",
            "real_name": "siand the LT (she\/her)",
            "display_name": "siand the LT (she\/her)",
            "team": "T01RBRV5F7H",
            "name": "sian.davies",
            "is_restricted": false,
            "is_ultra_restricted": false
        },
        "blocks": [
            {
                "type": "rich_text",
                "block_id": "YC3",
                "elements": [
                    {
                        "type": "rich_text_section",
                        "elements": [
                            {
                                "type": "text",
                                "text": "thats what i would expect"
                            }
                        ]
                    }
                ]
            }
        ],
        "thread_ts": "1618914767.016000",
        "parent_user_id": "U01RW140HBP"
    },
    {
        "client_msg_id": "7d0e7531-0c88-43dd-a77d-e3ad49f995f6",
        "type": "message",
        "text": "oh, I see like it takes a long time for Zoom to get it uploaded, right?",
        "user": "U01RXCQHMHT",
        "ts": "1618915371.021400",
        "team": "T01RBRV5F7H",
        "user_team": "T01RBRV5F7H",
        "source_team": "T01RBRV5F7H",
        "user_profile": {
            "avatar_hash": "7290c61c38a0",
            "image_72": "https:\/\/avatars.slack-edge.com\/2021-03-22\/1898002028225_7290c61c38a01ad66680_72.jpg",
            "first_name": "Thanh",
            "real_name": "Thanh Tung Ha Thuc DAFT Berlin March 2021",
            "display_name": "Tony Ha",
            "team": "T01RBRV5F7H",
            "name": "tony.hathuc",
            "is_restricted": false,
            "is_ultra_restricted": false
        },
        "blocks": [
            {
                "type": "rich_text",
                "block_id": "ojae",
                "elements": [
                    {
                        "type": "rich_text_section",
                        "elements": [
                            {
                                "type": "text",
                                "text": "oh, I see like it takes a long time for Zoom to get it uploaded, right?"
                            }
                        ]
                    }
                ]
            }
        ],
        "thread_ts": "1618914767.016000",
        "parent_user_id": "U01RW140HBP"
    },
    {
        "client_msg_id": "854af8cd-d2f7-4ad5-ab75-580da53a45a2",
        "type": "message",
        "text": "&gt; :coffee: job insights coffee break :coffee:\n one of the companies actively recruiting in the UK to expand their data team, across all senior roles, is Tescos (the supermarket). This doesn’t often happen and the job specs aren’t often this well written… so I can recommend reviewing any of the following job specs to get more detail on what is required in a <https:\/\/www.tesco-careers.com\/jobdetails\/614785\/|senior data analyst>, <https:\/\/www.tesco-careers.com\/jobdetails\/614780\/|architect>, <https:\/\/www.tesco-careers.com\/jobdetails\/614766\/|senior data engineer>, <https:\/\/www.tesco-careers.com\/jobdetails\/609835\/|BI analyst>, <https:\/\/www.tesco-careers.com\/jobdetails\/598768\/|senior data scientist\/researcher>",
        "user": "U01RW140HBP",
        "ts": "1618915415.022000",
        "team": "T01RBRV5F7H",
        "user_team": "T01RBRV5F7H",
        "source_team": "T01RBRV5F7H",
        "user_profile": {
            "avatar_hash": "4c43a3a8d10b",
            "image_72": "https:\/\/avatars.slack-edge.com\/2021-03-21\/1895736308209_4c43a3a8d10bc2fe5e13_72.png",
            "first_name": "siand",
            "real_name": "siand the LT (she\/her)",
            "display_name": "siand the LT (she\/her)",
            "team": "T01RBRV5F7H",
            "name": "sian.davies",
            "is_restricted": false,
            "is_ultra_restricted": false
        },
        "blocks": [
            {
                "type": "rich_text",
                "block_id": "pWvW",
                "elements": [
                    {
                        "type": "rich_text_quote",
                        "elements": [
                            {
                                "type": "emoji",
                                "name": "coffee"
                            },
                            {
                                "type": "text",
                                "text": " job insights coffee break "
                            },
                            {
                                "type": "emoji",
                                "name": "coffee"
                            }
                        ]
                    },
                    {
                        "type": "rich_text_section",
                        "elements": [
                            {
                                "type": "text",
                                "text": " one of the companies actively recruiting in the UK to expand their data team, across all senior roles, is Tescos (the supermarket). This doesn’t often happen and the job specs aren’t often this well written… so I can recommend reviewing any of the following job specs to get more detail on what is required in a "
                            },
                            {
                                "type": "link",
                                "url": "https:\/\/www.tesco-careers.com\/jobdetails\/614785\/",
                                "text": "senior data analyst"
                            },
                            {
                                "type": "text",
                                "text": ", "
                            },
                            {
                                "type": "link",
                                "url": "https:\/\/www.tesco-careers.com\/jobdetails\/614780\/",
                                "text": "architect"
                            },
                            {
                                "type": "text",
                                "text": ", "
                            },
                            {
                                "type": "link",
                                "url": "https:\/\/www.tesco-careers.com\/jobdetails\/614766\/",
                                "text": "senior data engineer"
                            },
                            {
                                "type": "text",
                                "text": ", "
                            },
                            {
                                "type": "link",
                                "url": "https:\/\/www.tesco-careers.com\/jobdetails\/609835\/",
                                "text": "BI analyst"
                            },
                            {
                                "type": "text",
                                "text": ", "
                            },
                            {
                                "type": "link",
                                "url": "https:\/\/www.tesco-careers.com\/jobdetails\/598768\/",
                                "text": "senior data scientist\/researcher"
                            }
                        ]
                    }
                ]
            }
        ]
    },
    {
        "client_msg_id": "064073ab-3dbe-4b44-a8f0-d7fe697f9616",
        "type": "message",
        "text": "yes… noone knows why but i guess because everyone is recording to the same cloud, globally, theres a queue",
        "user": "U01RW140HBP",
        "ts": "1618915442.022100",
        "team": "T01RBRV5F7H",
        "user_team": "T01RBRV5F7H",
        "source_team": "T01RBRV5F7H",
        "user_profile": {
            "avatar_hash": "4c43a3a8d10b",
            "image_72": "https:\/\/avatars.slack-edge.com\/2021-03-21\/1895736308209_4c43a3a8d10bc2fe5e13_72.png",
            "first_name": "siand",
            "real_name": "siand the LT (she\/her)",
            "display_name": "siand the LT (she\/her)",
            "team": "T01RBRV5F7H",
            "name": "sian.davies",
            "is_restricted": false,
            "is_ultra_restricted": false
        },
        "blocks": [
            {
                "type": "rich_text",
                "block_id": "mdw",
                "elements": [
                    {
                        "type": "rich_text_section",
                        "elements": [
                            {
                                "type": "text",
                                "text": "yes… noone knows why but i guess because everyone is recording to the same cloud, globally, theres a queue"
                            }
                        ]
                    }
                ]
            }
        ],
        "thread_ts": "1618914767.016000",
        "parent_user_id": "U01RW140HBP"
    },
    {
        "client_msg_id": "0d787528-a5fc-4ef5-b602-2382af3ae2fb",
        "type": "message",
        "text": "YOGA GUYS",
        "user": "U01RN7BVD1C",
        "ts": "1618927258.022400",
        "team": "T01RBRV5F7H",
        "user_team": "T01RBRV5F7H",
        "source_team": "T01RBRV5F7H",
        "user_profile": {
            "avatar_hash": "55e0c1b57456",
            "image_72": "https:\/\/avatars.slack-edge.com\/2021-03-20\/1882033802643_55e0c1b574562994417f_72.jpg",
            "first_name": "Josephine",
            "real_name": "Josephine Biedermann",
            "display_name": "Phine",
            "team": "T01RBRV5F7H",
            "name": "josephinebiedermann",
            "is_restricted": false,
            "is_ultra_restricted": false
        },
        "blocks": [
            {
                "type": "rich_text",
                "block_id": "Ai7\/d",
                "elements": [
                    {
                        "type": "rich_text_section",
                        "elements": [
                            {
                                "type": "text",
                                "text": "YOGA GUYS"
                            }
                        ]
                    }
                ]
            }
        ],
        "reactions": [
            {
                "name": "+1",
                "users": [
                    "U01RP2K1606",
                    "U01RSRE0N3D"
                ],
                "count": 2
            }
        ]
    },
    {
        "client_msg_id": "ba4be887-b0ca-46e4-886b-361b35e34386",
        "type": "message",
        "text": "thx for the reminder",
        "user": "U01RS9Y6UJH",
        "ts": "1618927293.022700",
        "team": "T01RBRV5F7H",
        "user_team": "T01RBRV5F7H",
        "source_team": "T01RBRV5F7H",
        "user_profile": {
            "avatar_hash": "g7e6abc9bdfa",
            "image_72": "https:\/\/secure.gravatar.com\/avatar\/7e6abc9bdfaa8dee63eb82cb526abe78.jpg?s=72&d=https%3A%2F%2Fa.slack-edge.com%2Fdf10d%2Fimg%2Favatars%2Fava_0024-72.png",
            "first_name": "",
            "real_name": "Neil Corteen",
            "display_name": "",
            "team": "T01RBRV5F7H",
            "name": "neilcorteen",
            "is_restricted": false,
            "is_ultra_restricted": false
        },
        "blocks": [
            {
                "type": "rich_text",
                "block_id": "cnqL",
                "elements": [
                    {
                        "type": "rich_text_section",
                        "elements": [
                            {
                                "type": "text",
                                "text": "thx for the reminder"
                            }
                        ]
                    }
                ]
            }
        ]
    }
]