[
    {
        "client_msg_id": "156de936-e269-4944-bbda-c5d11c8b5d8f",
        "type": "message",
        "text": "Morning, folks. Where can I find when I have to make my 5 min presentation?",
        "user": "U01S79YDELR",
        "ts": "1617175841.001000",
        "team": "T01RBRV5F7H",
        "user_team": "T01RBRV5F7H",
        "source_team": "T01RBRV5F7H",
        "user_profile": {
            "avatar_hash": "606def897de6",
            "image_72": "https:\/\/avatars.slack-edge.com\/2021-03-22\/1910932493456_606def897de66681d932_72.jpg",
            "first_name": "",
            "real_name": "Karina Condeixa",
            "display_name": "Karina Condeixa",
            "team": "T01RBRV5F7H",
            "name": "karina.condeixa",
            "is_restricted": false,
            "is_ultra_restricted": false
        },
        "blocks": [
            {
                "type": "rich_text",
                "block_id": "dS3",
                "elements": [
                    {
                        "type": "rich_text_section",
                        "elements": [
                            {
                                "type": "text",
                                "text": "Morning, folks. Where can I find when I have to make my 5 min presentation?"
                            }
                        ]
                    }
                ]
            }
        ],
        "thread_ts": "1617175841.001000",
        "reply_count": 2,
        "reply_users_count": 2,
        "latest_reply": "1617175927.001400",
        "reply_users": [
            "U01RN7BVD1C",
            "U01S79YDELR"
        ],
        "replies": [
            {
                "user": "U01RN7BVD1C",
                "ts": "1617175872.001100"
            },
            {
                "user": "U01S79YDELR",
                "ts": "1617175927.001400"
            }
        ],
        "is_locked": false,
        "subscribed": false
    },
    {
        "client_msg_id": "6e0fb785-f243-4c67-b32f-5c334ecf24b9",
        "type": "message",
        "text": "its in the fun commitee channel pinned i think",
        "user": "U01RN7BVD1C",
        "ts": "1617175872.001100",
        "team": "T01RBRV5F7H",
        "user_team": "T01RBRV5F7H",
        "source_team": "T01RBRV5F7H",
        "user_profile": {
            "avatar_hash": "55e0c1b57456",
            "image_72": "https:\/\/avatars.slack-edge.com\/2021-03-20\/1882033802643_55e0c1b574562994417f_72.jpg",
            "first_name": "Josephine",
            "real_name": "Josephine Biedermann",
            "display_name": "Phine",
            "team": "T01RBRV5F7H",
            "name": "josephinebiedermann",
            "is_restricted": false,
            "is_ultra_restricted": false
        },
        "blocks": [
            {
                "type": "rich_text",
                "block_id": "Zh5XH",
                "elements": [
                    {
                        "type": "rich_text_section",
                        "elements": [
                            {
                                "type": "text",
                                "text": "its in the fun commitee channel pinned i think"
                            }
                        ]
                    }
                ]
            }
        ],
        "thread_ts": "1617175841.001000",
        "parent_user_id": "U01S79YDELR",
        "reactions": [
            {
                "name": "+1",
                "users": [
                    "U01S79YDELR"
                ],
                "count": 1
            }
        ]
    },
    {
        "client_msg_id": "9fb7782f-4679-49ea-979e-db8d1cd2ed43",
        "type": "message",
        "text": "Thanks <@U01RN7BVD1C>",
        "user": "U01S79YDELR",
        "ts": "1617175927.001400",
        "team": "T01RBRV5F7H",
        "user_team": "T01RBRV5F7H",
        "source_team": "T01RBRV5F7H",
        "user_profile": {
            "avatar_hash": "606def897de6",
            "image_72": "https:\/\/avatars.slack-edge.com\/2021-03-22\/1910932493456_606def897de66681d932_72.jpg",
            "first_name": "",
            "real_name": "Karina Condeixa",
            "display_name": "Karina Condeixa",
            "team": "T01RBRV5F7H",
            "name": "karina.condeixa",
            "is_restricted": false,
            "is_ultra_restricted": false
        },
        "blocks": [
            {
                "type": "rich_text",
                "block_id": "EXBS",
                "elements": [
                    {
                        "type": "rich_text_section",
                        "elements": [
                            {
                                "type": "text",
                                "text": "Thanks "
                            },
                            {
                                "type": "user",
                                "user_id": "U01RN7BVD1C"
                            }
                        ]
                    }
                ]
            }
        ],
        "thread_ts": "1617175841.001000",
        "parent_user_id": "U01S79YDELR",
        "reactions": [
            {
                "name": "slightly_smiling_face",
                "users": [
                    "U01RN7BVD1C"
                ],
                "count": 1
            }
        ]
    },
    {
        "type": "message",
        "text": "here is a zip of the files you need",
        "files": [
            {
                "id": "F01SG90T1RV",
                "created": 1617176272,
                "timestamp": 1617176272,
                "name": "discovering_answers_with_Tableau.zip",
                "title": "discovering_answers_with_Tableau.zip",
                "mimetype": "application\/zip",
                "filetype": "zip",
                "pretty_type": "Zip",
                "user": "U01RSRE0N3D",
                "editable": false,
                "size": 8899458,
                "mode": "hosted",
                "is_external": false,
                "external_type": "",
                "is_public": true,
                "public_url_shared": false,
                "display_as_bot": false,
                "username": "",
                "url_private": "https:\/\/files.slack.com\/files-pri\/T01RBRV5F7H-F01SG90T1RV\/discovering_answers_with_tableau.zip?t=xoxe-1861879185255-2005250891763-2017654554721-735ed824033d65b9b5a8817aca87e86a",
                "url_private_download": "https:\/\/files.slack.com\/files-pri\/T01RBRV5F7H-F01SG90T1RV\/download\/discovering_answers_with_tableau.zip?t=xoxe-1861879185255-2005250891763-2017654554721-735ed824033d65b9b5a8817aca87e86a",
                "permalink": "https:\/\/data-ft-ber-03-2021.slack.com\/files\/U01RSRE0N3D\/F01SG90T1RV\/discovering_answers_with_tableau.zip",
                "permalink_public": "https:\/\/slack-files.com\/T01RBRV5F7H-F01SG90T1RV-4e618993dd",
                "is_starred": false,
                "has_rich_preview": false
            }
        ],
        "upload": false,
        "blocks": [
            {
                "type": "rich_text",
                "block_id": "5hOF",
                "elements": [
                    {
                        "type": "rich_text_section",
                        "elements": [
                            {
                                "type": "text",
                                "text": "here is a zip of the files you need"
                            }
                        ]
                    }
                ]
            }
        ],
        "user": "U01RSRE0N3D",
        "display_as_bot": false,
        "ts": "1617176278.001900",
        "reactions": [
            {
                "name": "catjam",
                "users": [
                    "U01S7BM4N81",
                    "U01S1CWGTU4",
                    "U01S7KCL3DF",
                    "U01RRV4JX6Z"
                ],
                "count": 4
            }
        ]
    },
    {
        "client_msg_id": "b17190de-2456-4a4e-9757-4b820bc5a293",
        "type": "message",
        "text": "<!channel>,\n<https:\/\/www.data-to-viz.com\/>\n*<https:\/\/www.storytellingwithdata.com>*\n\n1. *Are museum ticket sales affected by bad weather?*\n2. *What percentage of  my companies orders are shipped on time vs. shipped late?*\n3.  *Does frequency of bird strikes at various altitudes on commercial planes at uk airports follow a normal distribution?*\n4. *How does thickness of arctic sea ice develop over months and years (starting e.g. 1970)?* \n5. *Which words in a Google Play Store review are typical for a 5 star rating?*\nDiscuss in your breakout group which could be the most fitting chart types to visualize the answer to your groups question (breakoutroom 1 = question 1, etc.). 1 person would then present your groups result after lunch break at *2 pm*",
        "user": "U01SJKB2MG8",
        "ts": "1617188155.005400",
        "team": "T01RBRV5F7H",
        "user_team": "T01RBRV5F7H",
        "source_team": "T01RBRV5F7H",
        "user_profile": {
            "avatar_hash": "88fa894fdb53",
            "image_72": "https:\/\/avatars.slack-edge.com\/2021-03-19\/1885033153332_88fa894fdb5366452adf_72.jpg",
            "first_name": "Florian",
            "real_name": "Florian Titze",
            "display_name": "Flo Titze",
            "team": "T01RBRV5F7H",
            "name": "florian.titze",
            "is_restricted": false,
            "is_ultra_restricted": false
        },
        "attachments": [
            {
                "title": "From data to Viz | Find the graphic you need",
                "title_link": "https:\/\/www.data-to-viz.com\/",
                "text": "A classification of chart types based on their input data format.",
                "fallback": "From data to Viz | Find the graphic you need",
                "from_url": "https:\/\/www.data-to-viz.com\/",
                "service_icon": "https:\/\/www.data-to-viz.com\/img\/logo\/data-to-viz.ico",
                "service_name": "data-to-viz.com",
                "id": 1,
                "original_url": "https:\/\/www.data-to-viz.com\/"
            },
            {
                "title": "storytelling with data",
                "title_link": "https:\/\/www.storytellingwithdata.com\/",
                "text": "Don't simply show your data, tell a story with it! At storytelling with data, we share practical tips and examples on how to effectively communicate with data. With a number of resources including, best-selling books, podcasts, live stream lessons and in person workshops your graphs and presentati",
                "fallback": "storytelling with data",
                "thumb_url": "http:\/\/static1.squarespace.com\/static\/55b6a6dce4b089e11621d3ed\/t\/5d30368cacc84d000164164e\/1563440781687\/Logo+Registered+Trademark+-+ICON+BLUE.jpg?format=1500w",
                "from_url": "https:\/\/www.storytellingwithdata.com\/",
                "thumb_width": 137,
                "thumb_height": 154,
                "service_icon": "https:\/\/images.squarespace-cdn.com\/content\/v1\/55b6a6dce4b089e11621d3ed\/1490049921265-Q9O46L664ZCJ90RMV0OE\/ke17ZwdGBToddI8pDm48kO147iFiYXOQVWoTuXIyqG9Zw-zPPgdn4jUwVcJE1ZvWhcwhEtWJXoshNdA9f1qD7Xj1nVWs2aaTtWBneO2WM-sQHebzeQbzALGx7F3CE68So08e599UqGrYGqh1qM-x6w\/favicon.ico?format=100w",
                "service_name": "storytellingwithdata.com",
                "id": 2,
                "original_url": "https:\/\/www.storytellingwithdata.com"
            }
        ],
        "blocks": [
            {
                "type": "rich_text",
                "block_id": "S6WKv",
                "elements": [
                    {
                        "type": "rich_text_section",
                        "elements": [
                            {
                                "type": "broadcast",
                                "range": "channel"
                            },
                            {
                                "type": "text",
                                "text": ",\n"
                            },
                            {
                                "type": "link",
                                "url": "https:\/\/www.data-to-viz.com\/"
                            },
                            {
                                "type": "text",
                                "text": "\n"
                            },
                            {
                                "type": "link",
                                "url": "https:\/\/www.storytellingwithdata.com",
                                "style": {
                                    "bold": true
                                }
                            },
                            {
                                "type": "text",
                                "text": "\n\n"
                            }
                        ]
                    },
                    {
                        "type": "rich_text_list",
                        "elements": [
                            {
                                "type": "rich_text_section",
                                "elements": [
                                    {
                                        "type": "text",
                                        "text": "Are museum ticket sales affected by bad weather?",
                                        "style": {
                                            "bold": true
                                        }
                                    }
                                ]
                            },
                            {
                                "type": "rich_text_section",
                                "elements": [
                                    {
                                        "type": "text",
                                        "text": "What percentage of  my companies orders are shipped on time vs. shipped late?",
                                        "style": {
                                            "bold": true
                                        }
                                    }
                                ]
                            },
                            {
                                "type": "rich_text_section",
                                "elements": [
                                    {
                                        "type": "text",
                                        "text": " Does frequency of bird strikes at various altitudes on commercial planes at uk airports follow a normal distribution?",
                                        "style": {
                                            "bold": true
                                        }
                                    }
                                ]
                            },
                            {
                                "type": "rich_text_section",
                                "elements": [
                                    {
                                        "type": "text",
                                        "text": "How does thickness of arctic sea ice develop over months and years (starting e.g. 1970)? ",
                                        "style": {
                                            "bold": true
                                        }
                                    }
                                ]
                            },
                            {
                                "type": "rich_text_section",
                                "elements": [
                                    {
                                        "type": "text",
                                        "text": "Which words in a Google Play Store review are typical for a 5 star rating?",
                                        "style": {
                                            "bold": true
                                        }
                                    }
                                ]
                            }
                        ],
                        "style": "ordered",
                        "indent": 0
                    },
                    {
                        "type": "rich_text_section",
                        "elements": [
                            {
                                "type": "text",
                                "text": "\nDiscuss in your breakout group which could be the most fitting chart types to visualize the answer to your groups question (breakoutroom 1 = question 1, etc.). 1 person would then present your groups result after lunch break at "
                            },
                            {
                                "type": "text",
                                "text": "2 pm",
                                "style": {
                                    "bold": true
                                }
                            }
                        ]
                    }
                ]
            }
        ]
    },
    {
        "type": "message",
        "text": "",
        "files": [
            {
                "id": "F01TMDKFPA4",
                "created": 1617188188,
                "timestamp": 1617188188,
                "name": "image.png",
                "title": "image.png",
                "mimetype": "image\/png",
                "filetype": "png",
                "pretty_type": "PNG",
                "user": "U01RKN0EGDV",
                "editable": false,
                "size": 282198,
                "mode": "hosted",
                "is_external": false,
                "external_type": "",
                "is_public": true,
                "public_url_shared": false,
                "display_as_bot": false,
                "username": "",
                "url_private": "https:\/\/files.slack.com\/files-pri\/T01RBRV5F7H-F01TMDKFPA4\/image.png?t=xoxe-1861879185255-2005250891763-2017654554721-735ed824033d65b9b5a8817aca87e86a",
                "url_private_download": "https:\/\/files.slack.com\/files-pri\/T01RBRV5F7H-F01TMDKFPA4\/download\/image.png?t=xoxe-1861879185255-2005250891763-2017654554721-735ed824033d65b9b5a8817aca87e86a",
                "thumb_64": "https:\/\/files.slack.com\/files-tmb\/T01RBRV5F7H-F01TMDKFPA4-64ebaaf5e8\/image_64.png?t=xoxe-1861879185255-2005250891763-2017654554721-735ed824033d65b9b5a8817aca87e86a",
                "thumb_80": "https:\/\/files.slack.com\/files-tmb\/T01RBRV5F7H-F01TMDKFPA4-64ebaaf5e8\/image_80.png?t=xoxe-1861879185255-2005250891763-2017654554721-735ed824033d65b9b5a8817aca87e86a",
                "thumb_360": "https:\/\/files.slack.com\/files-tmb\/T01RBRV5F7H-F01TMDKFPA4-64ebaaf5e8\/image_360.png?t=xoxe-1861879185255-2005250891763-2017654554721-735ed824033d65b9b5a8817aca87e86a",
                "thumb_360_w": 360,
                "thumb_360_h": 278,
                "thumb_480": "https:\/\/files.slack.com\/files-tmb\/T01RBRV5F7H-F01TMDKFPA4-64ebaaf5e8\/image_480.png?t=xoxe-1861879185255-2005250891763-2017654554721-735ed824033d65b9b5a8817aca87e86a",
                "thumb_480_w": 480,
                "thumb_480_h": 371,
                "thumb_160": "https:\/\/files.slack.com\/files-tmb\/T01RBRV5F7H-F01TMDKFPA4-64ebaaf5e8\/image_160.png?t=xoxe-1861879185255-2005250891763-2017654554721-735ed824033d65b9b5a8817aca87e86a",
                "thumb_720": "https:\/\/files.slack.com\/files-tmb\/T01RBRV5F7H-F01TMDKFPA4-64ebaaf5e8\/image_720.png?t=xoxe-1861879185255-2005250891763-2017654554721-735ed824033d65b9b5a8817aca87e86a",
                "thumb_720_w": 720,
                "thumb_720_h": 556,
                "thumb_800": "https:\/\/files.slack.com\/files-tmb\/T01RBRV5F7H-F01TMDKFPA4-64ebaaf5e8\/image_800.png?t=xoxe-1861879185255-2005250891763-2017654554721-735ed824033d65b9b5a8817aca87e86a",
                "thumb_800_w": 800,
                "thumb_800_h": 618,
                "thumb_960": "https:\/\/files.slack.com\/files-tmb\/T01RBRV5F7H-F01TMDKFPA4-64ebaaf5e8\/image_960.png?t=xoxe-1861879185255-2005250891763-2017654554721-735ed824033d65b9b5a8817aca87e86a",
                "thumb_960_w": 960,
                "thumb_960_h": 742,
                "thumb_1024": "https:\/\/files.slack.com\/files-tmb\/T01RBRV5F7H-F01TMDKFPA4-64ebaaf5e8\/image_1024.png?t=xoxe-1861879185255-2005250891763-2017654554721-735ed824033d65b9b5a8817aca87e86a",
                "thumb_1024_w": 1024,
                "thumb_1024_h": 791,
                "original_w": 1584,
                "original_h": 1224,
                "thumb_tiny": "AwAlADDTJxSbvT9aCKMe1ACbj7Yoy3tS4A60YB6UAGcdaXNJgUCgAPWgdKCQKM\/pQAEcdTQBx1NG4UZFAB+NA60bh60Ac0ABGaNtLRQAmKNozmlooATbS0UUAf\/Z",
                "permalink": "https:\/\/data-ft-ber-03-2021.slack.com\/files\/U01RKN0EGDV\/F01TMDKFPA4\/image.png",
                "permalink_public": "https:\/\/slack-files.com\/T01RBRV5F7H-F01TMDKFPA4-e8e7ff05f2",
                "is_starred": false,
                "has_rich_preview": false
            }
        ],
        "upload": false,
        "user": "U01RKN0EGDV",
        "display_as_bot": false,
        "ts": "1617188192.005600",
        "reactions": [
            {
                "name": "+1",
                "users": [
                    "U01SJKB2MG8",
                    "U01S7KCL3DF",
                    "U01S081EULS",
                    "U01SD3CDH9P",
                    "U01RXCQHMHT"
                ],
                "count": 5
            }
        ]
    },
    {
        "type": "message",
        "text": "",
        "files": [
            {
                "id": "F01TMNNC1S4",
                "created": 1617194737,
                "timestamp": 1617194737,
                "name": "FusionIdea_Home.jpg",
                "title": "FusionIdea_Home.jpg",
                "mimetype": "image\/jpeg",
                "filetype": "jpg",
                "pretty_type": "JPEG",
                "user": "U01RRV4JX6Z",
                "editable": false,
                "size": 1286860,
                "mode": "hosted",
                "is_external": false,
                "external_type": "",
                "is_public": true,
                "public_url_shared": false,
                "display_as_bot": false,
                "username": "",
                "url_private": "https:\/\/files.slack.com\/files-pri\/T01RBRV5F7H-F01TMNNC1S4\/fusionidea_home.jpg?t=xoxe-1861879185255-2005250891763-2017654554721-735ed824033d65b9b5a8817aca87e86a",
                "url_private_download": "https:\/\/files.slack.com\/files-pri\/T01RBRV5F7H-F01TMNNC1S4\/download\/fusionidea_home.jpg?t=xoxe-1861879185255-2005250891763-2017654554721-735ed824033d65b9b5a8817aca87e86a",
                "thumb_64": "https:\/\/files.slack.com\/files-tmb\/T01RBRV5F7H-F01TMNNC1S4-fb9b118de0\/fusionidea_home_64.jpg?t=xoxe-1861879185255-2005250891763-2017654554721-735ed824033d65b9b5a8817aca87e86a",
                "thumb_80": "https:\/\/files.slack.com\/files-tmb\/T01RBRV5F7H-F01TMNNC1S4-fb9b118de0\/fusionidea_home_80.jpg?t=xoxe-1861879185255-2005250891763-2017654554721-735ed824033d65b9b5a8817aca87e86a",
                "thumb_360": "https:\/\/files.slack.com\/files-tmb\/T01RBRV5F7H-F01TMNNC1S4-fb9b118de0\/fusionidea_home_360.jpg?t=xoxe-1861879185255-2005250891763-2017654554721-735ed824033d65b9b5a8817aca87e86a",
                "thumb_360_w": 209,
                "thumb_360_h": 360,
                "thumb_480": "https:\/\/files.slack.com\/files-tmb\/T01RBRV5F7H-F01TMNNC1S4-fb9b118de0\/fusionidea_home_480.jpg?t=xoxe-1861879185255-2005250891763-2017654554721-735ed824033d65b9b5a8817aca87e86a",
                "thumb_480_w": 278,
                "thumb_480_h": 480,
                "thumb_160": "https:\/\/files.slack.com\/files-tmb\/T01RBRV5F7H-F01TMNNC1S4-fb9b118de0\/fusionidea_home_160.jpg?t=xoxe-1861879185255-2005250891763-2017654554721-735ed824033d65b9b5a8817aca87e86a",
                "thumb_720": "https:\/\/files.slack.com\/files-tmb\/T01RBRV5F7H-F01TMNNC1S4-fb9b118de0\/fusionidea_home_720.jpg?t=xoxe-1861879185255-2005250891763-2017654554721-735ed824033d65b9b5a8817aca87e86a",
                "thumb_720_w": 417,
                "thumb_720_h": 720,
                "thumb_800": "https:\/\/files.slack.com\/files-tmb\/T01RBRV5F7H-F01TMNNC1S4-fb9b118de0\/fusionidea_home_800.jpg?t=xoxe-1861879185255-2005250891763-2017654554721-735ed824033d65b9b5a8817aca87e86a",
                "thumb_800_w": 800,
                "thumb_800_h": 1381,
                "thumb_960": "https:\/\/files.slack.com\/files-tmb\/T01RBRV5F7H-F01TMNNC1S4-fb9b118de0\/fusionidea_home_960.jpg?t=xoxe-1861879185255-2005250891763-2017654554721-735ed824033d65b9b5a8817aca87e86a",
                "thumb_960_w": 556,
                "thumb_960_h": 960,
                "thumb_1024": "https:\/\/files.slack.com\/files-tmb\/T01RBRV5F7H-F01TMNNC1S4-fb9b118de0\/fusionidea_home_1024.jpg?t=xoxe-1861879185255-2005250891763-2017654554721-735ed824033d65b9b5a8817aca87e86a",
                "thumb_1024_w": 593,
                "thumb_1024_h": 1024,
                "original_w": 1440,
                "original_h": 2485,
                "thumb_tiny": "AwAwABtwiktPnypzx3qucE8n9K1ZYxKuDng54qBraFByzZ+tUmQ4ldbR2wAV5p32CT+8n61aRVWXAR+ONx6VNSUmPlQhGQRkjPpUfkL1yakbdtO3rULRyt95s\/jSKHiZTMY+d3+7\/WpKgRpvOwwOzJ\/h7dqnoEjLF1Oc\/P8AoKPtU+fv9fYVCGFLuFaWRndkv2ufH3+foKT7XP8A3\/0FR5G2kyKLIV2f\/9k=",
                "permalink": "https:\/\/data-ft-ber-03-2021.slack.com\/files\/U01RRV4JX6Z\/F01TMNNC1S4\/fusionidea_home.jpg",
                "permalink_public": "https:\/\/slack-files.com\/T01RBRV5F7H-F01TMNNC1S4-efe4b8ec45",
                "is_starred": false,
                "has_rich_preview": false
            }
        ],
        "upload": false,
        "user": "U01RRV4JX6Z",
        "display_as_bot": false,
        "ts": "1617194741.006200",
        "thread_ts": "1617194741.006200",
        "reply_count": 5,
        "reply_users_count": 3,
        "latest_reply": "1617196097.008500",
        "reply_users": [
            "U01RKN0EGDV",
            "U01S7KCL3DF",
            "U01RRV4JX6Z"
        ],
        "replies": [
            {
                "user": "U01RKN0EGDV",
                "ts": "1617194826.007000"
            },
            {
                "user": "U01S7KCL3DF",
                "ts": "1617195376.007400"
            },
            {
                "user": "U01RRV4JX6Z",
                "ts": "1617195590.007700"
            },
            {
                "user": "U01S7KCL3DF",
                "ts": "1617195806.008300"
            },
            {
                "user": "U01RRV4JX6Z",
                "ts": "1617196097.008500"
            }
        ],
        "is_locked": false,
        "subscribed": false
    },
    {
        "client_msg_id": "21bb2cc9-9268-4c4f-aee1-4a9a09a1973e",
        "type": "message",
        "text": "<@U01RKN0EGDV>",
        "user": "U01RRV4JX6Z",
        "ts": "1617194751.006600",
        "team": "T01RBRV5F7H",
        "user_team": "T01RBRV5F7H",
        "source_team": "T01RBRV5F7H",
        "user_profile": {
            "avatar_hash": "339c4d69b7d9",
            "image_72": "https:\/\/avatars.slack-edge.com\/2021-04-14\/1961122781618_339c4d69b7d9fe16343a_72.jpg",
            "first_name": "",
            "real_name": "Francisco Ebeling",
            "display_name": "Francisco Ebeling",
            "team": "T01RBRV5F7H",
            "name": "ebelingbarros",
            "is_restricted": false,
            "is_ultra_restricted": false
        },
        "blocks": [
            {
                "type": "rich_text",
                "block_id": "20c",
                "elements": [
                    {
                        "type": "rich_text_section",
                        "elements": [
                            {
                                "type": "user",
                                "user_id": "U01RKN0EGDV"
                            }
                        ]
                    }
                ]
            }
        ]
    },
    {
        "client_msg_id": "f75fcbe4-bccc-4b30-935c-51a0fe7e912b",
        "type": "message",
        "text": "It looked more or less like this",
        "user": "U01RRV4JX6Z",
        "ts": "1617194756.006800",
        "team": "T01RBRV5F7H",
        "user_team": "T01RBRV5F7H",
        "source_team": "T01RBRV5F7H",
        "user_profile": {
            "avatar_hash": "339c4d69b7d9",
            "image_72": "https:\/\/avatars.slack-edge.com\/2021-04-14\/1961122781618_339c4d69b7d9fe16343a_72.jpg",
            "first_name": "",
            "real_name": "Francisco Ebeling",
            "display_name": "Francisco Ebeling",
            "team": "T01RBRV5F7H",
            "name": "ebelingbarros",
            "is_restricted": false,
            "is_ultra_restricted": false
        },
        "blocks": [
            {
                "type": "rich_text",
                "block_id": "uMmq",
                "elements": [
                    {
                        "type": "rich_text_section",
                        "elements": [
                            {
                                "type": "text",
                                "text": "It looked more or less like this"
                            }
                        ]
                    }
                ]
            }
        ],
        "reactions": [
            {
                "name": "eyes",
                "users": [
                    "U01RKN0EGDV"
                ],
                "count": 1
            },
            {
                "name": "cattyping",
                "users": [
                    "U01S7KCL3DF",
                    "U01RRV4JX6Z"
                ],
                "count": 2
            }
        ]
    },
    {
        "client_msg_id": "94832fa9-48f9-4a63-9cdc-94066322cc8a",
        "type": "message",
        "text": "cool thanks!",
        "user": "U01RKN0EGDV",
        "ts": "1617194826.007000",
        "team": "T01RBRV5F7H",
        "user_team": "T01RBRV5F7H",
        "source_team": "T01RBRV5F7H",
        "user_profile": {
            "avatar_hash": "abe46e9352ee",
            "image_72": "https:\/\/avatars.slack-edge.com\/2021-03-24\/1878427345639_abe46e9352ee26531094_72.jpg",
            "first_name": "Marian",
            "real_name": "Marian Moreno",
            "display_name": "Marian (she\/her)",
            "team": "T01RBRV5F7H",
            "name": "marimor62",
            "is_restricted": false,
            "is_ultra_restricted": false
        },
        "blocks": [
            {
                "type": "rich_text",
                "block_id": "4zpZ",
                "elements": [
                    {
                        "type": "rich_text_section",
                        "elements": [
                            {
                                "type": "text",
                                "text": "cool thanks!"
                            }
                        ]
                    }
                ]
            }
        ],
        "thread_ts": "1617194741.006200",
        "parent_user_id": "U01RRV4JX6Z"
    },
    {
        "client_msg_id": "ec69f81a-1d5e-481b-b15d-c3c78d28f972",
        "type": "message",
        "text": "wow 3.69 Reais to the Euro... those were the day right :grin:",
        "user": "U01S7KCL3DF",
        "ts": "1617195376.007400",
        "team": "T01RBRV5F7H",
        "user_team": "T01RBRV5F7H",
        "source_team": "T01RBRV5F7H",
        "user_profile": {
            "avatar_hash": "17b52091bb62",
            "image_72": "https:\/\/avatars.slack-edge.com\/2021-03-19\/1875964347925_17b52091bb62c2340b4c_72.png",
            "first_name": "Sam",
            "real_name": "Sam Katterfield",
            "display_name": "Sam",
            "team": "T01RBRV5F7H",
            "name": "samkatterfield",
            "is_restricted": false,
            "is_ultra_restricted": false
        },
        "blocks": [
            {
                "type": "rich_text",
                "block_id": "nU5w",
                "elements": [
                    {
                        "type": "rich_text_section",
                        "elements": [
                            {
                                "type": "text",
                                "text": "wow 3.69 Reais to the Euro... those were the day right "
                            },
                            {
                                "type": "emoji",
                                "name": "grin"
                            }
                        ]
                    }
                ]
            }
        ],
        "thread_ts": "1617194741.006200",
        "parent_user_id": "U01RRV4JX6Z",
        "reactions": [
            {
                "name": "smile",
                "users": [
                    "U01RRV4JX6Z"
                ],
                "count": 1
            }
        ]
    },
    {
        "client_msg_id": "15047220-fa53-4473-9720-8b81ba6d5dd4",
        "type": "message",
        "text": "Yeah, that were the days when Brazil was \"taking off.\"... Now its more like climbing into the sewer",
        "user": "U01RRV4JX6Z",
        "ts": "1617195590.007700",
        "team": "T01RBRV5F7H",
        "user_team": "T01RBRV5F7H",
        "source_team": "T01RBRV5F7H",
        "user_profile": {
            "avatar_hash": "339c4d69b7d9",
            "image_72": "https:\/\/avatars.slack-edge.com\/2021-04-14\/1961122781618_339c4d69b7d9fe16343a_72.jpg",
            "first_name": "",
            "real_name": "Francisco Ebeling",
            "display_name": "Francisco Ebeling",
            "team": "T01RBRV5F7H",
            "name": "ebelingbarros",
            "is_restricted": false,
            "is_ultra_restricted": false
        },
        "blocks": [
            {
                "type": "rich_text",
                "block_id": "qkE",
                "elements": [
                    {
                        "type": "rich_text_section",
                        "elements": [
                            {
                                "type": "text",
                                "text": "Yeah, that were the days when Brazil was \"taking off.\"... Now its more like climbing into the sewer"
                            }
                        ]
                    }
                ]
            }
        ],
        "thread_ts": "1617194741.006200",
        "parent_user_id": "U01RRV4JX6Z"
    },
    {
        "client_msg_id": "436c811a-6968-4b2f-82e1-94d4dfcbfe4b",
        "type": "message",
        "text": "<!channel>,\n<https:\/\/www.tableau.com\/about\/blog\/2017\/6\/eye-tracking-study-5-key-learnings-data-designers-everywhere-72395>",
        "user": "U01SJKB2MG8",
        "ts": "1617195682.008100",
        "team": "T01RBRV5F7H",
        "user_team": "T01RBRV5F7H",
        "source_team": "T01RBRV5F7H",
        "user_profile": {
            "avatar_hash": "88fa894fdb53",
            "image_72": "https:\/\/avatars.slack-edge.com\/2021-03-19\/1885033153332_88fa894fdb5366452adf_72.jpg",
            "first_name": "Florian",
            "real_name": "Florian Titze",
            "display_name": "Flo Titze",
            "team": "T01RBRV5F7H",
            "name": "florian.titze",
            "is_restricted": false,
            "is_ultra_restricted": false
        },
        "attachments": [
            {
                "service_name": "Tableau",
                "title": "Eye-tracking study: 5 key learnings for data designers everywhere",
                "title_link": "https:\/\/www.tableau.com\/about\/blog\/2017\/6\/eye-tracking-study-5-key-learnings-data-designers-everywhere-72395",
                "text": "The Tableau Research and Design team is always eager to learn from our amazing customers. Last year, our team hosted the first Tableau Labs at Tableau Conference 2016 with the intention of conducting real-time research with conference attendees. One activity garnered an incredible amount of attention: the Dashboards Eye-Tracking Station.",
                "fallback": "Tableau: Eye-tracking study: 5 key learnings for data designers everywhere",
                "thumb_url": "https:\/\/www.tableau.com\/sites\/default\/files\/blog\/wc_gom_2_copy_1.jpg",
                "from_url": "https:\/\/www.tableau.com\/about\/blog\/2017\/6\/eye-tracking-study-5-key-learnings-data-designers-everywhere-72395",
                "thumb_width": 812,
                "thumb_height": 812,
                "service_icon": "https:\/\/www.tableau.com\/themes\/custom\/tableau_www\/favicon.ico",
                "id": 1,
                "original_url": "https:\/\/www.tableau.com\/about\/blog\/2017\/6\/eye-tracking-study-5-key-learnings-data-designers-everywhere-72395"
            }
        ],
        "blocks": [
            {
                "type": "rich_text",
                "block_id": "OB3xx",
                "elements": [
                    {
                        "type": "rich_text_section",
                        "elements": [
                            {
                                "type": "broadcast",
                                "range": "channel"
                            },
                            {
                                "type": "text",
                                "text": ",\n"
                            },
                            {
                                "type": "link",
                                "url": "https:\/\/www.tableau.com\/about\/blog\/2017\/6\/eye-tracking-study-5-key-learnings-data-designers-everywhere-72395"
                            }
                        ]
                    }
                ]
            }
        ],
        "reactions": [
            {
                "name": "raised_hands",
                "users": [
                    "U01SD3CDH9P"
                ],
                "count": 1
            }
        ]
    },
    {
        "client_msg_id": "2adb1593-826a-448e-8c0e-05512783a581",
        "type": "message",
        "text": "was gonna ask.... is there a chart for the value of Petrobras over time? :confused:",
        "user": "U01S7KCL3DF",
        "ts": "1617195806.008300",
        "team": "T01RBRV5F7H",
        "user_team": "T01RBRV5F7H",
        "source_team": "T01RBRV5F7H",
        "user_profile": {
            "avatar_hash": "17b52091bb62",
            "image_72": "https:\/\/avatars.slack-edge.com\/2021-03-19\/1875964347925_17b52091bb62c2340b4c_72.png",
            "first_name": "Sam",
            "real_name": "Sam Katterfield",
            "display_name": "Sam",
            "team": "T01RBRV5F7H",
            "name": "samkatterfield",
            "is_restricted": false,
            "is_ultra_restricted": false
        },
        "blocks": [
            {
                "type": "rich_text",
                "block_id": "Q6O",
                "elements": [
                    {
                        "type": "rich_text_section",
                        "elements": [
                            {
                                "type": "text",
                                "text": "was gonna ask.... is there a chart for the value of Petrobras over time? "
                            },
                            {
                                "type": "emoji",
                                "name": "confused"
                            }
                        ]
                    }
                ]
            }
        ],
        "thread_ts": "1617194741.006200",
        "parent_user_id": "U01RRV4JX6Z"
    },
    {
        "client_msg_id": "f96a0790-e4fa-44cf-8112-b45aacc66b05",
        "type": "message",
        "text": "<https:\/\/www.investidorpetrobras.com.br\/en\/shares-dividends-and-debt\/shares\/>",
        "user": "U01RRV4JX6Z",
        "ts": "1617196097.008500",
        "team": "T01RBRV5F7H",
        "user_team": "T01RBRV5F7H",
        "source_team": "T01RBRV5F7H",
        "user_profile": {
            "avatar_hash": "339c4d69b7d9",
            "image_72": "https:\/\/avatars.slack-edge.com\/2021-04-14\/1961122781618_339c4d69b7d9fe16343a_72.jpg",
            "first_name": "",
            "real_name": "Francisco Ebeling",
            "display_name": "Francisco Ebeling",
            "team": "T01RBRV5F7H",
            "name": "ebelingbarros",
            "is_restricted": false,
            "is_ultra_restricted": false
        },
        "attachments": [
            {
                "service_name": "Petrobras",
                "title": "Shares - Petrobras",
                "title_link": "https:\/\/www.investidorpetrobras.com.br\/en\/shares-dividends-and-debt\/shares\/",
                "text": "Book Entry Shares To ensure that Petrobras’s shareholders receive the dividends to which they are entitled, it is essential that personal data be maintained current, communicating any change in address or banking account for the purpose of crediting dividends. This updating should be made at any Banco Bradesco branch (the financial institution that manages book entry …",
                "fallback": "Petrobras: Shares - Petrobras",
                "from_url": "https:\/\/www.investidorpetrobras.com.br\/en\/shares-dividends-and-debt\/shares\/",
                "service_icon": "https:\/\/www.investidorpetrobras.com.br\/wp-content\/themes\/mziq_petrobras_ri\/img\/favicon.ico",
                "id": 1,
                "original_url": "https:\/\/www.investidorpetrobras.com.br\/en\/shares-dividends-and-debt\/shares\/"
            }
        ],
        "blocks": [
            {
                "type": "rich_text",
                "block_id": "IpNT",
                "elements": [
                    {
                        "type": "rich_text_section",
                        "elements": [
                            {
                                "type": "link",
                                "url": "https:\/\/www.investidorpetrobras.com.br\/en\/shares-dividends-and-debt\/shares\/"
                            }
                        ]
                    }
                ]
            }
        ],
        "thread_ts": "1617194741.006200",
        "parent_user_id": "U01RRV4JX6Z",
        "reactions": [
            {
                "name": "moneybag",
                "users": [
                    "U01S7KCL3DF"
                ],
                "count": 1
            }
        ]
    }
]