[
    {
        "type": "message",
        "text": "",
        "files": [
            {
                "id": "F01U5G8DR1A",
                "created": 1618218611,
                "timestamp": 1618218611,
                "name": "good_loan_trans.csv",
                "title": "good_loan_trans.csv",
                "mimetype": "text\/csv",
                "filetype": "csv",
                "pretty_type": "CSV",
                "user": "U01RW140HBP",
                "editable": true,
                "size": 2147,
                "mode": "snippet",
                "is_external": false,
                "external_type": "",
                "is_public": true,
                "public_url_shared": false,
                "display_as_bot": false,
                "username": "",
                "url_private": "https:\/\/files.slack.com\/files-pri\/T01RBRV5F7H-F01U5G8DR1A\/good_loan_trans.csv?t=xoxe-1861879185255-2005250891763-2017654554721-735ed824033d65b9b5a8817aca87e86a",
                "url_private_download": "https:\/\/files.slack.com\/files-pri\/T01RBRV5F7H-F01U5G8DR1A\/download\/good_loan_trans.csv?t=xoxe-1861879185255-2005250891763-2017654554721-735ed824033d65b9b5a8817aca87e86a",
                "permalink": "https:\/\/data-ft-ber-03-2021.slack.com\/files\/U01RW140HBP\/F01U5G8DR1A\/good_loan_trans.csv",
                "permalink_public": "https:\/\/slack-files.com\/T01RBRV5F7H-F01U5G8DR1A-a02fd3d3b4",
                "edit_link": "https:\/\/data-ft-ber-03-2021.slack.com\/files\/U01RW140HBP\/F01U5G8DR1A\/good_loan_trans.csv\/edit",
                "is_starred": false,
                "has_rich_preview": false
            },
            {
                "id": "F01U5G8FR1A",
                "created": 1618218612,
                "timestamp": 1618218612,
                "name": "bad_loan_trans.csv",
                "title": "bad_loan_trans.csv",
                "mimetype": "text\/csv",
                "filetype": "csv",
                "pretty_type": "CSV",
                "user": "U01RW140HBP",
                "editable": true,
                "size": 1968,
                "mode": "snippet",
                "is_external": false,
                "external_type": "",
                "is_public": true,
                "public_url_shared": false,
                "display_as_bot": false,
                "username": "",
                "url_private": "https:\/\/files.slack.com\/files-pri\/T01RBRV5F7H-F01U5G8FR1A\/bad_loan_trans.csv?t=xoxe-1861879185255-2005250891763-2017654554721-735ed824033d65b9b5a8817aca87e86a",
                "url_private_download": "https:\/\/files.slack.com\/files-pri\/T01RBRV5F7H-F01U5G8FR1A\/download\/bad_loan_trans.csv?t=xoxe-1861879185255-2005250891763-2017654554721-735ed824033d65b9b5a8817aca87e86a",
                "permalink": "https:\/\/data-ft-ber-03-2021.slack.com\/files\/U01RW140HBP\/F01U5G8FR1A\/bad_loan_trans.csv",
                "permalink_public": "https:\/\/slack-files.com\/T01RBRV5F7H-F01U5G8FR1A-b9b0edb11e",
                "edit_link": "https:\/\/data-ft-ber-03-2021.slack.com\/files\/U01RW140HBP\/F01U5G8FR1A\/bad_loan_trans.csv\/edit",
                "is_starred": false,
                "has_rich_preview": false
            }
        ],
        "upload": false,
        "user": "U01RW140HBP",
        "ts": "1618218613.039900"
    },
    {
        "client_msg_id": "c25f27fc-7570-4421-ae24-6f751b811533",
        "type": "message",
        "text": "git hub and notion updated with this mornings class materials. Thankyou for your attention everyone… feel free to hit me up with questions this afternoon",
        "user": "U01RW140HBP",
        "ts": "1618226826.040500",
        "team": "T01RBRV5F7H",
        "user_team": "T01RBRV5F7H",
        "source_team": "T01RBRV5F7H",
        "user_profile": {
            "avatar_hash": "4c43a3a8d10b",
            "image_72": "https:\/\/avatars.slack-edge.com\/2021-03-21\/1895736308209_4c43a3a8d10bc2fe5e13_72.png",
            "first_name": "siand",
            "real_name": "siand the LT (she\/her)",
            "display_name": "siand the LT (she\/her)",
            "team": "T01RBRV5F7H",
            "name": "sian.davies",
            "is_restricted": false,
            "is_ultra_restricted": false
        },
        "blocks": [
            {
                "type": "rich_text",
                "block_id": "ru+Kd",
                "elements": [
                    {
                        "type": "rich_text_section",
                        "elements": [
                            {
                                "type": "text",
                                "text": "git hub and notion updated with this mornings class materials. Thankyou for your attention everyone… feel free to hit me up with questions this afternoon"
                            }
                        ]
                    }
                ]
            }
        ]
    },
    {
        "client_msg_id": "5a9fa0c2-6308-4468-98cb-21e0a0c222f4",
        "type": "message",
        "text": "thank you for providing those pre-populated SQL files. very useful. Thanks for taking the time!",
        "user": "U01S7KCL3DF",
        "ts": "1618227570.041200",
        "team": "T01RBRV5F7H",
        "user_team": "T01RBRV5F7H",
        "source_team": "T01RBRV5F7H",
        "user_profile": {
            "avatar_hash": "17b52091bb62",
            "image_72": "https:\/\/avatars.slack-edge.com\/2021-03-19\/1875964347925_17b52091bb62c2340b4c_72.png",
            "first_name": "Sam",
            "real_name": "Sam Katterfield",
            "display_name": "Sam",
            "team": "T01RBRV5F7H",
            "name": "samkatterfield",
            "is_restricted": false,
            "is_ultra_restricted": false
        },
        "blocks": [
            {
                "type": "rich_text",
                "block_id": "WIrh",
                "elements": [
                    {
                        "type": "rich_text_section",
                        "elements": [
                            {
                                "type": "text",
                                "text": "thank you for providing those pre-populated SQL files. very useful. Thanks for taking the time!"
                            }
                        ]
                    }
                ]
            }
        ],
        "reactions": [
            {
                "name": "+1",
                "users": [
                    "U01RW140HBP",
                    "U01S1CWGTU4",
                    "U01S133DZ9A"
                ],
                "count": 3
            },
            {
                "name": "pray",
                "users": [
                    "U01SK96QF5E"
                ],
                "count": 1
            }
        ]
    },
    {
        "client_msg_id": "02f9df66-0fea-4d43-ba8b-93196f3211e6",
        "type": "message",
        "text": "also picking up on a request from last fridays retro, I am adding more resources ahead of lectures this week - so if you want to read up on the topics before we meet in the morning, keep an eye on the notion calendar lecture sections, Ill add the materials 2 days prior ….",
        "user": "U01RW140HBP",
        "ts": "1618227910.042400",
        "team": "T01RBRV5F7H",
        "user_team": "T01RBRV5F7H",
        "source_team": "T01RBRV5F7H",
        "user_profile": {
            "avatar_hash": "4c43a3a8d10b",
            "image_72": "https:\/\/avatars.slack-edge.com\/2021-03-21\/1895736308209_4c43a3a8d10bc2fe5e13_72.png",
            "first_name": "siand",
            "real_name": "siand the LT (she\/her)",
            "display_name": "siand the LT (she\/her)",
            "team": "T01RBRV5F7H",
            "name": "sian.davies",
            "is_restricted": false,
            "is_ultra_restricted": false
        },
        "edited": {
            "user": "U01RW140HBP",
            "ts": "1618228444.000000"
        },
        "blocks": [
            {
                "type": "rich_text",
                "block_id": "jWJ",
                "elements": [
                    {
                        "type": "rich_text_section",
                        "elements": [
                            {
                                "type": "text",
                                "text": "also picking up on a request from last fridays retro, I am adding more resources ahead of lectures this week - so if you want to read up on the topics before we meet in the morning, keep an eye on the notion calendar lecture sections, Ill add the materials 2 days prior …."
                            }
                        ]
                    }
                ]
            }
        ],
        "reactions": [
            {
                "name": "white_check_mark",
                "users": [
                    "U01RXCQHMHT",
                    "U01SK96QF5E",
                    "U01S1CWGTU4",
                    "U01RP2K1606"
                ],
                "count": 4
            }
        ]
    },
    {
        "client_msg_id": "d527b3fe-d54a-4e68-8754-b4e1b9cf9ca1",
        "type": "message",
        "text": "*note for all students* …. if you are still waiting for your scheduled 121 we havent forgotten you … you probably were assigned to one of Ironhack Ber’s very busy PMs… and they will be in touch soon!",
        "user": "U01RW140HBP",
        "ts": "1618238254.044200",
        "team": "T01RBRV5F7H",
        "user_team": "T01RBRV5F7H",
        "source_team": "T01RBRV5F7H",
        "user_profile": {
            "avatar_hash": "4c43a3a8d10b",
            "image_72": "https:\/\/avatars.slack-edge.com\/2021-03-21\/1895736308209_4c43a3a8d10bc2fe5e13_72.png",
            "first_name": "siand",
            "real_name": "siand the LT (she\/her)",
            "display_name": "siand the LT (she\/her)",
            "team": "T01RBRV5F7H",
            "name": "sian.davies",
            "is_restricted": false,
            "is_ultra_restricted": false
        },
        "blocks": [
            {
                "type": "rich_text",
                "block_id": "Nlj",
                "elements": [
                    {
                        "type": "rich_text_section",
                        "elements": [
                            {
                                "type": "text",
                                "text": "note for all students ",
                                "style": {
                                    "bold": true
                                }
                            },
                            {
                                "type": "text",
                                "text": "…. if you are still waiting for your scheduled 121 we havent forgotten you … you probably were assigned to one of Ironhack Ber’s very busy PMs… and they will be in touch soon!"
                            }
                        ]
                    }
                ]
            }
        ],
        "reactions": [
            {
                "name": "white_check_mark",
                "users": [
                    "U01S7BM4N81"
                ],
                "count": 1
            }
        ]
    }
]