[
    {
        "client_msg_id": "7b59bddf-431c-427a-925e-b50c3fedf292",
        "type": "message",
        "text": "todays *job inspirations* - from Dyson engineering (yes, its an awesome company to work for, and the data team is extensive)\n• <https:\/\/careers.dyson.com\/en-gb\/job-description\/data-manager-emea\/36845|Data manager>\n• <https:\/\/careers.dyson.com\/en-gb\/job-description\/data-administrator\/36847|Data administrator>  \n• <https:\/\/careers.dyson.com\/en-gb\/job-description\/data-scientist\/36811|Data Scientist>\n• <https:\/\/careers.dyson.com\/en-gb\/job-description\/enterprise-data-analyst\/36181|Enterprise Data Analyst>\n• <https:\/\/careers.dyson.com\/en-gb\/job-description\/senior-data-project-manager\/36186|Senior Data PM> ",
        "user": "U01RW140HBP",
        "ts": "1619507668.051800",
        "team": "T01RBRV5F7H",
        "user_team": "T01RBRV5F7H",
        "source_team": "T01RBRV5F7H",
        "user_profile": {
            "avatar_hash": "4c43a3a8d10b",
            "image_72": "https:\/\/avatars.slack-edge.com\/2021-03-21\/1895736308209_4c43a3a8d10bc2fe5e13_72.png",
            "first_name": "siand",
            "real_name": "siand the LT (she\/her)",
            "display_name": "siand the LT (she\/her)",
            "team": "T01RBRV5F7H",
            "name": "sian.davies",
            "is_restricted": false,
            "is_ultra_restricted": false
        },
        "edited": {
            "user": "U01RW140HBP",
            "ts": "1619507799.000000"
        },
        "blocks": [
            {
                "type": "rich_text",
                "block_id": "yv5",
                "elements": [
                    {
                        "type": "rich_text_section",
                        "elements": [
                            {
                                "type": "text",
                                "text": "todays "
                            },
                            {
                                "type": "text",
                                "text": "job inspirations",
                                "style": {
                                    "bold": true
                                }
                            },
                            {
                                "type": "text",
                                "text": " - from Dyson engineering (yes, its an awesome company to work for, and the data team is extensive)\n"
                            }
                        ]
                    },
                    {
                        "type": "rich_text_list",
                        "elements": [
                            {
                                "type": "rich_text_section",
                                "elements": [
                                    {
                                        "type": "link",
                                        "url": "https:\/\/careers.dyson.com\/en-gb\/job-description\/data-manager-emea\/36845",
                                        "text": "Data manager"
                                    }
                                ]
                            },
                            {
                                "type": "rich_text_section",
                                "elements": [
                                    {
                                        "type": "link",
                                        "url": "https:\/\/careers.dyson.com\/en-gb\/job-description\/data-administrator\/36847",
                                        "text": "Data administrator"
                                    },
                                    {
                                        "type": "text",
                                        "text": "  "
                                    }
                                ]
                            },
                            {
                                "type": "rich_text_section",
                                "elements": [
                                    {
                                        "type": "link",
                                        "url": "https:\/\/careers.dyson.com\/en-gb\/job-description\/data-scientist\/36811",
                                        "text": "Data Scientist"
                                    }
                                ]
                            },
                            {
                                "type": "rich_text_section",
                                "elements": [
                                    {
                                        "type": "link",
                                        "url": "https:\/\/careers.dyson.com\/en-gb\/job-description\/enterprise-data-analyst\/36181",
                                        "text": "Enterprise Data Analyst"
                                    }
                                ]
                            },
                            {
                                "type": "rich_text_section",
                                "elements": [
                                    {
                                        "type": "link",
                                        "url": "https:\/\/careers.dyson.com\/en-gb\/job-description\/senior-data-project-manager\/36186",
                                        "text": "Senior Data PM"
                                    },
                                    {
                                        "type": "text",
                                        "text": " "
                                    }
                                ]
                            }
                        ],
                        "style": "bullet",
                        "indent": 0
                    }
                ]
            }
        ]
    },
    {
        "client_msg_id": "e8522552-df15-4762-b181-81ab8419e82e",
        "type": "message",
        "text": "and from the other end of the spectrum - another great organisation I have worked with is ACH - a charity. This is the kind of data role they are hiring for :\n• D<https:\/\/hris.acf-e.org\/employ\/index.php\/positions\/view\/4639\/Gestora-de-proyectos-digitales-Analista-funcional\/|igital project manager> \n• <https:\/\/hris.acf-e.org\/employ\/index.php\/positions\/view\/4746\/Marketing-Data-Manager\/|Marketing data manager>\n• <https:\/\/hris.acf-e.org\/employ\/index.php\/positions\/view\/4632\/ME-Assistant\/|M&amp;E assistant>\nwith charities you ma have to look a little harder to identify the roles which match your skills (hiring is rarely done with the same ‘data’ labels as the commercial hires",
        "user": "U01RW140HBP",
        "ts": "1619508327.055800",
        "team": "T01RBRV5F7H",
        "user_team": "T01RBRV5F7H",
        "source_team": "T01RBRV5F7H",
        "user_profile": {
            "avatar_hash": "4c43a3a8d10b",
            "image_72": "https:\/\/avatars.slack-edge.com\/2021-03-21\/1895736308209_4c43a3a8d10bc2fe5e13_72.png",
            "first_name": "siand",
            "real_name": "siand the LT (she\/her)",
            "display_name": "siand the LT (she\/her)",
            "team": "T01RBRV5F7H",
            "name": "sian.davies",
            "is_restricted": false,
            "is_ultra_restricted": false
        },
        "blocks": [
            {
                "type": "rich_text",
                "block_id": "J8\/",
                "elements": [
                    {
                        "type": "rich_text_section",
                        "elements": [
                            {
                                "type": "text",
                                "text": "and from the other end of the spectrum - another great organisation I have worked with is ACH - a charity. This is the kind of data role they are hiring for :\n"
                            }
                        ]
                    },
                    {
                        "type": "rich_text_list",
                        "elements": [
                            {
                                "type": "rich_text_section",
                                "elements": [
                                    {
                                        "type": "text",
                                        "text": "D"
                                    },
                                    {
                                        "type": "link",
                                        "url": "https:\/\/hris.acf-e.org\/employ\/index.php\/positions\/view\/4639\/Gestora-de-proyectos-digitales-Analista-funcional\/",
                                        "text": "igital project manager"
                                    },
                                    {
                                        "type": "text",
                                        "text": " "
                                    }
                                ]
                            },
                            {
                                "type": "rich_text_section",
                                "elements": [
                                    {
                                        "type": "link",
                                        "url": "https:\/\/hris.acf-e.org\/employ\/index.php\/positions\/view\/4746\/Marketing-Data-Manager\/",
                                        "text": "Marketing data manager"
                                    }
                                ]
                            },
                            {
                                "type": "rich_text_section",
                                "elements": [
                                    {
                                        "type": "link",
                                        "url": "https:\/\/hris.acf-e.org\/employ\/index.php\/positions\/view\/4632\/ME-Assistant\/",
                                        "text": "M&E assistant"
                                    }
                                ]
                            }
                        ],
                        "style": "bullet",
                        "indent": 0
                    },
                    {
                        "type": "rich_text_section",
                        "elements": [
                            {
                                "type": "text",
                                "text": "with charities you ma have to look a little harder to identify the roles which match your skills (hiring is rarely done with the same ‘data’ labels as the commercial hires"
                            }
                        ]
                    }
                ]
            }
        ],
        "thread_ts": "1619508327.055800",
        "reply_count": 5,
        "reply_users_count": 2,
        "latest_reply": "1619512433.057400",
        "reply_users": [
            "U01S7KCL3DF",
            "U01RW140HBP"
        ],
        "replies": [
            {
                "user": "U01S7KCL3DF",
                "ts": "1619509122.056300"
            },
            {
                "user": "U01RW140HBP",
                "ts": "1619509261.056600"
            },
            {
                "user": "U01S7KCL3DF",
                "ts": "1619509536.056800"
            },
            {
                "user": "U01S7KCL3DF",
                "ts": "1619512286.057000"
            },
            {
                "user": "U01RW140HBP",
                "ts": "1619512433.057400"
            }
        ],
        "is_locked": false,
        "subscribed": false
    },
    {
        "client_msg_id": "a7ab7e40-c91b-4918-aad9-077826a8ea75",
        "type": "message",
        "text": "I was eyeing up a couple of jobs at HomeToGo in Berlin. Maybe I shouldn’t leave travel quite yet:\n\n<https:\/\/hometogo.jobs.personio.de\/job\/346495|Marketing Data Analyst>\n<https:\/\/hometogo.jobs.personio.de\/job\/256586|Online Marketing Manager> (using Python, SQL, Tableau)",
        "user": "U01S7KCL3DF",
        "ts": "1619509122.056300",
        "team": "T01RBRV5F7H",
        "user_team": "T01RBRV5F7H",
        "source_team": "T01RBRV5F7H",
        "user_profile": {
            "avatar_hash": "17b52091bb62",
            "image_72": "https:\/\/avatars.slack-edge.com\/2021-03-19\/1875964347925_17b52091bb62c2340b4c_72.png",
            "first_name": "Sam",
            "real_name": "Sam Katterfield",
            "display_name": "Sam",
            "team": "T01RBRV5F7H",
            "name": "samkatterfield",
            "is_restricted": false,
            "is_ultra_restricted": false
        },
        "attachments": [
            {
                "title": "Marketing Data Analyst (m\/f\/d) | Jobs at HomeToGo",
                "title_link": "https:\/\/hometogo.jobs.personio.de\/job\/346495",
                "fallback": "Marketing Data Analyst (m\/f\/d) | Jobs at HomeToGo",
                "image_url": "https:\/\/we-are-hiring.cdn.personio.de\/logos\/33193\/social\/0f92b591b4d79912bb4fd341111f7389.png",
                "from_url": "https:\/\/hometogo.jobs.personio.de\/job\/346495",
                "image_width": 250,
                "image_height": 250,
                "image_bytes": 23634,
                "service_icon": "https:\/\/we-are-hiring.cdn.personio.de\/favicon-32x32.png?v=3",
                "service_name": "hometogo.jobs.personio.de",
                "id": 1,
                "original_url": "https:\/\/hometogo.jobs.personio.de\/job\/346495"
            },
            {
                "title": "(Senior) Online Marketing Manager (SEM\/SEA) (m\/f\/d) | Jobs at HomeToGo",
                "title_link": "https:\/\/hometogo.jobs.personio.de\/job\/256586",
                "fallback": "(Senior) Online Marketing Manager (SEM\/SEA) (m\/f\/d) | Jobs at HomeToGo",
                "image_url": "https:\/\/we-are-hiring.cdn.personio.de\/logos\/33193\/social\/0f92b591b4d79912bb4fd341111f7389.png",
                "from_url": "https:\/\/hometogo.jobs.personio.de\/job\/256586",
                "image_width": 250,
                "image_height": 250,
                "image_bytes": 23634,
                "service_icon": "https:\/\/we-are-hiring.cdn.personio.de\/favicon-32x32.png?v=3",
                "service_name": "hometogo.jobs.personio.de",
                "id": 2,
                "original_url": "https:\/\/hometogo.jobs.personio.de\/job\/256586"
            }
        ],
        "blocks": [
            {
                "type": "rich_text",
                "block_id": "r0k3Y",
                "elements": [
                    {
                        "type": "rich_text_section",
                        "elements": [
                            {
                                "type": "text",
                                "text": "I was eyeing up a couple of jobs at HomeToGo in Berlin. Maybe I shouldn’t leave travel quite yet:\n\n"
                            },
                            {
                                "type": "link",
                                "url": "https:\/\/hometogo.jobs.personio.de\/job\/346495",
                                "text": "Marketing Data Analyst"
                            },
                            {
                                "type": "text",
                                "text": "\n"
                            },
                            {
                                "type": "link",
                                "url": "https:\/\/hometogo.jobs.personio.de\/job\/256586",
                                "text": "Online Marketing Manager"
                            },
                            {
                                "type": "text",
                                "text": " (using Python, SQL, Tableau)"
                            }
                        ]
                    }
                ]
            }
        ],
        "thread_ts": "1619508327.055800",
        "parent_user_id": "U01RW140HBP",
        "reactions": [
            {
                "name": "+1",
                "users": [
                    "U01S79YDELR"
                ],
                "count": 1
            }
        ]
    },
    {
        "client_msg_id": "d6bf5971-1d1d-400a-9391-fa28eec8bfac",
        "type": "message",
        "text": "looks like a fun company - bound to have good perks",
        "user": "U01RW140HBP",
        "ts": "1619509261.056600",
        "team": "T01RBRV5F7H",
        "user_team": "T01RBRV5F7H",
        "source_team": "T01RBRV5F7H",
        "user_profile": {
            "avatar_hash": "4c43a3a8d10b",
            "image_72": "https:\/\/avatars.slack-edge.com\/2021-03-21\/1895736308209_4c43a3a8d10bc2fe5e13_72.png",
            "first_name": "siand",
            "real_name": "siand the LT (she\/her)",
            "display_name": "siand the LT (she\/her)",
            "team": "T01RBRV5F7H",
            "name": "sian.davies",
            "is_restricted": false,
            "is_ultra_restricted": false
        },
        "blocks": [
            {
                "type": "rich_text",
                "block_id": "81a",
                "elements": [
                    {
                        "type": "rich_text_section",
                        "elements": [
                            {
                                "type": "text",
                                "text": "looks like a fun company - bound to have good perks"
                            }
                        ]
                    }
                ]
            }
        ],
        "thread_ts": "1619508327.055800",
        "parent_user_id": "U01RW140HBP"
    },
    {
        "client_msg_id": "5599413f-f508-4d89-a848-cc74eec29053",
        "type": "message",
        "text": "most importantly: walking distance from home :sleeping:",
        "user": "U01S7KCL3DF",
        "ts": "1619509536.056800",
        "team": "T01RBRV5F7H",
        "user_team": "T01RBRV5F7H",
        "source_team": "T01RBRV5F7H",
        "user_profile": {
            "avatar_hash": "17b52091bb62",
            "image_72": "https:\/\/avatars.slack-edge.com\/2021-03-19\/1875964347925_17b52091bb62c2340b4c_72.png",
            "first_name": "Sam",
            "real_name": "Sam Katterfield",
            "display_name": "Sam",
            "team": "T01RBRV5F7H",
            "name": "samkatterfield",
            "is_restricted": false,
            "is_ultra_restricted": false
        },
        "blocks": [
            {
                "type": "rich_text",
                "block_id": "UWz",
                "elements": [
                    {
                        "type": "rich_text_section",
                        "elements": [
                            {
                                "type": "text",
                                "text": "most importantly: walking distance from home "
                            },
                            {
                                "type": "emoji",
                                "name": "sleeping"
                            }
                        ]
                    }
                ]
            }
        ],
        "thread_ts": "1619508327.055800",
        "parent_user_id": "U01RW140HBP",
        "reactions": [
            {
                "name": "raised_hands",
                "users": [
                    "U01RW140HBP"
                ],
                "count": 1
            }
        ]
    },
    {
        "client_msg_id": "cf271c7f-d92c-4328-85e7-737c264fd035",
        "type": "message",
        "text": "<https:\/\/company.onefootball.com\/jobs\/data-analyst-of-network\/>\n\nSpoke to a former Ironhacker who sadly did not get this job :disappointed:\n\nfootball AND data…what a dream",
        "user": "U01S7KCL3DF",
        "ts": "1619512286.057000",
        "team": "T01RBRV5F7H",
        "user_team": "T01RBRV5F7H",
        "source_team": "T01RBRV5F7H",
        "user_profile": {
            "avatar_hash": "17b52091bb62",
            "image_72": "https:\/\/avatars.slack-edge.com\/2021-03-19\/1875964347925_17b52091bb62c2340b4c_72.png",
            "first_name": "Sam",
            "real_name": "Sam Katterfield",
            "display_name": "Sam",
            "team": "T01RBRV5F7H",
            "name": "samkatterfield",
            "is_restricted": false,
            "is_ultra_restricted": false
        },
        "attachments": [
            {
                "title": "OneFootball",
                "title_link": "https:\/\/company.onefootball.com\/jobs\/data-analyst-of-network\/",
                "text": "Onefootball covers over 100 international soccer leagues and competitions live and in incomparable detail. Find live scores and commentaries, breaking news, videos, tables, statistics and background information around the greatest game in the world – whenever you need it, wherever you are.",
                "fallback": "OneFootball",
                "image_url": "https:\/\/company.onefootball.com\/social-thumb.jpg",
                "image_width": 478,
                "image_height": 250,
                "from_url": "https:\/\/company.onefootball.com\/jobs\/data-analyst-of-network\/",
                "image_bytes": 237582,
                "service_icon": "https:\/\/company.onefootball.com\/_nuxt\/icons\/icon_512.adf1d1.png",
                "service_name": "company.onefootball.com",
                "id": 1,
                "original_url": "https:\/\/company.onefootball.com\/jobs\/data-analyst-of-network\/"
            }
        ],
        "blocks": [
            {
                "type": "rich_text",
                "block_id": "lx=K",
                "elements": [
                    {
                        "type": "rich_text_section",
                        "elements": [
                            {
                                "type": "link",
                                "url": "https:\/\/company.onefootball.com\/jobs\/data-analyst-of-network\/"
                            },
                            {
                                "type": "text",
                                "text": "\n\nSpoke to a former Ironhacker who sadly did not get this job "
                            },
                            {
                                "type": "emoji",
                                "name": "disappointed"
                            },
                            {
                                "type": "text",
                                "text": "\n\nfootball AND data…what a dream"
                            }
                        ]
                    }
                ]
            }
        ],
        "thread_ts": "1619508327.055800",
        "parent_user_id": "U01RW140HBP"
    },
    {
        "client_msg_id": "488997f1-9f5d-4d4e-9c61-2ba9254303fa",
        "type": "message",
        "text": "oh the sports analysis industry is massively competitive! my friend rob who is enormously qualified, had to work part time for a football club for 2 years before landing the job he wanted. (but now he works for fifa, full time and is over the moon)",
        "user": "U01RW140HBP",
        "ts": "1619512433.057400",
        "team": "T01RBRV5F7H",
        "user_team": "T01RBRV5F7H",
        "source_team": "T01RBRV5F7H",
        "user_profile": {
            "avatar_hash": "4c43a3a8d10b",
            "image_72": "https:\/\/avatars.slack-edge.com\/2021-03-21\/1895736308209_4c43a3a8d10bc2fe5e13_72.png",
            "first_name": "siand",
            "real_name": "siand the LT (she\/her)",
            "display_name": "siand the LT (she\/her)",
            "team": "T01RBRV5F7H",
            "name": "sian.davies",
            "is_restricted": false,
            "is_ultra_restricted": false
        },
        "blocks": [
            {
                "type": "rich_text",
                "block_id": "W6xa",
                "elements": [
                    {
                        "type": "rich_text_section",
                        "elements": [
                            {
                                "type": "text",
                                "text": "oh the sports analysis industry is massively competitive! my friend rob who is enormously qualified, had to work part time for a football club for 2 years before landing the job he wanted. (but now he works for fifa, full time and is over the moon)"
                            }
                        ]
                    }
                ]
            }
        ],
        "thread_ts": "1619508327.055800",
        "parent_user_id": "U01RW140HBP"
    },
    {
        "bot_id": "B01S7FSR36Y",
        "type": "message",
        "text": "sorry",
        "user": "U01RW140HBP",
        "ts": "1619519376.062300",
        "team": "T01RBRV5F7H",
        "bot_profile": {
            "id": "B01S7FSR36Y",
            "deleted": false,
            "name": "giphy",
            "updated": 1616421896,
            "app_id": "A0F827J2C",
            "icons": {
                "image_36": "https:\/\/a.slack-edge.com\/dc483\/img\/plugins\/giphy\/service_72.png",
                "image_48": "https:\/\/a.slack-edge.com\/dc483\/img\/plugins\/giphy\/service_48.png",
                "image_72": "https:\/\/a.slack-edge.com\/dc483\/img\/plugins\/giphy\/service_72.png"
            },
            "team_id": "T01RBRV5F7H"
        },
        "blocks": [
            {
                "type": "image",
                "block_id": "ZUwmq",
                "image_url": "https:\/\/media4.giphy.com\/media\/ftrPtuqQUIZ5opePYS\/giphy-downsized.gif?cid=6104955e97faee8da2719c2205340c4fc58cdb6ac471e232&rid=giphy-downsized.gif&ct=g",
                "alt_text": "sorry",
                "title": {
                    "type": "plain_text",
                    "text": "sorry",
                    "emoji": true
                },
                "fallback": "373x373px image",
                "image_width": 373,
                "image_height": 373,
                "image_bytes": 1902981,
                "is_animated": true
            },
            {
                "type": "context",
                "block_id": "aJz",
                "elements": [
                    {
                        "type": "image",
                        "image_url": "https:\/\/a.slack-edge.com\/93824\/img\/shortcuts\/shortcuts_icon_32.png",
                        "alt_text": "shortcuts icon"
                    },
                    {
                        "type": "image",
                        "image_url": "https:\/\/a.slack-edge.com\/dc483\/img\/plugins\/giphy\/service_32.png",
                        "alt_text": "giphy logo"
                    },
                    {
                        "type": "mrkdwn",
                        "text": "Shared with the *Giphy* shortcut",
                        "verbatim": false
                    }
                ]
            }
        ]
    },
    {
        "client_msg_id": "169f45c6-b0f9-4d24-a9e1-1a5c842f49dc",
        "type": "message",
        "text": "If you find yourself with some downtime this afternoon <!channel>, this is probably a good week to start saving a list of your useful bookmarks from this course.\n• Anything you wish to keep from the Notion calendar \n• Also the <https:\/\/www.notion.so\/ironhack\/8af74fb0e11447e9812e816ec184b958?v=c90c2e1e8d2846f0bc25d8a9e667ff1e|additional resources page> - \n• as you may have noticed slack is truncated after a certain number of messages so we move all the useful links to Notion for you we see on the public channels, but this doesnt cover private channels. \n• I also cannot guarantee the Notion class calendar will be available to you for many months after the course \n(these things are not in our control!)",
        "user": "U01RW140HBP",
        "ts": "1619519381.062500",
        "team": "T01RBRV5F7H",
        "user_team": "T01RBRV5F7H",
        "source_team": "T01RBRV5F7H",
        "user_profile": {
            "avatar_hash": "4c43a3a8d10b",
            "image_72": "https:\/\/avatars.slack-edge.com\/2021-03-21\/1895736308209_4c43a3a8d10bc2fe5e13_72.png",
            "first_name": "siand",
            "real_name": "siand the LT (she\/her)",
            "display_name": "siand the LT (she\/her)",
            "team": "T01RBRV5F7H",
            "name": "sian.davies",
            "is_restricted": false,
            "is_ultra_restricted": false
        },
        "blocks": [
            {
                "type": "rich_text",
                "block_id": "lZnPT",
                "elements": [
                    {
                        "type": "rich_text_section",
                        "elements": [
                            {
                                "type": "text",
                                "text": "If you find yourself with some downtime this afternoon "
                            },
                            {
                                "type": "broadcast",
                                "range": "channel"
                            },
                            {
                                "type": "text",
                                "text": ", this is probably a good week to start saving a list of your useful bookmarks from this course.\n"
                            }
                        ]
                    },
                    {
                        "type": "rich_text_list",
                        "elements": [
                            {
                                "type": "rich_text_section",
                                "elements": [
                                    {
                                        "type": "text",
                                        "text": "Anything you wish to keep from the Notion calendar "
                                    }
                                ]
                            },
                            {
                                "type": "rich_text_section",
                                "elements": [
                                    {
                                        "type": "text",
                                        "text": "Also the "
                                    },
                                    {
                                        "type": "link",
                                        "url": "https:\/\/www.notion.so\/ironhack\/8af74fb0e11447e9812e816ec184b958?v=c90c2e1e8d2846f0bc25d8a9e667ff1e",
                                        "text": "additional resources page"
                                    },
                                    {
                                        "type": "text",
                                        "text": " - "
                                    }
                                ]
                            },
                            {
                                "type": "rich_text_section",
                                "elements": [
                                    {
                                        "type": "text",
                                        "text": "as you may have noticed slack is truncated after a certain number of messages so we move all the useful links to Notion for you we see on the public channels, but this doesnt cover private channels. "
                                    }
                                ]
                            },
                            {
                                "type": "rich_text_section",
                                "elements": [
                                    {
                                        "type": "text",
                                        "text": "I also cannot guarantee the Notion class calendar will be available to you for many months after the course "
                                    }
                                ]
                            }
                        ],
                        "style": "bullet",
                        "indent": 0
                    },
                    {
                        "type": "rich_text_section",
                        "elements": [
                            {
                                "type": "text",
                                "text": "(these things are not in our control!)"
                            }
                        ]
                    }
                ]
            }
        ],
        "thread_ts": "1619519381.062500",
        "reply_count": 12,
        "reply_users_count": 3,
        "latest_reply": "1619520083.066200",
        "reply_users": [
            "U01S7BM4N81",
            "U01RXCQHMHT",
            "U01RW140HBP"
        ],
        "replies": [
            {
                "user": "U01S7BM4N81",
                "ts": "1619519436.063200"
            },
            {
                "user": "U01RXCQHMHT",
                "ts": "1619519451.063700"
            },
            {
                "user": "U01RW140HBP",
                "ts": "1619519466.063900"
            },
            {
                "user": "U01RW140HBP",
                "ts": "1619519796.064300"
            },
            {
                "user": "U01S7BM4N81",
                "ts": "1619519846.064500"
            },
            {
                "user": "U01S7BM4N81",
                "ts": "1619519851.064700"
            },
            {
                "user": "U01RW140HBP",
                "ts": "1619519953.064900"
            },
            {
                "user": "U01RW140HBP",
                "ts": "1619519971.065200"
            },
            {
                "user": "U01RW140HBP",
                "ts": "1619520005.065600"
            },
            {
                "user": "U01RW140HBP",
                "ts": "1619520038.065800"
            },
            {
                "user": "U01RW140HBP",
                "ts": "1619520047.066000"
            },
            {
                "user": "U01RW140HBP",
                "ts": "1619520083.066200"
            }
        ],
        "is_locked": false,
        "subscribed": false
    },
    {
        "client_msg_id": "400ae8ea-710a-4d4b-873c-196f13f153b7",
        "type": "message",
        "text": "( i find bad news when delivered by a cute dog is better received - is it true? )",
        "user": "U01RW140HBP",
        "ts": "1619519432.063100",
        "team": "T01RBRV5F7H",
        "user_team": "T01RBRV5F7H",
        "source_team": "T01RBRV5F7H",
        "user_profile": {
            "avatar_hash": "4c43a3a8d10b",
            "image_72": "https:\/\/avatars.slack-edge.com\/2021-03-21\/1895736308209_4c43a3a8d10bc2fe5e13_72.png",
            "first_name": "siand",
            "real_name": "siand the LT (she\/her)",
            "display_name": "siand the LT (she\/her)",
            "team": "T01RBRV5F7H",
            "name": "sian.davies",
            "is_restricted": false,
            "is_ultra_restricted": false
        },
        "blocks": [
            {
                "type": "rich_text",
                "block_id": "hKw",
                "elements": [
                    {
                        "type": "rich_text_section",
                        "elements": [
                            {
                                "type": "text",
                                "text": "( i find bad news when delivered by a cute dog is better received - is it true? )"
                            }
                        ]
                    }
                ]
            }
        ],
        "thread_ts": "1619519432.063100",
        "reply_count": 1,
        "reply_users_count": 1,
        "latest_reply": "1619519448.063500",
        "reply_users": [
            "U01S7BM4N81"
        ],
        "replies": [
            {
                "user": "U01S7BM4N81",
                "ts": "1619519448.063500"
            }
        ],
        "is_locked": false,
        "subscribed": false,
        "reactions": [
            {
                "name": "+1",
                "users": [
                    "U01S7BM4N81"
                ],
                "count": 1
            }
        ]
    },
    {
        "client_msg_id": "8bda3f18-ff44-44e3-91e9-8c802f49b3a7",
        "type": "message",
        "text": "Is there an easy way to copy those notion pages as pdf’s or on our on notion?",
        "user": "U01S7BM4N81",
        "ts": "1619519436.063200",
        "team": "T01RBRV5F7H",
        "user_team": "T01RBRV5F7H",
        "source_team": "T01RBRV5F7H",
        "user_profile": {
            "avatar_hash": "2adfc641e87e",
            "image_72": "https:\/\/avatars.slack-edge.com\/2021-04-16\/1994438084416_2adfc641e87e3a953d9c_72.png",
            "first_name": "Thamo",
            "real_name": "Thamo",
            "display_name": "Thamo",
            "team": "T01RBRV5F7H",
            "name": "thamokoeper",
            "is_restricted": false,
            "is_ultra_restricted": false
        },
        "blocks": [
            {
                "type": "rich_text",
                "block_id": "y\/cE",
                "elements": [
                    {
                        "type": "rich_text_section",
                        "elements": [
                            {
                                "type": "text",
                                "text": "Is there an easy way to copy those notion pages as pdf’s or on our on notion?"
                            }
                        ]
                    }
                ]
            }
        ],
        "thread_ts": "1619519381.062500",
        "parent_user_id": "U01RW140HBP"
    },
    {
        "client_msg_id": "136ae487-f2be-4f33-89ed-5c804f4e817c",
        "type": "message",
        "text": "defo!",
        "user": "U01S7BM4N81",
        "ts": "1619519448.063500",
        "team": "T01RBRV5F7H",
        "user_team": "T01RBRV5F7H",
        "source_team": "T01RBRV5F7H",
        "user_profile": {
            "avatar_hash": "2adfc641e87e",
            "image_72": "https:\/\/avatars.slack-edge.com\/2021-04-16\/1994438084416_2adfc641e87e3a953d9c_72.png",
            "first_name": "Thamo",
            "real_name": "Thamo",
            "display_name": "Thamo",
            "team": "T01RBRV5F7H",
            "name": "thamokoeper",
            "is_restricted": false,
            "is_ultra_restricted": false
        },
        "blocks": [
            {
                "type": "rich_text",
                "block_id": "Xi1",
                "elements": [
                    {
                        "type": "rich_text_section",
                        "elements": [
                            {
                                "type": "text",
                                "text": "defo!"
                            }
                        ]
                    }
                ]
            }
        ],
        "thread_ts": "1619519432.063100",
        "parent_user_id": "U01RW140HBP"
    },
    {
        "client_msg_id": "82eda1f2-00d3-4e18-aa4b-c24bf7d05b64",
        "type": "message",
        "text": "it's probably not possible to copy the whole Berlin data classroom into our private notion pages, right?\n\nbecause usually that option is possible",
        "user": "U01RXCQHMHT",
        "ts": "1619519451.063700",
        "team": "T01RBRV5F7H",
        "user_team": "T01RBRV5F7H",
        "source_team": "T01RBRV5F7H",
        "user_profile": {
            "avatar_hash": "7290c61c38a0",
            "image_72": "https:\/\/avatars.slack-edge.com\/2021-03-22\/1898002028225_7290c61c38a01ad66680_72.jpg",
            "first_name": "Thanh",
            "real_name": "Thanh Tung Ha Thuc DAFT Berlin March 2021",
            "display_name": "Tony Ha",
            "team": "T01RBRV5F7H",
            "name": "tony.hathuc",
            "is_restricted": false,
            "is_ultra_restricted": false
        },
        "blocks": [
            {
                "type": "rich_text",
                "block_id": "I9FH",
                "elements": [
                    {
                        "type": "rich_text_section",
                        "elements": [
                            {
                                "type": "text",
                                "text": "it's probably not possible to copy the whole Berlin data classroom into our private notion pages, right?\n\nbecause usually that option is possible"
                            }
                        ]
                    }
                ]
            }
        ],
        "thread_ts": "1619519381.062500",
        "parent_user_id": "U01RW140HBP"
    },
    {
        "client_msg_id": "471d25f2-6504-4a07-9423-96709c596a4c",
        "type": "message",
        "text": "not sure… feel free to explore! i havent found a good way",
        "user": "U01RW140HBP",
        "ts": "1619519466.063900",
        "team": "T01RBRV5F7H",
        "user_team": "T01RBRV5F7H",
        "source_team": "T01RBRV5F7H",
        "user_profile": {
            "avatar_hash": "4c43a3a8d10b",
            "image_72": "https:\/\/avatars.slack-edge.com\/2021-03-21\/1895736308209_4c43a3a8d10bc2fe5e13_72.png",
            "first_name": "siand",
            "real_name": "siand the LT (she\/her)",
            "display_name": "siand the LT (she\/her)",
            "team": "T01RBRV5F7H",
            "name": "sian.davies",
            "is_restricted": false,
            "is_ultra_restricted": false
        },
        "blocks": [
            {
                "type": "rich_text",
                "block_id": "b9d",
                "elements": [
                    {
                        "type": "rich_text_section",
                        "elements": [
                            {
                                "type": "text",
                                "text": "not sure… feel free to explore! i havent found a good way"
                            }
                        ]
                    }
                ]
            }
        ],
        "thread_ts": "1619519381.062500",
        "parent_user_id": "U01RW140HBP"
    },
    {
        "client_msg_id": "159d2b8d-6d1e-4323-b3cf-a22c43e1a28c",
        "type": "message",
        "text": "hmm :thinking_face: it looks like i might be able to download the whole calendar as a text file with the links we have added and ALL the documents…as a simple solution i can give you all a copy of that file at the end of the course… but i fear its going to be messy to work with and quite big. - what do you think ?",
        "user": "U01RW140HBP",
        "ts": "1619519796.064300",
        "team": "T01RBRV5F7H",
        "user_team": "T01RBRV5F7H",
        "source_team": "T01RBRV5F7H",
        "user_profile": {
            "avatar_hash": "4c43a3a8d10b",
            "image_72": "https:\/\/avatars.slack-edge.com\/2021-03-21\/1895736308209_4c43a3a8d10bc2fe5e13_72.png",
            "first_name": "siand",
            "real_name": "siand the LT (she\/her)",
            "display_name": "siand the LT (she\/her)",
            "team": "T01RBRV5F7H",
            "name": "sian.davies",
            "is_restricted": false,
            "is_ultra_restricted": false
        },
        "blocks": [
            {
                "type": "rich_text",
                "block_id": "K7M",
                "elements": [
                    {
                        "type": "rich_text_section",
                        "elements": [
                            {
                                "type": "text",
                                "text": "hmm "
                            },
                            {
                                "type": "emoji",
                                "name": "thinking_face"
                            },
                            {
                                "type": "text",
                                "text": " it looks like i might be able to download the whole calendar as a text file with the links we have added and ALL the documents…as a simple solution i can give you all a copy of that file at the end of the course… but i fear its going to be messy to work with and quite big. - what do you think ?"
                            }
                        ]
                    }
                ]
            }
        ],
        "thread_ts": "1619519381.062500",
        "parent_user_id": "U01RW140HBP"
    },
    {
        "client_msg_id": "c0552d40-baa8-4294-bf2b-7fc1a3466d02",
        "type": "message",
        "text": "Yes please! :slightly_smiling_face:",
        "user": "U01S7BM4N81",
        "ts": "1619519846.064500",
        "team": "T01RBRV5F7H",
        "user_team": "T01RBRV5F7H",
        "source_team": "T01RBRV5F7H",
        "user_profile": {
            "avatar_hash": "2adfc641e87e",
            "image_72": "https:\/\/avatars.slack-edge.com\/2021-04-16\/1994438084416_2adfc641e87e3a953d9c_72.png",
            "first_name": "Thamo",
            "real_name": "Thamo",
            "display_name": "Thamo",
            "team": "T01RBRV5F7H",
            "name": "thamokoeper",
            "is_restricted": false,
            "is_ultra_restricted": false
        },
        "blocks": [
            {
                "type": "rich_text",
                "block_id": "7A7",
                "elements": [
                    {
                        "type": "rich_text_section",
                        "elements": [
                            {
                                "type": "text",
                                "text": "Yes please! "
                            },
                            {
                                "type": "emoji",
                                "name": "slightly_smiling_face"
                            }
                        ]
                    }
                ]
            }
        ],
        "thread_ts": "1619519381.062500",
        "parent_user_id": "U01RW140HBP"
    },
    {
        "client_msg_id": "31e43f66-02c5-45e6-a730-a02e7d2a00f0",
        "type": "message",
        "text": "We can wrangle it :python:",
        "user": "U01S7BM4N81",
        "ts": "1619519851.064700",
        "team": "T01RBRV5F7H",
        "user_team": "T01RBRV5F7H",
        "source_team": "T01RBRV5F7H",
        "user_profile": {
            "avatar_hash": "2adfc641e87e",
            "image_72": "https:\/\/avatars.slack-edge.com\/2021-04-16\/1994438084416_2adfc641e87e3a953d9c_72.png",
            "first_name": "Thamo",
            "real_name": "Thamo",
            "display_name": "Thamo",
            "team": "T01RBRV5F7H",
            "name": "thamokoeper",
            "is_restricted": false,
            "is_ultra_restricted": false
        },
        "blocks": [
            {
                "type": "rich_text",
                "block_id": "wEtoG",
                "elements": [
                    {
                        "type": "rich_text_section",
                        "elements": [
                            {
                                "type": "text",
                                "text": "We can wrangle it "
                            },
                            {
                                "type": "emoji",
                                "name": "python"
                            }
                        ]
                    }
                ]
            }
        ],
        "thread_ts": "1619519381.062500",
        "parent_user_id": "U01RW140HBP"
    },
    {
        "type": "message",
        "text": "example this is what the dashboard lab looks like",
        "files": [
            {
                "id": "F020HJ1SFDF",
                "created": 1619519950,
                "timestamp": 1619519950,
                "name": "image.png",
                "title": "image.png",
                "mimetype": "image\/png",
                "filetype": "png",
                "pretty_type": "PNG",
                "user": "U01RW140HBP",
                "editable": false,
                "size": 694724,
                "mode": "hosted",
                "is_external": false,
                "external_type": "",
                "is_public": true,
                "public_url_shared": false,
                "display_as_bot": false,
                "username": "",
                "url_private": "https:\/\/files.slack.com\/files-pri\/T01RBRV5F7H-F020HJ1SFDF\/image.png?t=xoxe-1861879185255-2005250891763-2017654554721-735ed824033d65b9b5a8817aca87e86a",
                "url_private_download": "https:\/\/files.slack.com\/files-pri\/T01RBRV5F7H-F020HJ1SFDF\/download\/image.png?t=xoxe-1861879185255-2005250891763-2017654554721-735ed824033d65b9b5a8817aca87e86a",
                "thumb_64": "https:\/\/files.slack.com\/files-tmb\/T01RBRV5F7H-F020HJ1SFDF-8c7f919b55\/image_64.png?t=xoxe-1861879185255-2005250891763-2017654554721-735ed824033d65b9b5a8817aca87e86a",
                "thumb_80": "https:\/\/files.slack.com\/files-tmb\/T01RBRV5F7H-F020HJ1SFDF-8c7f919b55\/image_80.png?t=xoxe-1861879185255-2005250891763-2017654554721-735ed824033d65b9b5a8817aca87e86a",
                "thumb_360": "https:\/\/files.slack.com\/files-tmb\/T01RBRV5F7H-F020HJ1SFDF-8c7f919b55\/image_360.png?t=xoxe-1861879185255-2005250891763-2017654554721-735ed824033d65b9b5a8817aca87e86a",
                "thumb_360_w": 360,
                "thumb_360_h": 360,
                "thumb_480": "https:\/\/files.slack.com\/files-tmb\/T01RBRV5F7H-F020HJ1SFDF-8c7f919b55\/image_480.png?t=xoxe-1861879185255-2005250891763-2017654554721-735ed824033d65b9b5a8817aca87e86a",
                "thumb_480_w": 480,
                "thumb_480_h": 480,
                "thumb_160": "https:\/\/files.slack.com\/files-tmb\/T01RBRV5F7H-F020HJ1SFDF-8c7f919b55\/image_160.png?t=xoxe-1861879185255-2005250891763-2017654554721-735ed824033d65b9b5a8817aca87e86a",
                "thumb_720": "https:\/\/files.slack.com\/files-tmb\/T01RBRV5F7H-F020HJ1SFDF-8c7f919b55\/image_720.png?t=xoxe-1861879185255-2005250891763-2017654554721-735ed824033d65b9b5a8817aca87e86a",
                "thumb_720_w": 720,
                "thumb_720_h": 720,
                "thumb_800": "https:\/\/files.slack.com\/files-tmb\/T01RBRV5F7H-F020HJ1SFDF-8c7f919b55\/image_800.png?t=xoxe-1861879185255-2005250891763-2017654554721-735ed824033d65b9b5a8817aca87e86a",
                "thumb_800_w": 800,
                "thumb_800_h": 800,
                "thumb_960": "https:\/\/files.slack.com\/files-tmb\/T01RBRV5F7H-F020HJ1SFDF-8c7f919b55\/image_960.png?t=xoxe-1861879185255-2005250891763-2017654554721-735ed824033d65b9b5a8817aca87e86a",
                "thumb_960_w": 960,
                "thumb_960_h": 960,
                "thumb_1024": "https:\/\/files.slack.com\/files-tmb\/T01RBRV5F7H-F020HJ1SFDF-8c7f919b55\/image_1024.png?t=xoxe-1861879185255-2005250891763-2017654554721-735ed824033d65b9b5a8817aca87e86a",
                "thumb_1024_w": 1024,
                "thumb_1024_h": 1024,
                "original_w": 1282,
                "original_h": 1282,
                "thumb_tiny": "AwAwADC+B\/s0ojXuBSfL\/nNL8hoAXYv90UbF\/uj8qTCev60DZ607ALsX+6PypSox0FJ8ntS4ABxSAYOvalHsw\/Kkz\/nFLx\/kUwFyf7woyf7w\/Kk4zxn8qXn3oABk\/wAQ\/Kl5wc0nP+1S54PBoAbg\/wC1+dHPo3507cPUUuQe4pAMwfQ\/nRg+jfnT80ZoAaPdT+dKOh4P40uR60hIweaAP\/\/Z",
                "permalink": "https:\/\/data-ft-ber-03-2021.slack.com\/files\/U01RW140HBP\/F020HJ1SFDF\/image.png",
                "permalink_public": "https:\/\/slack-files.com\/T01RBRV5F7H-F020HJ1SFDF-97730d19f0",
                "is_starred": false,
                "has_rich_preview": false
            }
        ],
        "upload": false,
        "blocks": [
            {
                "type": "rich_text",
                "block_id": "Xjq",
                "elements": [
                    {
                        "type": "rich_text_section",
                        "elements": [
                            {
                                "type": "text",
                                "text": "example this is what the dashboard lab looks like"
                            }
                        ]
                    }
                ]
            }
        ],
        "user": "U01RW140HBP",
        "display_as_bot": false,
        "ts": "1619519953.064900",
        "thread_ts": "1619519381.062500",
        "parent_user_id": "U01RW140HBP",
        "reactions": [
            {
                "name": "raised_hands",
                "users": [
                    "U01S7BM4N81"
                ],
                "count": 1
            },
            {
                "name": "white_check_mark",
                "users": [
                    "U01S7BM4N81"
                ],
                "count": 1
            }
        ]
    },
    {
        "client_msg_id": "6999eb79-449c-4ad2-bf08-548918a9b9c8",
        "type": "message",
        "text": "cool i can do that ! ill make myself a reminder to capture the latest version on graduation week",
        "user": "U01RW140HBP",
        "ts": "1619519971.065200",
        "team": "T01RBRV5F7H",
        "user_team": "T01RBRV5F7H",
        "source_team": "T01RBRV5F7H",
        "user_profile": {
            "avatar_hash": "4c43a3a8d10b",
            "image_72": "https:\/\/avatars.slack-edge.com\/2021-03-21\/1895736308209_4c43a3a8d10bc2fe5e13_72.png",
            "first_name": "siand",
            "real_name": "siand the LT (she\/her)",
            "display_name": "siand the LT (she\/her)",
            "team": "T01RBRV5F7H",
            "name": "sian.davies",
            "is_restricted": false,
            "is_ultra_restricted": false
        },
        "blocks": [
            {
                "type": "rich_text",
                "block_id": "KOU8H",
                "elements": [
                    {
                        "type": "rich_text_section",
                        "elements": [
                            {
                                "type": "text",
                                "text": "cool i can do that ! ill make myself a reminder to capture the latest version on graduation week"
                            }
                        ]
                    }
                ]
            }
        ],
        "thread_ts": "1619519381.062500",
        "parent_user_id": "U01RW140HBP",
        "reactions": [
            {
                "name": "fast_parrot",
                "users": [
                    "U01S7BM4N81"
                ],
                "count": 1
            }
        ]
    },
    {
        "type": "message",
        "text": "just to warn you though, the whole zip file of today looks like",
        "files": [
            {
                "id": "F01V46R0M8X",
                "created": 1619520002,
                "timestamp": 1619520002,
                "name": "image.png",
                "title": "image.png",
                "mimetype": "image\/png",
                "filetype": "png",
                "pretty_type": "PNG",
                "user": "U01RW140HBP",
                "editable": false,
                "size": 195923,
                "mode": "hosted",
                "is_external": false,
                "external_type": "",
                "is_public": true,
                "public_url_shared": false,
                "display_as_bot": false,
                "username": "",
                "url_private": "https:\/\/files.slack.com\/files-pri\/T01RBRV5F7H-F01V46R0M8X\/image.png?t=xoxe-1861879185255-2005250891763-2017654554721-735ed824033d65b9b5a8817aca87e86a",
                "url_private_download": "https:\/\/files.slack.com\/files-pri\/T01RBRV5F7H-F01V46R0M8X\/download\/image.png?t=xoxe-1861879185255-2005250891763-2017654554721-735ed824033d65b9b5a8817aca87e86a",
                "thumb_64": "https:\/\/files.slack.com\/files-tmb\/T01RBRV5F7H-F01V46R0M8X-8e11d96d4c\/image_64.png?t=xoxe-1861879185255-2005250891763-2017654554721-735ed824033d65b9b5a8817aca87e86a",
                "thumb_80": "https:\/\/files.slack.com\/files-tmb\/T01RBRV5F7H-F01V46R0M8X-8e11d96d4c\/image_80.png?t=xoxe-1861879185255-2005250891763-2017654554721-735ed824033d65b9b5a8817aca87e86a",
                "thumb_360": "https:\/\/files.slack.com\/files-tmb\/T01RBRV5F7H-F01V46R0M8X-8e11d96d4c\/image_360.png?t=xoxe-1861879185255-2005250891763-2017654554721-735ed824033d65b9b5a8817aca87e86a",
                "thumb_360_w": 360,
                "thumb_360_h": 112,
                "thumb_480": "https:\/\/files.slack.com\/files-tmb\/T01RBRV5F7H-F01V46R0M8X-8e11d96d4c\/image_480.png?t=xoxe-1861879185255-2005250891763-2017654554721-735ed824033d65b9b5a8817aca87e86a",
                "thumb_480_w": 480,
                "thumb_480_h": 149,
                "thumb_160": "https:\/\/files.slack.com\/files-tmb\/T01RBRV5F7H-F01V46R0M8X-8e11d96d4c\/image_160.png?t=xoxe-1861879185255-2005250891763-2017654554721-735ed824033d65b9b5a8817aca87e86a",
                "thumb_720": "https:\/\/files.slack.com\/files-tmb\/T01RBRV5F7H-F01V46R0M8X-8e11d96d4c\/image_720.png?t=xoxe-1861879185255-2005250891763-2017654554721-735ed824033d65b9b5a8817aca87e86a",
                "thumb_720_w": 720,
                "thumb_720_h": 224,
                "thumb_800": "https:\/\/files.slack.com\/files-tmb\/T01RBRV5F7H-F01V46R0M8X-8e11d96d4c\/image_800.png?t=xoxe-1861879185255-2005250891763-2017654554721-735ed824033d65b9b5a8817aca87e86a",
                "thumb_800_w": 800,
                "thumb_800_h": 249,
                "thumb_960": "https:\/\/files.slack.com\/files-tmb\/T01RBRV5F7H-F01V46R0M8X-8e11d96d4c\/image_960.png?t=xoxe-1861879185255-2005250891763-2017654554721-735ed824033d65b9b5a8817aca87e86a",
                "thumb_960_w": 960,
                "thumb_960_h": 298,
                "thumb_1024": "https:\/\/files.slack.com\/files-tmb\/T01RBRV5F7H-F01V46R0M8X-8e11d96d4c\/image_1024.png?t=xoxe-1861879185255-2005250891763-2017654554721-735ed824033d65b9b5a8817aca87e86a",
                "thumb_1024_w": 1024,
                "thumb_1024_h": 318,
                "original_w": 1558,
                "original_h": 484,
                "thumb_tiny": "AwAOADDQfqKbQwk4ztz+NJh\/9n9aAFHUU8dajAfPAX9aUCX\/AGP1pgSHpSDqabiX\/Y\/I0Ylz\/B+tFgP\/2Q==",
                "permalink": "https:\/\/data-ft-ber-03-2021.slack.com\/files\/U01RW140HBP\/F01V46R0M8X\/image.png",
                "permalink_public": "https:\/\/slack-files.com\/T01RBRV5F7H-F01V46R0M8X-a1502ba1c9",
                "is_starred": false,
                "has_rich_preview": false
            }
        ],
        "upload": false,
        "blocks": [
            {
                "type": "rich_text",
                "block_id": "y+e",
                "elements": [
                    {
                        "type": "rich_text_section",
                        "elements": [
                            {
                                "type": "text",
                                "text": "just to warn you though, the whole zip file of today looks like"
                            }
                        ]
                    }
                ]
            }
        ],
        "user": "U01RW140HBP",
        "display_as_bot": false,
        "ts": "1619520005.065600",
        "thread_ts": "1619519381.062500",
        "parent_user_id": "U01RW140HBP"
    },
    {
        "client_msg_id": "340211d5-0c45-4a68-8036-03fa4d1f5831",
        "type": "message",
        "text": "because it contains text files with the links, information about each lecture \/lab you wont need to see, and any physical files we shared",
        "user": "U01RW140HBP",
        "ts": "1619520038.065800",
        "team": "T01RBRV5F7H",
        "user_team": "T01RBRV5F7H",
        "source_team": "T01RBRV5F7H",
        "user_profile": {
            "avatar_hash": "4c43a3a8d10b",
            "image_72": "https:\/\/avatars.slack-edge.com\/2021-03-21\/1895736308209_4c43a3a8d10bc2fe5e13_72.png",
            "first_name": "siand",
            "real_name": "siand the LT (she\/her)",
            "display_name": "siand the LT (she\/her)",
            "team": "T01RBRV5F7H",
            "name": "sian.davies",
            "is_restricted": false,
            "is_ultra_restricted": false
        },
        "edited": {
            "user": "U01RW140HBP",
            "ts": "1619520303.000000"
        },
        "blocks": [
            {
                "type": "rich_text",
                "block_id": "6YQG",
                "elements": [
                    {
                        "type": "rich_text_section",
                        "elements": [
                            {
                                "type": "text",
                                "text": "because it contains text files with the links, information about each lecture \/lab you wont need to see, and any physical files we shared"
                            }
                        ]
                    }
                ]
            }
        ],
        "thread_ts": "1619519381.062500",
        "parent_user_id": "U01RW140HBP"
    },
    {
        "client_msg_id": "627bb1c5-925c-49c4-8d8b-77fbe0d21931",
        "type": "message",
        "text": "but yes i am sure you guys can wrangle it!",
        "user": "U01RW140HBP",
        "ts": "1619520047.066000",
        "team": "T01RBRV5F7H",
        "user_team": "T01RBRV5F7H",
        "source_team": "T01RBRV5F7H",
        "user_profile": {
            "avatar_hash": "4c43a3a8d10b",
            "image_72": "https:\/\/avatars.slack-edge.com\/2021-03-21\/1895736308209_4c43a3a8d10bc2fe5e13_72.png",
            "first_name": "siand",
            "real_name": "siand the LT (she\/her)",
            "display_name": "siand the LT (she\/her)",
            "team": "T01RBRV5F7H",
            "name": "sian.davies",
            "is_restricted": false,
            "is_ultra_restricted": false
        },
        "blocks": [
            {
                "type": "rich_text",
                "block_id": "oYA",
                "elements": [
                    {
                        "type": "rich_text_section",
                        "elements": [
                            {
                                "type": "text",
                                "text": "but yes i am sure you guys can wrangle it!"
                            }
                        ]
                    }
                ]
            }
        ],
        "thread_ts": "1619519381.062500",
        "parent_user_id": "U01RW140HBP"
    },
    {
        "client_msg_id": "3c586aad-0905-438c-bb5c-6c21de7ec55a",
        "type": "message",
        "text": "just your average 200 mb file lol",
        "user": "U01RW140HBP",
        "ts": "1619520083.066200",
        "team": "T01RBRV5F7H",
        "user_team": "T01RBRV5F7H",
        "source_team": "T01RBRV5F7H",
        "user_profile": {
            "avatar_hash": "4c43a3a8d10b",
            "image_72": "https:\/\/avatars.slack-edge.com\/2021-03-21\/1895736308209_4c43a3a8d10bc2fe5e13_72.png",
            "first_name": "siand",
            "real_name": "siand the LT (she\/her)",
            "display_name": "siand the LT (she\/her)",
            "team": "T01RBRV5F7H",
            "name": "sian.davies",
            "is_restricted": false,
            "is_ultra_restricted": false
        },
        "blocks": [
            {
                "type": "rich_text",
                "block_id": "iHIY",
                "elements": [
                    {
                        "type": "rich_text_section",
                        "elements": [
                            {
                                "type": "text",
                                "text": "just your average 200 mb file lol"
                            }
                        ]
                    }
                ]
            }
        ],
        "thread_ts": "1619519381.062500",
        "parent_user_id": "U01RW140HBP"
    },
    {
        "client_msg_id": "611d9bac-049b-43da-a11e-4fb5a037734f",
        "type": "message",
        "text": "ok so we think we have a plan for the notion calendar and notion page (other useful resources) but it will be messy to work with. any links you are very attached to, I suggest to save as bookmarks directly… and i cant help with any links you have shared with eachother via slack - so add that to your to do lists!",
        "user": "U01RW140HBP",
        "ts": "1619520159.067600",
        "team": "T01RBRV5F7H",
        "user_team": "T01RBRV5F7H",
        "source_team": "T01RBRV5F7H",
        "user_profile": {
            "avatar_hash": "4c43a3a8d10b",
            "image_72": "https:\/\/avatars.slack-edge.com\/2021-03-21\/1895736308209_4c43a3a8d10bc2fe5e13_72.png",
            "first_name": "siand",
            "real_name": "siand the LT (she\/her)",
            "display_name": "siand the LT (she\/her)",
            "team": "T01RBRV5F7H",
            "name": "sian.davies",
            "is_restricted": false,
            "is_ultra_restricted": false
        },
        "blocks": [
            {
                "type": "rich_text",
                "block_id": "DBsb",
                "elements": [
                    {
                        "type": "rich_text_section",
                        "elements": [
                            {
                                "type": "text",
                                "text": "ok so we think we have a plan for the notion calendar and notion page (other useful resources) but it will be messy to work with. any links you are very attached to, I suggest to save as bookmarks directly… and i cant help with any links you have shared with eachother via slack - so add that to your to do lists!"
                            }
                        ]
                    }
                ]
            }
        ]
    }
]