[
    {
        "client_msg_id": "3e7a4d87-f624-4aa1-a0c0-8188aba500b8",
        "type": "message",
        "text": "sorry Phine, didn't see the message since I don't have slack on my phone.. Next time we can meet, maybe also in the we",
        "user": "U01SD3CDH9P",
        "ts": "1619074956.000100",
        "team": "T01RBRV5F7H",
        "user_team": "T01RBRV5F7H",
        "source_team": "T01RBRV5F7H",
        "user_profile": {
            "avatar_hash": "735d50ad8f34",
            "image_72": "https:\/\/avatars.slack-edge.com\/2021-04-15\/1962810903269_735d50ad8f345a94bd76_72.jpg",
            "first_name": "",
            "real_name": "Andrea Tognoli",
            "display_name": "Andrea Tognoli",
            "team": "T01RBRV5F7H",
            "name": "andreatognoli001",
            "is_restricted": false,
            "is_ultra_restricted": false
        },
        "blocks": [
            {
                "type": "rich_text",
                "block_id": "H6n",
                "elements": [
                    {
                        "type": "rich_text_section",
                        "elements": [
                            {
                                "type": "text",
                                "text": "sorry Phine, didn't see the message since I don't have slack on my phone.. Next time we can meet, maybe also in the we"
                            }
                        ]
                    }
                ]
            }
        ],
        "thread_ts": "1619013486.017400",
        "parent_user_id": "U01SD3CDH9P"
    },
    {
        "client_msg_id": "3e6f54b6-f214-4a92-95e6-0dac0f214748",
        "type": "message",
        "text": "No problem :slightly_smiling_face: I somehow thought that, I was a little late in reading it. Hope you had a nice afternoon and yes i would love to join next time!",
        "user": "U01RN7BVD1C",
        "ts": "1619076684.000300",
        "team": "T01RBRV5F7H",
        "user_team": "T01RBRV5F7H",
        "source_team": "T01RBRV5F7H",
        "user_profile": {
            "avatar_hash": "55e0c1b57456",
            "image_72": "https:\/\/avatars.slack-edge.com\/2021-03-20\/1882033802643_55e0c1b574562994417f_72.jpg",
            "first_name": "Josephine",
            "real_name": "Josephine Biedermann",
            "display_name": "Phine",
            "team": "T01RBRV5F7H",
            "name": "josephinebiedermann",
            "is_restricted": false,
            "is_ultra_restricted": false
        },
        "blocks": [
            {
                "type": "rich_text",
                "block_id": "Dnt",
                "elements": [
                    {
                        "type": "rich_text_section",
                        "elements": [
                            {
                                "type": "text",
                                "text": "No problem "
                            },
                            {
                                "type": "emoji",
                                "name": "slightly_smiling_face"
                            },
                            {
                                "type": "text",
                                "text": " I somehow thought that, I was a little late in reading it. Hope you had a nice afternoon and yes i would love to join next time!"
                            }
                        ]
                    }
                ]
            }
        ],
        "thread_ts": "1619013486.017400",
        "parent_user_id": "U01SD3CDH9P"
    },
    {
        "client_msg_id": "e19400b7-4dad-4e6a-a34f-549e24ee48cb",
        "type": "message",
        "text": "Nice guys. Missed this but would be up for it next time. - how about smth tomorrow early eve after we've all finished our projects?",
        "user": "U01S133DZ9A",
        "ts": "1619077819.001700",
        "team": "T01RBRV5F7H",
        "user_team": "T01RBRV5F7H",
        "source_team": "T01RBRV5F7H",
        "user_profile": {
            "avatar_hash": "adb8b81e55b5",
            "image_72": "https:\/\/avatars.slack-edge.com\/2021-03-23\/1887337161925_adb8b81e55b5ac488cf1_72.jpg",
            "first_name": "Simon",
            "real_name": "Simon Data",
            "display_name": "Simon Data",
            "team": "T01RBRV5F7H",
            "name": "simples707data",
            "is_restricted": false,
            "is_ultra_restricted": false
        },
        "blocks": [
            {
                "type": "rich_text",
                "block_id": "5=d",
                "elements": [
                    {
                        "type": "rich_text_section",
                        "elements": [
                            {
                                "type": "text",
                                "text": "Nice guys. Missed this but would be up for it next time. - how about smth tomorrow early eve after we've all finished our projects?"
                            }
                        ]
                    }
                ]
            }
        ]
    },
    {
        "client_msg_id": "9cc13e2f-d79a-41f4-8fe9-332ec03558c4",
        "type": "message",
        "text": "_Fun Committee is brewing something_",
        "user": "U01RSRE0N3D",
        "ts": "1619077881.002300",
        "team": "T01RBRV5F7H",
        "user_team": "T01RBRV5F7H",
        "source_team": "T01RBRV5F7H",
        "user_profile": {
            "avatar_hash": "5b0571ca5e6f",
            "image_72": "https:\/\/avatars.slack-edge.com\/2021-03-18\/1876877550179_5b0571ca5e6fe1f759fe_72.jpg",
            "first_name": "Kosta",
            "real_name": "Kosta",
            "display_name": "Kosta",
            "team": "T01RBRV5F7H",
            "name": "kostadin.mitkov",
            "is_restricted": false,
            "is_ultra_restricted": false
        },
        "blocks": [
            {
                "type": "rich_text",
                "block_id": "dlZay",
                "elements": [
                    {
                        "type": "rich_text_section",
                        "elements": [
                            {
                                "type": "text",
                                "text": "Fun Committee is brewing something",
                                "style": {
                                    "italic": true
                                }
                            }
                        ]
                    }
                ]
            }
        ]
    },
    {
        "client_msg_id": "24e019b4-343e-49aa-a85f-0a6a682e6e46",
        "type": "message",
        "text": "<@U01S0E0MRJ7> <@U01S6L7HLUC>",
        "user": "U01S79YDELR",
        "ts": "1619078391.002400",
        "team": "T01RBRV5F7H",
        "user_team": "T01RBRV5F7H",
        "source_team": "T01RBRV5F7H",
        "user_profile": {
            "avatar_hash": "606def897de6",
            "image_72": "https:\/\/avatars.slack-edge.com\/2021-03-22\/1910932493456_606def897de66681d932_72.jpg",
            "first_name": "",
            "real_name": "Karina Condeixa",
            "display_name": "Karina Condeixa",
            "team": "T01RBRV5F7H",
            "name": "karina.condeixa",
            "is_restricted": false,
            "is_ultra_restricted": false
        },
        "blocks": [
            {
                "type": "rich_text",
                "block_id": "nWGmB",
                "elements": [
                    {
                        "type": "rich_text_section",
                        "elements": [
                            {
                                "type": "user",
                                "user_id": "U01S0E0MRJ7"
                            },
                            {
                                "type": "text",
                                "text": " "
                            },
                            {
                                "type": "user",
                                "user_id": "U01S6L7HLUC"
                            }
                        ]
                    }
                ]
            }
        ],
        "thread_ts": "1618996759.009000",
        "parent_user_id": "U01RSRE0N3D"
    },
    {
        "client_msg_id": "753003c2-883b-45ea-8a69-f69b968dace4",
        "type": "message",
        "text": "<!channel> I imagine DJ Flo has not yet received a full list of track choices for the project presentations - <@U01SJKB2MG8> which groups are you missing ?",
        "user": "U01RW140HBP",
        "ts": "1619079506.003500",
        "team": "T01RBRV5F7H",
        "user_team": "T01RBRV5F7H",
        "source_team": "T01RBRV5F7H",
        "user_profile": {
            "avatar_hash": "4c43a3a8d10b",
            "image_72": "https:\/\/avatars.slack-edge.com\/2021-03-21\/1895736308209_4c43a3a8d10bc2fe5e13_72.png",
            "first_name": "siand",
            "real_name": "siand the LT (she\/her)",
            "display_name": "siand the LT (she\/her)",
            "team": "T01RBRV5F7H",
            "name": "sian.davies",
            "is_restricted": false,
            "is_ultra_restricted": false
        },
        "edited": {
            "user": "U01RW140HBP",
            "ts": "1619080188.000000"
        },
        "blocks": [
            {
                "type": "rich_text",
                "block_id": "Jipy",
                "elements": [
                    {
                        "type": "rich_text_section",
                        "elements": [
                            {
                                "type": "broadcast",
                                "range": "channel"
                            },
                            {
                                "type": "text",
                                "text": " I imagine DJ Flo has not yet received a full list of track choices for the project presentations - "
                            },
                            {
                                "type": "user",
                                "user_id": "U01SJKB2MG8"
                            },
                            {
                                "type": "text",
                                "text": " which groups are you missing ?"
                            }
                        ]
                    }
                ]
            }
        ],
        "thread_ts": "1619079506.003500",
        "reply_count": 2,
        "reply_users_count": 2,
        "latest_reply": "1619080173.003800",
        "reply_users": [
            "U01SJKB2MG8",
            "U01RW140HBP"
        ],
        "replies": [
            {
                "user": "U01SJKB2MG8",
                "ts": "1619079759.003600"
            },
            {
                "user": "U01RW140HBP",
                "ts": "1619080173.003800"
            }
        ],
        "is_locked": false,
        "subscribed": false
    },
    {
        "client_msg_id": "ccc40663-8dd1-47f9-8fda-f264a6e4de16",
        "type": "message",
        "text": "Every group except two :wink: - only Lilla and Neil have sent a song so far",
        "user": "U01SJKB2MG8",
        "ts": "1619079759.003600",
        "team": "T01RBRV5F7H",
        "user_team": "T01RBRV5F7H",
        "source_team": "T01RBRV5F7H",
        "user_profile": {
            "avatar_hash": "88fa894fdb53",
            "image_72": "https:\/\/avatars.slack-edge.com\/2021-03-19\/1885033153332_88fa894fdb5366452adf_72.jpg",
            "first_name": "Florian",
            "real_name": "Florian Titze",
            "display_name": "Flo Titze",
            "team": "T01RBRV5F7H",
            "name": "florian.titze",
            "is_restricted": false,
            "is_ultra_restricted": false
        },
        "blocks": [
            {
                "type": "rich_text",
                "block_id": "w90gQ",
                "elements": [
                    {
                        "type": "rich_text_section",
                        "elements": [
                            {
                                "type": "text",
                                "text": "Every group except two "
                            },
                            {
                                "type": "emoji",
                                "name": "wink"
                            },
                            {
                                "type": "text",
                                "text": " - only Lilla and Neil have sent a song so far"
                            }
                        ]
                    }
                ]
            }
        ],
        "thread_ts": "1619079506.003500",
        "parent_user_id": "U01RW140HBP"
    },
    {
        "client_msg_id": "d2e4231b-a484-422b-9fb0-d0bb8e50d6ce",
        "type": "message",
        "text": ":cactus:ouch! pretty poor show!\n\nok @everyone lets get those :notes: requests today please ! what do you want to hear before your group starts presenting…. some sweet soulful :saxophone:? some head banging rock :the_horns:? :dancer: something with a little skirt swishing ? groovy disco tunes?:man_dancing::skin-tone-2:\n\notherwise teams will be allocated DJ Flo’s music choices… which may create some unexpected results …. fair warning given",
        "user": "U01RW140HBP",
        "ts": "1619080173.003800",
        "team": "T01RBRV5F7H",
        "user_team": "T01RBRV5F7H",
        "source_team": "T01RBRV5F7H",
        "user_profile": {
            "avatar_hash": "4c43a3a8d10b",
            "image_72": "https:\/\/avatars.slack-edge.com\/2021-03-21\/1895736308209_4c43a3a8d10bc2fe5e13_72.png",
            "first_name": "siand",
            "real_name": "siand the LT (she\/her)",
            "display_name": "siand the LT (she\/her)",
            "team": "T01RBRV5F7H",
            "name": "sian.davies",
            "is_restricted": false,
            "is_ultra_restricted": false
        },
        "blocks": [
            {
                "type": "rich_text",
                "block_id": "htYj8",
                "elements": [
                    {
                        "type": "rich_text_section",
                        "elements": [
                            {
                                "type": "emoji",
                                "name": "cactus"
                            },
                            {
                                "type": "text",
                                "text": "ouch! pretty poor show!\n\nok @everyone lets get those "
                            },
                            {
                                "type": "emoji",
                                "name": "notes"
                            },
                            {
                                "type": "text",
                                "text": " requests today please ! what do you want to hear before your group starts presenting…. some sweet soulful "
                            },
                            {
                                "type": "emoji",
                                "name": "saxophone"
                            },
                            {
                                "type": "text",
                                "text": "? some head banging rock "
                            },
                            {
                                "type": "emoji",
                                "name": "the_horns"
                            },
                            {
                                "type": "text",
                                "text": "? "
                            },
                            {
                                "type": "emoji",
                                "name": "dancer"
                            },
                            {
                                "type": "text",
                                "text": " something with a little skirt swishing ? groovy disco tunes?"
                            },
                            {
                                "type": "emoji",
                                "name": "man_dancing",
                                "skin_tone": 2
                            },
                            {
                                "type": "text",
                                "text": "\n\notherwise teams will be allocated DJ Flo’s music choices… which may create some unexpected results …. fair warning given"
                            }
                        ]
                    }
                ]
            }
        ],
        "thread_ts": "1619079506.003500",
        "parent_user_id": "U01RW140HBP"
    },
    {
        "client_msg_id": "9c864d50-327d-44a5-a571-1615830a360b",
        "type": "message",
        "text": "<@U01RSRE0N3D> after the kahoot tomorrow, can you check with the students if their survey is available, and give them a few mins to complete the survey at the end of class before freeing them for the remainder of the day --- else i fear we will have a 10% completion rate this week :slightly_smiling_face:",
        "user": "U01RW140HBP",
        "ts": "1619085357.005500",
        "team": "T01RBRV5F7H",
        "user_team": "T01RBRV5F7H",
        "source_team": "T01RBRV5F7H",
        "user_profile": {
            "avatar_hash": "4c43a3a8d10b",
            "image_72": "https:\/\/avatars.slack-edge.com\/2021-03-21\/1895736308209_4c43a3a8d10bc2fe5e13_72.png",
            "first_name": "siand",
            "real_name": "siand the LT (she\/her)",
            "display_name": "siand the LT (she\/her)",
            "team": "T01RBRV5F7H",
            "name": "sian.davies",
            "is_restricted": false,
            "is_ultra_restricted": false
        },
        "blocks": [
            {
                "type": "rich_text",
                "block_id": "aeax",
                "elements": [
                    {
                        "type": "rich_text_section",
                        "elements": [
                            {
                                "type": "user",
                                "user_id": "U01RSRE0N3D"
                            },
                            {
                                "type": "text",
                                "text": " after the kahoot tomorrow, can you check with the students if their survey is available, and give them a few mins to complete the survey at the end of class before freeing them for the remainder of the day --- else i fear we will have a 10% completion rate this week "
                            },
                            {
                                "type": "emoji",
                                "name": "slightly_smiling_face"
                            }
                        ]
                    }
                ]
            }
        ],
        "thread_ts": "1618996759.009000",
        "parent_user_id": "U01RSRE0N3D",
        "reactions": [
            {
                "name": "raised_hands",
                "users": [
                    "U01RSRE0N3D"
                ],
                "count": 1
            }
        ]
    },
    {
        "client_msg_id": "6f8adbde-061e-430e-8cb0-634864119956",
        "type": "message",
        "text": "will do!",
        "user": "U01RSRE0N3D",
        "ts": "1619085380.005700",
        "team": "T01RBRV5F7H",
        "user_team": "T01RBRV5F7H",
        "source_team": "T01RBRV5F7H",
        "user_profile": {
            "avatar_hash": "5b0571ca5e6f",
            "image_72": "https:\/\/avatars.slack-edge.com\/2021-03-18\/1876877550179_5b0571ca5e6fe1f759fe_72.jpg",
            "first_name": "Kosta",
            "real_name": "Kosta",
            "display_name": "Kosta",
            "team": "T01RBRV5F7H",
            "name": "kostadin.mitkov",
            "is_restricted": false,
            "is_ultra_restricted": false
        },
        "blocks": [
            {
                "type": "rich_text",
                "block_id": "ORd",
                "elements": [
                    {
                        "type": "rich_text_section",
                        "elements": [
                            {
                                "type": "text",
                                "text": "will do!"
                            }
                        ]
                    }
                ]
            }
        ],
        "thread_ts": "1618996759.009000",
        "parent_user_id": "U01RSRE0N3D"
    },
    {
        "client_msg_id": "69d051ab-5061-4f28-aab9-8b7a3d8e7f0e",
        "type": "message",
        "text": "Great to see some project submissions coming in ahead of the deadline! we have 5 students who have already submitted their project :heavy_check_mark:… does this mean they are chilling out in a park having a :coffee: and :doughnut: or just practicing their presentation to get it slick and smooth? :thinking_face:\nAnyway well done to everyone who either has submitted or is getting close. Looking forward to seeing all of your project Repos!",
        "user": "U01RW140HBP",
        "ts": "1619096595.008400",
        "team": "T01RBRV5F7H",
        "user_team": "T01RBRV5F7H",
        "source_team": "T01RBRV5F7H",
        "user_profile": {
            "avatar_hash": "4c43a3a8d10b",
            "image_72": "https:\/\/avatars.slack-edge.com\/2021-03-21\/1895736308209_4c43a3a8d10bc2fe5e13_72.png",
            "first_name": "siand",
            "real_name": "siand the LT (she\/her)",
            "display_name": "siand the LT (she\/her)",
            "team": "T01RBRV5F7H",
            "name": "sian.davies",
            "is_restricted": false,
            "is_ultra_restricted": false
        },
        "blocks": [
            {
                "type": "rich_text",
                "block_id": "fnr",
                "elements": [
                    {
                        "type": "rich_text_section",
                        "elements": [
                            {
                                "type": "text",
                                "text": "Great to see some project submissions coming in ahead of the deadline! we have 5 students who have already submitted their project "
                            },
                            {
                                "type": "emoji",
                                "name": "heavy_check_mark"
                            },
                            {
                                "type": "text",
                                "text": "… does this mean they are chilling out in a park having a "
                            },
                            {
                                "type": "emoji",
                                "name": "coffee"
                            },
                            {
                                "type": "text",
                                "text": " and "
                            },
                            {
                                "type": "emoji",
                                "name": "doughnut"
                            },
                            {
                                "type": "text",
                                "text": " or just practicing their presentation to get it slick and smooth? "
                            },
                            {
                                "type": "emoji",
                                "name": "thinking_face"
                            },
                            {
                                "type": "text",
                                "text": "\nAnyway well done to everyone who either has submitted or is getting close. Looking forward to seeing all of your project Repos!"
                            }
                        ]
                    }
                ]
            }
        ]
    },
    {
        "client_msg_id": "c15c6407-a30c-4590-8f1b-64468a9fcaed",
        "type": "message",
        "text": "yoga in a couple of mins on the zoom <!here>! :woman_in_lotus_position:",
        "user": "U01RW140HBP",
        "ts": "1619099851.009400",
        "team": "T01RBRV5F7H",
        "user_team": "T01RBRV5F7H",
        "source_team": "T01RBRV5F7H",
        "user_profile": {
            "avatar_hash": "4c43a3a8d10b",
            "image_72": "https:\/\/avatars.slack-edge.com\/2021-03-21\/1895736308209_4c43a3a8d10bc2fe5e13_72.png",
            "first_name": "siand",
            "real_name": "siand the LT (she\/her)",
            "display_name": "siand the LT (she\/her)",
            "team": "T01RBRV5F7H",
            "name": "sian.davies",
            "is_restricted": false,
            "is_ultra_restricted": false
        },
        "blocks": [
            {
                "type": "rich_text",
                "block_id": "vufU",
                "elements": [
                    {
                        "type": "rich_text_section",
                        "elements": [
                            {
                                "type": "text",
                                "text": "yoga in a couple of mins on the zoom "
                            },
                            {
                                "type": "broadcast",
                                "range": "here"
                            },
                            {
                                "type": "text",
                                "text": "! "
                            },
                            {
                                "type": "emoji",
                                "name": "woman_in_lotus_position"
                            }
                        ]
                    }
                ]
            }
        ]
    },
    {
        "client_msg_id": "006b18bb-d1a7-4942-8c44-134c22bf5a85",
        "type": "message",
        "text": "the presentations start at 9.30, but are we meeting before, at 9 am?",
        "user": "U01RS9Y6UJH",
        "ts": "1619160266.010600",
        "team": "T01RBRV5F7H",
        "user_team": "T01RBRV5F7H",
        "source_team": "T01RBRV5F7H",
        "user_profile": {
            "avatar_hash": "g7e6abc9bdfa",
            "image_72": "https:\/\/secure.gravatar.com\/avatar\/7e6abc9bdfaa8dee63eb82cb526abe78.jpg?s=72&d=https%3A%2F%2Fa.slack-edge.com%2Fdf10d%2Fimg%2Favatars%2Fava_0024-72.png",
            "first_name": "",
            "real_name": "Neil Corteen",
            "display_name": "",
            "team": "T01RBRV5F7H",
            "name": "neilcorteen",
            "is_restricted": false,
            "is_ultra_restricted": false
        },
        "blocks": [
            {
                "type": "rich_text",
                "block_id": "nJWxg",
                "elements": [
                    {
                        "type": "rich_text_section",
                        "elements": [
                            {
                                "type": "text",
                                "text": "the presentations start at 9.30, but are we meeting before, at 9 am?"
                            }
                        ]
                    }
                ]
            }
        ],
        "thread_ts": "1619160266.010600",
        "reply_count": 3,
        "reply_users_count": 3,
        "latest_reply": "1619161305.011100",
        "reply_users": [
            "U01SK96QF5E",
            "U01RSRE0N3D",
            "U01RS9Y6UJH"
        ],
        "replies": [
            {
                "user": "U01SK96QF5E",
                "ts": "1619160626.010700"
            },
            {
                "user": "U01RSRE0N3D",
                "ts": "1619161045.010900"
            },
            {
                "user": "U01RS9Y6UJH",
                "ts": "1619161305.011100"
            }
        ],
        "is_locked": false,
        "subscribed": true,
        "last_read": "1619161305.011100"
    },
    {
        "client_msg_id": "80ec67ac-9908-41aa-977f-e827cd71c287",
        "type": "message",
        "text": "good Q :slightly_smiling_face:",
        "user": "U01SK96QF5E",
        "ts": "1619160626.010700",
        "team": "T01RBRV5F7H",
        "user_team": "T01RBRV5F7H",
        "source_team": "T01RBRV5F7H",
        "user_profile": {
            "avatar_hash": "94c1e7ff9e09",
            "image_72": "https:\/\/avatars.slack-edge.com\/2021-03-21\/1883381430979_94c1e7ff9e09a95d14cb_72.jpg",
            "first_name": "Lilla",
            "real_name": "Lilla Szulyovszky",
            "display_name": "lilla",
            "team": "T01RBRV5F7H",
            "name": "lilla.szulyovszky",
            "is_restricted": false,
            "is_ultra_restricted": false
        },
        "blocks": [
            {
                "type": "rich_text",
                "block_id": "j=a",
                "elements": [
                    {
                        "type": "rich_text_section",
                        "elements": [
                            {
                                "type": "text",
                                "text": "good Q "
                            },
                            {
                                "type": "emoji",
                                "name": "slightly_smiling_face"
                            }
                        ]
                    }
                ]
            }
        ],
        "thread_ts": "1619160266.010600",
        "parent_user_id": "U01RS9Y6UJH"
    },
    {
        "client_msg_id": "70250142-b4cc-40d6-8f93-f9d3336de40e",
        "type": "message",
        "text": "we are starting at 09:30 :v:",
        "user": "U01RSRE0N3D",
        "ts": "1619161045.010900",
        "team": "T01RBRV5F7H",
        "user_team": "T01RBRV5F7H",
        "source_team": "T01RBRV5F7H",
        "user_profile": {
            "avatar_hash": "5b0571ca5e6f",
            "image_72": "https:\/\/avatars.slack-edge.com\/2021-03-18\/1876877550179_5b0571ca5e6fe1f759fe_72.jpg",
            "first_name": "Kosta",
            "real_name": "Kosta",
            "display_name": "Kosta",
            "team": "T01RBRV5F7H",
            "name": "kostadin.mitkov",
            "is_restricted": false,
            "is_ultra_restricted": false
        },
        "blocks": [
            {
                "type": "rich_text",
                "block_id": "cUF",
                "elements": [
                    {
                        "type": "rich_text_section",
                        "elements": [
                            {
                                "type": "text",
                                "text": "we are starting at 09:30 "
                            },
                            {
                                "type": "emoji",
                                "name": "v"
                            }
                        ]
                    }
                ]
            }
        ],
        "thread_ts": "1619160266.010600",
        "parent_user_id": "U01RS9Y6UJH",
        "reactions": [
            {
                "name": "+1",
                "users": [
                    "U01SK96QF5E"
                ],
                "count": 1
            }
        ]
    }
]