[
    {
        "type": "message",
        "text": "<@U01RP2K1606>",
        "files": [
            {
                "id": "F01SDCAB21H",
                "created": 1616660632,
                "timestamp": 1616660632,
                "name": "FreeDucks.jpg",
                "title": "FreeDucks.jpg",
                "mimetype": "image\/jpeg",
                "filetype": "jpg",
                "pretty_type": "JPEG",
                "user": "U01S7BM4N81",
                "editable": false,
                "size": 29071,
                "mode": "hosted",
                "is_external": false,
                "external_type": "",
                "is_public": true,
                "public_url_shared": false,
                "display_as_bot": false,
                "username": "",
                "url_private": "https:\/\/files.slack.com\/files-pri\/T01RBRV5F7H-F01SDCAB21H\/freeducks.jpg?t=xoxe-1861879185255-2005250891763-2017654554721-735ed824033d65b9b5a8817aca87e86a",
                "url_private_download": "https:\/\/files.slack.com\/files-pri\/T01RBRV5F7H-F01SDCAB21H\/download\/freeducks.jpg?t=xoxe-1861879185255-2005250891763-2017654554721-735ed824033d65b9b5a8817aca87e86a",
                "thumb_64": "https:\/\/files.slack.com\/files-tmb\/T01RBRV5F7H-F01SDCAB21H-ac5704e420\/freeducks_64.jpg?t=xoxe-1861879185255-2005250891763-2017654554721-735ed824033d65b9b5a8817aca87e86a",
                "thumb_80": "https:\/\/files.slack.com\/files-tmb\/T01RBRV5F7H-F01SDCAB21H-ac5704e420\/freeducks_80.jpg?t=xoxe-1861879185255-2005250891763-2017654554721-735ed824033d65b9b5a8817aca87e86a",
                "thumb_360": "https:\/\/files.slack.com\/files-tmb\/T01RBRV5F7H-F01SDCAB21H-ac5704e420\/freeducks_360.jpg?t=xoxe-1861879185255-2005250891763-2017654554721-735ed824033d65b9b5a8817aca87e86a",
                "thumb_360_w": 360,
                "thumb_360_h": 238,
                "thumb_480": "https:\/\/files.slack.com\/files-tmb\/T01RBRV5F7H-F01SDCAB21H-ac5704e420\/freeducks_480.jpg?t=xoxe-1861879185255-2005250891763-2017654554721-735ed824033d65b9b5a8817aca87e86a",
                "thumb_480_w": 480,
                "thumb_480_h": 317,
                "thumb_160": "https:\/\/files.slack.com\/files-tmb\/T01RBRV5F7H-F01SDCAB21H-ac5704e420\/freeducks_160.jpg?t=xoxe-1861879185255-2005250891763-2017654554721-735ed824033d65b9b5a8817aca87e86a",
                "original_w": 700,
                "original_h": 462,
                "thumb_tiny": "AwAfADCA9KcqFgfxppI9\/wAqlilWMFWBGTnpUmtxFUCUbuRVwvuQqUI471RkYDLBs\/hUsEqsG+bkjpQK6ZXBGTjPGetOPT8KR0aNyGGKAcnNNoE+g5CN+T0AzUcj73zkY+tL\/wDWqMMw7nGemaQMc7bvQAdBmmjgj5l\/On8kcE\/99UDPUE88\/ep3ILAuElQLIob8aY6p1Qn8TVdmK8c5x13UqSM7c9hQNas\/\/9k=",
                "permalink": "https:\/\/data-ft-ber-03-2021.slack.com\/files\/U01S7BM4N81\/F01SDCAB21H\/freeducks.jpg",
                "permalink_public": "https:\/\/slack-files.com\/T01RBRV5F7H-F01SDCAB21H-87a30c22df",
                "is_starred": false,
                "has_rich_preview": false
            }
        ],
        "upload": false,
        "blocks": [
            {
                "type": "rich_text",
                "block_id": "s40sU",
                "elements": [
                    {
                        "type": "rich_text_section",
                        "elements": [
                            {
                                "type": "user",
                                "user_id": "U01RP2K1606"
                            }
                        ]
                    }
                ]
            }
        ],
        "user": "U01S7BM4N81",
        "display_as_bot": false,
        "ts": "1616660638.007900",
        "reactions": [
            {
                "name": "sweat_smile",
                "users": [
                    "U01RP2K1606",
                    "U01RSRE0N3D",
                    "U01S1CWGTU4"
                ],
                "count": 3
            },
            {
                "name": "rolling_on_the_floor_laughing",
                "users": [
                    "U01SD3CDH9P",
                    "U01RKN0EGDV",
                    "U01RW2X7S9Z"
                ],
                "count": 3
            }
        ]
    }
]