[
    {
        "type": "message",
        "subtype": "channel_join",
        "ts": "1616695675.000200",
        "user": "U01S133DZ9A",
        "text": "<@U01S133DZ9A> has joined the channel"
    },
    {
        "type": "message",
        "subtype": "channel_purpose",
        "ts": "1616695676.000300",
        "user": "U01S133DZ9A",
        "text": "<@U01S133DZ9A> set the channel description: A place to vent your frustration with the world of code and your struggles to comprehend it",
        "purpose": "A place to vent your frustration with the world of code and your struggles to comprehend it"
    },
    {
        "client_msg_id": "9325906b-46b4-4d98-82e9-d8475aaca20b",
        "type": "message",
        "text": "Finally got my files to upload to github.\nWhy have I been struggling with this all week?\nbecause in my notes I pasted this instruction: \"git commit -n \"this file is to make the world better\"he way to commit\"\nWhen actually it is \"-m\" not \"-n\"\n:man-facepalming:",
        "user": "U01S133DZ9A",
        "ts": "1616695707.000500",
        "team": "T01RBRV5F7H",
        "user_team": "T01RBRV5F7H",
        "source_team": "T01RBRV5F7H",
        "user_profile": {
            "avatar_hash": "adb8b81e55b5",
            "image_72": "https:\/\/avatars.slack-edge.com\/2021-03-23\/1887337161925_adb8b81e55b5ac488cf1_72.jpg",
            "first_name": "Simon",
            "real_name": "Simon Data",
            "display_name": "Simon Data",
            "team": "T01RBRV5F7H",
            "name": "simples707data",
            "is_restricted": false,
            "is_ultra_restricted": false
        },
        "edited": {
            "user": "U01S133DZ9A",
            "ts": "1616695732.000000"
        },
        "blocks": [
            {
                "type": "rich_text",
                "block_id": "NFV",
                "elements": [
                    {
                        "type": "rich_text_section",
                        "elements": [
                            {
                                "type": "text",
                                "text": "Finally got my files to upload to github.\nWhy have I been struggling with this all week?\nbecause in my notes I pasted this instruction: \"git commit -n \"this file is to make the world better\"he way to commit\"\nWhen actually it is \"-m\" not \"-n\"\n"
                            },
                            {
                                "type": "emoji",
                                "name": "man-facepalming"
                            }
                        ]
                    }
                ]
            }
        ]
    }
]