[
    {
        "client_msg_id": "73638349-1bdb-4539-930f-5f15d01cd7ed",
        "type": "message",
        "text": "<https:\/\/www.youtube.com\/watch?v=Hz5E5icwsD0>",
        "user": "U01S65G72SY",
        "ts": "1619509100.011600",
        "team": "T01RBRV5F7H",
        "user_team": "T01RBRV5F7H",
        "source_team": "T01RBRV5F7H",
        "user_profile": {
            "avatar_hash": "2508d9d872a8",
            "image_72": "https:\/\/avatars.slack-edge.com\/2021-03-21\/1907823424064_2508d9d872a8411a9b37_72.png",
            "first_name": "",
            "real_name": "Isabel Jabs",
            "display_name": "Isabel Jabs",
            "team": "T01RBRV5F7H",
            "name": "isabeljabs",
            "is_restricted": false,
            "is_ultra_restricted": false
        },
        "attachments": [
            {
                "service_name": "YouTube",
                "service_url": "https:\/\/www.youtube.com\/",
                "title": "Euthanize Your Tulips!",
                "title_link": "https:\/\/www.youtube.com\/watch?v=Hz5E5icwsD0",
                "author_name": "Daniel-Ryan Spaulding",
                "author_link": "https:\/\/www.youtube.com\/user\/danielryanspaulding",
                "thumb_url": "https:\/\/i.ytimg.com\/vi\/Hz5E5icwsD0\/hqdefault.jpg",
                "thumb_width": 480,
                "thumb_height": 360,
                "fallback": "YouTube Video: Euthanize Your Tulips!",
                "video_html": "<iframe width=\"400\" height=\"225\" src=\"https:\/\/www.youtube.com\/embed\/Hz5E5icwsD0?feature=oembed&autoplay=1&iv_load_policy=3\" frameborder=\"0\" allow=\"accelerometer; autoplay; clipboard-write; encrypted-media; gyroscope; picture-in-picture\" allowfullscreen><\/iframe>",
                "video_html_width": 400,
                "video_html_height": 225,
                "from_url": "https:\/\/www.youtube.com\/watch?v=Hz5E5icwsD0",
                "service_icon": "https:\/\/a.slack-edge.com\/80588\/img\/unfurl_icons\/youtube.png",
                "id": 1,
                "original_url": "https:\/\/www.youtube.com\/watch?v=Hz5E5icwsD0"
            }
        ],
        "blocks": [
            {
                "type": "rich_text",
                "block_id": "ArZ",
                "elements": [
                    {
                        "type": "rich_text_section",
                        "elements": [
                            {
                                "type": "link",
                                "url": "https:\/\/www.youtube.com\/watch?v=Hz5E5icwsD0"
                            }
                        ]
                    }
                ]
            }
        ],
        "thread_ts": "1619509100.011600",
        "reply_count": 1,
        "reply_users_count": 1,
        "latest_reply": "1619509140.011800",
        "reply_users": [
            "U01S7KCL3DF"
        ],
        "replies": [
            {
                "user": "U01S7KCL3DF",
                "ts": "1619509140.011800"
            }
        ],
        "is_locked": false,
        "subscribed": false,
        "reactions": [
            {
                "name": "smile",
                "users": [
                    "U01S0E0MRJ7"
                ],
                "count": 1
            }
        ]
    },
    {
        "client_msg_id": "1fd6cb5c-977d-4dbe-a765-514ead9c3656",
        "type": "message",
        "text": "is this gonna be ‘safe for work’? :smile:",
        "user": "U01S7KCL3DF",
        "ts": "1619509140.011800",
        "team": "T01RBRV5F7H",
        "user_team": "T01RBRV5F7H",
        "source_team": "T01RBRV5F7H",
        "user_profile": {
            "avatar_hash": "17b52091bb62",
            "image_72": "https:\/\/avatars.slack-edge.com\/2021-03-19\/1875964347925_17b52091bb62c2340b4c_72.png",
            "first_name": "Sam",
            "real_name": "Sam Katterfield",
            "display_name": "Sam",
            "team": "T01RBRV5F7H",
            "name": "samkatterfield",
            "is_restricted": false,
            "is_ultra_restricted": false
        },
        "blocks": [
            {
                "type": "rich_text",
                "block_id": "XYZ",
                "elements": [
                    {
                        "type": "rich_text_section",
                        "elements": [
                            {
                                "type": "text",
                                "text": "is this gonna be ‘safe for work’? "
                            },
                            {
                                "type": "emoji",
                                "name": "smile"
                            }
                        ]
                    }
                ]
            }
        ],
        "thread_ts": "1619509100.011600",
        "parent_user_id": "U01S65G72SY"
    },
    {
        "client_msg_id": "68c29c31-003e-4797-80f8-e746d980e737",
        "type": "message",
        "text": "<https:\/\/64.media.tumblr.com\/c7816aebedfff0058eb1a025a9fcb3fa\/tumblr_nomc5k30vK1r745vdo2_500.gifv>",
        "user": "U01S7KCL3DF",
        "ts": "1619509333.012100",
        "team": "T01RBRV5F7H",
        "user_team": "T01RBRV5F7H",
        "source_team": "T01RBRV5F7H",
        "user_profile": {
            "avatar_hash": "17b52091bb62",
            "image_72": "https:\/\/avatars.slack-edge.com\/2021-03-19\/1875964347925_17b52091bb62c2340b4c_72.png",
            "first_name": "Sam",
            "real_name": "Sam Katterfield",
            "display_name": "Sam",
            "team": "T01RBRV5F7H",
            "name": "samkatterfield",
            "is_restricted": false,
            "is_ultra_restricted": false
        },
        "attachments": [
            {
                "fallback": "500x289px image",
                "image_url": "https:\/\/64.media.tumblr.com\/c7816aebedfff0058eb1a025a9fcb3fa\/tumblr_nomc5k30vK1r745vdo2_500.gifv",
                "image_width": 500,
                "image_height": 289,
                "image_bytes": 2045613,
                "is_animated": true,
                "from_url": "https:\/\/64.media.tumblr.com\/c7816aebedfff0058eb1a025a9fcb3fa\/tumblr_nomc5k30vK1r745vdo2_500.gifv",
                "id": 1,
                "original_url": "https:\/\/64.media.tumblr.com\/c7816aebedfff0058eb1a025a9fcb3fa\/tumblr_nomc5k30vK1r745vdo2_500.gifv"
            }
        ],
        "blocks": [
            {
                "type": "rich_text",
                "block_id": "MhIm",
                "elements": [
                    {
                        "type": "rich_text_section",
                        "elements": [
                            {
                                "type": "link",
                                "url": "https:\/\/64.media.tumblr.com\/c7816aebedfff0058eb1a025a9fcb3fa\/tumblr_nomc5k30vK1r745vdo2_500.gifv"
                            }
                        ]
                    }
                ]
            }
        ],
        "thread_ts": "1619509333.012100",
        "reply_count": 1,
        "reply_users_count": 1,
        "latest_reply": "1619510406.012700",
        "reply_users": [
            "U01S7KCL3DF"
        ],
        "replies": [
            {
                "user": "U01S7KCL3DF",
                "ts": "1619510406.012700"
            }
        ],
        "is_locked": false,
        "subscribed": false,
        "reactions": [
            {
                "name": "smiley",
                "users": [
                    "U01S0E0MRJ7",
                    "U01RRV4JX6Z",
                    "U01RW2X7S9Z"
                ],
                "count": 3
            }
        ]
    },
    {
        "client_msg_id": "2cb9bf1f-dc3e-4c28-89f2-5deb7ec9247a",
        "type": "message",
        "text": "definitely in the top 5 performances by a plant in a movie",
        "user": "U01S7KCL3DF",
        "ts": "1619510406.012700",
        "team": "T01RBRV5F7H",
        "user_team": "T01RBRV5F7H",
        "source_team": "T01RBRV5F7H",
        "user_profile": {
            "avatar_hash": "17b52091bb62",
            "image_72": "https:\/\/avatars.slack-edge.com\/2021-03-19\/1875964347925_17b52091bb62c2340b4c_72.png",
            "first_name": "Sam",
            "real_name": "Sam Katterfield",
            "display_name": "Sam",
            "team": "T01RBRV5F7H",
            "name": "samkatterfield",
            "is_restricted": false,
            "is_ultra_restricted": false
        },
        "blocks": [
            {
                "type": "rich_text",
                "block_id": "BH6h",
                "elements": [
                    {
                        "type": "rich_text_section",
                        "elements": [
                            {
                                "type": "text",
                                "text": "definitely in the top 5 performances by a plant in a movie"
                            }
                        ]
                    }
                ]
            }
        ],
        "thread_ts": "1619509333.012100",
        "parent_user_id": "U01S7KCL3DF"
    }
]