[
    {
        "client_msg_id": "16204e71-a716-49d4-a01a-21f72c4e367c",
        "type": "message",
        "text": "Gotta love recruiters and their language:\n“This decision does not relate to your qualifications and skills itself, but to our current requirements for this position.”",
        "user": "U01S7BM4N81",
        "ts": "1618233105.002200",
        "team": "T01RBRV5F7H",
        "user_team": "T01RBRV5F7H",
        "source_team": "T01RBRV5F7H",
        "user_profile": {
            "avatar_hash": "2adfc641e87e",
            "image_72": "https:\/\/avatars.slack-edge.com\/2021-04-16\/1994438084416_2adfc641e87e3a953d9c_72.png",
            "first_name": "Thamo",
            "real_name": "Thamo",
            "display_name": "Thamo",
            "team": "T01RBRV5F7H",
            "name": "thamokoeper",
            "is_restricted": false,
            "is_ultra_restricted": false
        },
        "edited": {
            "user": "U01S7BM4N81",
            "ts": "1618234472.000000"
        },
        "blocks": [
            {
                "type": "rich_text",
                "block_id": "AQWZ",
                "elements": [
                    {
                        "type": "rich_text_section",
                        "elements": [
                            {
                                "type": "text",
                                "text": "Gotta love recruiters and their language:\n“This decision does not relate to your qualifications and skills itself, but to our current requirements for this position.”"
                            }
                        ]
                    }
                ]
            }
        ],
        "thread_ts": "1618233105.002200",
        "reply_count": 14,
        "reply_users_count": 5,
        "latest_reply": "1618233585.006000",
        "reply_users": [
            "U01RSRE0N3D",
            "U01S7BM4N81",
            "U01S7KCL3DF",
            "U01RRV4JX6Z",
            "U01RW2X7S9Z"
        ],
        "replies": [
            {
                "user": "U01RSRE0N3D",
                "ts": "1618233158.002400"
            },
            {
                "user": "U01S7BM4N81",
                "ts": "1618233161.002600"
            },
            {
                "user": "U01S7BM4N81",
                "ts": "1618233181.002900"
            },
            {
                "user": "U01RSRE0N3D",
                "ts": "1618233204.003100"
            },
            {
                "user": "U01RSRE0N3D",
                "ts": "1618233212.003300"
            },
            {
                "user": "U01S7KCL3DF",
                "ts": "1618233289.003500"
            },
            {
                "user": "U01S7BM4N81",
                "ts": "1618233489.003900"
            },
            {
                "user": "U01S7BM4N81",
                "ts": "1618233499.004100"
            },
            {
                "user": "U01S7BM4N81",
                "ts": "1618233503.004300"
            },
            {
                "user": "U01RRV4JX6Z",
                "ts": "1618233526.004500"
            },
            {
                "user": "U01S7KCL3DF",
                "ts": "1618233536.004700"
            },
            {
                "user": "U01S7KCL3DF",
                "ts": "1618233549.005100"
            },
            {
                "user": "U01S7BM4N81",
                "ts": "1618233561.005400"
            },
            {
                "user": "U01RW2X7S9Z",
                "ts": "1618233585.006000"
            }
        ],
        "is_locked": false,
        "subscribed": true,
        "last_read": "1618233585.006000"
    },
    {
        "client_msg_id": "c1d60648-5736-431c-be68-63c54b6ab485",
        "type": "message",
        "text": "hahahahahahaha",
        "user": "U01RSRE0N3D",
        "ts": "1618233158.002400",
        "team": "T01RBRV5F7H",
        "user_team": "T01RBRV5F7H",
        "source_team": "T01RBRV5F7H",
        "user_profile": {
            "avatar_hash": "5b0571ca5e6f",
            "image_72": "https:\/\/avatars.slack-edge.com\/2021-03-18\/1876877550179_5b0571ca5e6fe1f759fe_72.jpg",
            "first_name": "Kosta",
            "real_name": "Kosta",
            "display_name": "Kosta",
            "team": "T01RBRV5F7H",
            "name": "kostadin.mitkov",
            "is_restricted": false,
            "is_ultra_restricted": false
        },
        "blocks": [
            {
                "type": "rich_text",
                "block_id": "XOsR2",
                "elements": [
                    {
                        "type": "rich_text_section",
                        "elements": [
                            {
                                "type": "text",
                                "text": "hahahahahahaha"
                            }
                        ]
                    }
                ]
            }
        ],
        "thread_ts": "1618233105.002200",
        "parent_user_id": "U01S7BM4N81"
    },
    {
        "type": "message",
        "text": "¯\\_(ツ)_\/¯",
        "user": "U01S7BM4N81",
        "ts": "1618233161.002600",
        "team": "T01RBRV5F7H",
        "user_team": "T01RBRV5F7H",
        "source_team": "T01RBRV5F7H",
        "user_profile": {
            "avatar_hash": "2adfc641e87e",
            "image_72": "https:\/\/avatars.slack-edge.com\/2021-04-16\/1994438084416_2adfc641e87e3a953d9c_72.png",
            "first_name": "Thamo",
            "real_name": "Thamo",
            "display_name": "Thamo",
            "team": "T01RBRV5F7H",
            "name": "thamokoeper",
            "is_restricted": false,
            "is_ultra_restricted": false
        },
        "thread_ts": "1618233105.002200",
        "parent_user_id": "U01S7BM4N81"
    },
    {
        "client_msg_id": "1560f373-b7cc-492f-9720-4d1eb7746f8c",
        "type": "message",
        "text": "its not my skills, it the skills required for the role",
        "user": "U01S7BM4N81",
        "ts": "1618233181.002900",
        "team": "T01RBRV5F7H",
        "user_team": "T01RBRV5F7H",
        "source_team": "T01RBRV5F7H",
        "user_profile": {
            "avatar_hash": "2adfc641e87e",
            "image_72": "https:\/\/avatars.slack-edge.com\/2021-04-16\/1994438084416_2adfc641e87e3a953d9c_72.png",
            "first_name": "Thamo",
            "real_name": "Thamo",
            "display_name": "Thamo",
            "team": "T01RBRV5F7H",
            "name": "thamokoeper",
            "is_restricted": false,
            "is_ultra_restricted": false
        },
        "blocks": [
            {
                "type": "rich_text",
                "block_id": "8Wy",
                "elements": [
                    {
                        "type": "rich_text_section",
                        "elements": [
                            {
                                "type": "text",
                                "text": "its not my skills, it the skills required for the role"
                            }
                        ]
                    }
                ]
            }
        ],
        "thread_ts": "1618233105.002200",
        "parent_user_id": "U01S7BM4N81"
    },
    {
        "client_msg_id": "e3b19899-57bd-4bfe-a293-6e64508c2caf",
        "type": "message",
        "text": "kinda like the \"It is not you, it is me\" breakup line",
        "user": "U01RSRE0N3D",
        "ts": "1618233204.003100",
        "team": "T01RBRV5F7H",
        "user_team": "T01RBRV5F7H",
        "source_team": "T01RBRV5F7H",
        "user_profile": {
            "avatar_hash": "5b0571ca5e6f",
            "image_72": "https:\/\/avatars.slack-edge.com\/2021-03-18\/1876877550179_5b0571ca5e6fe1f759fe_72.jpg",
            "first_name": "Kosta",
            "real_name": "Kosta",
            "display_name": "Kosta",
            "team": "T01RBRV5F7H",
            "name": "kostadin.mitkov",
            "is_restricted": false,
            "is_ultra_restricted": false
        },
        "blocks": [
            {
                "type": "rich_text",
                "block_id": "Q1HM",
                "elements": [
                    {
                        "type": "rich_text_section",
                        "elements": [
                            {
                                "type": "text",
                                "text": "kinda like the \"It is not you, it is me\" breakup line"
                            }
                        ]
                    }
                ]
            }
        ],
        "thread_ts": "1618233105.002200",
        "parent_user_id": "U01S7BM4N81",
        "reactions": [
            {
                "name": "grin",
                "users": [
                    "U01S7BM4N81",
                    "U01S1CWGTU4"
                ],
                "count": 2
            }
        ]
    },
    {
        "client_msg_id": "1e3a3820-97b0-4fd5-92a5-f53caf1982e2",
        "type": "message",
        "text": ":smile:",
        "user": "U01RSRE0N3D",
        "ts": "1618233212.003300",
        "team": "T01RBRV5F7H",
        "user_team": "T01RBRV5F7H",
        "source_team": "T01RBRV5F7H",
        "user_profile": {
            "avatar_hash": "5b0571ca5e6f",
            "image_72": "https:\/\/avatars.slack-edge.com\/2021-03-18\/1876877550179_5b0571ca5e6fe1f759fe_72.jpg",
            "first_name": "Kosta",
            "real_name": "Kosta",
            "display_name": "Kosta",
            "team": "T01RBRV5F7H",
            "name": "kostadin.mitkov",
            "is_restricted": false,
            "is_ultra_restricted": false
        },
        "blocks": [
            {
                "type": "rich_text",
                "block_id": "1dp2d",
                "elements": [
                    {
                        "type": "rich_text_section",
                        "elements": [
                            {
                                "type": "emoji",
                                "name": "smile"
                            }
                        ]
                    }
                ]
            }
        ],
        "thread_ts": "1618233105.002200",
        "parent_user_id": "U01S7BM4N81"
    },
    {
        "client_msg_id": "b20d077c-c0f1-4cc0-b6cb-c7159040b370",
        "type": "message",
        "text": "'current requirements' meaning they changed them after posting the ad and talking to you?\n\ni know that game :person_frowning:",
        "user": "U01S7KCL3DF",
        "ts": "1618233289.003500",
        "team": "T01RBRV5F7H",
        "user_team": "T01RBRV5F7H",
        "source_team": "T01RBRV5F7H",
        "user_profile": {
            "avatar_hash": "17b52091bb62",
            "image_72": "https:\/\/avatars.slack-edge.com\/2021-03-19\/1875964347925_17b52091bb62c2340b4c_72.png",
            "first_name": "Sam",
            "real_name": "Sam Katterfield",
            "display_name": "Sam",
            "team": "T01RBRV5F7H",
            "name": "samkatterfield",
            "is_restricted": false,
            "is_ultra_restricted": false
        },
        "blocks": [
            {
                "type": "rich_text",
                "block_id": "d713Y",
                "elements": [
                    {
                        "type": "rich_text_section",
                        "elements": [
                            {
                                "type": "text",
                                "text": "'current requirements' meaning they changed them after posting the ad and talking to you?\n\ni know that game "
                            },
                            {
                                "type": "emoji",
                                "name": "person_frowning"
                            }
                        ]
                    }
                ]
            }
        ],
        "thread_ts": "1618233105.002200",
        "parent_user_id": "U01S7BM4N81",
        "reactions": [
            {
                "name": "handshake",
                "users": [
                    "U01S7BM4N81"
                ],
                "count": 1
            }
        ]
    },
    {
        "client_msg_id": "aa7da5cf-5b77-4eb8-bb4a-27eb3259bab1",
        "type": "message",
        "text": "“Therefore, we might have a match in future for a different position or if our requirements change!”",
        "user": "U01S7BM4N81",
        "ts": "1618233489.003900",
        "team": "T01RBRV5F7H",
        "user_team": "T01RBRV5F7H",
        "source_team": "T01RBRV5F7H",
        "user_profile": {
            "avatar_hash": "2adfc641e87e",
            "image_72": "https:\/\/avatars.slack-edge.com\/2021-04-16\/1994438084416_2adfc641e87e3a953d9c_72.png",
            "first_name": "Thamo",
            "real_name": "Thamo",
            "display_name": "Thamo",
            "team": "T01RBRV5F7H",
            "name": "thamokoeper",
            "is_restricted": false,
            "is_ultra_restricted": false
        },
        "blocks": [
            {
                "type": "rich_text",
                "block_id": "vwIi",
                "elements": [
                    {
                        "type": "rich_text_section",
                        "elements": [
                            {
                                "type": "text",
                                "text": "“Therefore, we might have a match in future for a different position or if our requirements change!”"
                            }
                        ]
                    }
                ]
            }
        ],
        "thread_ts": "1618233105.002200",
        "parent_user_id": "U01S7BM4N81"
    },
    {
        "client_msg_id": "aad2cace-7fca-442d-8ee9-55fa9ca46736",
        "type": "message",
        "text": "they might lower expectations later ^^",
        "user": "U01S7BM4N81",
        "ts": "1618233499.004100",
        "team": "T01RBRV5F7H",
        "user_team": "T01RBRV5F7H",
        "source_team": "T01RBRV5F7H",
        "user_profile": {
            "avatar_hash": "2adfc641e87e",
            "image_72": "https:\/\/avatars.slack-edge.com\/2021-04-16\/1994438084416_2adfc641e87e3a953d9c_72.png",
            "first_name": "Thamo",
            "real_name": "Thamo",
            "display_name": "Thamo",
            "team": "T01RBRV5F7H",
            "name": "thamokoeper",
            "is_restricted": false,
            "is_ultra_restricted": false
        },
        "blocks": [
            {
                "type": "rich_text",
                "block_id": "C2ufT",
                "elements": [
                    {
                        "type": "rich_text_section",
                        "elements": [
                            {
                                "type": "text",
                                "text": "they might lower expectations later ^^"
                            }
                        ]
                    }
                ]
            }
        ],
        "thread_ts": "1618233105.002200",
        "parent_user_id": "U01S7BM4N81"
    },
    {
        "client_msg_id": "de46e11b-11ce-4cc1-bcb4-1978399cabe1",
        "type": "message",
        "text": "Suuuuuuuure",
        "user": "U01S7BM4N81",
        "ts": "1618233503.004300",
        "team": "T01RBRV5F7H",
        "user_team": "T01RBRV5F7H",
        "source_team": "T01RBRV5F7H",
        "user_profile": {
            "avatar_hash": "2adfc641e87e",
            "image_72": "https:\/\/avatars.slack-edge.com\/2021-04-16\/1994438084416_2adfc641e87e3a953d9c_72.png",
            "first_name": "Thamo",
            "real_name": "Thamo",
            "display_name": "Thamo",
            "team": "T01RBRV5F7H",
            "name": "thamokoeper",
            "is_restricted": false,
            "is_ultra_restricted": false
        },
        "blocks": [
            {
                "type": "rich_text",
                "block_id": "okkw",
                "elements": [
                    {
                        "type": "rich_text_section",
                        "elements": [
                            {
                                "type": "text",
                                "text": "Suuuuuuuure"
                            }
                        ]
                    }
                ]
            }
        ],
        "thread_ts": "1618233105.002200",
        "parent_user_id": "U01S7BM4N81"
    },
    {
        "type": "message",
        "text": "",
        "files": [
            {
                "id": "F01UCRK21ND",
                "created": 1618233520,
                "timestamp": 1618233520,
                "name": "sincere bean.png",
                "title": "sincere bean.png",
                "mimetype": "image\/png",
                "filetype": "png",
                "pretty_type": "PNG",
                "user": "U01RRV4JX6Z",
                "editable": false,
                "size": 100232,
                "mode": "hosted",
                "is_external": false,
                "external_type": "",
                "is_public": true,
                "public_url_shared": false,
                "display_as_bot": false,
                "username": "",
                "url_private": "https:\/\/files.slack.com\/files-pri\/T01RBRV5F7H-F01UCRK21ND\/sincere_bean.png?t=xoxe-1861879185255-2005250891763-2017654554721-735ed824033d65b9b5a8817aca87e86a",
                "url_private_download": "https:\/\/files.slack.com\/files-pri\/T01RBRV5F7H-F01UCRK21ND\/download\/sincere_bean.png?t=xoxe-1861879185255-2005250891763-2017654554721-735ed824033d65b9b5a8817aca87e86a",
                "thumb_64": "https:\/\/files.slack.com\/files-tmb\/T01RBRV5F7H-F01UCRK21ND-9fbf9bae36\/sincere_bean_64.png?t=xoxe-1861879185255-2005250891763-2017654554721-735ed824033d65b9b5a8817aca87e86a",
                "thumb_80": "https:\/\/files.slack.com\/files-tmb\/T01RBRV5F7H-F01UCRK21ND-9fbf9bae36\/sincere_bean_80.png?t=xoxe-1861879185255-2005250891763-2017654554721-735ed824033d65b9b5a8817aca87e86a",
                "thumb_360": "https:\/\/files.slack.com\/files-tmb\/T01RBRV5F7H-F01UCRK21ND-9fbf9bae36\/sincere_bean_360.png?t=xoxe-1861879185255-2005250891763-2017654554721-735ed824033d65b9b5a8817aca87e86a",
                "thumb_360_w": 331,
                "thumb_360_h": 360,
                "thumb_160": "https:\/\/files.slack.com\/files-tmb\/T01RBRV5F7H-F01UCRK21ND-9fbf9bae36\/sincere_bean_160.png?t=xoxe-1861879185255-2005250891763-2017654554721-735ed824033d65b9b5a8817aca87e86a",
                "original_w": 372,
                "original_h": 404,
                "thumb_tiny": "AwAwACzTopnmr5uznPr2olkEUZds4Hp3oAinu1hfbtLEDNWAcjIrHkdpHbJQs3HJ5FXbK4LHypfvjkHsRSTCz6luikZlUjJxnpS0wKbEkmQOoYNnBOMdqLyVHiCZw+Q23HP4+lWJEO4SIF3AEcj\/AD6VmxnKBicluSfU1MnZDiribODkjBwMhcdKUnZJG46qwpBEBnBPJyacEaWZEQAkHcc9MCpvdl2si5cbnfbGMlVI\/PFTxvvQNjGRUHlSPKC6lF\/i2vw1WQABgcAVoZjWkRSQWAIG4jPb1ql9laYtLGfKVuQpGc+\/tVma3WYgt26f4U\/a\/wDeoApNazKu5pECjqVXnFSwPBAdqMWLHBk6jPpmrG1\/71NMWVCnaVHbFKyQ73EZJtwIdSFOcdM\/WpV3bRvxu74oGcc0tMR\/\/9k=",
                "permalink": "https:\/\/data-ft-ber-03-2021.slack.com\/files\/U01RRV4JX6Z\/F01UCRK21ND\/sincere_bean.png",
                "permalink_public": "https:\/\/slack-files.com\/T01RBRV5F7H-F01UCRK21ND-c323ea759b",
                "is_starred": false,
                "has_rich_preview": false
            }
        ],
        "upload": false,
        "user": "U01RRV4JX6Z",
        "display_as_bot": false,
        "ts": "1618233526.004500",
        "thread_ts": "1618233105.002200",
        "parent_user_id": "U01S7BM4N81",
        "reactions": [
            {
                "name": "rolling_on_the_floor_laughing",
                "users": [
                    "U01S7BM4N81",
                    "U01S0MFJ3HR",
                    "U01RW2X7S9Z"
                ],
                "count": 3
            }
        ]
    },
    {
        "client_msg_id": "88b4da3d-c27c-4cae-8561-e8a4667e8086",
        "type": "message",
        "text": "lower the requirements, increase the salary",
        "user": "U01S7KCL3DF",
        "ts": "1618233536.004700",
        "team": "T01RBRV5F7H",
        "user_team": "T01RBRV5F7H",
        "source_team": "T01RBRV5F7H",
        "user_profile": {
            "avatar_hash": "17b52091bb62",
            "image_72": "https:\/\/avatars.slack-edge.com\/2021-03-19\/1875964347925_17b52091bb62c2340b4c_72.png",
            "first_name": "Sam",
            "real_name": "Sam Katterfield",
            "display_name": "Sam",
            "team": "T01RBRV5F7H",
            "name": "samkatterfield",
            "is_restricted": false,
            "is_ultra_restricted": false
        },
        "blocks": [
            {
                "type": "rich_text",
                "block_id": "uAXbt",
                "elements": [
                    {
                        "type": "rich_text_section",
                        "elements": [
                            {
                                "type": "text",
                                "text": "lower the requirements, increase the salary"
                            }
                        ]
                    }
                ]
            }
        ],
        "thread_ts": "1618233105.002200",
        "parent_user_id": "U01S7BM4N81"
    },
    {
        "bot_id": "B01S7FSR36Y",
        "type": "message",
        "text": "stonks",
        "user": "U01S7KCL3DF",
        "ts": "1618233549.005100",
        "team": "T01RBRV5F7H",
        "bot_profile": {
            "id": "B01S7FSR36Y",
            "deleted": false,
            "name": "giphy",
            "updated": 1616421896,
            "app_id": "A0F827J2C",
            "icons": {
                "image_36": "https:\/\/a.slack-edge.com\/dc483\/img\/plugins\/giphy\/service_72.png",
                "image_48": "https:\/\/a.slack-edge.com\/dc483\/img\/plugins\/giphy\/service_48.png",
                "image_72": "https:\/\/a.slack-edge.com\/dc483\/img\/plugins\/giphy\/service_72.png"
            },
            "team_id": "T01RBRV5F7H"
        },
        "blocks": [
            {
                "type": "image",
                "block_id": "eLE",
                "image_url": "https:\/\/media3.giphy.com\/media\/IgiVDEpoMTk0PEVbuW\/giphy.gif?cid=6104955e95f2a07063db5a437f750f3a82f0f7e5513591c1&rid=giphy.gif&ct=g",
                "alt_text": "stonks",
                "title": {
                    "type": "plain_text",
                    "text": "stonks",
                    "emoji": true
                },
                "fallback": "360x270px image",
                "image_width": 360,
                "image_height": 270,
                "image_bytes": 42245,
                "is_animated": false
            },
            {
                "type": "context",
                "block_id": "Fr6CH",
                "elements": [
                    {
                        "type": "image",
                        "image_url": "https:\/\/a.slack-edge.com\/dc483\/img\/plugins\/giphy\/service_32.png",
                        "alt_text": "giphy logo"
                    },
                    {
                        "type": "mrkdwn",
                        "text": "Posted using \/giphy",
                        "verbatim": false
                    }
                ]
            }
        ],
        "thread_ts": "1618233105.002200",
        "parent_user_id": "U01S7BM4N81",
        "reactions": [
            {
                "name": "white_check_mark",
                "users": [
                    "U01S7BM4N81"
                ],
                "count": 1
            },
            {
                "name": "stonks",
                "users": [
                    "U01RSRE0N3D",
                    "U01S7BM4N81"
                ],
                "count": 2
            }
        ]
    },
    {
        "client_msg_id": "8a07f6ae-4534-4991-a93f-87a45ea87864",
        "type": "message",
        "text": "this is the way",
        "user": "U01S7BM4N81",
        "ts": "1618233561.005400",
        "team": "T01RBRV5F7H",
        "user_team": "T01RBRV5F7H",
        "source_team": "T01RBRV5F7H",
        "user_profile": {
            "avatar_hash": "2adfc641e87e",
            "image_72": "https:\/\/avatars.slack-edge.com\/2021-04-16\/1994438084416_2adfc641e87e3a953d9c_72.png",
            "first_name": "Thamo",
            "real_name": "Thamo",
            "display_name": "Thamo",
            "team": "T01RBRV5F7H",
            "name": "thamokoeper",
            "is_restricted": false,
            "is_ultra_restricted": false
        },
        "blocks": [
            {
                "type": "rich_text",
                "block_id": "JCC",
                "elements": [
                    {
                        "type": "rich_text_section",
                        "elements": [
                            {
                                "type": "text",
                                "text": "this is the way"
                            }
                        ]
                    }
                ]
            }
        ],
        "thread_ts": "1618233105.002200",
        "parent_user_id": "U01S7BM4N81",
        "reactions": [
            {
                "name": "+1",
                "users": [
                    "U01S0MFJ3HR"
                ],
                "count": 1
            }
        ]
    },
    {
        "bot_id": "B01S7FSR36Y",
        "type": "message",
        "text": "mando",
        "user": "U01RW2X7S9Z",
        "ts": "1618233585.006000",
        "team": "T01RBRV5F7H",
        "bot_profile": {
            "id": "B01S7FSR36Y",
            "deleted": false,
            "name": "giphy",
            "updated": 1616421896,
            "app_id": "A0F827J2C",
            "icons": {
                "image_36": "https:\/\/a.slack-edge.com\/dc483\/img\/plugins\/giphy\/service_72.png",
                "image_48": "https:\/\/a.slack-edge.com\/dc483\/img\/plugins\/giphy\/service_48.png",
                "image_72": "https:\/\/a.slack-edge.com\/dc483\/img\/plugins\/giphy\/service_72.png"
            },
            "team_id": "T01RBRV5F7H"
        },
        "blocks": [
            {
                "type": "image",
                "block_id": "4SHr",
                "image_url": "https:\/\/media1.giphy.com\/media\/Ld77zD3fF3Run8olIt\/giphy.gif?cid=6104955e5c51fcc71b4f851305eac26948aa450667b7f6ea&rid=giphy.gif&ct=g",
                "alt_text": "mando",
                "title": {
                    "type": "plain_text",
                    "text": "mando",
                    "emoji": true
                },
                "fallback": "480x270px image",
                "image_width": 480,
                "image_height": 270,
                "image_bytes": 887865,
                "is_animated": true
            },
            {
                "type": "context",
                "block_id": "dOmw",
                "elements": [
                    {
                        "type": "image",
                        "image_url": "https:\/\/a.slack-edge.com\/dc483\/img\/plugins\/giphy\/service_32.png",
                        "alt_text": "giphy logo"
                    },
                    {
                        "type": "mrkdwn",
                        "text": "Posted using \/giphy | GIF by <https:\/\/giphy.com\/disneyplus\/|Disney+>",
                        "verbatim": false
                    }
                ]
            }
        ],
        "thread_ts": "1618233105.002200",
        "parent_user_id": "U01S7BM4N81",
        "reactions": [
            {
                "name": "+1",
                "users": [
                    "U01S0MFJ3HR",
                    "U01S7BM4N81",
                    "U01RSRE0N3D"
                ],
                "count": 3
            }
        ]
    }
]