[
    {
        "type": "message",
        "text": "",
        "files": [
            {
                "id": "F01TU0SH4E8",
                "created": 1617866634,
                "timestamp": 1617866634,
                "name": "Screenshot 2021-04-08 at 09.22.41.png",
                "title": "Screenshot 2021-04-08 at 09.22.41.png",
                "mimetype": "image\/png",
                "filetype": "png",
                "pretty_type": "PNG",
                "user": "U01S1CWGTU4",
                "editable": false,
                "size": 687146,
                "mode": "hosted",
                "is_external": false,
                "external_type": "",
                "is_public": true,
                "public_url_shared": false,
                "display_as_bot": false,
                "username": "",
                "url_private": "https:\/\/files.slack.com\/files-pri\/T01RBRV5F7H-F01TU0SH4E8\/screenshot_2021-04-08_at_09.22.41.png?t=xoxe-1861879185255-2005250891763-2017654554721-735ed824033d65b9b5a8817aca87e86a",
                "url_private_download": "https:\/\/files.slack.com\/files-pri\/T01RBRV5F7H-F01TU0SH4E8\/download\/screenshot_2021-04-08_at_09.22.41.png?t=xoxe-1861879185255-2005250891763-2017654554721-735ed824033d65b9b5a8817aca87e86a",
                "thumb_64": "https:\/\/files.slack.com\/files-tmb\/T01RBRV5F7H-F01TU0SH4E8-a6ceac71b3\/screenshot_2021-04-08_at_09.22.41_64.png?t=xoxe-1861879185255-2005250891763-2017654554721-735ed824033d65b9b5a8817aca87e86a",
                "thumb_80": "https:\/\/files.slack.com\/files-tmb\/T01RBRV5F7H-F01TU0SH4E8-a6ceac71b3\/screenshot_2021-04-08_at_09.22.41_80.png?t=xoxe-1861879185255-2005250891763-2017654554721-735ed824033d65b9b5a8817aca87e86a",
                "thumb_360": "https:\/\/files.slack.com\/files-tmb\/T01RBRV5F7H-F01TU0SH4E8-a6ceac71b3\/screenshot_2021-04-08_at_09.22.41_360.png?t=xoxe-1861879185255-2005250891763-2017654554721-735ed824033d65b9b5a8817aca87e86a",
                "thumb_360_w": 360,
                "thumb_360_h": 156,
                "thumb_480": "https:\/\/files.slack.com\/files-tmb\/T01RBRV5F7H-F01TU0SH4E8-a6ceac71b3\/screenshot_2021-04-08_at_09.22.41_480.png?t=xoxe-1861879185255-2005250891763-2017654554721-735ed824033d65b9b5a8817aca87e86a",
                "thumb_480_w": 480,
                "thumb_480_h": 208,
                "thumb_160": "https:\/\/files.slack.com\/files-tmb\/T01RBRV5F7H-F01TU0SH4E8-a6ceac71b3\/screenshot_2021-04-08_at_09.22.41_160.png?t=xoxe-1861879185255-2005250891763-2017654554721-735ed824033d65b9b5a8817aca87e86a",
                "thumb_720": "https:\/\/files.slack.com\/files-tmb\/T01RBRV5F7H-F01TU0SH4E8-a6ceac71b3\/screenshot_2021-04-08_at_09.22.41_720.png?t=xoxe-1861879185255-2005250891763-2017654554721-735ed824033d65b9b5a8817aca87e86a",
                "thumb_720_w": 720,
                "thumb_720_h": 312,
                "thumb_800": "https:\/\/files.slack.com\/files-tmb\/T01RBRV5F7H-F01TU0SH4E8-a6ceac71b3\/screenshot_2021-04-08_at_09.22.41_800.png?t=xoxe-1861879185255-2005250891763-2017654554721-735ed824033d65b9b5a8817aca87e86a",
                "thumb_800_w": 800,
                "thumb_800_h": 346,
                "thumb_960": "https:\/\/files.slack.com\/files-tmb\/T01RBRV5F7H-F01TU0SH4E8-a6ceac71b3\/screenshot_2021-04-08_at_09.22.41_960.png?t=xoxe-1861879185255-2005250891763-2017654554721-735ed824033d65b9b5a8817aca87e86a",
                "thumb_960_w": 960,
                "thumb_960_h": 416,
                "thumb_1024": "https:\/\/files.slack.com\/files-tmb\/T01RBRV5F7H-F01TU0SH4E8-a6ceac71b3\/screenshot_2021-04-08_at_09.22.41_1024.png?t=xoxe-1861879185255-2005250891763-2017654554721-735ed824033d65b9b5a8817aca87e86a",
                "thumb_1024_w": 1024,
                "thumb_1024_h": 443,
                "original_w": 1626,
                "original_h": 704,
                "thumb_tiny": "AwAUADDRL4JGOlNMmR0P501\/vmkoAXP+03505XwMcn3JplFAEnme1AkyQMVHSr98UASlQTyKTYvpTqKAG7F9BS7VHalooAMD0owPSiigD\/\/Z",
                "permalink": "https:\/\/data-ft-ber-03-2021.slack.com\/files\/U01S1CWGTU4\/F01TU0SH4E8\/screenshot_2021-04-08_at_09.22.41.png",
                "permalink_public": "https:\/\/slack-files.com\/T01RBRV5F7H-F01TU0SH4E8-8c27243273",
                "is_starred": false,
                "has_rich_preview": false
            }
        ],
        "upload": false,
        "user": "U01S1CWGTU4",
        "display_as_bot": false,
        "ts": "1617866659.000100",
        "thread_ts": "1617866659.000100",
        "reply_count": 5,
        "reply_users_count": 3,
        "latest_reply": "1617881928.001600",
        "reply_users": [
            "U01S1CWGTU4",
            "U01RW140HBP",
            "U01S7BM4N81"
        ],
        "replies": [
            {
                "user": "U01S1CWGTU4",
                "ts": "1617866688.000200"
            },
            {
                "user": "U01RW140HBP",
                "ts": "1617866730.000400"
            },
            {
                "user": "U01S1CWGTU4",
                "ts": "1617866953.000600"
            },
            {
                "user": "U01RW140HBP",
                "ts": "1617868501.000900"
            },
            {
                "user": "U01S7BM4N81",
                "ts": "1617881928.001600"
            }
        ],
        "is_locked": false,
        "subscribed": false,
        "reactions": [
            {
                "name": "clap",
                "users": [
                    "U01RW2X7S9Z",
                    "U01S7BM4N81"
                ],
                "count": 2
            }
        ]
    },
    {
        "client_msg_id": "a0de563d-57b9-46a6-90e5-eeec9754cdbe",
        "type": "message",
        "text": "Julio Cortazar",
        "user": "U01S1CWGTU4",
        "ts": "1617866688.000200",
        "team": "T01RBRV5F7H",
        "user_team": "T01RBRV5F7H",
        "source_team": "T01RBRV5F7H",
        "user_profile": {
            "avatar_hash": "09076999792d",
            "image_72": "https:\/\/avatars.slack-edge.com\/2021-03-21\/1868032103895_09076999792d539af81c_72.png",
            "first_name": "",
            "real_name": "Antonio Saleme Sastre",
            "display_name": "Antonio Saleme Sastre",
            "team": "T01RBRV5F7H",
            "name": "salemesastre",
            "is_restricted": false,
            "is_ultra_restricted": false
        },
        "blocks": [
            {
                "type": "rich_text",
                "block_id": "WLU",
                "elements": [
                    {
                        "type": "rich_text_section",
                        "elements": [
                            {
                                "type": "text",
                                "text": "Julio Cortazar"
                            }
                        ]
                    }
                ]
            }
        ],
        "thread_ts": "1617866659.000100",
        "parent_user_id": "U01S1CWGTU4"
    },
    {
        "client_msg_id": "ec5e509c-5332-47e9-8cc1-58c4608e8534",
        "type": "message",
        "text": "this is from a book ?",
        "user": "U01RW140HBP",
        "ts": "1617866730.000400",
        "team": "T01RBRV5F7H",
        "user_team": "T01RBRV5F7H",
        "source_team": "T01RBRV5F7H",
        "user_profile": {
            "avatar_hash": "4c43a3a8d10b",
            "image_72": "https:\/\/avatars.slack-edge.com\/2021-03-21\/1895736308209_4c43a3a8d10bc2fe5e13_72.png",
            "first_name": "siand",
            "real_name": "siand the LT (she\/her)",
            "display_name": "siand the LT (she\/her)",
            "team": "T01RBRV5F7H",
            "name": "sian.davies",
            "is_restricted": false,
            "is_ultra_restricted": false
        },
        "blocks": [
            {
                "type": "rich_text",
                "block_id": "sjP",
                "elements": [
                    {
                        "type": "rich_text_section",
                        "elements": [
                            {
                                "type": "text",
                                "text": "this is from a book ?"
                            }
                        ]
                    }
                ]
            }
        ],
        "thread_ts": "1617866659.000100",
        "parent_user_id": "U01S1CWGTU4"
    },
    {
        "client_msg_id": "7c1884b5-6798-4047-bf81-93e74c00c5b7",
        "type": "message",
        "text": "yes, from Cronopios and Famas \"The instruction manual\"",
        "user": "U01S1CWGTU4",
        "ts": "1617866953.000600",
        "team": "T01RBRV5F7H",
        "user_team": "T01RBRV5F7H",
        "source_team": "T01RBRV5F7H",
        "user_profile": {
            "avatar_hash": "09076999792d",
            "image_72": "https:\/\/avatars.slack-edge.com\/2021-03-21\/1868032103895_09076999792d539af81c_72.png",
            "first_name": "",
            "real_name": "Antonio Saleme Sastre",
            "display_name": "Antonio Saleme Sastre",
            "team": "T01RBRV5F7H",
            "name": "salemesastre",
            "is_restricted": false,
            "is_ultra_restricted": false
        },
        "blocks": [
            {
                "type": "rich_text",
                "block_id": "VKKnz",
                "elements": [
                    {
                        "type": "rich_text_section",
                        "elements": [
                            {
                                "type": "text",
                                "text": "yes, from Cronopios and Famas \"The instruction manual\""
                            }
                        ]
                    }
                ]
            }
        ],
        "thread_ts": "1617866659.000100",
        "parent_user_id": "U01S1CWGTU4"
    },
    {
        "client_msg_id": "7fb65fd6-11e5-48f0-ac06-8587008106fb",
        "type": "message",
        "text": "you are so cultured! im going to check it out",
        "user": "U01RW140HBP",
        "ts": "1617868501.000900",
        "team": "T01RBRV5F7H",
        "user_team": "T01RBRV5F7H",
        "source_team": "T01RBRV5F7H",
        "user_profile": {
            "avatar_hash": "4c43a3a8d10b",
            "image_72": "https:\/\/avatars.slack-edge.com\/2021-03-21\/1895736308209_4c43a3a8d10bc2fe5e13_72.png",
            "first_name": "siand",
            "real_name": "siand the LT (she\/her)",
            "display_name": "siand the LT (she\/her)",
            "team": "T01RBRV5F7H",
            "name": "sian.davies",
            "is_restricted": false,
            "is_ultra_restricted": false
        },
        "blocks": [
            {
                "type": "rich_text",
                "block_id": "DSX1K",
                "elements": [
                    {
                        "type": "rich_text_section",
                        "elements": [
                            {
                                "type": "text",
                                "text": "you are so cultured! im going to check it out"
                            }
                        ]
                    }
                ]
            }
        ],
        "thread_ts": "1617866659.000100",
        "parent_user_id": "U01S1CWGTU4",
        "reactions": [
            {
                "name": "rolling_on_the_floor_laughing",
                "users": [
                    "U01S1CWGTU4"
                ],
                "count": 1
            }
        ]
    },
    {
        "client_msg_id": "BEED286D-B877-40ED-90F2-E80D25C6015B",
        "type": "message",
        "text": "That's amazing and more true than I am willing to admit :sweat_smile:",
        "user": "U01S7BM4N81",
        "ts": "1617881928.001600",
        "team": "T01RBRV5F7H",
        "user_team": "T01RBRV5F7H",
        "source_team": "T01RBRV5F7H",
        "user_profile": {
            "avatar_hash": "2adfc641e87e",
            "image_72": "https:\/\/avatars.slack-edge.com\/2021-04-16\/1994438084416_2adfc641e87e3a953d9c_72.png",
            "first_name": "Thamo",
            "real_name": "Thamo",
            "display_name": "Thamo",
            "team": "T01RBRV5F7H",
            "name": "thamokoeper",
            "is_restricted": false,
            "is_ultra_restricted": false
        },
        "blocks": [
            {
                "type": "rich_text",
                "block_id": "bMiE",
                "elements": [
                    {
                        "type": "rich_text_section",
                        "elements": [
                            {
                                "type": "text",
                                "text": "That's amazing and more true than I am willing to admit "
                            },
                            {
                                "type": "emoji",
                                "name": "sweat_smile"
                            }
                        ]
                    }
                ]
            }
        ],
        "thread_ts": "1617866659.000100",
        "parent_user_id": "U01S1CWGTU4",
        "reactions": [
            {
                "name": "joy",
                "users": [
                    "U01S1CWGTU4"
                ],
                "count": 1
            }
        ]
    }
]