[
    {
        "client_msg_id": "01e5bce8-9bd6-45bc-8000-ad762d7d851c",
        "type": "message",
        "text": "<https:\/\/www.bbc.co.uk\/news\/in-pictures-56675382>",
        "user": "U01RW140HBP",
        "ts": "1619163794.000800",
        "team": "T01RBRV5F7H",
        "user_team": "T01RBRV5F7H",
        "source_team": "T01RBRV5F7H",
        "user_profile": {
            "avatar_hash": "4c43a3a8d10b",
            "image_72": "https:\/\/avatars.slack-edge.com\/2021-03-21\/1895736308209_4c43a3a8d10bc2fe5e13_72.png",
            "first_name": "siand",
            "real_name": "siand the LT (she\/her)",
            "display_name": "siand the LT (she\/her)",
            "team": "T01RBRV5F7H",
            "name": "sian.davies",
            "is_restricted": false,
            "is_ultra_restricted": false
        },
        "attachments": [
            {
                "service_name": "BBC News",
                "title": "Covid: The man who took pictures of social distancing signs",
                "title_link": "https:\/\/www.bbc.co.uk\/news\/in-pictures-56675382",
                "text": "Photographer Matthew Chattle has collected hundreds of images of social distancing floor signs.",
                "fallback": "BBC News: Covid: The man who took pictures of social distancing signs",
                "image_url": "https:\/\/ichef.bbci.co.uk\/news\/1024\/branded_news\/151B0\/production\/_117884468_social_distance_index.jpg",
                "from_url": "https:\/\/www.bbc.co.uk\/news\/in-pictures-56675382",
                "image_width": 444,
                "image_height": 250,
                "image_bytes": 133429,
                "service_icon": "https:\/\/www.bbc.co.uk\/favicon.ico",
                "id": 1,
                "original_url": "https:\/\/www.bbc.co.uk\/news\/in-pictures-56675382"
            }
        ],
        "blocks": [
            {
                "type": "rich_text",
                "block_id": "ZD+qk",
                "elements": [
                    {
                        "type": "rich_text_section",
                        "elements": [
                            {
                                "type": "link",
                                "url": "https:\/\/www.bbc.co.uk\/news\/in-pictures-56675382"
                            }
                        ]
                    }
                ]
            }
        ],
        "reactions": [
            {
                "name": "white_check_mark",
                "users": [
                    "U01RXCQHMHT"
                ],
                "count": 1
            },
            {
                "name": "raised_hands",
                "users": [
                    "U01RXCQHMHT"
                ],
                "count": 1
            }
        ]
    },
    {
        "type": "message",
        "text": "",
        "files": [
            {
                "id": "F0200D9R9V2",
                "created": 1619167436,
                "timestamp": 1619167436,
                "name": "image.png",
                "title": "image.png",
                "mimetype": "image\/png",
                "filetype": "png",
                "pretty_type": "PNG",
                "user": "U01S0E0MRJ7",
                "editable": false,
                "size": 258931,
                "mode": "hosted",
                "is_external": false,
                "external_type": "",
                "is_public": true,
                "public_url_shared": false,
                "display_as_bot": false,
                "username": "",
                "url_private": "https:\/\/files.slack.com\/files-pri\/T01RBRV5F7H-F0200D9R9V2\/image.png?t=xoxe-1861879185255-2005250891763-2017654554721-735ed824033d65b9b5a8817aca87e86a",
                "url_private_download": "https:\/\/files.slack.com\/files-pri\/T01RBRV5F7H-F0200D9R9V2\/download\/image.png?t=xoxe-1861879185255-2005250891763-2017654554721-735ed824033d65b9b5a8817aca87e86a",
                "thumb_64": "https:\/\/files.slack.com\/files-tmb\/T01RBRV5F7H-F0200D9R9V2-64eb3c3916\/image_64.png?t=xoxe-1861879185255-2005250891763-2017654554721-735ed824033d65b9b5a8817aca87e86a",
                "thumb_80": "https:\/\/files.slack.com\/files-tmb\/T01RBRV5F7H-F0200D9R9V2-64eb3c3916\/image_80.png?t=xoxe-1861879185255-2005250891763-2017654554721-735ed824033d65b9b5a8817aca87e86a",
                "thumb_360": "https:\/\/files.slack.com\/files-tmb\/T01RBRV5F7H-F0200D9R9V2-64eb3c3916\/image_360.png?t=xoxe-1861879185255-2005250891763-2017654554721-735ed824033d65b9b5a8817aca87e86a",
                "thumb_360_w": 360,
                "thumb_360_h": 313,
                "thumb_480": "https:\/\/files.slack.com\/files-tmb\/T01RBRV5F7H-F0200D9R9V2-64eb3c3916\/image_480.png?t=xoxe-1861879185255-2005250891763-2017654554721-735ed824033d65b9b5a8817aca87e86a",
                "thumb_480_w": 480,
                "thumb_480_h": 417,
                "thumb_160": "https:\/\/files.slack.com\/files-tmb\/T01RBRV5F7H-F0200D9R9V2-64eb3c3916\/image_160.png?t=xoxe-1861879185255-2005250891763-2017654554721-735ed824033d65b9b5a8817aca87e86a",
                "original_w": 700,
                "original_h": 608,
                "thumb_tiny": "AwApADDR9KQEE4oB5NLgelIBDnHGPxpR74opjLg79xBHtmgBxByMEAd+KXHHNICPX9KU9KAGj7x\/z2pScdR+tIxCDcf5ZpjMxO3HXp70AKsueSMKeh65qTnsRTUXaoBJ\/E04ADoAKAEO7IxjHel7UUHpQAzePfijzF96XtRQAm456H9aNzen86KKAF3ezUuc9j+NNooA\/9k=",
                "permalink": "https:\/\/data-ft-ber-03-2021.slack.com\/files\/U01S0E0MRJ7\/F0200D9R9V2\/image.png",
                "permalink_public": "https:\/\/slack-files.com\/T01RBRV5F7H-F0200D9R9V2-02c4c8460a",
                "is_starred": false,
                "has_rich_preview": false
            }
        ],
        "upload": false,
        "user": "U01S0E0MRJ7",
        "display_as_bot": false,
        "ts": "1619167444.001200",
        "thread_ts": "1619167444.001200",
        "reply_count": 3,
        "reply_users_count": 3,
        "latest_reply": "1619168527.003700",
        "reply_users": [
            "U01RKN0EGDV",
            "U01RW2X7S9Z",
            "U01S79YDELR"
        ],
        "replies": [
            {
                "user": "U01RKN0EGDV",
                "ts": "1619167646.002600"
            },
            {
                "user": "U01RW2X7S9Z",
                "ts": "1619167750.003000"
            },
            {
                "user": "U01S79YDELR",
                "ts": "1619168527.003700"
            }
        ],
        "is_locked": false,
        "subscribed": false,
        "reactions": [
            {
                "name": "rolling_on_the_floor_laughing",
                "users": [
                    "U01RRV4JX6Z",
                    "U01RKN0EGDV"
                ],
                "count": 2
            },
            {
                "name": "face_with_hand_over_mouth",
                "users": [
                    "U01S79YDELR"
                ],
                "count": 1
            }
        ]
    },
    {
        "client_msg_id": "f2547034-515d-4667-b824-0b284223a457",
        "type": "message",
        "text": "love this!!!",
        "user": "U01RKN0EGDV",
        "ts": "1619167646.002600",
        "team": "T01RBRV5F7H",
        "user_team": "T01RBRV5F7H",
        "source_team": "T01RBRV5F7H",
        "user_profile": {
            "avatar_hash": "abe46e9352ee",
            "image_72": "https:\/\/avatars.slack-edge.com\/2021-03-24\/1878427345639_abe46e9352ee26531094_72.jpg",
            "first_name": "Marian",
            "real_name": "Marian Moreno",
            "display_name": "Marian (she\/her)",
            "team": "T01RBRV5F7H",
            "name": "marimor62",
            "is_restricted": false,
            "is_ultra_restricted": false
        },
        "blocks": [
            {
                "type": "rich_text",
                "block_id": "bEzYK",
                "elements": [
                    {
                        "type": "rich_text_section",
                        "elements": [
                            {
                                "type": "text",
                                "text": "love this!!!"
                            }
                        ]
                    }
                ]
            }
        ],
        "thread_ts": "1619167444.001200",
        "parent_user_id": "U01S0E0MRJ7"
    },
    {
        "client_msg_id": "01646aa5-375b-43fe-93ec-cf94e54ba72c",
        "type": "message",
        "text": "there is a clear correlation there xD",
        "user": "U01RW2X7S9Z",
        "ts": "1619167750.003000",
        "team": "T01RBRV5F7H",
        "user_team": "T01RBRV5F7H",
        "source_team": "T01RBRV5F7H",
        "user_profile": {
            "avatar_hash": "7e12d75d168a",
            "image_72": "https:\/\/avatars.slack-edge.com\/2021-03-19\/1880105796643_7e12d75d168ae25c167d_72.jpg",
            "first_name": "Alexandre",
            "real_name": "Alexandre Sommerkamp",
            "display_name": "Alexandre Sommerkamp",
            "team": "T01RBRV5F7H",
            "name": "alex.c.skp",
            "is_restricted": false,
            "is_ultra_restricted": false
        },
        "blocks": [
            {
                "type": "rich_text",
                "block_id": "wQ9",
                "elements": [
                    {
                        "type": "rich_text_section",
                        "elements": [
                            {
                                "type": "text",
                                "text": "there is a clear correlation there xD"
                            }
                        ]
                    }
                ]
            }
        ],
        "thread_ts": "1619167444.001200",
        "parent_user_id": "U01S0E0MRJ7"
    },
    {
        "client_msg_id": "54cda3ba-ad84-4fdb-b8bf-5ec54a93623d",
        "type": "message",
        "text": "yes, strong and positive. It make sense. :slightly_smiling_face:",
        "user": "U01S79YDELR",
        "ts": "1619168527.003700",
        "team": "T01RBRV5F7H",
        "user_team": "T01RBRV5F7H",
        "source_team": "T01RBRV5F7H",
        "user_profile": {
            "avatar_hash": "606def897de6",
            "image_72": "https:\/\/avatars.slack-edge.com\/2021-03-22\/1910932493456_606def897de66681d932_72.jpg",
            "first_name": "",
            "real_name": "Karina Condeixa",
            "display_name": "Karina Condeixa",
            "team": "T01RBRV5F7H",
            "name": "karina.condeixa",
            "is_restricted": false,
            "is_ultra_restricted": false
        },
        "blocks": [
            {
                "type": "rich_text",
                "block_id": "SRDl",
                "elements": [
                    {
                        "type": "rich_text_section",
                        "elements": [
                            {
                                "type": "text",
                                "text": "yes, strong and positive. It make sense. "
                            },
                            {
                                "type": "emoji",
                                "name": "slightly_smiling_face"
                            }
                        ]
                    }
                ]
            }
        ],
        "thread_ts": "1619167444.001200",
        "parent_user_id": "U01S0E0MRJ7"
    },
    {
        "client_msg_id": "e26d8acc-17e8-4bc9-9bd8-8647edc8665a",
        "type": "message",
        "text": "<https:\/\/www.cnbc.com\/2019\/06\/25\/medina-wash-home-to-jeff-bezos-and-bill-gates-running-out-of-money.html>",
        "user": "U01RKN0EGDV",
        "ts": "1619173567.004000",
        "team": "T01RBRV5F7H",
        "user_team": "T01RBRV5F7H",
        "source_team": "T01RBRV5F7H",
        "user_profile": {
            "avatar_hash": "abe46e9352ee",
            "image_72": "https:\/\/avatars.slack-edge.com\/2021-03-24\/1878427345639_abe46e9352ee26531094_72.jpg",
            "first_name": "Marian",
            "real_name": "Marian Moreno",
            "display_name": "Marian (she\/her)",
            "team": "T01RBRV5F7H",
            "name": "marimor62",
            "is_restricted": false,
            "is_ultra_restricted": false
        },
        "attachments": [
            {
                "service_name": "CNBC",
                "title": "The Seattle suburb where Jeff Bezos and Bill Gates both live is running out of money",
                "title_link": "https:\/\/www.cnbc.com\/2019\/06\/25\/medina-wash-home-to-jeff-bezos-and-bill-gates-running-out-of-money.html",
                "text": "Medina, Washington, a small town outside Seattle, is home to Jeff Bezos and Bill Gates, the two richest people in the world, yet it's going broke.",
                "fallback": "CNBC: The Seattle suburb where Jeff Bezos and Bill Gates both live is running out of money",
                "image_url": "https:\/\/image.cnbcfm.com\/api\/v1\/image\/105841065-1554818009865gettyimages-626759612.jpg?v=1561392118",
                "ts": 1561479669,
                "from_url": "https:\/\/www.cnbc.com\/2019\/06\/25\/medina-wash-home-to-jeff-bezos-and-bill-gates-running-out-of-money.html",
                "image_width": 375,
                "image_height": 250,
                "image_bytes": 761850,
                "service_icon": "https:\/\/www.cnbc.com\/favicon.ico",
                "id": 1,
                "original_url": "https:\/\/www.cnbc.com\/2019\/06\/25\/medina-wash-home-to-jeff-bezos-and-bill-gates-running-out-of-money.html"
            }
        ],
        "blocks": [
            {
                "type": "rich_text",
                "block_id": "jB9w",
                "elements": [
                    {
                        "type": "rich_text_section",
                        "elements": [
                            {
                                "type": "link",
                                "url": "https:\/\/www.cnbc.com\/2019\/06\/25\/medina-wash-home-to-jeff-bezos-and-bill-gates-running-out-of-money.html"
                            }
                        ]
                    }
                ]
            }
        ],
        "reactions": [
            {
                "name": "open_mouth",
                "users": [
                    "U01RW140HBP",
                    "U01RXCQHMHT"
                ],
                "count": 2
            },
            {
                "name": "confused_flo",
                "users": [
                    "U01SJKB2MG8"
                ],
                "count": 1
            }
        ]
    }
]