[
    {
        "client_msg_id": "4d18eb0b-b66c-42e4-82f1-228b6e6eb760",
        "type": "message",
        "text": "<https:\/\/www.tagesspiegel.de\/berlin\/bundesverfassungsgericht-hat-entschieden-berliner-mietendeckel-verstoesst-gegen-das-grundgesetz-und-ist-nichtig\/27096414.html|https:\/\/www.tagesspiegel.de\/berlin\/bundesverfassungsgericht-hat-entschieden-berliner-m[…]stoesst-gegen-das-grundgesetz-und-ist-nichtig\/27096414.html>",
        "user": "U01SD3CDH9P",
        "ts": "1618474430.000200",
        "team": "T01RBRV5F7H",
        "user_team": "T01RBRV5F7H",
        "source_team": "T01RBRV5F7H",
        "user_profile": {
            "avatar_hash": "735d50ad8f34",
            "image_72": "https:\/\/avatars.slack-edge.com\/2021-04-15\/1962810903269_735d50ad8f345a94bd76_72.jpg",
            "first_name": "",
            "real_name": "Andrea Tognoli",
            "display_name": "Andrea Tognoli",
            "team": "T01RBRV5F7H",
            "name": "andreatognoli001",
            "is_restricted": false,
            "is_ultra_restricted": false
        },
        "attachments": [
            {
                "title": "Berliner Mietendeckel verstößt gegen das Grundgesetz und ist nichtig",
                "title_link": "https:\/\/www.tagesspiegel.de\/berlin\/bundesverfassungsgericht-hat-entschieden-berliner-mietendeckel-verstoesst-gegen-das-grundgesetz-und-ist-nichtig\/27096414.html",
                "text": "Klare Niederlage für Rot-Rot-Grün: Das Bundesverfassungsgericht hat den Mietendeckel für „insgesamt nichtig“ erklärt. Er war ein zentrales Projekt des Senats.",
                "fallback": "Berliner Mietendeckel verstößt gegen das Grundgesetz und ist nichtig",
                "image_url": "https:\/\/www.tagesspiegel.de\/images\/verhandlung-zur-parteienfinanzierung-erneut-verschoben\/27097316\/1-format530.jpg",
                "image_width": 445,
                "image_height": 250,
                "from_url": "https:\/\/www.tagesspiegel.de\/berlin\/bundesverfassungsgericht-hat-entschieden-berliner-mietendeckel-verstoesst-gegen-das-grundgesetz-und-ist-nichtig\/27096414.html",
                "image_bytes": 36356,
                "service_icon": "https:\/\/www.tagesspiegel.de\/images\/apple-touch-icon\/9800138\/2-formatOriginal.png",
                "service_name": "tagesspiegel.de",
                "id": 1,
                "original_url": "https:\/\/www.tagesspiegel.de\/berlin\/bundesverfassungsgericht-hat-entschieden-berliner-mietendeckel-verstoesst-gegen-das-grundgesetz-und-ist-nichtig\/27096414.html"
            }
        ],
        "blocks": [
            {
                "type": "rich_text",
                "block_id": "mlFoc",
                "elements": [
                    {
                        "type": "rich_text_section",
                        "elements": [
                            {
                                "type": "link",
                                "url": "https:\/\/www.tagesspiegel.de\/berlin\/bundesverfassungsgericht-hat-entschieden-berliner-mietendeckel-verstoesst-gegen-das-grundgesetz-und-ist-nichtig\/27096414.html",
                                "text": "https:\/\/www.tagesspiegel.de\/berlin\/bundesverfassungsgericht-hat-entschieden-berliner-m[…]stoesst-gegen-das-grundgesetz-und-ist-nichtig\/27096414.html"
                            }
                        ]
                    }
                ]
            }
        ],
        "thread_ts": "1618474430.000200",
        "reply_count": 21,
        "reply_users_count": 5,
        "latest_reply": "1618568299.002600",
        "reply_users": [
            "U01S7KCL3DF",
            "U01RRV4JX6Z",
            "U01RW2X7S9Z",
            "U01SJKB2MG8",
            "U01S0E0MRJ7"
        ],
        "replies": [
            {
                "user": "U01S7KCL3DF",
                "ts": "1618474477.001400"
            },
            {
                "user": "U01RRV4JX6Z",
                "ts": "1618474502.001700"
            },
            {
                "user": "U01RRV4JX6Z",
                "ts": "1618474586.002100"
            },
            {
                "user": "U01RW2X7S9Z",
                "ts": "1618474842.003100"
            },
            {
                "user": "U01RRV4JX6Z",
                "ts": "1618475023.003500"
            },
            {
                "user": "U01SJKB2MG8",
                "ts": "1618477792.004500"
            },
            {
                "user": "U01SJKB2MG8",
                "ts": "1618477857.004700"
            },
            {
                "user": "U01S7KCL3DF",
                "ts": "1618477909.004900"
            },
            {
                "user": "U01SJKB2MG8",
                "ts": "1618477941.005100"
            },
            {
                "user": "U01RRV4JX6Z",
                "ts": "1618478101.005800"
            },
            {
                "user": "U01S7KCL3DF",
                "ts": "1618481187.006100"
            },
            {
                "user": "U01RRV4JX6Z",
                "ts": "1618555630.000300"
            },
            {
                "user": "U01SJKB2MG8",
                "ts": "1618556306.000500"
            },
            {
                "user": "U01RRV4JX6Z",
                "ts": "1618556870.000800"
            },
            {
                "user": "U01RRV4JX6Z",
                "ts": "1618556912.001000"
            },
            {
                "user": "U01SJKB2MG8",
                "ts": "1618558129.001200"
            },
            {
                "user": "U01RRV4JX6Z",
                "ts": "1618559358.001400"
            },
            {
                "user": "U01RRV4JX6Z",
                "ts": "1618559482.001700"
            },
            {
                "user": "U01S7KCL3DF",
                "ts": "1618559662.001900"
            },
            {
                "user": "U01RRV4JX6Z",
                "ts": "1618559686.002200"
            },
            {
                "user": "U01S0E0MRJ7",
                "ts": "1618568299.002600"
            }
        ],
        "is_locked": false,
        "subscribed": false,
        "reactions": [
            {
                "name": "sob",
                "users": [
                    "U01RN7BVD1C"
                ],
                "count": 1
            },
            {
                "name": "panik",
                "users": [
                    "U01RSRE0N3D"
                ],
                "count": 1
            },
            {
                "name": "this-is-fine-fire",
                "users": [
                    "U01SJKB2MG8"
                ],
                "count": 1
            },
            {
                "name": "scream",
                "users": [
                    "U01S65G72SY"
                ],
                "count": 1
            }
        ]
    },
    {
        "client_msg_id": "ba613314-6b34-4c32-81eb-e5224ae1b5c3",
        "type": "message",
        "text": "sad news:(",
        "user": "U01SD3CDH9P",
        "ts": "1618474440.000600",
        "team": "T01RBRV5F7H",
        "user_team": "T01RBRV5F7H",
        "source_team": "T01RBRV5F7H",
        "user_profile": {
            "avatar_hash": "735d50ad8f34",
            "image_72": "https:\/\/avatars.slack-edge.com\/2021-04-15\/1962810903269_735d50ad8f345a94bd76_72.jpg",
            "first_name": "",
            "real_name": "Andrea Tognoli",
            "display_name": "Andrea Tognoli",
            "team": "T01RBRV5F7H",
            "name": "andreatognoli001",
            "is_restricted": false,
            "is_ultra_restricted": false
        },
        "blocks": [
            {
                "type": "rich_text",
                "block_id": "TFx6=",
                "elements": [
                    {
                        "type": "rich_text_section",
                        "elements": [
                            {
                                "type": "text",
                                "text": "sad news:("
                            }
                        ]
                    }
                ]
            }
        ],
        "reactions": [
            {
                "name": "white_check_mark",
                "users": [
                    "U01RRV4JX6Z"
                ],
                "count": 1
            }
        ]
    },
    {
        "client_msg_id": "0fba5bd7-5d32-4822-b568-e0484cbaeb0e",
        "type": "message",
        "text": "scheisse",
        "user": "U01S7KCL3DF",
        "ts": "1618474453.000900",
        "team": "T01RBRV5F7H",
        "user_team": "T01RBRV5F7H",
        "source_team": "T01RBRV5F7H",
        "user_profile": {
            "avatar_hash": "17b52091bb62",
            "image_72": "https:\/\/avatars.slack-edge.com\/2021-03-19\/1875964347925_17b52091bb62c2340b4c_72.png",
            "first_name": "Sam",
            "real_name": "Sam Katterfield",
            "display_name": "Sam",
            "team": "T01RBRV5F7H",
            "name": "samkatterfield",
            "is_restricted": false,
            "is_ultra_restricted": false
        },
        "blocks": [
            {
                "type": "rich_text",
                "block_id": "5bER",
                "elements": [
                    {
                        "type": "rich_text_section",
                        "elements": [
                            {
                                "type": "text",
                                "text": "scheisse"
                            }
                        ]
                    }
                ]
            }
        ]
    },
    {
        "client_msg_id": "b80203af-f993-4e9b-94d2-c5bab08f80f0",
        "type": "message",
        "text": "do we have to pay back the difference of the past few months?",
        "user": "U01S7KCL3DF",
        "ts": "1618474477.001400",
        "team": "T01RBRV5F7H",
        "user_team": "T01RBRV5F7H",
        "source_team": "T01RBRV5F7H",
        "user_profile": {
            "avatar_hash": "17b52091bb62",
            "image_72": "https:\/\/avatars.slack-edge.com\/2021-03-19\/1875964347925_17b52091bb62c2340b4c_72.png",
            "first_name": "Sam",
            "real_name": "Sam Katterfield",
            "display_name": "Sam",
            "team": "T01RBRV5F7H",
            "name": "samkatterfield",
            "is_restricted": false,
            "is_ultra_restricted": false
        },
        "blocks": [
            {
                "type": "rich_text",
                "block_id": "PIZgy",
                "elements": [
                    {
                        "type": "rich_text_section",
                        "elements": [
                            {
                                "type": "text",
                                "text": "do we have to pay back the difference of the past few months?"
                            }
                        ]
                    }
                ]
            }
        ],
        "thread_ts": "1618474430.000200",
        "parent_user_id": "U01SD3CDH9P"
    },
    {
        "client_msg_id": "39300455-996c-45d7-ad3b-cc2f07f8ff4d",
        "type": "message",
        "text": "I am gonna leave the county - I am packing now!!",
        "user": "U01SD3CDH9P",
        "ts": "1618474479.001600",
        "team": "T01RBRV5F7H",
        "user_team": "T01RBRV5F7H",
        "source_team": "T01RBRV5F7H",
        "user_profile": {
            "avatar_hash": "735d50ad8f34",
            "image_72": "https:\/\/avatars.slack-edge.com\/2021-04-15\/1962810903269_735d50ad8f345a94bd76_72.jpg",
            "first_name": "",
            "real_name": "Andrea Tognoli",
            "display_name": "Andrea Tognoli",
            "team": "T01RBRV5F7H",
            "name": "andreatognoli001",
            "is_restricted": false,
            "is_ultra_restricted": false
        },
        "blocks": [
            {
                "type": "rich_text",
                "block_id": "9nG",
                "elements": [
                    {
                        "type": "rich_text_section",
                        "elements": [
                            {
                                "type": "text",
                                "text": "I am gonna leave the county - I am packing now!!"
                            }
                        ]
                    }
                ]
            }
        ]
    },
    {
        "client_msg_id": "b8cfb36d-835f-4fd4-8f91-7779c163f691",
        "type": "message",
        "text": "I had mixed feelings about the law. It indeed put a break on the casino that the rental market was, but it did not much to improve it long term....",
        "user": "U01RRV4JX6Z",
        "ts": "1618474502.001700",
        "team": "T01RBRV5F7H",
        "user_team": "T01RBRV5F7H",
        "source_team": "T01RBRV5F7H",
        "user_profile": {
            "avatar_hash": "339c4d69b7d9",
            "image_72": "https:\/\/avatars.slack-edge.com\/2021-04-14\/1961122781618_339c4d69b7d9fe16343a_72.jpg",
            "first_name": "",
            "real_name": "Francisco Ebeling",
            "display_name": "Francisco Ebeling",
            "team": "T01RBRV5F7H",
            "name": "ebelingbarros",
            "is_restricted": false,
            "is_ultra_restricted": false
        },
        "blocks": [
            {
                "type": "rich_text",
                "block_id": "u25Sl",
                "elements": [
                    {
                        "type": "rich_text_section",
                        "elements": [
                            {
                                "type": "text",
                                "text": "I had mixed feelings about the law. It indeed put a break on the casino that the rental market was, but it did not much to improve it long term...."
                            }
                        ]
                    }
                ]
            }
        ],
        "thread_ts": "1618474430.000200",
        "parent_user_id": "U01SD3CDH9P"
    },
    {
        "client_msg_id": "9ac7c3ad-92a0-4ef5-abde-f9130d1ca7c8",
        "type": "message",
        "text": "What also bothers me with the decision is that judges and the law give a larger status to the sacredhood of market laws than to people's lives...",
        "user": "U01RRV4JX6Z",
        "ts": "1618474586.002100",
        "team": "T01RBRV5F7H",
        "user_team": "T01RBRV5F7H",
        "source_team": "T01RBRV5F7H",
        "user_profile": {
            "avatar_hash": "339c4d69b7d9",
            "image_72": "https:\/\/avatars.slack-edge.com\/2021-04-14\/1961122781618_339c4d69b7d9fe16343a_72.jpg",
            "first_name": "",
            "real_name": "Francisco Ebeling",
            "display_name": "Francisco Ebeling",
            "team": "T01RBRV5F7H",
            "name": "ebelingbarros",
            "is_restricted": false,
            "is_ultra_restricted": false
        },
        "blocks": [
            {
                "type": "rich_text",
                "block_id": "=bKs",
                "elements": [
                    {
                        "type": "rich_text_section",
                        "elements": [
                            {
                                "type": "text",
                                "text": "What also bothers me with the decision is that judges and the law give a larger status to the sacredhood of market laws than to people's lives..."
                            }
                        ]
                    }
                ]
            }
        ],
        "thread_ts": "1618474430.000200",
        "parent_user_id": "U01SD3CDH9P"
    },
    {
        "client_msg_id": "dcf1f1fa-f7bc-4acd-a18a-6a9b756b9959",
        "type": "message",
        "text": "let’s go to Trieste. andiaaammooooo",
        "user": "U01S7KCL3DF",
        "ts": "1618474589.002300",
        "team": "T01RBRV5F7H",
        "user_team": "T01RBRV5F7H",
        "source_team": "T01RBRV5F7H",
        "user_profile": {
            "avatar_hash": "17b52091bb62",
            "image_72": "https:\/\/avatars.slack-edge.com\/2021-03-19\/1875964347925_17b52091bb62c2340b4c_72.png",
            "first_name": "Sam",
            "real_name": "Sam Katterfield",
            "display_name": "Sam",
            "team": "T01RBRV5F7H",
            "name": "samkatterfield",
            "is_restricted": false,
            "is_ultra_restricted": false
        },
        "blocks": [
            {
                "type": "rich_text",
                "block_id": "H3x\/u",
                "elements": [
                    {
                        "type": "rich_text_section",
                        "elements": [
                            {
                                "type": "text",
                                "text": "let’s go to Trieste. andiaaammooooo"
                            }
                        ]
                    }
                ]
            }
        ],
        "reactions": [
            {
                "name": "ok_hand",
                "users": [
                    "U01RN7BVD1C",
                    "U01RRV4JX6Z",
                    "U01S1CWGTU4",
                    "U01RKN0EGDV",
                    "U01SD3CDH9P",
                    "U01RXCQHMHT",
                    "U01S7BM4N81"
                ],
                "count": 7
            },
            {
                "name": "star-struck",
                "users": [
                    "U01S65G72SY"
                ],
                "count": 1
            }
        ]
    },
    {
        "client_msg_id": "e7b6e015-ef84-47ee-a808-4bf1122ae836",
        "type": "message",
        "text": ":panik:",
        "user": "U01RSRE0N3D",
        "ts": "1618474599.002500",
        "team": "T01RBRV5F7H",
        "user_team": "T01RBRV5F7H",
        "source_team": "T01RBRV5F7H",
        "user_profile": {
            "avatar_hash": "5b0571ca5e6f",
            "image_72": "https:\/\/avatars.slack-edge.com\/2021-03-18\/1876877550179_5b0571ca5e6fe1f759fe_72.jpg",
            "first_name": "Kosta",
            "real_name": "Kosta",
            "display_name": "Kosta",
            "team": "T01RBRV5F7H",
            "name": "kostadin.mitkov",
            "is_restricted": false,
            "is_ultra_restricted": false
        },
        "blocks": [
            {
                "type": "rich_text",
                "block_id": "eCaV",
                "elements": [
                    {
                        "type": "rich_text_section",
                        "elements": [
                            {
                                "type": "emoji",
                                "name": "panik"
                            }
                        ]
                    }
                ]
            }
        ]
    },
    {
        "client_msg_id": "2f45d19b-42b2-4e7e-af88-b9a90f84d028",
        "type": "message",
        "text": "mine wasnt reduced in the first place :girl-grin:",
        "user": "U01RW2X7S9Z",
        "ts": "1618474842.003100",
        "team": "T01RBRV5F7H",
        "user_team": "T01RBRV5F7H",
        "source_team": "T01RBRV5F7H",
        "user_profile": {
            "avatar_hash": "7e12d75d168a",
            "image_72": "https:\/\/avatars.slack-edge.com\/2021-03-19\/1880105796643_7e12d75d168ae25c167d_72.jpg",
            "first_name": "Alexandre",
            "real_name": "Alexandre Sommerkamp",
            "display_name": "Alexandre Sommerkamp",
            "team": "T01RBRV5F7H",
            "name": "alex.c.skp",
            "is_restricted": false,
            "is_ultra_restricted": false
        },
        "blocks": [
            {
                "type": "rich_text",
                "block_id": "oET",
                "elements": [
                    {
                        "type": "rich_text_section",
                        "elements": [
                            {
                                "type": "text",
                                "text": "mine wasnt reduced in the first place "
                            },
                            {
                                "type": "emoji",
                                "name": "girl-grin"
                            }
                        ]
                    }
                ]
            }
        ],
        "thread_ts": "1618474430.000200",
        "parent_user_id": "U01SD3CDH9P",
        "reactions": [
            {
                "name": "chart",
                "users": [
                    "U01S7KCL3DF"
                ],
                "count": 1
            }
        ]
    },
    {
        "type": "message",
        "text": "",
        "files": [
            {
                "id": "F01TYN32LT1",
                "created": 1618475021,
                "timestamp": 1618475021,
                "name": "tenor.gif",
                "title": "tenor.gif",
                "mimetype": "image\/gif",
                "filetype": "gif",
                "pretty_type": "GIF",
                "user": "U01RRV4JX6Z",
                "editable": false,
                "size": 101252,
                "mode": "hosted",
                "is_external": false,
                "external_type": "",
                "is_public": true,
                "public_url_shared": false,
                "display_as_bot": false,
                "username": "",
                "url_private": "https:\/\/files.slack.com\/files-pri\/T01RBRV5F7H-F01TYN32LT1\/tenor.gif?t=xoxe-1861879185255-2005250891763-2017654554721-735ed824033d65b9b5a8817aca87e86a",
                "url_private_download": "https:\/\/files.slack.com\/files-pri\/T01RBRV5F7H-F01TYN32LT1\/download\/tenor.gif?t=xoxe-1861879185255-2005250891763-2017654554721-735ed824033d65b9b5a8817aca87e86a",
                "thumb_64": "https:\/\/files.slack.com\/files-tmb\/T01RBRV5F7H-F01TYN32LT1-d362cf5b7d\/tenor_64.png?t=xoxe-1861879185255-2005250891763-2017654554721-735ed824033d65b9b5a8817aca87e86a",
                "thumb_80": "https:\/\/files.slack.com\/files-tmb\/T01RBRV5F7H-F01TYN32LT1-d362cf5b7d\/tenor_80.png?t=xoxe-1861879185255-2005250891763-2017654554721-735ed824033d65b9b5a8817aca87e86a",
                "thumb_360": "https:\/\/files.slack.com\/files-tmb\/T01RBRV5F7H-F01TYN32LT1-d362cf5b7d\/tenor_360.png?t=xoxe-1861879185255-2005250891763-2017654554721-735ed824033d65b9b5a8817aca87e86a",
                "thumb_360_w": 220,
                "thumb_360_h": 182,
                "thumb_160": "https:\/\/files.slack.com\/files-tmb\/T01RBRV5F7H-F01TYN32LT1-d362cf5b7d\/tenor_160.png?t=xoxe-1861879185255-2005250891763-2017654554721-735ed824033d65b9b5a8817aca87e86a",
                "thumb_360_gif": "https:\/\/files.slack.com\/files-tmb\/T01RBRV5F7H-F01TYN32LT1-d362cf5b7d\/tenor_360.gif?t=xoxe-1861879185255-2005250891763-2017654554721-735ed824033d65b9b5a8817aca87e86a",
                "original_w": 220,
                "original_h": 182,
                "deanimate": "https:\/\/files.slack.com\/files-tmb\/T01RBRV5F7H-F01TYN32LT1-d362cf5b7d\/tenor_deanimate.png?t=xoxe-1861879185255-2005250891763-2017654554721-735ed824033d65b9b5a8817aca87e86a",
                "deanimate_gif": "https:\/\/files.slack.com\/files-tmb\/T01RBRV5F7H-F01TYN32LT1-d362cf5b7d\/tenor_deanimate_gif.png?t=xoxe-1861879185255-2005250891763-2017654554721-735ed824033d65b9b5a8817aca87e86a",
                "thumb_tiny": "AwAnADDODEdKXcTTe1OjQueKRavsOBOPu0A89BUi\/KD9OaiJqS2rEm7AqNmJPalHKmkweODTRLY0egbFSR5HOe9Q1PGQBQxw3JDzzTT9SKQHORjg0rY29ak0bTEBIDYbnFKCzj75pqqcH3pu50bjNUZsiqTO0etR1I3QU2TEA35VLyV4qEVOnSpZcRoPJHpTqaP9Y34U6miWz\/\/Z",
                "permalink": "https:\/\/data-ft-ber-03-2021.slack.com\/files\/U01RRV4JX6Z\/F01TYN32LT1\/tenor.gif",
                "permalink_public": "https:\/\/slack-files.com\/T01RBRV5F7H-F01TYN32LT1-fb00895289",
                "is_starred": false,
                "has_rich_preview": false
            }
        ],
        "upload": false,
        "user": "U01RRV4JX6Z",
        "display_as_bot": false,
        "ts": "1618475023.003500",
        "thread_ts": "1618474430.000200",
        "parent_user_id": "U01SD3CDH9P"
    },
    {
        "client_msg_id": "2aa2a133-5675-4250-940b-c22adc895bc7",
        "type": "message",
        "text": "ya really… everything is closed anyways…and we pay these high rents",
        "user": "U01S65G72SY",
        "ts": "1618477068.004400",
        "team": "T01RBRV5F7H",
        "user_team": "T01RBRV5F7H",
        "source_team": "T01RBRV5F7H",
        "user_profile": {
            "avatar_hash": "2508d9d872a8",
            "image_72": "https:\/\/avatars.slack-edge.com\/2021-03-21\/1907823424064_2508d9d872a8411a9b37_72.png",
            "first_name": "",
            "real_name": "Isabel Jabs",
            "display_name": "Isabel Jabs",
            "team": "T01RBRV5F7H",
            "name": "isabeljabs",
            "is_restricted": false,
            "is_ultra_restricted": false
        },
        "blocks": [
            {
                "type": "rich_text",
                "block_id": "AFi",
                "elements": [
                    {
                        "type": "rich_text_section",
                        "elements": [
                            {
                                "type": "text",
                                "text": "ya really… everything is closed anyways…and we pay these high rents"
                            }
                        ]
                    }
                ]
            }
        ]
    },
    {
        "client_msg_id": "bdbe9dfb-bfef-4707-9226-f5105d45b365",
        "type": "message",
        "text": "Just flew over the verdict <@U01RRV4JX6Z>. The judges actually don't rule the rent cap as unconstitutional in a way that they ruled over the actual matter. They're just saying, Berlin doesn't have the authority to make such a law. Only the federal state has.",
        "user": "U01SJKB2MG8",
        "ts": "1618477792.004500",
        "team": "T01RBRV5F7H",
        "user_team": "T01RBRV5F7H",
        "source_team": "T01RBRV5F7H",
        "user_profile": {
            "avatar_hash": "88fa894fdb53",
            "image_72": "https:\/\/avatars.slack-edge.com\/2021-03-19\/1885033153332_88fa894fdb5366452adf_72.jpg",
            "first_name": "Florian",
            "real_name": "Florian Titze",
            "display_name": "Flo Titze",
            "team": "T01RBRV5F7H",
            "name": "florian.titze",
            "is_restricted": false,
            "is_ultra_restricted": false
        },
        "edited": {
            "user": "U01SJKB2MG8",
            "ts": "1618477967.000000"
        },
        "blocks": [
            {
                "type": "rich_text",
                "block_id": "sFx",
                "elements": [
                    {
                        "type": "rich_text_section",
                        "elements": [
                            {
                                "type": "text",
                                "text": "Just flew over the verdict "
                            },
                            {
                                "type": "user",
                                "user_id": "U01RRV4JX6Z"
                            },
                            {
                                "type": "text",
                                "text": ". The judges actually don't rule the rent cap as unconstitutional in a way that they ruled over the actual matter. They're just saying, Berlin doesn't have the authority to make such a law. Only the federal state has."
                            }
                        ]
                    }
                ]
            }
        ],
        "thread_ts": "1618474430.000200",
        "parent_user_id": "U01SD3CDH9P"
    },
    {
        "client_msg_id": "a228ca9c-bb21-4f75-8394-20dbdd347b16",
        "type": "message",
        "text": "... but yeah, for the tenants thats just a side note.",
        "user": "U01SJKB2MG8",
        "ts": "1618477857.004700",
        "team": "T01RBRV5F7H",
        "user_team": "T01RBRV5F7H",
        "source_team": "T01RBRV5F7H",
        "user_profile": {
            "avatar_hash": "88fa894fdb53",
            "image_72": "https:\/\/avatars.slack-edge.com\/2021-03-19\/1885033153332_88fa894fdb5366452adf_72.jpg",
            "first_name": "Florian",
            "real_name": "Florian Titze",
            "display_name": "Flo Titze",
            "team": "T01RBRV5F7H",
            "name": "florian.titze",
            "is_restricted": false,
            "is_ultra_restricted": false
        },
        "blocks": [
            {
                "type": "rich_text",
                "block_id": "mkG8",
                "elements": [
                    {
                        "type": "rich_text_section",
                        "elements": [
                            {
                                "type": "text",
                                "text": "... but yeah, for the tenants thats just a side note."
                            }
                        ]
                    }
                ]
            }
        ],
        "thread_ts": "1618474430.000200",
        "parent_user_id": "U01SD3CDH9P"
    },
    {
        "client_msg_id": "1b361f8d-d2e4-4010-b591-53ec82f7dcf8",
        "type": "message",
        "text": "does it already exist at the Federal level as the Mietpreisbremse, or is that something else?",
        "user": "U01S7KCL3DF",
        "ts": "1618477909.004900",
        "team": "T01RBRV5F7H",
        "user_team": "T01RBRV5F7H",
        "source_team": "T01RBRV5F7H",
        "user_profile": {
            "avatar_hash": "17b52091bb62",
            "image_72": "https:\/\/avatars.slack-edge.com\/2021-03-19\/1875964347925_17b52091bb62c2340b4c_72.png",
            "first_name": "Sam",
            "real_name": "Sam Katterfield",
            "display_name": "Sam",
            "team": "T01RBRV5F7H",
            "name": "samkatterfield",
            "is_restricted": false,
            "is_ultra_restricted": false
        },
        "blocks": [
            {
                "type": "rich_text",
                "block_id": "QfOVe",
                "elements": [
                    {
                        "type": "rich_text_section",
                        "elements": [
                            {
                                "type": "text",
                                "text": "does it already exist at the Federal level as the Mietpreisbremse, or is that something else?"
                            }
                        ]
                    }
                ]
            }
        ],
        "thread_ts": "1618474430.000200",
        "parent_user_id": "U01SD3CDH9P"
    },
    {
        "client_msg_id": "efc8c620-6f4f-4823-a28a-7268f04a2687",
        "type": "message",
        "text": "that's something else. The Berlin Mietendeckel went way further",
        "user": "U01SJKB2MG8",
        "ts": "1618477941.005100",
        "team": "T01RBRV5F7H",
        "user_team": "T01RBRV5F7H",
        "source_team": "T01RBRV5F7H",
        "user_profile": {
            "avatar_hash": "88fa894fdb53",
            "image_72": "https:\/\/avatars.slack-edge.com\/2021-03-19\/1885033153332_88fa894fdb5366452adf_72.jpg",
            "first_name": "Florian",
            "real_name": "Florian Titze",
            "display_name": "Flo Titze",
            "team": "T01RBRV5F7H",
            "name": "florian.titze",
            "is_restricted": false,
            "is_ultra_restricted": false
        },
        "blocks": [
            {
                "type": "rich_text",
                "block_id": "nFLJj",
                "elements": [
                    {
                        "type": "rich_text_section",
                        "elements": [
                            {
                                "type": "text",
                                "text": "that's something else. The Berlin Mietendeckel went way further"
                            }
                        ]
                    }
                ]
            }
        ],
        "thread_ts": "1618474430.000200",
        "parent_user_id": "U01SD3CDH9P"
    },
    {
        "client_msg_id": "979e54f5-f1c8-49cf-80ba-7760e83ba291",
        "type": "message",
        "text": "<@U01SJKB2MG8> so Spiegel is misinforming the reader: <https:\/\/www.spiegel.de\/wirtschaft\/bundesverfassungsgericht-berliner-mietendeckel-ist-verfassungswidrig-a-33ca95dd-c256-4d05-811f-d81c56361e3e>",
        "user": "U01RRV4JX6Z",
        "ts": "1618478101.005800",
        "team": "T01RBRV5F7H",
        "user_team": "T01RBRV5F7H",
        "source_team": "T01RBRV5F7H",
        "user_profile": {
            "avatar_hash": "339c4d69b7d9",
            "image_72": "https:\/\/avatars.slack-edge.com\/2021-04-14\/1961122781618_339c4d69b7d9fe16343a_72.jpg",
            "first_name": "",
            "real_name": "Francisco Ebeling",
            "display_name": "Francisco Ebeling",
            "team": "T01RBRV5F7H",
            "name": "ebelingbarros",
            "is_restricted": false,
            "is_ultra_restricted": false
        },
        "attachments": [
            {
                "title": "Bundesverfassungsgericht erklärt Berliner Mietendeckel für verfassungswidrig",
                "title_link": "https:\/\/www.spiegel.de\/wirtschaft\/bundesverfassungsgericht-berliner-mietendeckel-ist-verfassungswidrig-a-33ca95dd-c256-4d05-811f-d81c56361e3e",
                "text": "Berlin ließ Mieten für 1,5 Millionen Wohnungen einfrieren und setzte Mietobergrenzen. Das verstößt nach Überzeugung des Bundesverfassungsgerichts gegen das Grundgesetz: Das Land habe seine Kompetenzen überschritten.",
                "fallback": "Bundesverfassungsgericht erklärt Berliner Mietendeckel für verfassungswidrig",
                "image_url": "https:\/\/cdn.prod.www.spiegel.de\/images\/0c0ca040-46da-4157-91f8-1a65dae053be_w1280_r1.77_fpx33.34_fpy50.jpg",
                "from_url": "https:\/\/www.spiegel.de\/wirtschaft\/bundesverfassungsgericht-berliner-mietendeckel-ist-verfassungswidrig-a-33ca95dd-c256-4d05-811f-d81c56361e3e",
                "image_width": 443,
                "image_height": 250,
                "image_bytes": 227439,
                "service_icon": "https:\/\/cdn.prod.www.spiegel.de\/public\/spon\/images\/icons\/touch-icon.png",
                "service_name": "spiegel.de",
                "id": 1,
                "original_url": "https:\/\/www.spiegel.de\/wirtschaft\/bundesverfassungsgericht-berliner-mietendeckel-ist-verfassungswidrig-a-33ca95dd-c256-4d05-811f-d81c56361e3e"
            }
        ],
        "blocks": [
            {
                "type": "rich_text",
                "block_id": "AgTE1",
                "elements": [
                    {
                        "type": "rich_text_section",
                        "elements": [
                            {
                                "type": "user",
                                "user_id": "U01SJKB2MG8"
                            },
                            {
                                "type": "text",
                                "text": " so Spiegel is misinforming the reader: "
                            },
                            {
                                "type": "link",
                                "url": "https:\/\/www.spiegel.de\/wirtschaft\/bundesverfassungsgericht-berliner-mietendeckel-ist-verfassungswidrig-a-33ca95dd-c256-4d05-811f-d81c56361e3e"
                            }
                        ]
                    }
                ]
            }
        ],
        "thread_ts": "1618474430.000200",
        "parent_user_id": "U01SD3CDH9P"
    },
    {
        "client_msg_id": "b14c9fae-3e1d-45d5-bebc-51cb05d1ff28",
        "type": "message",
        "text": "<https:\/\/m.tagesspiegel.de\/politik\/die-grossspender-der-parteien-1-25-millionen-euro-aus-der-immobilienbranche-fuer-die-cdu\/26787686.html>\n\ninteresting :thinking_face:",
        "user": "U01S7KCL3DF",
        "ts": "1618481187.006100",
        "team": "T01RBRV5F7H",
        "user_team": "T01RBRV5F7H",
        "source_team": "T01RBRV5F7H",
        "user_profile": {
            "avatar_hash": "17b52091bb62",
            "image_72": "https:\/\/avatars.slack-edge.com\/2021-03-19\/1875964347925_17b52091bb62c2340b4c_72.png",
            "first_name": "Sam",
            "real_name": "Sam Katterfield",
            "display_name": "Sam",
            "team": "T01RBRV5F7H",
            "name": "samkatterfield",
            "is_restricted": false,
            "is_ultra_restricted": false
        },
        "attachments": [
            {
                "title": "1,25 Millionen Euro aus der Immobilienbranche für die CDU",
                "title_link": "https:\/\/m.tagesspiegel.de\/politik\/die-grossspender-der-parteien-1-25-millionen-euro-aus-der-immobilienbranche-fuer-die-cdu\/26787686.html",
                "text": "Keine andere Partei bekommt so viele Großspenden wie die CDU. Im vergangenen Jahr wurde sie vor allem von Immobilienunternehmern unterstützt.",
                "fallback": "1,25 Millionen Euro aus der Immobilienbranche für die CDU",
                "image_url": "https:\/\/m.tagesspiegel.de\/images\/kugelschreiber-der-grossen-parteien-bundestagswahl-2017\/26787826\/2-format2040.jpg",
                "image_width": 444,
                "image_height": 250,
                "from_url": "https:\/\/m.tagesspiegel.de\/politik\/die-grossspender-der-parteien-1-25-millionen-euro-aus-der-immobilienbranche-fuer-die-cdu\/26787686.html",
                "image_bytes": 78322,
                "service_icon": "https:\/\/m.tagesspiegel.de\/images\/apple-touch-icon\/7771562\/2-formatOriginal.png",
                "service_name": "m.tagesspiegel.de",
                "id": 1,
                "original_url": "https:\/\/m.tagesspiegel.de\/politik\/die-grossspender-der-parteien-1-25-millionen-euro-aus-der-immobilienbranche-fuer-die-cdu\/26787686.html"
            }
        ],
        "blocks": [
            {
                "type": "rich_text",
                "block_id": "D9=",
                "elements": [
                    {
                        "type": "rich_text_section",
                        "elements": [
                            {
                                "type": "link",
                                "url": "https:\/\/m.tagesspiegel.de\/politik\/die-grossspender-der-parteien-1-25-millionen-euro-aus-der-immobilienbranche-fuer-die-cdu\/26787686.html"
                            },
                            {
                                "type": "text",
                                "text": "\n\ninteresting "
                            },
                            {
                                "type": "emoji",
                                "name": "thinking_face"
                            }
                        ]
                    }
                ]
            }
        ],
        "thread_ts": "1618474430.000200",
        "parent_user_id": "U01SD3CDH9P",
        "reactions": [
            {
                "name": "rage",
                "users": [
                    "U01RRV4JX6Z"
                ],
                "count": 1
            }
        ]
    },
    {
        "client_msg_id": "26385e13-73d9-4ea9-9668-d2e123dcf09d",
        "type": "message",
        "text": "Hi guys, do you know where can I donate old clothes in Berlin?",
        "user": "U01SD3CDH9P",
        "ts": "1618502870.007400",
        "team": "T01RBRV5F7H",
        "user_team": "T01RBRV5F7H",
        "source_team": "T01RBRV5F7H",
        "user_profile": {
            "avatar_hash": "735d50ad8f34",
            "image_72": "https:\/\/avatars.slack-edge.com\/2021-04-15\/1962810903269_735d50ad8f345a94bd76_72.jpg",
            "first_name": "",
            "real_name": "Andrea Tognoli",
            "display_name": "Andrea Tognoli",
            "team": "T01RBRV5F7H",
            "name": "andreatognoli001",
            "is_restricted": false,
            "is_ultra_restricted": false
        },
        "blocks": [
            {
                "type": "rich_text",
                "block_id": "QIn",
                "elements": [
                    {
                        "type": "rich_text_section",
                        "elements": [
                            {
                                "type": "text",
                                "text": "Hi guys, do you know where can I donate old clothes in Berlin?"
                            }
                        ]
                    }
                ]
            }
        ],
        "thread_ts": "1618502870.007400",
        "reply_count": 4,
        "reply_users_count": 3,
        "latest_reply": "1618555254.000100",
        "reply_users": [
            "U01RKN0EGDV",
            "U01RN7BVD1C",
            "U01RRV4JX6Z"
        ],
        "replies": [
            {
                "user": "U01RKN0EGDV",
                "ts": "1618504486.008100"
            },
            {
                "user": "U01RKN0EGDV",
                "ts": "1618504617.008300"
            },
            {
                "user": "U01RN7BVD1C",
                "ts": "1618504871.008500"
            },
            {
                "user": "U01RRV4JX6Z",
                "ts": "1618555254.000100"
            }
        ],
        "is_locked": false,
        "subscribed": false
    },
    {
        "client_msg_id": "7c61fe13-2bf5-434c-970b-95757eae7cf6",
        "type": "message",
        "text": "Gönnen Sie Ihren Kleidungsstücken\nein wohlverdientes zweites Leben!\n\nWir nehmen Ihre Kleidung an:\n• in allen <https:\/\/www.humana-second-hand.de\/mode\/shops.html|HUMANA Shops>\n• im <https:\/\/www.humana-kleidersammlung.de\/was-sie-tun-koennen|HUMANA Sortierbetrieb in Hoppegarten>\n• in den HUMANA Kleidercontainern",
        "user": "U01RS9Y6UJH",
        "ts": "1618503464.007900",
        "team": "T01RBRV5F7H",
        "user_team": "T01RBRV5F7H",
        "source_team": "T01RBRV5F7H",
        "user_profile": {
            "avatar_hash": "g7e6abc9bdfa",
            "image_72": "https:\/\/secure.gravatar.com\/avatar\/7e6abc9bdfaa8dee63eb82cb526abe78.jpg?s=72&d=https%3A%2F%2Fa.slack-edge.com%2Fdf10d%2Fimg%2Favatars%2Fava_0024-72.png",
            "first_name": "",
            "real_name": "Neil Corteen",
            "display_name": "",
            "team": "T01RBRV5F7H",
            "name": "neilcorteen",
            "is_restricted": false,
            "is_ultra_restricted": false
        },
        "attachments": [
            {
                "title": "HUMANA   Secondhand &amp; Vintage  Shops in  Berlin | Köln  | Hamburg | Dresden  | Leipzig  ",
                "title_link": "https:\/\/www.humana-second-hand.de\/mode\/shops.html",
                "text": "Alle Humana Second Hand Shops in Deutschland finden sie hier",
                "fallback": "HUMANA   Secondhand &amp; Vintage  Shops in  Berlin | Köln  | Hamburg | Dresden  | Leipzig  ",
                "from_url": "https:\/\/www.humana-second-hand.de\/mode\/shops.html",
                "service_icon": "https:\/\/www.humana-second-hand.de\/favicon.ico",
                "service_name": "humana-second-hand.de",
                "id": 1,
                "original_url": "https:\/\/www.humana-second-hand.de\/mode\/shops.html"
            }
        ],
        "blocks": [
            {
                "type": "rich_text",
                "block_id": "G+Rd",
                "elements": [
                    {
                        "type": "rich_text_section",
                        "elements": [
                            {
                                "type": "text",
                                "text": "Gönnen Sie Ihren Kleidungsstücken\nein wohlverdientes zweites Leben!\n\nWir nehmen Ihre Kleidung an:\n• in allen "
                            },
                            {
                                "type": "link",
                                "url": "https:\/\/www.humana-second-hand.de\/mode\/shops.html",
                                "text": "HUMANA Shops"
                            },
                            {
                                "type": "text",
                                "text": "\n• im "
                            },
                            {
                                "type": "link",
                                "url": "https:\/\/www.humana-kleidersammlung.de\/was-sie-tun-koennen",
                                "text": "HUMANA Sortierbetrieb in Hoppegarten"
                            },
                            {
                                "type": "text",
                                "text": "\n• in den HUMANA Kleidercontainern"
                            }
                        ]
                    }
                ]
            }
        ],
        "thread_ts": "1618503464.007900",
        "reply_count": 1,
        "reply_users_count": 1,
        "latest_reply": "1618507575.008800",
        "reply_users": [
            "U01SD3CDH9P"
        ],
        "replies": [
            {
                "user": "U01SD3CDH9P",
                "ts": "1618507575.008800"
            }
        ],
        "is_locked": false,
        "subscribed": false,
        "reactions": [
            {
                "name": "ok_hand",
                "users": [
                    "U01SD3CDH9P"
                ],
                "count": 1
            }
        ]
    },
    {
        "client_msg_id": "a98bda77-aea1-4459-9026-78c963e1f313",
        "type": "message",
        "text": "<https:\/\/www.berliner-stadtmission.de\/komm-und-sieh\/kleiderspenden>",
        "user": "U01RKN0EGDV",
        "ts": "1618504486.008100",
        "team": "T01RBRV5F7H",
        "user_team": "T01RBRV5F7H",
        "source_team": "T01RBRV5F7H",
        "user_profile": {
            "avatar_hash": "abe46e9352ee",
            "image_72": "https:\/\/avatars.slack-edge.com\/2021-03-24\/1878427345639_abe46e9352ee26531094_72.jpg",
            "first_name": "Marian",
            "real_name": "Marian Moreno",
            "display_name": "Marian (she\/her)",
            "team": "T01RBRV5F7H",
            "name": "marimor62",
            "is_restricted": false,
            "is_ultra_restricted": false
        },
        "blocks": [
            {
                "type": "rich_text",
                "block_id": "1Ae",
                "elements": [
                    {
                        "type": "rich_text_section",
                        "elements": [
                            {
                                "type": "link",
                                "url": "https:\/\/www.berliner-stadtmission.de\/komm-und-sieh\/kleiderspenden"
                            }
                        ]
                    }
                ]
            }
        ],
        "thread_ts": "1618502870.007400",
        "parent_user_id": "U01SD3CDH9P"
    },
    {
        "client_msg_id": "f0ef3957-a402-4074-a2bf-83fbdac5dce8",
        "type": "message",
        "text": "<https:\/\/www.instagram.com\/givebox_berlin\/> these boxes around berlin are pretty useful and a super cool initiative as well",
        "user": "U01RKN0EGDV",
        "ts": "1618504617.008300",
        "team": "T01RBRV5F7H",
        "user_team": "T01RBRV5F7H",
        "source_team": "T01RBRV5F7H",
        "user_profile": {
            "avatar_hash": "abe46e9352ee",
            "image_72": "https:\/\/avatars.slack-edge.com\/2021-03-24\/1878427345639_abe46e9352ee26531094_72.jpg",
            "first_name": "Marian",
            "real_name": "Marian Moreno",
            "display_name": "Marian (she\/her)",
            "team": "T01RBRV5F7H",
            "name": "marimor62",
            "is_restricted": false,
            "is_ultra_restricted": false
        },
        "blocks": [
            {
                "type": "rich_text",
                "block_id": "+TZ",
                "elements": [
                    {
                        "type": "rich_text_section",
                        "elements": [
                            {
                                "type": "link",
                                "url": "https:\/\/www.instagram.com\/givebox_berlin\/"
                            },
                            {
                                "type": "text",
                                "text": " these boxes around berlin are pretty useful and a super cool initiative as well"
                            }
                        ]
                    }
                ]
            }
        ],
        "thread_ts": "1618502870.007400",
        "parent_user_id": "U01SD3CDH9P"
    },
    {
        "client_msg_id": "5ed40076-b73b-4c2b-84d9-173370acb664",
        "type": "message",
        "text": "However there are so many people spending their old cloths nowadays, i heard that these drop off points dont take them anymore. Only special thing like real wintercoates or good shoes. Not the regular old H&amp;M white t-shirt.",
        "user": "U01RN7BVD1C",
        "ts": "1618504871.008500",
        "team": "T01RBRV5F7H",
        "user_team": "T01RBRV5F7H",
        "source_team": "T01RBRV5F7H",
        "user_profile": {
            "avatar_hash": "55e0c1b57456",
            "image_72": "https:\/\/avatars.slack-edge.com\/2021-03-20\/1882033802643_55e0c1b574562994417f_72.jpg",
            "first_name": "Josephine",
            "real_name": "Josephine Biedermann",
            "display_name": "Phine",
            "team": "T01RBRV5F7H",
            "name": "josephinebiedermann",
            "is_restricted": false,
            "is_ultra_restricted": false
        },
        "blocks": [
            {
                "type": "rich_text",
                "block_id": "8K2fG",
                "elements": [
                    {
                        "type": "rich_text_section",
                        "elements": [
                            {
                                "type": "text",
                                "text": "However there are so many people spending their old cloths nowadays, i heard that these drop off points dont take them anymore. Only special thing like real wintercoates or good shoes. Not the regular old H&M white t-shirt."
                            }
                        ]
                    }
                ]
            }
        ],
        "thread_ts": "1618502870.007400",
        "parent_user_id": "U01SD3CDH9P"
    },
    {
        "client_msg_id": "112cf31b-fe93-4f70-bc48-599e821f1cb2",
        "type": "message",
        "text": "thank you Neil, I have an Humana right next to my place!",
        "user": "U01SD3CDH9P",
        "ts": "1618507575.008800",
        "team": "T01RBRV5F7H",
        "user_team": "T01RBRV5F7H",
        "source_team": "T01RBRV5F7H",
        "user_profile": {
            "avatar_hash": "735d50ad8f34",
            "image_72": "https:\/\/avatars.slack-edge.com\/2021-04-15\/1962810903269_735d50ad8f345a94bd76_72.jpg",
            "first_name": "",
            "real_name": "Andrea Tognoli",
            "display_name": "Andrea Tognoli",
            "team": "T01RBRV5F7H",
            "name": "andreatognoli001",
            "is_restricted": false,
            "is_ultra_restricted": false
        },
        "blocks": [
            {
                "type": "rich_text",
                "block_id": "\/61",
                "elements": [
                    {
                        "type": "rich_text_section",
                        "elements": [
                            {
                                "type": "text",
                                "text": "thank you Neil, I have an Humana right next to my place!"
                            }
                        ]
                    }
                ]
            }
        ],
        "thread_ts": "1618503464.007900",
        "parent_user_id": "U01RS9Y6UJH"
    },
    {
        "client_msg_id": "dec011d4-bddf-4629-aff0-4a98860d834d",
        "type": "message",
        "text": "Red Cross containers",
        "user": "U01RRV4JX6Z",
        "ts": "1618555254.000100",
        "team": "T01RBRV5F7H",
        "user_team": "T01RBRV5F7H",
        "source_team": "T01RBRV5F7H",
        "user_profile": {
            "avatar_hash": "339c4d69b7d9",
            "image_72": "https:\/\/avatars.slack-edge.com\/2021-04-14\/1961122781618_339c4d69b7d9fe16343a_72.jpg",
            "first_name": "",
            "real_name": "Francisco Ebeling",
            "display_name": "Francisco Ebeling",
            "team": "T01RBRV5F7H",
            "name": "ebelingbarros",
            "is_restricted": false,
            "is_ultra_restricted": false
        },
        "blocks": [
            {
                "type": "rich_text",
                "block_id": "Qx+99",
                "elements": [
                    {
                        "type": "rich_text_section",
                        "elements": [
                            {
                                "type": "text",
                                "text": "Red Cross containers"
                            }
                        ]
                    }
                ]
            }
        ],
        "thread_ts": "1618502870.007400",
        "parent_user_id": "U01SD3CDH9P"
    },
    {
        "client_msg_id": "8c101927-e8ef-48fc-b7b0-946e153ee38b",
        "type": "message",
        "text": "<@U01SJKB2MG8>, i was checking the German constitution and it does not say that decent and affordable housing is a basic right, like it is in Brazil. I guess that this reflects the better material conditions of Germany when its constitution was proclaimed. Perhaps by now this should change. What i wanted to say before was that lawmaking is not an exact science, as it is very much subject to interpretation. If one lobbyst says \"this is inconstutional\" and goes to court another one might say \"yeah, but here it says it is not\". Unfortunately peoples' basic rights tend not to be much considered these days",
        "user": "U01RRV4JX6Z",
        "ts": "1618555630.000300",
        "team": "T01RBRV5F7H",
        "user_team": "T01RBRV5F7H",
        "source_team": "T01RBRV5F7H",
        "user_profile": {
            "avatar_hash": "339c4d69b7d9",
            "image_72": "https:\/\/avatars.slack-edge.com\/2021-04-14\/1961122781618_339c4d69b7d9fe16343a_72.jpg",
            "first_name": "",
            "real_name": "Francisco Ebeling",
            "display_name": "Francisco Ebeling",
            "team": "T01RBRV5F7H",
            "name": "ebelingbarros",
            "is_restricted": false,
            "is_ultra_restricted": false
        },
        "blocks": [
            {
                "type": "rich_text",
                "block_id": "Jvpte",
                "elements": [
                    {
                        "type": "rich_text_section",
                        "elements": [
                            {
                                "type": "user",
                                "user_id": "U01SJKB2MG8"
                            },
                            {
                                "type": "text",
                                "text": ", i was checking the German constitution and it does not say that decent and affordable housing is a basic right, like it is in Brazil. I guess that this reflects the better material conditions of Germany when its constitution was proclaimed. Perhaps by now this should change. What i wanted to say before was that lawmaking is not an exact science, as it is very much subject to interpretation. If one lobbyst says \"this is inconstutional\" and goes to court another one might say \"yeah, but here it says it is not\". Unfortunately peoples' basic rights tend not to be much considered these days"
                            }
                        ]
                    }
                ]
            }
        ],
        "thread_ts": "1618474430.000200",
        "parent_user_id": "U01SD3CDH9P"
    },
    {
        "client_msg_id": "0939b37d-d8ad-43f7-9db6-9415dd37cbba",
        "type": "message",
        "text": "_Das Land habe seine Kompetenzen überschritten,_ says exactly what I said:slightly_smiling_face:, the state of Berlin overstepped its jurisdiction. The court did not rule that the matter of the law itself violates any article of the German basic law, the Grundgesetz - which initself is imho relieving :clap: and gratifying for both our sentiment, that there should be a basic right for housing one day in Germany. Because now there's still legal room for it to make such a law on federal level - which won't happen though if CDU\/CSU should also win the next election :face_with_rolling_eyes:",
        "user": "U01SJKB2MG8",
        "ts": "1618556306.000500",
        "team": "T01RBRV5F7H",
        "user_team": "T01RBRV5F7H",
        "source_team": "T01RBRV5F7H",
        "user_profile": {
            "avatar_hash": "88fa894fdb53",
            "image_72": "https:\/\/avatars.slack-edge.com\/2021-03-19\/1885033153332_88fa894fdb5366452adf_72.jpg",
            "first_name": "Florian",
            "real_name": "Florian Titze",
            "display_name": "Flo Titze",
            "team": "T01RBRV5F7H",
            "name": "florian.titze",
            "is_restricted": false,
            "is_ultra_restricted": false
        },
        "blocks": [
            {
                "type": "rich_text",
                "block_id": "qbr",
                "elements": [
                    {
                        "type": "rich_text_section",
                        "elements": [
                            {
                                "type": "text",
                                "text": "Das Land habe seine Kompetenzen überschritten, ",
                                "style": {
                                    "italic": true
                                }
                            },
                            {
                                "type": "text",
                                "text": "says exactly what I said"
                            },
                            {
                                "type": "emoji",
                                "name": "slightly_smiling_face"
                            },
                            {
                                "type": "text",
                                "text": ", the state of Berlin overstepped its jurisdiction. The court did not rule that the matter of the law itself violates any article of the German basic law, the Grundgesetz - which initself is imho relieving "
                            },
                            {
                                "type": "emoji",
                                "name": "clap"
                            },
                            {
                                "type": "text",
                                "text": " and gratifying for both our sentiment, that there should be a basic right for housing one day in Germany. Because now there's still legal room for it to make such a law on federal level - which won't happen though if CDU\/CSU should also win the next election "
                            },
                            {
                                "type": "emoji",
                                "name": "face_with_rolling_eyes"
                            }
                        ]
                    }
                ]
            }
        ],
        "thread_ts": "1618474430.000200",
        "parent_user_id": "U01SD3CDH9P",
        "reactions": [
            {
                "name": "+1",
                "users": [
                    "U01RRV4JX6Z"
                ],
                "count": 1
            }
        ]
    }
]