[
    {
        "client_msg_id": "abb93ad0-ffaf-47c1-9ddd-aecbc5f9a127",
        "type": "message",
        "text": "<@U01RW2X7S9Z>, <@U01S7KCL3DF>, <@U01RN7BVD1C>, <@U01S133DZ9A>, <@U01S6LCPM0C>\n\nSo just to finish what was said in the break out room.\n\nLuke (Skywalker)  has the same name as the director of Star Wars, or is at least derived from it, hence George Lucas.\n\nGeorge Lucas channeled his hero journey into the movies :slightly_smiling_face:",
        "user": "U01RXCQHMHT",
        "ts": "1616760319.002900",
        "team": "T01RBRV5F7H",
        "user_team": "T01RBRV5F7H",
        "source_team": "T01RBRV5F7H",
        "user_profile": {
            "avatar_hash": "7290c61c38a0",
            "image_72": "https:\/\/avatars.slack-edge.com\/2021-03-22\/1898002028225_7290c61c38a01ad66680_72.jpg",
            "first_name": "Thanh",
            "real_name": "Thanh Tung Ha Thuc DAFT Berlin March 2021",
            "display_name": "Tony Ha",
            "team": "T01RBRV5F7H",
            "name": "tony.hathuc",
            "is_restricted": false,
            "is_ultra_restricted": false
        },
        "blocks": [
            {
                "type": "rich_text",
                "block_id": "\/goGc",
                "elements": [
                    {
                        "type": "rich_text_section",
                        "elements": [
                            {
                                "type": "user",
                                "user_id": "U01RW2X7S9Z"
                            },
                            {
                                "type": "text",
                                "text": ", "
                            },
                            {
                                "type": "user",
                                "user_id": "U01S7KCL3DF"
                            },
                            {
                                "type": "text",
                                "text": ", "
                            },
                            {
                                "type": "user",
                                "user_id": "U01RN7BVD1C"
                            },
                            {
                                "type": "text",
                                "text": ", "
                            },
                            {
                                "type": "user",
                                "user_id": "U01S133DZ9A"
                            },
                            {
                                "type": "text",
                                "text": ", "
                            },
                            {
                                "type": "user",
                                "user_id": "U01S6LCPM0C"
                            },
                            {
                                "type": "text",
                                "text": "\n\nSo just to finish what was said in the break out room.\n\nLuke (Skywalker)  has the same name as the director of Star Wars, or is at least derived from it, hence George Lucas.\n\nGeorge Lucas channeled his hero journey into the movies "
                            },
                            {
                                "type": "emoji",
                                "name": "slightly_smiling_face"
                            }
                        ]
                    }
                ]
            }
        ]
    },
    {
        "client_msg_id": "9372b056-530d-4941-8eb9-a6dc809e0cd3",
        "type": "message",
        "text": "burn the heretic",
        "user": "U01RW2X7S9Z",
        "ts": "1616760338.003100",
        "team": "T01RBRV5F7H",
        "user_team": "T01RBRV5F7H",
        "source_team": "T01RBRV5F7H",
        "user_profile": {
            "avatar_hash": "7e12d75d168a",
            "image_72": "https:\/\/avatars.slack-edge.com\/2021-03-19\/1880105796643_7e12d75d168ae25c167d_72.jpg",
            "first_name": "Alexandre",
            "real_name": "Alexandre Sommerkamp",
            "display_name": "Alexandre Sommerkamp",
            "team": "T01RBRV5F7H",
            "name": "alex.c.skp",
            "is_restricted": false,
            "is_ultra_restricted": false
        },
        "blocks": [
            {
                "type": "rich_text",
                "block_id": "f=y",
                "elements": [
                    {
                        "type": "rich_text_section",
                        "elements": [
                            {
                                "type": "text",
                                "text": "burn the heretic"
                            }
                        ]
                    }
                ]
            }
        ],
        "reactions": [
            {
                "name": "rolling_on_the_floor_laughing",
                "users": [
                    "U01RW140HBP"
                ],
                "count": 1
            }
        ]
    },
    {
        "client_msg_id": "a5224f5e-a0c0-4068-8077-36ad37bc4699",
        "type": "message",
        "text": ":smile:",
        "user": "U01RXCQHMHT",
        "ts": "1616760362.003700",
        "team": "T01RBRV5F7H",
        "user_team": "T01RBRV5F7H",
        "source_team": "T01RBRV5F7H",
        "user_profile": {
            "avatar_hash": "7290c61c38a0",
            "image_72": "https:\/\/avatars.slack-edge.com\/2021-03-22\/1898002028225_7290c61c38a01ad66680_72.jpg",
            "first_name": "Thanh",
            "real_name": "Thanh Tung Ha Thuc DAFT Berlin March 2021",
            "display_name": "Tony Ha",
            "team": "T01RBRV5F7H",
            "name": "tony.hathuc",
            "is_restricted": false,
            "is_ultra_restricted": false
        },
        "blocks": [
            {
                "type": "rich_text",
                "block_id": "ysdoq",
                "elements": [
                    {
                        "type": "rich_text_section",
                        "elements": [
                            {
                                "type": "emoji",
                                "name": "smile"
                            }
                        ]
                    }
                ]
            }
        ]
    },
    {
        "client_msg_id": "9cffd52e-bf9b-466d-a133-8ff5f62be505",
        "type": "message",
        "text": "ahahaha",
        "user": "U01RXCQHMHT",
        "ts": "1616760365.004000",
        "team": "T01RBRV5F7H",
        "user_team": "T01RBRV5F7H",
        "source_team": "T01RBRV5F7H",
        "user_profile": {
            "avatar_hash": "7290c61c38a0",
            "image_72": "https:\/\/avatars.slack-edge.com\/2021-03-22\/1898002028225_7290c61c38a01ad66680_72.jpg",
            "first_name": "Thanh",
            "real_name": "Thanh Tung Ha Thuc DAFT Berlin March 2021",
            "display_name": "Tony Ha",
            "team": "T01RBRV5F7H",
            "name": "tony.hathuc",
            "is_restricted": false,
            "is_ultra_restricted": false
        },
        "blocks": [
            {
                "type": "rich_text",
                "block_id": "KeE",
                "elements": [
                    {
                        "type": "rich_text_section",
                        "elements": [
                            {
                                "type": "text",
                                "text": "ahahaha"
                            }
                        ]
                    }
                ]
            }
        ]
    },
    {
        "client_msg_id": "d88a14ab-32b0-46ad-8dc6-94c30e58712b",
        "type": "message",
        "text": "SW is overrrated!!!!!",
        "user": "U01RXCQHMHT",
        "ts": "1616760371.004300",
        "team": "T01RBRV5F7H",
        "user_team": "T01RBRV5F7H",
        "source_team": "T01RBRV5F7H",
        "user_profile": {
            "avatar_hash": "7290c61c38a0",
            "image_72": "https:\/\/avatars.slack-edge.com\/2021-03-22\/1898002028225_7290c61c38a01ad66680_72.jpg",
            "first_name": "Thanh",
            "real_name": "Thanh Tung Ha Thuc DAFT Berlin March 2021",
            "display_name": "Tony Ha",
            "team": "T01RBRV5F7H",
            "name": "tony.hathuc",
            "is_restricted": false,
            "is_ultra_restricted": false
        },
        "blocks": [
            {
                "type": "rich_text",
                "block_id": "5Sw1N",
                "elements": [
                    {
                        "type": "rich_text_section",
                        "elements": [
                            {
                                "type": "text",
                                "text": "SW is overrrated!!!!!"
                            }
                        ]
                    }
                ]
            }
        ],
        "reactions": [
            {
                "name": "sob",
                "users": [
                    "U01RN7BVD1C"
                ],
                "count": 1
            }
        ]
    },
    {
        "client_msg_id": "d0fa3cbc-af74-4189-82da-f322dcb698f2",
        "type": "message",
        "text": "just kidding, deep down if you look at the star wars series in analytical eyes its all about a family story, how the father was bad, and distant from the family but then the son came up as a good guy and convinced him to become good in the end",
        "user": "U01RW2X7S9Z",
        "ts": "1616760394.005400",
        "team": "T01RBRV5F7H",
        "user_team": "T01RBRV5F7H",
        "source_team": "T01RBRV5F7H",
        "user_profile": {
            "avatar_hash": "7e12d75d168a",
            "image_72": "https:\/\/avatars.slack-edge.com\/2021-03-19\/1880105796643_7e12d75d168ae25c167d_72.jpg",
            "first_name": "Alexandre",
            "real_name": "Alexandre Sommerkamp",
            "display_name": "Alexandre Sommerkamp",
            "team": "T01RBRV5F7H",
            "name": "alex.c.skp",
            "is_restricted": false,
            "is_ultra_restricted": false
        },
        "blocks": [
            {
                "type": "rich_text",
                "block_id": "xT4z",
                "elements": [
                    {
                        "type": "rich_text_section",
                        "elements": [
                            {
                                "type": "text",
                                "text": "just kidding, deep down if you look at the star wars series in analytical eyes its all about a family story, how the father was bad, and distant from the family but then the son came up as a good guy and convinced him to become good in the end"
                            }
                        ]
                    }
                ]
            }
        ]
    },
    {
        "client_msg_id": "6b952805-1692-4088-a80e-ddaab046686e",
        "type": "message",
        "text": "George was also Darth Vader's middle name... Fun fact",
        "user": "U01S7KCL3DF",
        "ts": "1616760408.006400",
        "team": "T01RBRV5F7H",
        "user_team": "T01RBRV5F7H",
        "source_team": "T01RBRV5F7H",
        "user_profile": {
            "avatar_hash": "17b52091bb62",
            "image_72": "https:\/\/avatars.slack-edge.com\/2021-03-19\/1875964347925_17b52091bb62c2340b4c_72.png",
            "first_name": "Sam",
            "real_name": "Sam Katterfield",
            "display_name": "Sam",
            "team": "T01RBRV5F7H",
            "name": "samkatterfield",
            "is_restricted": false,
            "is_ultra_restricted": false
        },
        "blocks": [
            {
                "type": "rich_text",
                "block_id": "U1=oS",
                "elements": [
                    {
                        "type": "rich_text_section",
                        "elements": [
                            {
                                "type": "text",
                                "text": "George was also Darth Vader's middle name... Fun fact"
                            }
                        ]
                    }
                ]
            }
        ]
    },
    {
        "client_msg_id": "d4e9c5bd-a8f4-492d-950e-ea11346f1d88",
        "type": "message",
        "text": "We SW orthodoxs don't say his name (G****e) anymore, <@U01RXCQHMHT>",
        "user": "U01SJKB2MG8",
        "ts": "1616760420.007100",
        "team": "T01RBRV5F7H",
        "user_team": "T01RBRV5F7H",
        "source_team": "T01RBRV5F7H",
        "user_profile": {
            "avatar_hash": "88fa894fdb53",
            "image_72": "https:\/\/avatars.slack-edge.com\/2021-03-19\/1885033153332_88fa894fdb5366452adf_72.jpg",
            "first_name": "Florian",
            "real_name": "Florian Titze",
            "display_name": "Flo Titze",
            "team": "T01RBRV5F7H",
            "name": "florian.titze",
            "is_restricted": false,
            "is_ultra_restricted": false
        },
        "blocks": [
            {
                "type": "rich_text",
                "block_id": "3tf",
                "elements": [
                    {
                        "type": "rich_text_section",
                        "elements": [
                            {
                                "type": "text",
                                "text": "We SW orthodoxs don't say his name (G****e) anymore, "
                            },
                            {
                                "type": "user",
                                "user_id": "U01RXCQHMHT"
                            }
                        ]
                    }
                ]
            }
        ]
    },
    {
        "client_msg_id": "84017109-0448-451d-ba70-795be614c7b2",
        "type": "message",
        "text": "there are a lot of layers in star wars movies, depends how you look at it",
        "user": "U01RW2X7S9Z",
        "ts": "1616760422.007300",
        "team": "T01RBRV5F7H",
        "user_team": "T01RBRV5F7H",
        "source_team": "T01RBRV5F7H",
        "user_profile": {
            "avatar_hash": "7e12d75d168a",
            "image_72": "https:\/\/avatars.slack-edge.com\/2021-03-19\/1880105796643_7e12d75d168ae25c167d_72.jpg",
            "first_name": "Alexandre",
            "real_name": "Alexandre Sommerkamp",
            "display_name": "Alexandre Sommerkamp",
            "team": "T01RBRV5F7H",
            "name": "alex.c.skp",
            "is_restricted": false,
            "is_ultra_restricted": false
        },
        "blocks": [
            {
                "type": "rich_text",
                "block_id": "30bY",
                "elements": [
                    {
                        "type": "rich_text_section",
                        "elements": [
                            {
                                "type": "text",
                                "text": "there are a lot of layers in star wars movies, depends how you look at it"
                            }
                        ]
                    }
                ]
            }
        ]
    },
    {
        "client_msg_id": "3d277d1e-0473-47b5-b774-1c4d9bef2e82",
        "type": "message",
        "text": "Strar wars? Is that a sequel to Harry Potter or?",
        "user": "U01RSRE0N3D",
        "ts": "1616760435.007700",
        "team": "T01RBRV5F7H",
        "user_team": "T01RBRV5F7H",
        "source_team": "T01RBRV5F7H",
        "user_profile": {
            "avatar_hash": "5b0571ca5e6f",
            "image_72": "https:\/\/avatars.slack-edge.com\/2021-03-18\/1876877550179_5b0571ca5e6fe1f759fe_72.jpg",
            "first_name": "Kosta",
            "real_name": "Kosta",
            "display_name": "Kosta",
            "team": "T01RBRV5F7H",
            "name": "kostadin.mitkov",
            "is_restricted": false,
            "is_ultra_restricted": false
        },
        "blocks": [
            {
                "type": "rich_text",
                "block_id": "TVVj",
                "elements": [
                    {
                        "type": "rich_text_section",
                        "elements": [
                            {
                                "type": "text",
                                "text": "Strar wars? Is that a sequel to Harry Potter or?"
                            }
                        ]
                    }
                ]
            }
        ],
        "reactions": [
            {
                "name": "joy",
                "users": [
                    "U01S7BM4N81"
                ],
                "count": 1
            }
        ]
    },
    {
        "client_msg_id": "207c1018-9193-47c8-a8ed-22dc57632d05",
        "type": "message",
        "text": "and there it goes the controversy",
        "user": "U01RW2X7S9Z",
        "ts": "1616760436.007900",
        "team": "T01RBRV5F7H",
        "user_team": "T01RBRV5F7H",
        "source_team": "T01RBRV5F7H",
        "user_profile": {
            "avatar_hash": "7e12d75d168a",
            "image_72": "https:\/\/avatars.slack-edge.com\/2021-03-19\/1880105796643_7e12d75d168ae25c167d_72.jpg",
            "first_name": "Alexandre",
            "real_name": "Alexandre Sommerkamp",
            "display_name": "Alexandre Sommerkamp",
            "team": "T01RBRV5F7H",
            "name": "alex.c.skp",
            "is_restricted": false,
            "is_ultra_restricted": false
        },
        "blocks": [
            {
                "type": "rich_text",
                "block_id": "eYjP",
                "elements": [
                    {
                        "type": "rich_text_section",
                        "elements": [
                            {
                                "type": "text",
                                "text": "and there it goes the controversy"
                            }
                        ]
                    }
                ]
            }
        ]
    },
    {
        "client_msg_id": "95ccbe4b-4c9c-41b3-95bb-c1ac719e3b25",
        "type": "message",
        "text": "i have something else to say",
        "user": "U01RW2X7S9Z",
        "ts": "1616760441.008100",
        "team": "T01RBRV5F7H",
        "user_team": "T01RBRV5F7H",
        "source_team": "T01RBRV5F7H",
        "user_profile": {
            "avatar_hash": "7e12d75d168a",
            "image_72": "https:\/\/avatars.slack-edge.com\/2021-03-19\/1880105796643_7e12d75d168ae25c167d_72.jpg",
            "first_name": "Alexandre",
            "real_name": "Alexandre Sommerkamp",
            "display_name": "Alexandre Sommerkamp",
            "team": "T01RBRV5F7H",
            "name": "alex.c.skp",
            "is_restricted": false,
            "is_ultra_restricted": false
        },
        "blocks": [
            {
                "type": "rich_text",
                "block_id": "TF1",
                "elements": [
                    {
                        "type": "rich_text_section",
                        "elements": [
                            {
                                "type": "text",
                                "text": "i have something else to say"
                            }
                        ]
                    }
                ]
            }
        ]
    },
    {
        "client_msg_id": "e54a7aad-ab63-44c1-b61b-850c1cb6d967",
        "type": "message",
        "text": "THE LORD OF THE RINGS IS 10H OF PEOPLE WALKING",
        "user": "U01RW2X7S9Z",
        "ts": "1616760453.008900",
        "team": "T01RBRV5F7H",
        "user_team": "T01RBRV5F7H",
        "source_team": "T01RBRV5F7H",
        "user_profile": {
            "avatar_hash": "7e12d75d168a",
            "image_72": "https:\/\/avatars.slack-edge.com\/2021-03-19\/1880105796643_7e12d75d168ae25c167d_72.jpg",
            "first_name": "Alexandre",
            "real_name": "Alexandre Sommerkamp",
            "display_name": "Alexandre Sommerkamp",
            "team": "T01RBRV5F7H",
            "name": "alex.c.skp",
            "is_restricted": false,
            "is_ultra_restricted": false
        },
        "blocks": [
            {
                "type": "rich_text",
                "block_id": "yHSI",
                "elements": [
                    {
                        "type": "rich_text_section",
                        "elements": [
                            {
                                "type": "text",
                                "text": "THE LORD OF THE RINGS IS 10H OF PEOPLE WALKING"
                            }
                        ]
                    }
                ]
            }
        ],
        "thread_ts": "1616760453.008900",
        "reply_count": 2,
        "reply_users_count": 2,
        "latest_reply": "1616760870.018600",
        "reply_users": [
            "U01RXCQHMHT",
            "U01RW2X7S9Z"
        ],
        "replies": [
            {
                "user": "U01RXCQHMHT",
                "ts": "1616760490.009800"
            },
            {
                "user": "U01RW2X7S9Z",
                "ts": "1616760870.018600"
            }
        ],
        "is_locked": false,
        "subscribed": false
    },
    {
        "client_msg_id": "3e988108-ca95-4da6-a9ac-3a08a8a74714",
        "type": "message",
        "text": "George Lucas was into Joseph Campbell and Jung I think.  So the way I see it is that each character is symbolic and represents parts of Lucas' psyche.",
        "user": "U01RXCQHMHT",
        "ts": "1616760468.009200",
        "team": "T01RBRV5F7H",
        "user_team": "T01RBRV5F7H",
        "source_team": "T01RBRV5F7H",
        "user_profile": {
            "avatar_hash": "7290c61c38a0",
            "image_72": "https:\/\/avatars.slack-edge.com\/2021-03-22\/1898002028225_7290c61c38a01ad66680_72.jpg",
            "first_name": "Thanh",
            "real_name": "Thanh Tung Ha Thuc DAFT Berlin March 2021",
            "display_name": "Tony Ha",
            "team": "T01RBRV5F7H",
            "name": "tony.hathuc",
            "is_restricted": false,
            "is_ultra_restricted": false
        },
        "blocks": [
            {
                "type": "rich_text",
                "block_id": "mgCWw",
                "elements": [
                    {
                        "type": "rich_text_section",
                        "elements": [
                            {
                                "type": "text",
                                "text": "George Lucas was into Joseph Campbell and Jung I think.  So the way I see it is that each character is symbolic and represents parts of Lucas' psyche."
                            }
                        ]
                    }
                ]
            }
        ]
    },
    {
        "client_msg_id": "80db80d4-4428-4fed-8b5e-86984f2c6e90",
        "type": "message",
        "text": "absolutely",
        "user": "U01RW2X7S9Z",
        "ts": "1616760479.009400",
        "team": "T01RBRV5F7H",
        "user_team": "T01RBRV5F7H",
        "source_team": "T01RBRV5F7H",
        "user_profile": {
            "avatar_hash": "7e12d75d168a",
            "image_72": "https:\/\/avatars.slack-edge.com\/2021-03-19\/1880105796643_7e12d75d168ae25c167d_72.jpg",
            "first_name": "Alexandre",
            "real_name": "Alexandre Sommerkamp",
            "display_name": "Alexandre Sommerkamp",
            "team": "T01RBRV5F7H",
            "name": "alex.c.skp",
            "is_restricted": false,
            "is_ultra_restricted": false
        },
        "blocks": [
            {
                "type": "rich_text",
                "block_id": "t2n",
                "elements": [
                    {
                        "type": "rich_text_section",
                        "elements": [
                            {
                                "type": "text",
                                "text": "absolutely"
                            }
                        ]
                    }
                ]
            }
        ]
    },
    {
        "client_msg_id": "e58b45c1-297c-4678-9981-3d4b95642199",
        "type": "message",
        "text": "blasphemy!!!!!!!",
        "user": "U01RXCQHMHT",
        "ts": "1616760490.009800",
        "team": "T01RBRV5F7H",
        "user_team": "T01RBRV5F7H",
        "source_team": "T01RBRV5F7H",
        "user_profile": {
            "avatar_hash": "7290c61c38a0",
            "image_72": "https:\/\/avatars.slack-edge.com\/2021-03-22\/1898002028225_7290c61c38a01ad66680_72.jpg",
            "first_name": "Thanh",
            "real_name": "Thanh Tung Ha Thuc DAFT Berlin March 2021",
            "display_name": "Tony Ha",
            "team": "T01RBRV5F7H",
            "name": "tony.hathuc",
            "is_restricted": false,
            "is_ultra_restricted": false
        },
        "blocks": [
            {
                "type": "rich_text",
                "block_id": "htl",
                "elements": [
                    {
                        "type": "rich_text_section",
                        "elements": [
                            {
                                "type": "text",
                                "text": "blasphemy!!!!!!!"
                            }
                        ]
                    }
                ]
            }
        ],
        "thread_ts": "1616760453.008900",
        "parent_user_id": "U01RW2X7S9Z"
    },
    {
        "client_msg_id": "fba7d8a4-eca1-4a00-ab2d-068f37eb861b",
        "type": "message",
        "text": "but thats what people do in their movies, and why tarantino shows a lot of feet",
        "user": "U01RW2X7S9Z",
        "ts": "1616760495.010000",
        "team": "T01RBRV5F7H",
        "user_team": "T01RBRV5F7H",
        "source_team": "T01RBRV5F7H",
        "user_profile": {
            "avatar_hash": "7e12d75d168a",
            "image_72": "https:\/\/avatars.slack-edge.com\/2021-03-19\/1880105796643_7e12d75d168ae25c167d_72.jpg",
            "first_name": "Alexandre",
            "real_name": "Alexandre Sommerkamp",
            "display_name": "Alexandre Sommerkamp",
            "team": "T01RBRV5F7H",
            "name": "alex.c.skp",
            "is_restricted": false,
            "is_ultra_restricted": false
        },
        "blocks": [
            {
                "type": "rich_text",
                "block_id": "8ByG",
                "elements": [
                    {
                        "type": "rich_text_section",
                        "elements": [
                            {
                                "type": "text",
                                "text": "but thats what people do in their movies, and why tarantino shows a lot of feet"
                            }
                        ]
                    }
                ]
            }
        ],
        "thread_ts": "1616760495.010000",
        "reply_count": 1,
        "reply_users_count": 1,
        "latest_reply": "1616762869.019800",
        "reply_users": [
            "U01S7KCL3DF"
        ],
        "replies": [
            {
                "user": "U01S7KCL3DF",
                "ts": "1616762869.019800"
            }
        ],
        "is_locked": false,
        "subscribed": false
    },
    {
        "bot_id": "B01S7FSR36Y",
        "type": "message",
        "text": "well that escalated quickly",
        "user": "U01RN7BVD1C",
        "ts": "1616760530.010700",
        "team": "T01RBRV5F7H",
        "bot_profile": {
            "id": "B01S7FSR36Y",
            "deleted": false,
            "name": "giphy",
            "updated": 1616421896,
            "app_id": "A0F827J2C",
            "icons": {
                "image_36": "https:\/\/a.slack-edge.com\/dc483\/img\/plugins\/giphy\/service_72.png",
                "image_48": "https:\/\/a.slack-edge.com\/dc483\/img\/plugins\/giphy\/service_48.png",
                "image_72": "https:\/\/a.slack-edge.com\/dc483\/img\/plugins\/giphy\/service_72.png"
            },
            "team_id": "T01RBRV5F7H"
        },
        "blocks": [
            {
                "type": "image",
                "block_id": "jZr",
                "image_url": "https:\/\/media1.giphy.com\/media\/XWwIzh5GIWWf6\/giphy.gif?cid=6104955e5f16971a532f910cb5c3f26110c1e8c1f6f9e734&rid=giphy.gif&ct=g",
                "alt_text": "well that escalated quickly",
                "title": {
                    "type": "plain_text",
                    "text": "well that escalated quickly",
                    "emoji": true
                },
                "fallback": "375x197px image",
                "image_width": 375,
                "image_height": 197,
                "image_bytes": 1991680,
                "is_animated": true
            },
            {
                "type": "context",
                "block_id": "4Ko+",
                "elements": [
                    {
                        "type": "image",
                        "image_url": "https:\/\/a.slack-edge.com\/dc483\/img\/plugins\/giphy\/service_32.png",
                        "alt_text": "giphy logo"
                    },
                    {
                        "type": "mrkdwn",
                        "text": "Posted using \/giphy",
                        "verbatim": false
                    }
                ]
            }
        ],
        "reactions": [
            {
                "name": "rolling_on_the_floor_laughing",
                "users": [
                    "U01RW2X7S9Z",
                    "U01RSRE0N3D",
                    "U01S7BM4N81"
                ],
                "count": 3
            }
        ]
    },
    {
        "client_msg_id": "2c589a9d-63b3-4cdf-9a36-f22c9dc016df",
        "type": "message",
        "text": "It's like Jung wrote the Red Book. Tolkien wrote LOTR.",
        "user": "U01RXCQHMHT",
        "ts": "1616760554.011700",
        "team": "T01RBRV5F7H",
        "user_team": "T01RBRV5F7H",
        "source_team": "T01RBRV5F7H",
        "user_profile": {
            "avatar_hash": "7290c61c38a0",
            "image_72": "https:\/\/avatars.slack-edge.com\/2021-03-22\/1898002028225_7290c61c38a01ad66680_72.jpg",
            "first_name": "Thanh",
            "real_name": "Thanh Tung Ha Thuc DAFT Berlin March 2021",
            "display_name": "Tony Ha",
            "team": "T01RBRV5F7H",
            "name": "tony.hathuc",
            "is_restricted": false,
            "is_ultra_restricted": false
        },
        "blocks": [
            {
                "type": "rich_text",
                "block_id": "KycH",
                "elements": [
                    {
                        "type": "rich_text_section",
                        "elements": [
                            {
                                "type": "text",
                                "text": "It's like Jung wrote the Red Book. Tolkien wrote LOTR."
                            }
                        ]
                    }
                ]
            }
        ]
    },
    {
        "client_msg_id": "bc3b0acd-5028-47c7-838d-88c50eaf33de",
        "type": "message",
        "text": "is this a good time to mention that though I have never seen star wars, i have been to the set at elstree studios where SW trilogy was filmed and ate in the canteen of the George Lucas Stage next to the big gold robot thing… not sure whats thats called",
        "user": "U01RW140HBP",
        "ts": "1616760556.011900",
        "team": "T01RBRV5F7H",
        "user_team": "T01RBRV5F7H",
        "source_team": "T01RBRV5F7H",
        "user_profile": {
            "avatar_hash": "4c43a3a8d10b",
            "image_72": "https:\/\/avatars.slack-edge.com\/2021-03-21\/1895736308209_4c43a3a8d10bc2fe5e13_72.png",
            "first_name": "siand",
            "real_name": "siand the LT (she\/her)",
            "display_name": "siand the LT (she\/her)",
            "team": "T01RBRV5F7H",
            "name": "sian.davies",
            "is_restricted": false,
            "is_ultra_restricted": false
        },
        "blocks": [
            {
                "type": "rich_text",
                "block_id": "z3HB",
                "elements": [
                    {
                        "type": "rich_text_section",
                        "elements": [
                            {
                                "type": "text",
                                "text": "is this a good time to mention that though I have never seen star wars, i have been to the set at elstree studios where SW trilogy was filmed and ate in the canteen of the George Lucas Stage next to the big gold robot thing… not sure whats thats called"
                            }
                        ]
                    }
                ]
            }
        ],
        "reactions": [
            {
                "name": "eyes",
                "users": [
                    "U01RXCQHMHT",
                    "U01RN7BVD1C",
                    "U01S79YDELR"
                ],
                "count": 3
            }
        ]
    },
    {
        "client_msg_id": "6a718031-469a-4a1d-9659-f4475def7dc3",
        "type": "message",
        "text": "back when i worked as a show runner lol",
        "user": "U01RW140HBP",
        "ts": "1616760567.012300",
        "team": "T01RBRV5F7H",
        "user_team": "T01RBRV5F7H",
        "source_team": "T01RBRV5F7H",
        "user_profile": {
            "avatar_hash": "4c43a3a8d10b",
            "image_72": "https:\/\/avatars.slack-edge.com\/2021-03-21\/1895736308209_4c43a3a8d10bc2fe5e13_72.png",
            "first_name": "siand",
            "real_name": "siand the LT (she\/her)",
            "display_name": "siand the LT (she\/her)",
            "team": "T01RBRV5F7H",
            "name": "sian.davies",
            "is_restricted": false,
            "is_ultra_restricted": false
        },
        "blocks": [
            {
                "type": "rich_text",
                "block_id": "xSRe",
                "elements": [
                    {
                        "type": "rich_text_section",
                        "elements": [
                            {
                                "type": "text",
                                "text": "back when i worked as a show runner lol"
                            }
                        ]
                    }
                ]
            }
        ]
    },
    {
        "client_msg_id": "4fea8460-e495-4ea7-b9c7-4f92fa81de96",
        "type": "message",
        "text": "I am more a fan of the Matrix Trilogy :smile:",
        "user": "U01RXCQHMHT",
        "ts": "1616760573.012600",
        "team": "T01RBRV5F7H",
        "user_team": "T01RBRV5F7H",
        "source_team": "T01RBRV5F7H",
        "user_profile": {
            "avatar_hash": "7290c61c38a0",
            "image_72": "https:\/\/avatars.slack-edge.com\/2021-03-22\/1898002028225_7290c61c38a01ad66680_72.jpg",
            "first_name": "Thanh",
            "real_name": "Thanh Tung Ha Thuc DAFT Berlin March 2021",
            "display_name": "Tony Ha",
            "team": "T01RBRV5F7H",
            "name": "tony.hathuc",
            "is_restricted": false,
            "is_ultra_restricted": false
        },
        "blocks": [
            {
                "type": "rich_text",
                "block_id": "Wcfc4",
                "elements": [
                    {
                        "type": "rich_text_section",
                        "elements": [
                            {
                                "type": "text",
                                "text": "I am more a fan of the Matrix Trilogy "
                            },
                            {
                                "type": "emoji",
                                "name": "smile"
                            }
                        ]
                    }
                ]
            }
        ],
        "thread_ts": "1616760573.012600",
        "reply_count": 1,
        "reply_users_count": 1,
        "latest_reply": "1616760630.014200",
        "reply_users": [
            "U01RSRE0N3D"
        ],
        "replies": [
            {
                "user": "U01RSRE0N3D",
                "ts": "1616760630.014200"
            }
        ],
        "is_locked": false,
        "subscribed": true,
        "last_read": "1616760630.014200"
    },
    {
        "bot_id": "B01S7FSR36Y",
        "type": "message",
        "text": "whoa",
        "user": "U01SJKB2MG8",
        "ts": "1616760603.013400",
        "team": "T01RBRV5F7H",
        "bot_profile": {
            "id": "B01S7FSR36Y",
            "deleted": false,
            "name": "giphy",
            "updated": 1616421896,
            "app_id": "A0F827J2C",
            "icons": {
                "image_36": "https:\/\/a.slack-edge.com\/dc483\/img\/plugins\/giphy\/service_72.png",
                "image_48": "https:\/\/a.slack-edge.com\/dc483\/img\/plugins\/giphy\/service_48.png",
                "image_72": "https:\/\/a.slack-edge.com\/dc483\/img\/plugins\/giphy\/service_72.png"
            },
            "team_id": "T01RBRV5F7H"
        },
        "blocks": [
            {
                "type": "image",
                "block_id": "3Am",
                "image_url": "https:\/\/media3.giphy.com\/media\/L4Bb7zCaP8FB5C769T\/giphy.gif?cid=6104955efa2fd7434b51debd7259926f72a653727cfc41f5&rid=giphy.gif&ct=g",
                "alt_text": "whoa",
                "title": {
                    "type": "plain_text",
                    "text": "whoa",
                    "emoji": true
                },
                "fallback": "480x270px image",
                "image_width": 480,
                "image_height": 270,
                "image_bytes": 1611619,
                "is_animated": true
            },
            {
                "type": "context",
                "block_id": "iUZ",
                "elements": [
                    {
                        "type": "image",
                        "image_url": "https:\/\/a.slack-edge.com\/dc483\/img\/plugins\/giphy\/service_32.png",
                        "alt_text": "giphy logo"
                    },
                    {
                        "type": "mrkdwn",
                        "text": "Posted using \/giphy | GIF by <https:\/\/giphy.com\/thelonelyisland\/|The Lonely Island>",
                        "verbatim": false
                    }
                ]
            }
        ],
        "thread_ts": "1616760603.013400",
        "reply_count": 1,
        "reply_users_count": 1,
        "latest_reply": "1616760643.014700",
        "reply_users": [
            "U01RW2X7S9Z"
        ],
        "replies": [
            {
                "user": "U01RW2X7S9Z",
                "ts": "1616760643.014700"
            }
        ],
        "is_locked": false,
        "subscribed": false
    },
    {
        "client_msg_id": "1351fb00-8fd0-4316-9a1a-a07f3d50dc3d",
        "type": "message",
        "text": "thats maybe time to reveal myself as a Harry Potter Fanatic",
        "user": "U01RN7BVD1C",
        "ts": "1616760608.013600",
        "team": "T01RBRV5F7H",
        "user_team": "T01RBRV5F7H",
        "source_team": "T01RBRV5F7H",
        "user_profile": {
            "avatar_hash": "55e0c1b57456",
            "image_72": "https:\/\/avatars.slack-edge.com\/2021-03-20\/1882033802643_55e0c1b574562994417f_72.jpg",
            "first_name": "Josephine",
            "real_name": "Josephine Biedermann",
            "display_name": "Phine",
            "team": "T01RBRV5F7H",
            "name": "josephinebiedermann",
            "is_restricted": false,
            "is_ultra_restricted": false
        },
        "blocks": [
            {
                "type": "rich_text",
                "block_id": "ix5",
                "elements": [
                    {
                        "type": "rich_text_section",
                        "elements": [
                            {
                                "type": "text",
                                "text": "thats maybe time to reveal myself as a Harry Potter Fanatic"
                            }
                        ]
                    }
                ]
            }
        ],
        "thread_ts": "1616760608.013600",
        "reply_count": 1,
        "reply_users_count": 1,
        "latest_reply": "1616760641.014500",
        "reply_users": [
            "U01RXCQHMHT"
        ],
        "replies": [
            {
                "user": "U01RXCQHMHT",
                "ts": "1616760641.014500"
            }
        ],
        "is_locked": false,
        "subscribed": false
    },
    {
        "client_msg_id": "b7babbd5-1158-4488-becd-dc5d9ee8fa1c",
        "type": "message",
        "text": "<@U01RW140HBP>",
        "user": "U01SJKB2MG8",
        "ts": "1616760608.013700",
        "team": "T01RBRV5F7H",
        "user_team": "T01RBRV5F7H",
        "source_team": "T01RBRV5F7H",
        "user_profile": {
            "avatar_hash": "88fa894fdb53",
            "image_72": "https:\/\/avatars.slack-edge.com\/2021-03-19\/1885033153332_88fa894fdb5366452adf_72.jpg",
            "first_name": "Florian",
            "real_name": "Florian Titze",
            "display_name": "Flo Titze",
            "team": "T01RBRV5F7H",
            "name": "florian.titze",
            "is_restricted": false,
            "is_ultra_restricted": false
        },
        "blocks": [
            {
                "type": "rich_text",
                "block_id": "gc0",
                "elements": [
                    {
                        "type": "rich_text_section",
                        "elements": [
                            {
                                "type": "user",
                                "user_id": "U01RW140HBP"
                            }
                        ]
                    }
                ]
            }
        ]
    },
    {
        "client_msg_id": "289d40fb-624d-4310-af6f-facd8b5045a7",
        "type": "message",
        "text": "Matrix? Was that like Terminator but with VR?",
        "user": "U01RSRE0N3D",
        "ts": "1616760630.014200",
        "team": "T01RBRV5F7H",
        "user_team": "T01RBRV5F7H",
        "source_team": "T01RBRV5F7H",
        "user_profile": {
            "avatar_hash": "5b0571ca5e6f",
            "image_72": "https:\/\/avatars.slack-edge.com\/2021-03-18\/1876877550179_5b0571ca5e6fe1f759fe_72.jpg",
            "first_name": "Kosta",
            "real_name": "Kosta",
            "display_name": "Kosta",
            "team": "T01RBRV5F7H",
            "name": "kostadin.mitkov",
            "is_restricted": false,
            "is_ultra_restricted": false
        },
        "blocks": [
            {
                "type": "rich_text",
                "block_id": "DM5",
                "elements": [
                    {
                        "type": "rich_text_section",
                        "elements": [
                            {
                                "type": "text",
                                "text": "Matrix? Was that like Terminator but with VR?"
                            }
                        ]
                    }
                ]
            }
        ],
        "thread_ts": "1616760573.012600",
        "parent_user_id": "U01RXCQHMHT"
    },
    {
        "client_msg_id": "92999690-3257-4954-923d-0683cff36c02",
        "type": "message",
        "text": "yeeeeeeees",
        "user": "U01RXCQHMHT",
        "ts": "1616760641.014500",
        "team": "T01RBRV5F7H",
        "user_team": "T01RBRV5F7H",
        "source_team": "T01RBRV5F7H",
        "user_profile": {
            "avatar_hash": "7290c61c38a0",
            "image_72": "https:\/\/avatars.slack-edge.com\/2021-03-22\/1898002028225_7290c61c38a01ad66680_72.jpg",
            "first_name": "Thanh",
            "real_name": "Thanh Tung Ha Thuc DAFT Berlin March 2021",
            "display_name": "Tony Ha",
            "team": "T01RBRV5F7H",
            "name": "tony.hathuc",
            "is_restricted": false,
            "is_ultra_restricted": false
        },
        "blocks": [
            {
                "type": "rich_text",
                "block_id": "6MT",
                "elements": [
                    {
                        "type": "rich_text_section",
                        "elements": [
                            {
                                "type": "text",
                                "text": "yeeeeeeees"
                            }
                        ]
                    }
                ]
            }
        ],
        "thread_ts": "1616760608.013600",
        "parent_user_id": "U01RN7BVD1C",
        "reactions": [
            {
                "name": "tada",
                "users": [
                    "U01RN7BVD1C"
                ],
                "count": 1
            }
        ]
    },
    {
        "client_msg_id": "7fd8412e-7584-4572-a5c5-e0ab734ac889",
        "type": "message",
        "text": "feeling the same about it",
        "user": "U01RW2X7S9Z",
        "ts": "1616760643.014700",
        "team": "T01RBRV5F7H",
        "user_team": "T01RBRV5F7H",
        "source_team": "T01RBRV5F7H",
        "user_profile": {
            "avatar_hash": "7e12d75d168a",
            "image_72": "https:\/\/avatars.slack-edge.com\/2021-03-19\/1880105796643_7e12d75d168ae25c167d_72.jpg",
            "first_name": "Alexandre",
            "real_name": "Alexandre Sommerkamp",
            "display_name": "Alexandre Sommerkamp",
            "team": "T01RBRV5F7H",
            "name": "alex.c.skp",
            "is_restricted": false,
            "is_ultra_restricted": false
        },
        "blocks": [
            {
                "type": "rich_text",
                "block_id": "vQW",
                "elements": [
                    {
                        "type": "rich_text_section",
                        "elements": [
                            {
                                "type": "text",
                                "text": "feeling the same about it"
                            }
                        ]
                    }
                ]
            }
        ],
        "thread_ts": "1616760603.013400",
        "parent_user_id": "U01SJKB2MG8"
    },
    {
        "client_msg_id": "e49274e2-ad2d-4469-a7be-aa8670b52a4c",
        "type": "message",
        "text": "hehe i was a bit confused by the fuss to be honest",
        "user": "U01RW140HBP",
        "ts": "1616760650.015100",
        "team": "T01RBRV5F7H",
        "user_team": "T01RBRV5F7H",
        "source_team": "T01RBRV5F7H",
        "user_profile": {
            "avatar_hash": "4c43a3a8d10b",
            "image_72": "https:\/\/avatars.slack-edge.com\/2021-03-21\/1895736308209_4c43a3a8d10bc2fe5e13_72.png",
            "first_name": "siand",
            "real_name": "siand the LT (she\/her)",
            "display_name": "siand the LT (she\/her)",
            "team": "T01RBRV5F7H",
            "name": "sian.davies",
            "is_restricted": false,
            "is_ultra_restricted": false
        },
        "blocks": [
            {
                "type": "rich_text",
                "block_id": "+mb",
                "elements": [
                    {
                        "type": "rich_text_section",
                        "elements": [
                            {
                                "type": "text",
                                "text": "hehe i was a bit confused by the fuss to be honest"
                            }
                        ]
                    }
                ]
            }
        ]
    },
    {
        "client_msg_id": "919eac08-f554-4f40-863b-39e2842b2036",
        "type": "message",
        "text": "heard of people being in the set in tunisia of luke´s house in the desert, but the CANTEEN??",
        "user": "U01RW2X7S9Z",
        "ts": "1616760662.015600",
        "team": "T01RBRV5F7H",
        "user_team": "T01RBRV5F7H",
        "source_team": "T01RBRV5F7H",
        "user_profile": {
            "avatar_hash": "7e12d75d168a",
            "image_72": "https:\/\/avatars.slack-edge.com\/2021-03-19\/1880105796643_7e12d75d168ae25c167d_72.jpg",
            "first_name": "Alexandre",
            "real_name": "Alexandre Sommerkamp",
            "display_name": "Alexandre Sommerkamp",
            "team": "T01RBRV5F7H",
            "name": "alex.c.skp",
            "is_restricted": false,
            "is_ultra_restricted": false
        },
        "blocks": [
            {
                "type": "rich_text",
                "block_id": "=Xe",
                "elements": [
                    {
                        "type": "rich_text_section",
                        "elements": [
                            {
                                "type": "text",
                                "text": "heard of people being in the set in tunisia of luke´s house in the desert, but the CANTEEN??"
                            }
                        ]
                    }
                ]
            }
        ]
    },
    {
        "client_msg_id": "d2453fff-f9d5-4f4d-ab0e-72b80f7f3357",
        "type": "message",
        "text": "you must know who shot first, han or greedo",
        "user": "U01RW2X7S9Z",
        "ts": "1616760693.016400",
        "team": "T01RBRV5F7H",
        "user_team": "T01RBRV5F7H",
        "source_team": "T01RBRV5F7H",
        "user_profile": {
            "avatar_hash": "7e12d75d168a",
            "image_72": "https:\/\/avatars.slack-edge.com\/2021-03-19\/1880105796643_7e12d75d168ae25c167d_72.jpg",
            "first_name": "Alexandre",
            "real_name": "Alexandre Sommerkamp",
            "display_name": "Alexandre Sommerkamp",
            "team": "T01RBRV5F7H",
            "name": "alex.c.skp",
            "is_restricted": false,
            "is_ultra_restricted": false
        },
        "blocks": [
            {
                "type": "rich_text",
                "block_id": "Jf\/yZ",
                "elements": [
                    {
                        "type": "rich_text_section",
                        "elements": [
                            {
                                "type": "text",
                                "text": "you must know who shot first, han or greedo"
                            }
                        ]
                    }
                ]
            }
        ],
        "reactions": [
            {
                "name": "woman-shrugging",
                "users": [
                    "U01RW140HBP"
                ],
                "count": 1
            }
        ]
    },
    {
        "client_msg_id": "f1c0f4ad-4778-4dac-9ef1-1ca86db7cfd7",
        "type": "message",
        "text": "yeah they added the canteen onto the side of that stage and made it star wars themed. now anyone filming at elstree gets to eat among the characters (or at least the lifesize models)",
        "user": "U01RW140HBP",
        "ts": "1616760712.016900",
        "team": "T01RBRV5F7H",
        "user_team": "T01RBRV5F7H",
        "source_team": "T01RBRV5F7H",
        "user_profile": {
            "avatar_hash": "4c43a3a8d10b",
            "image_72": "https:\/\/avatars.slack-edge.com\/2021-03-21\/1895736308209_4c43a3a8d10bc2fe5e13_72.png",
            "first_name": "siand",
            "real_name": "siand the LT (she\/her)",
            "display_name": "siand the LT (she\/her)",
            "team": "T01RBRV5F7H",
            "name": "sian.davies",
            "is_restricted": false,
            "is_ultra_restricted": false
        },
        "blocks": [
            {
                "type": "rich_text",
                "block_id": "mz4",
                "elements": [
                    {
                        "type": "rich_text_section",
                        "elements": [
                            {
                                "type": "text",
                                "text": "yeah they added the canteen onto the side of that stage and made it star wars themed. now anyone filming at elstree gets to eat among the characters (or at least the lifesize models)"
                            }
                        ]
                    }
                ]
            }
        ],
        "thread_ts": "1616760712.016900",
        "reply_count": 2,
        "reply_users_count": 1,
        "latest_reply": "1616760849.018300",
        "reply_users": [
            "U01RW2X7S9Z"
        ],
        "replies": [
            {
                "user": "U01RW2X7S9Z",
                "ts": "1616760842.018100"
            },
            {
                "user": "U01RW2X7S9Z",
                "ts": "1616760849.018300"
            }
        ],
        "is_locked": false,
        "subscribed": false
    },
    {
        "client_msg_id": "9a7dc76f-b9e9-4d52-844b-4d6fd53f3843",
        "type": "message",
        "text": "its kitsch but fun",
        "user": "U01RW140HBP",
        "ts": "1616760717.017100",
        "team": "T01RBRV5F7H",
        "user_team": "T01RBRV5F7H",
        "source_team": "T01RBRV5F7H",
        "user_profile": {
            "avatar_hash": "4c43a3a8d10b",
            "image_72": "https:\/\/avatars.slack-edge.com\/2021-03-21\/1895736308209_4c43a3a8d10bc2fe5e13_72.png",
            "first_name": "siand",
            "real_name": "siand the LT (she\/her)",
            "display_name": "siand the LT (she\/her)",
            "team": "T01RBRV5F7H",
            "name": "sian.davies",
            "is_restricted": false,
            "is_ultra_restricted": false
        },
        "blocks": [
            {
                "type": "rich_text",
                "block_id": "tjXc8",
                "elements": [
                    {
                        "type": "rich_text_section",
                        "elements": [
                            {
                                "type": "text",
                                "text": "its kitsch but fun"
                            }
                        ]
                    }
                ]
            }
        ]
    },
    {
        "client_msg_id": "ddb51337-9973-4149-9e66-df7a560f010c",
        "type": "message",
        "text": "id love to stay in this conversation but gotta get to some housekeeping",
        "user": "U01RW2X7S9Z",
        "ts": "1616760745.017700",
        "team": "T01RBRV5F7H",
        "user_team": "T01RBRV5F7H",
        "source_team": "T01RBRV5F7H",
        "user_profile": {
            "avatar_hash": "7e12d75d168a",
            "image_72": "https:\/\/avatars.slack-edge.com\/2021-03-19\/1880105796643_7e12d75d168ae25c167d_72.jpg",
            "first_name": "Alexandre",
            "real_name": "Alexandre Sommerkamp",
            "display_name": "Alexandre Sommerkamp",
            "team": "T01RBRV5F7H",
            "name": "alex.c.skp",
            "is_restricted": false,
            "is_ultra_restricted": false
        },
        "blocks": [
            {
                "type": "rich_text",
                "block_id": "hzy",
                "elements": [
                    {
                        "type": "rich_text_section",
                        "elements": [
                            {
                                "type": "text",
                                "text": "id love to stay in this conversation but gotta get to some housekeeping"
                            }
                        ]
                    }
                ]
            }
        ]
    },
    {
        "bot_id": "B01S7FSR36Y",
        "type": "message",
        "text": "coool",
        "user": "U01RW2X7S9Z",
        "ts": "1616760842.018100",
        "team": "T01RBRV5F7H",
        "bot_profile": {
            "id": "B01S7FSR36Y",
            "deleted": false,
            "name": "giphy",
            "updated": 1616421896,
            "app_id": "A0F827J2C",
            "icons": {
                "image_36": "https:\/\/a.slack-edge.com\/dc483\/img\/plugins\/giphy\/service_72.png",
                "image_48": "https:\/\/a.slack-edge.com\/dc483\/img\/plugins\/giphy\/service_48.png",
                "image_72": "https:\/\/a.slack-edge.com\/dc483\/img\/plugins\/giphy\/service_72.png"
            },
            "team_id": "T01RBRV5F7H"
        },
        "blocks": [
            {
                "type": "image",
                "block_id": "ht5Q",
                "image_url": "https:\/\/media2.giphy.com\/media\/oGO1MPNUVbbk4\/giphy.gif?cid=6104955eba39e2591caa87f90870711947d60871b622cd03&rid=giphy.gif&ct=g",
                "alt_text": "coool",
                "title": {
                    "type": "plain_text",
                    "text": "coool",
                    "emoji": true
                },
                "fallback": "150x113px image",
                "image_width": 150,
                "image_height": 113,
                "image_bytes": 927425,
                "is_animated": true
            },
            {
                "type": "context",
                "block_id": "UBp7l",
                "elements": [
                    {
                        "type": "image",
                        "image_url": "https:\/\/a.slack-edge.com\/dc483\/img\/plugins\/giphy\/service_32.png",
                        "alt_text": "giphy logo"
                    },
                    {
                        "type": "mrkdwn",
                        "text": "Posted using \/giphy",
                        "verbatim": false
                    }
                ]
            }
        ],
        "thread_ts": "1616760712.016900",
        "parent_user_id": "U01RW140HBP"
    },
    {
        "client_msg_id": "105c75f9-0be3-4fa2-b534-007672b098c4",
        "type": "message",
        "text": "sounds like a fun place to have lunch",
        "user": "U01RW2X7S9Z",
        "ts": "1616760849.018300",
        "team": "T01RBRV5F7H",
        "user_team": "T01RBRV5F7H",
        "source_team": "T01RBRV5F7H",
        "user_profile": {
            "avatar_hash": "7e12d75d168a",
            "image_72": "https:\/\/avatars.slack-edge.com\/2021-03-19\/1880105796643_7e12d75d168ae25c167d_72.jpg",
            "first_name": "Alexandre",
            "real_name": "Alexandre Sommerkamp",
            "display_name": "Alexandre Sommerkamp",
            "team": "T01RBRV5F7H",
            "name": "alex.c.skp",
            "is_restricted": false,
            "is_ultra_restricted": false
        },
        "blocks": [
            {
                "type": "rich_text",
                "block_id": "TyXz",
                "elements": [
                    {
                        "type": "rich_text_section",
                        "elements": [
                            {
                                "type": "text",
                                "text": "sounds like a fun place to have lunch"
                            }
                        ]
                    }
                ]
            }
        ],
        "thread_ts": "1616760712.016900",
        "parent_user_id": "U01RW140HBP"
    },
    {
        "bot_id": "B01S7FSR36Y",
        "type": "message",
        "text": "boo",
        "user": "U01RW2X7S9Z",
        "ts": "1616760870.018600",
        "team": "T01RBRV5F7H",
        "bot_profile": {
            "id": "B01S7FSR36Y",
            "deleted": false,
            "name": "giphy",
            "updated": 1616421896,
            "app_id": "A0F827J2C",
            "icons": {
                "image_36": "https:\/\/a.slack-edge.com\/dc483\/img\/plugins\/giphy\/service_72.png",
                "image_48": "https:\/\/a.slack-edge.com\/dc483\/img\/plugins\/giphy\/service_48.png",
                "image_72": "https:\/\/a.slack-edge.com\/dc483\/img\/plugins\/giphy\/service_72.png"
            },
            "team_id": "T01RBRV5F7H"
        },
        "blocks": [
            {
                "type": "image",
                "block_id": "QAE3",
                "image_url": "https:\/\/media2.giphy.com\/media\/1AIhd2nz8temTBXcgK\/giphy.gif?cid=6104955ec3549234c5f3998e2b25351b9b56d048d0d91779&rid=giphy.gif&ct=g",
                "alt_text": "boo",
                "title": {
                    "type": "plain_text",
                    "text": "boo",
                    "emoji": true
                },
                "fallback": "500x500px image",
                "image_width": 500,
                "image_height": 500,
                "image_bytes": 1558347,
                "is_animated": true
            },
            {
                "type": "context",
                "block_id": "MZ=",
                "elements": [
                    {
                        "type": "image",
                        "image_url": "https:\/\/a.slack-edge.com\/dc483\/img\/plugins\/giphy\/service_32.png",
                        "alt_text": "giphy logo"
                    },
                    {
                        "type": "mrkdwn",
                        "text": "Posted using \/giphy | GIF by <https:\/\/giphy.com\/latenightseth\/|Late Night with Seth Meyers>",
                        "verbatim": false
                    }
                ]
            }
        ],
        "thread_ts": "1616760453.008900",
        "parent_user_id": "U01RW2X7S9Z"
    },
    {
        "client_msg_id": "53d5752b-bd0a-43fb-b5bb-0a3f0a5c3326",
        "type": "message",
        "text": "fair",
        "user": "U01RW140HBP",
        "ts": "1616761031.018900",
        "team": "T01RBRV5F7H",
        "user_team": "T01RBRV5F7H",
        "source_team": "T01RBRV5F7H",
        "user_profile": {
            "avatar_hash": "4c43a3a8d10b",
            "image_72": "https:\/\/avatars.slack-edge.com\/2021-03-21\/1895736308209_4c43a3a8d10bc2fe5e13_72.png",
            "first_name": "siand",
            "real_name": "siand the LT (she\/her)",
            "display_name": "siand the LT (she\/her)",
            "team": "T01RBRV5F7H",
            "name": "sian.davies",
            "is_restricted": false,
            "is_ultra_restricted": false
        },
        "blocks": [
            {
                "type": "rich_text",
                "block_id": "wyWC0",
                "elements": [
                    {
                        "type": "rich_text_section",
                        "elements": [
                            {
                                "type": "text",
                                "text": "fair"
                            }
                        ]
                    }
                ]
            }
        ]
    },
    {
        "type": "message",
        "text": "",
        "files": [
            {
                "id": "F01SJEZN86P",
                "created": 1616762655,
                "timestamp": 1616762655,
                "name": "image.png",
                "title": "image.png",
                "mimetype": "image\/png",
                "filetype": "png",
                "pretty_type": "PNG",
                "user": "U01RW2X7S9Z",
                "editable": false,
                "size": 811503,
                "mode": "hosted",
                "is_external": false,
                "external_type": "",
                "is_public": true,
                "public_url_shared": false,
                "display_as_bot": false,
                "username": "",
                "url_private": "https:\/\/files.slack.com\/files-pri\/T01RBRV5F7H-F01SJEZN86P\/image.png?t=xoxe-1861879185255-2005250891763-2017654554721-735ed824033d65b9b5a8817aca87e86a",
                "url_private_download": "https:\/\/files.slack.com\/files-pri\/T01RBRV5F7H-F01SJEZN86P\/download\/image.png?t=xoxe-1861879185255-2005250891763-2017654554721-735ed824033d65b9b5a8817aca87e86a",
                "thumb_64": "https:\/\/files.slack.com\/files-tmb\/T01RBRV5F7H-F01SJEZN86P-ba74e274bd\/image_64.png?t=xoxe-1861879185255-2005250891763-2017654554721-735ed824033d65b9b5a8817aca87e86a",
                "thumb_80": "https:\/\/files.slack.com\/files-tmb\/T01RBRV5F7H-F01SJEZN86P-ba74e274bd\/image_80.png?t=xoxe-1861879185255-2005250891763-2017654554721-735ed824033d65b9b5a8817aca87e86a",
                "thumb_360": "https:\/\/files.slack.com\/files-tmb\/T01RBRV5F7H-F01SJEZN86P-ba74e274bd\/image_360.png?t=xoxe-1861879185255-2005250891763-2017654554721-735ed824033d65b9b5a8817aca87e86a",
                "thumb_360_w": 360,
                "thumb_360_h": 331,
                "thumb_480": "https:\/\/files.slack.com\/files-tmb\/T01RBRV5F7H-F01SJEZN86P-ba74e274bd\/image_480.png?t=xoxe-1861879185255-2005250891763-2017654554721-735ed824033d65b9b5a8817aca87e86a",
                "thumb_480_w": 480,
                "thumb_480_h": 441,
                "thumb_160": "https:\/\/files.slack.com\/files-tmb\/T01RBRV5F7H-F01SJEZN86P-ba74e274bd\/image_160.png?t=xoxe-1861879185255-2005250891763-2017654554721-735ed824033d65b9b5a8817aca87e86a",
                "original_w": 672,
                "original_h": 617,
                "thumb_tiny": "AwAsADCvzsACjI7nFGX\/ALqflUkUTS524AHc0jIVYjBODjIFBpyoZ8\/91Pyow\/8AdT8qeFY9Fb8qCCDgjBoDlQ3En91PyprRuxzhR9OKlzS5oFyolszkMuBxg1MW+cqfyzVFJXiB2NjPXinfaJfUf98igpplxXZiuN2Og4\/Oq10MXDe+D+lNF1KMfMMf7opjyGRtzdaBJWY\/AzQ3GOKZmigojLDFJuFAPFBY4oI52G4Uu8UzJpdx9aBc7H+YtHmD3pm4+tJuJ70BzM\/\/2Q==",
                "permalink": "https:\/\/data-ft-ber-03-2021.slack.com\/files\/U01RW2X7S9Z\/F01SJEZN86P\/image.png",
                "permalink_public": "https:\/\/slack-files.com\/T01RBRV5F7H-F01SJEZN86P-b559e69422",
                "is_starred": false,
                "has_rich_preview": false
            }
        ],
        "upload": false,
        "user": "U01RW2X7S9Z",
        "display_as_bot": false,
        "ts": "1616762659.019000",
        "thread_ts": "1616762659.019000",
        "reply_count": 3,
        "reply_users_count": 2,
        "latest_reply": "1616762784.019600",
        "reply_users": [
            "U01S7BM4N81",
            "U01S7KCL3DF"
        ],
        "replies": [
            {
                "user": "U01S7BM4N81",
                "ts": "1616762702.019100"
            },
            {
                "user": "U01S7BM4N81",
                "ts": "1616762714.019300"
            },
            {
                "user": "U01S7KCL3DF",
                "ts": "1616762784.019600"
            }
        ],
        "is_locked": false,
        "subscribed": false,
        "reactions": [
            {
                "name": "raised_hands",
                "users": [
                    "U01RW140HBP"
                ],
                "count": 1
            }
        ]
    },
    {
        "client_msg_id": "791eb1dc-93b2-4109-8ad8-9cb22f943953",
        "type": "message",
        "text": "Thats the LEAST they should do for him after what they did to him :confused:",
        "user": "U01S7BM4N81",
        "ts": "1616762702.019100",
        "team": "T01RBRV5F7H",
        "user_team": "T01RBRV5F7H",
        "source_team": "T01RBRV5F7H",
        "user_profile": {
            "avatar_hash": "2adfc641e87e",
            "image_72": "https:\/\/avatars.slack-edge.com\/2021-04-16\/1994438084416_2adfc641e87e3a953d9c_72.png",
            "first_name": "Thamo",
            "real_name": "Thamo",
            "display_name": "Thamo",
            "team": "T01RBRV5F7H",
            "name": "thamokoeper",
            "is_restricted": false,
            "is_ultra_restricted": false
        },
        "blocks": [
            {
                "type": "rich_text",
                "block_id": "25Ip",
                "elements": [
                    {
                        "type": "rich_text_section",
                        "elements": [
                            {
                                "type": "text",
                                "text": "Thats the LEAST they should do for him after what they did to him "
                            },
                            {
                                "type": "emoji",
                                "name": "confused"
                            }
                        ]
                    }
                ]
            }
        ],
        "thread_ts": "1616762659.019000",
        "parent_user_id": "U01RW2X7S9Z",
        "reactions": [
            {
                "name": "+1",
                "users": [
                    "U01S7KCL3DF"
                ],
                "count": 1
            }
        ]
    },
    {
        "client_msg_id": "2565b804-559b-4b46-b39b-845930285b6d",
        "type": "message",
        "text": "And awesome it exists! :slightly_smiling_face:",
        "user": "U01S7BM4N81",
        "ts": "1616762714.019300",
        "team": "T01RBRV5F7H",
        "user_team": "T01RBRV5F7H",
        "source_team": "T01RBRV5F7H",
        "user_profile": {
            "avatar_hash": "2adfc641e87e",
            "image_72": "https:\/\/avatars.slack-edge.com\/2021-04-16\/1994438084416_2adfc641e87e3a953d9c_72.png",
            "first_name": "Thamo",
            "real_name": "Thamo",
            "display_name": "Thamo",
            "team": "T01RBRV5F7H",
            "name": "thamokoeper",
            "is_restricted": false,
            "is_ultra_restricted": false
        },
        "blocks": [
            {
                "type": "rich_text",
                "block_id": "Fm\/",
                "elements": [
                    {
                        "type": "rich_text_section",
                        "elements": [
                            {
                                "type": "text",
                                "text": "And awesome it exists! "
                            },
                            {
                                "type": "emoji",
                                "name": "slightly_smiling_face"
                            }
                        ]
                    }
                ]
            }
        ],
        "thread_ts": "1616762659.019000",
        "parent_user_id": "U01RW2X7S9Z"
    },
    {
        "client_msg_id": "a7c515a2-e717-441e-ba47-2d88cee322eb",
        "type": "message",
        "text": "sad thing is you barely ever see a 50 pound note",
        "user": "U01S7KCL3DF",
        "ts": "1616762784.019600",
        "team": "T01RBRV5F7H",
        "user_team": "T01RBRV5F7H",
        "source_team": "T01RBRV5F7H",
        "user_profile": {
            "avatar_hash": "17b52091bb62",
            "image_72": "https:\/\/avatars.slack-edge.com\/2021-03-19\/1875964347925_17b52091bb62c2340b4c_72.png",
            "first_name": "Sam",
            "real_name": "Sam Katterfield",
            "display_name": "Sam",
            "team": "T01RBRV5F7H",
            "name": "samkatterfield",
            "is_restricted": false,
            "is_ultra_restricted": false
        },
        "blocks": [
            {
                "type": "rich_text",
                "block_id": "0GLq\/",
                "elements": [
                    {
                        "type": "rich_text_section",
                        "elements": [
                            {
                                "type": "text",
                                "text": "sad thing is you barely ever see a 50 pound note"
                            }
                        ]
                    }
                ]
            }
        ],
        "thread_ts": "1616762659.019000",
        "parent_user_id": "U01RW2X7S9Z",
        "reactions": [
            {
                "name": "worried",
                "users": [
                    "U01RW2X7S9Z"
                ],
                "count": 1
            }
        ]
    },
    {
        "client_msg_id": "81f16a1b-eddb-4614-bdbd-33c23d950bff",
        "type": "message",
        "text": "he casts himself saying the n-word fairly often too :eyes:",
        "user": "U01S7KCL3DF",
        "ts": "1616762869.019800",
        "team": "T01RBRV5F7H",
        "user_team": "T01RBRV5F7H",
        "source_team": "T01RBRV5F7H",
        "user_profile": {
            "avatar_hash": "17b52091bb62",
            "image_72": "https:\/\/avatars.slack-edge.com\/2021-03-19\/1875964347925_17b52091bb62c2340b4c_72.png",
            "first_name": "Sam",
            "real_name": "Sam Katterfield",
            "display_name": "Sam",
            "team": "T01RBRV5F7H",
            "name": "samkatterfield",
            "is_restricted": false,
            "is_ultra_restricted": false
        },
        "blocks": [
            {
                "type": "rich_text",
                "block_id": "OKSGk",
                "elements": [
                    {
                        "type": "rich_text_section",
                        "elements": [
                            {
                                "type": "text",
                                "text": "he casts himself saying the n-word fairly often too "
                            },
                            {
                                "type": "emoji",
                                "name": "eyes"
                            }
                        ]
                    }
                ]
            }
        ],
        "thread_ts": "1616760495.010000",
        "parent_user_id": "U01RW2X7S9Z"
    }
]