[
    {
        "client_msg_id": "7a5dd251-5932-47b4-a47a-c9c592f9683e",
        "type": "message",
        "text": "oh now the hail is back in p'berg",
        "user": "U01S7KCL3DF",
        "ts": "1617705378.000100",
        "team": "T01RBRV5F7H",
        "user_team": "T01RBRV5F7H",
        "source_team": "T01RBRV5F7H",
        "user_profile": {
            "avatar_hash": "17b52091bb62",
            "image_72": "https:\/\/avatars.slack-edge.com\/2021-03-19\/1875964347925_17b52091bb62c2340b4c_72.png",
            "first_name": "Sam",
            "real_name": "Sam Katterfield",
            "display_name": "Sam",
            "team": "T01RBRV5F7H",
            "name": "samkatterfield",
            "is_restricted": false,
            "is_ultra_restricted": false
        },
        "blocks": [
            {
                "type": "rich_text",
                "block_id": "fc+b",
                "elements": [
                    {
                        "type": "rich_text_section",
                        "elements": [
                            {
                                "type": "text",
                                "text": "oh now the hail is back in p'berg"
                            }
                        ]
                    }
                ]
            }
        ],
        "thread_ts": "1617624500.001100",
        "parent_user_id": "U01S7BM4N81"
    },
    {
        "client_msg_id": "21d52b9d-8140-4903-992d-e3f7c523f252",
        "type": "message",
        "text": "Oh well :’)",
        "user": "U01S7BM4N81",
        "ts": "1617707220.000300",
        "team": "T01RBRV5F7H",
        "user_team": "T01RBRV5F7H",
        "source_team": "T01RBRV5F7H",
        "user_profile": {
            "avatar_hash": "2adfc641e87e",
            "image_72": "https:\/\/avatars.slack-edge.com\/2021-04-16\/1994438084416_2adfc641e87e3a953d9c_72.png",
            "first_name": "Thamo",
            "real_name": "Thamo",
            "display_name": "Thamo",
            "team": "T01RBRV5F7H",
            "name": "thamokoeper",
            "is_restricted": false,
            "is_ultra_restricted": false
        },
        "blocks": [
            {
                "type": "rich_text",
                "block_id": "rrL",
                "elements": [
                    {
                        "type": "rich_text_section",
                        "elements": [
                            {
                                "type": "text",
                                "text": "Oh well :’)"
                            }
                        ]
                    }
                ]
            }
        ],
        "thread_ts": "1617624500.001100",
        "parent_user_id": "U01S7BM4N81"
    },
    {
        "type": "message",
        "text": "Dear dhl delivery, please don't throw packages on my balcony.\n#notesofberlin",
        "files": [
            {
                "id": "F01TDELL2TV",
                "created": 1617708028,
                "timestamp": 1617708028,
                "name": "Bild von iOS.jpg",
                "title": "Bild von iOS",
                "mimetype": "image\/jpeg",
                "filetype": "jpg",
                "pretty_type": "JPEG",
                "user": "U01S7BM4N81",
                "editable": false,
                "size": 375032,
                "mode": "hosted",
                "is_external": false,
                "external_type": "",
                "is_public": true,
                "public_url_shared": false,
                "display_as_bot": false,
                "username": "",
                "url_private": "https:\/\/files.slack.com\/files-pri\/T01RBRV5F7H-F01TDELL2TV\/bild_von_ios.jpg?t=xoxe-1861879185255-2005250891763-2017654554721-735ed824033d65b9b5a8817aca87e86a",
                "url_private_download": "https:\/\/files.slack.com\/files-pri\/T01RBRV5F7H-F01TDELL2TV\/download\/bild_von_ios.jpg?t=xoxe-1861879185255-2005250891763-2017654554721-735ed824033d65b9b5a8817aca87e86a",
                "thumb_64": "https:\/\/files.slack.com\/files-tmb\/T01RBRV5F7H-F01TDELL2TV-8c4272a306\/bild_von_ios_64.jpg?t=xoxe-1861879185255-2005250891763-2017654554721-735ed824033d65b9b5a8817aca87e86a",
                "thumb_80": "https:\/\/files.slack.com\/files-tmb\/T01RBRV5F7H-F01TDELL2TV-8c4272a306\/bild_von_ios_80.jpg?t=xoxe-1861879185255-2005250891763-2017654554721-735ed824033d65b9b5a8817aca87e86a",
                "thumb_360": "https:\/\/files.slack.com\/files-tmb\/T01RBRV5F7H-F01TDELL2TV-8c4272a306\/bild_von_ios_360.jpg?t=xoxe-1861879185255-2005250891763-2017654554721-735ed824033d65b9b5a8817aca87e86a",
                "thumb_360_w": 270,
                "thumb_360_h": 360,
                "thumb_480": "https:\/\/files.slack.com\/files-tmb\/T01RBRV5F7H-F01TDELL2TV-8c4272a306\/bild_von_ios_480.jpg?t=xoxe-1861879185255-2005250891763-2017654554721-735ed824033d65b9b5a8817aca87e86a",
                "thumb_480_w": 360,
                "thumb_480_h": 480,
                "thumb_160": "https:\/\/files.slack.com\/files-tmb\/T01RBRV5F7H-F01TDELL2TV-8c4272a306\/bild_von_ios_160.jpg?t=xoxe-1861879185255-2005250891763-2017654554721-735ed824033d65b9b5a8817aca87e86a",
                "thumb_720": "https:\/\/files.slack.com\/files-tmb\/T01RBRV5F7H-F01TDELL2TV-8c4272a306\/bild_von_ios_720.jpg?t=xoxe-1861879185255-2005250891763-2017654554721-735ed824033d65b9b5a8817aca87e86a",
                "thumb_720_w": 540,
                "thumb_720_h": 720,
                "thumb_800": "https:\/\/files.slack.com\/files-tmb\/T01RBRV5F7H-F01TDELL2TV-8c4272a306\/bild_von_ios_800.jpg?t=xoxe-1861879185255-2005250891763-2017654554721-735ed824033d65b9b5a8817aca87e86a",
                "thumb_800_w": 800,
                "thumb_800_h": 1067,
                "thumb_960": "https:\/\/files.slack.com\/files-tmb\/T01RBRV5F7H-F01TDELL2TV-8c4272a306\/bild_von_ios_960.jpg?t=xoxe-1861879185255-2005250891763-2017654554721-735ed824033d65b9b5a8817aca87e86a",
                "thumb_960_w": 720,
                "thumb_960_h": 960,
                "thumb_1024": "https:\/\/files.slack.com\/files-tmb\/T01RBRV5F7H-F01TDELL2TV-8c4272a306\/bild_von_ios_1024.jpg?t=xoxe-1861879185255-2005250891763-2017654554721-735ed824033d65b9b5a8817aca87e86a",
                "thumb_1024_w": 768,
                "thumb_1024_h": 1024,
                "original_w": 3024,
                "original_h": 4032,
                "thumb_tiny": "AwAwACRAOKWkU0DOKBBSGg5pM9c0ANJwaMiiigCa3G6Zfzq3\/ng1VtMLIxZgBjuatb48\/wCtX8xQMOvT88iorkfuc46EVMCp6FT+NMuFH2d8Y6ZoAz6KXFGKBAee1NKj0p+W9vyoy3qPyoAYE9qXGOgpct6\/pS5b1\/SgBM+1G72\/SjLeo\/KjLe35UAf\/2Q==",
                "permalink": "https:\/\/data-ft-ber-03-2021.slack.com\/files\/U01S7BM4N81\/F01TDELL2TV\/bild_von_ios.jpg",
                "permalink_public": "https:\/\/slack-files.com\/T01RBRV5F7H-F01TDELL2TV-3145a38182",
                "is_starred": false,
                "has_rich_preview": false
            }
        ],
        "upload": false,
        "blocks": [
            {
                "type": "rich_text",
                "block_id": "7C2B",
                "elements": [
                    {
                        "type": "rich_text_section",
                        "elements": [
                            {
                                "type": "text",
                                "text": "Dear dhl delivery, please don't throw packages on my balcony.\n"
                            },
                            {
                                "type": "text",
                                "text": "#notesofberlin"
                            }
                        ]
                    }
                ]
            }
        ],
        "user": "U01S7BM4N81",
        "display_as_bot": false,
        "ts": "1617708054.001200",
        "client_msg_id": "D6B0EB32-B3FA-4D38-947C-5EB4D109EAEF",
        "thread_ts": "1617708054.001200",
        "reply_count": 2,
        "reply_users_count": 2,
        "latest_reply": "1617708457.002300",
        "reply_users": [
            "U01S7KCL3DF",
            "U01S7BM4N81"
        ],
        "replies": [
            {
                "user": "U01S7KCL3DF",
                "ts": "1617708339.001300"
            },
            {
                "user": "U01S7BM4N81",
                "ts": "1617708457.002300"
            }
        ],
        "is_locked": false,
        "subscribed": false
    },
    {
        "client_msg_id": "1086f9cc-94ef-4eab-b4ac-e1935b722fa5",
        "type": "message",
        "text": "if they're on the 3rd floor or above i applaud the athleticism",
        "user": "U01S7KCL3DF",
        "ts": "1617708339.001300",
        "team": "T01RBRV5F7H",
        "user_team": "T01RBRV5F7H",
        "source_team": "T01RBRV5F7H",
        "user_profile": {
            "avatar_hash": "17b52091bb62",
            "image_72": "https:\/\/avatars.slack-edge.com\/2021-03-19\/1875964347925_17b52091bb62c2340b4c_72.png",
            "first_name": "Sam",
            "real_name": "Sam Katterfield",
            "display_name": "Sam",
            "team": "T01RBRV5F7H",
            "name": "samkatterfield",
            "is_restricted": false,
            "is_ultra_restricted": false
        },
        "blocks": [
            {
                "type": "rich_text",
                "block_id": "Afl4Z",
                "elements": [
                    {
                        "type": "rich_text_section",
                        "elements": [
                            {
                                "type": "text",
                                "text": "if they're on the 3rd floor or above i applaud the athleticism"
                            }
                        ]
                    }
                ]
            }
        ],
        "thread_ts": "1617708054.001200",
        "parent_user_id": "U01S7BM4N81"
    },
    {
        "client_msg_id": "7d96e51e-2820-44c1-9ed6-35d41f45a184",
        "type": "message",
        "text": "idea for STONKS numpy project (side note... i dont recall telling Medium I was interested in data analytics, and yet the emails come :thinking_face: )\n\n<https:\/\/medium.com\/analytics-vidhya\/how-to-make-money-in-the-stock-market-using-python-dd87f126bd14>",
        "user": "U01S7KCL3DF",
        "ts": "1617708372.002100",
        "team": "T01RBRV5F7H",
        "user_team": "T01RBRV5F7H",
        "source_team": "T01RBRV5F7H",
        "user_profile": {
            "avatar_hash": "17b52091bb62",
            "image_72": "https:\/\/avatars.slack-edge.com\/2021-03-19\/1875964347925_17b52091bb62c2340b4c_72.png",
            "first_name": "Sam",
            "real_name": "Sam Katterfield",
            "display_name": "Sam",
            "team": "T01RBRV5F7H",
            "name": "samkatterfield",
            "is_restricted": false,
            "is_ultra_restricted": false
        },
        "attachments": [
            {
                "service_name": "Medium",
                "title": "How to make money in the stock market using Python?",
                "title_link": "https:\/\/medium.com\/analytics-vidhya\/how-to-make-money-in-the-stock-market-using-python-dd87f126bd14",
                "text": "Trading strategies that make sure you are one step ahead always",
                "fallback": "Medium: How to make money in the stock market using Python?",
                "image_url": "https:\/\/miro.medium.com\/max\/1200\/1*QM-MH9gBvnT535C49tqfdQ.jpeg",
                "fields": [
                    {
                        "title": "Reading time",
                        "value": "15 min read",
                        "short": true
                    }
                ],
                "ts": 1616221017,
                "from_url": "https:\/\/medium.com\/analytics-vidhya\/how-to-make-money-in-the-stock-market-using-python-dd87f126bd14",
                "image_width": 200,
                "image_height": 250,
                "image_bytes": 420523,
                "service_icon": "https:\/\/miro.medium.com\/fit\/c\/152\/152\/1*sHhtYhaCe2Uc3IU0IgKwIQ.png",
                "id": 1,
                "original_url": "https:\/\/medium.com\/analytics-vidhya\/how-to-make-money-in-the-stock-market-using-python-dd87f126bd14"
            }
        ],
        "blocks": [
            {
                "type": "rich_text",
                "block_id": "Trb",
                "elements": [
                    {
                        "type": "rich_text_section",
                        "elements": [
                            {
                                "type": "text",
                                "text": "idea for STONKS numpy project (side note... i dont recall telling Medium I was interested in data analytics, and yet the emails come "
                            },
                            {
                                "type": "emoji",
                                "name": "thinking_face"
                            },
                            {
                                "type": "text",
                                "text": " )\n\n"
                            },
                            {
                                "type": "link",
                                "url": "https:\/\/medium.com\/analytics-vidhya\/how-to-make-money-in-the-stock-market-using-python-dd87f126bd14"
                            }
                        ]
                    }
                ]
            }
        ],
        "thread_ts": "1617708372.002100",
        "reply_count": 1,
        "reply_users_count": 1,
        "latest_reply": "1617712605.002700",
        "reply_users": [
            "U01RW2X7S9Z"
        ],
        "replies": [
            {
                "user": "U01RW2X7S9Z",
                "ts": "1617712605.002700"
            }
        ],
        "is_locked": false,
        "subscribed": false,
        "reactions": [
            {
                "name": "white_check_mark",
                "users": [
                    "U01RW2X7S9Z",
                    "U01S1CWGTU4"
                ],
                "count": 2
            }
        ]
    },
    {
        "client_msg_id": "2b73b490-4767-47e9-b7e1-2dad14758820",
        "type": "message",
        "text": "Seemed like first floor, definetly doable, but depending on the package also quite brave :smile:",
        "user": "U01S7BM4N81",
        "ts": "1617708457.002300",
        "team": "T01RBRV5F7H",
        "user_team": "T01RBRV5F7H",
        "source_team": "T01RBRV5F7H",
        "user_profile": {
            "avatar_hash": "2adfc641e87e",
            "image_72": "https:\/\/avatars.slack-edge.com\/2021-04-16\/1994438084416_2adfc641e87e3a953d9c_72.png",
            "first_name": "Thamo",
            "real_name": "Thamo",
            "display_name": "Thamo",
            "team": "T01RBRV5F7H",
            "name": "thamokoeper",
            "is_restricted": false,
            "is_ultra_restricted": false
        },
        "blocks": [
            {
                "type": "rich_text",
                "block_id": "wWh",
                "elements": [
                    {
                        "type": "rich_text_section",
                        "elements": [
                            {
                                "type": "text",
                                "text": "Seemed like first floor, definetly doable, but depending on the package also quite brave "
                            },
                            {
                                "type": "emoji",
                                "name": "smile"
                            }
                        ]
                    }
                ]
            }
        ],
        "thread_ts": "1617708054.001200",
        "parent_user_id": "U01S7BM4N81"
    },
    {
        "bot_id": "B01S7FSR36Y",
        "type": "message",
        "text": "stonks",
        "user": "U01RW2X7S9Z",
        "ts": "1617712605.002700",
        "team": "T01RBRV5F7H",
        "bot_profile": {
            "id": "B01S7FSR36Y",
            "deleted": false,
            "name": "giphy",
            "updated": 1616421896,
            "app_id": "A0F827J2C",
            "icons": {
                "image_36": "https:\/\/a.slack-edge.com\/dc483\/img\/plugins\/giphy\/service_72.png",
                "image_48": "https:\/\/a.slack-edge.com\/dc483\/img\/plugins\/giphy\/service_48.png",
                "image_72": "https:\/\/a.slack-edge.com\/dc483\/img\/plugins\/giphy\/service_72.png"
            },
            "team_id": "T01RBRV5F7H"
        },
        "blocks": [
            {
                "type": "image",
                "block_id": "ogNE",
                "image_url": "https:\/\/media3.giphy.com\/media\/H4KgopK7Eb0xLeMzly\/giphy-downsized.gif?cid=6104955ea788914876e2669c84b25e9cb91a880184d01766&rid=giphy-downsized.gif&ct=g",
                "alt_text": "stonks",
                "title": {
                    "type": "plain_text",
                    "text": "stonks",
                    "emoji": true
                },
                "fallback": "480x270px image",
                "image_width": 480,
                "image_height": 270,
                "image_bytes": 1871640,
                "is_animated": true
            },
            {
                "type": "context",
                "block_id": "2uyfF",
                "elements": [
                    {
                        "type": "image",
                        "image_url": "https:\/\/a.slack-edge.com\/dc483\/img\/plugins\/giphy\/service_32.png",
                        "alt_text": "giphy logo"
                    },
                    {
                        "type": "mrkdwn",
                        "text": "Posted using \/giphy",
                        "verbatim": false
                    }
                ]
            }
        ],
        "thread_ts": "1617708372.002100",
        "parent_user_id": "U01S7KCL3DF"
    },
    {
        "client_msg_id": "c166e5d4-5a0b-4bb1-9d73-bb07f5db8b2c",
        "type": "message",
        "text": "hail and snow is one thing, but I just saw a piece of roofing fall into my hof :thinking_face:",
        "user": "U01S7KCL3DF",
        "ts": "1617714966.003100",
        "team": "T01RBRV5F7H",
        "user_team": "T01RBRV5F7H",
        "source_team": "T01RBRV5F7H",
        "user_profile": {
            "avatar_hash": "17b52091bb62",
            "image_72": "https:\/\/avatars.slack-edge.com\/2021-03-19\/1875964347925_17b52091bb62c2340b4c_72.png",
            "first_name": "Sam",
            "real_name": "Sam Katterfield",
            "display_name": "Sam",
            "team": "T01RBRV5F7H",
            "name": "samkatterfield",
            "is_restricted": false,
            "is_ultra_restricted": false
        },
        "blocks": [
            {
                "type": "rich_text",
                "block_id": "7HWI",
                "elements": [
                    {
                        "type": "rich_text_section",
                        "elements": [
                            {
                                "type": "text",
                                "text": "hail and snow is one thing, but I just saw a piece of roofing fall into my hof "
                            },
                            {
                                "type": "emoji",
                                "name": "thinking_face"
                            }
                        ]
                    }
                ]
            }
        ],
        "thread_ts": "1617624500.001100",
        "parent_user_id": "U01S7BM4N81"
    },
    {
        "client_msg_id": "8f427135-0596-48d6-b63a-ec2c0e75a404",
        "type": "message",
        "text": "Pic or it didnt happen :smile:",
        "user": "U01S7BM4N81",
        "ts": "1617716580.003300",
        "team": "T01RBRV5F7H",
        "user_team": "T01RBRV5F7H",
        "source_team": "T01RBRV5F7H",
        "user_profile": {
            "avatar_hash": "2adfc641e87e",
            "image_72": "https:\/\/avatars.slack-edge.com\/2021-04-16\/1994438084416_2adfc641e87e3a953d9c_72.png",
            "first_name": "Thamo",
            "real_name": "Thamo",
            "display_name": "Thamo",
            "team": "T01RBRV5F7H",
            "name": "thamokoeper",
            "is_restricted": false,
            "is_ultra_restricted": false
        },
        "blocks": [
            {
                "type": "rich_text",
                "block_id": "ipne",
                "elements": [
                    {
                        "type": "rich_text_section",
                        "elements": [
                            {
                                "type": "text",
                                "text": "Pic or it didnt happen "
                            },
                            {
                                "type": "emoji",
                                "name": "smile"
                            }
                        ]
                    }
                ]
            }
        ],
        "thread_ts": "1617624500.001100",
        "parent_user_id": "U01S7BM4N81"
    },
    {
        "type": "message",
        "text": "",
        "files": [
            {
                "id": "F01SZ1SKPN3",
                "created": 1617717655,
                "timestamp": 1617717655,
                "name": "IMG-20210406-WA0026.jpeg",
                "title": "IMG-20210406-WA0026.jpeg",
                "mimetype": "image\/jpeg",
                "filetype": "jpg",
                "pretty_type": "JPEG",
                "user": "U01S7KCL3DF",
                "editable": false,
                "size": 169076,
                "mode": "hosted",
                "is_external": false,
                "external_type": "",
                "is_public": true,
                "public_url_shared": false,
                "display_as_bot": false,
                "username": "",
                "url_private": "https:\/\/files.slack.com\/files-pri\/T01RBRV5F7H-F01SZ1SKPN3\/img-20210406-wa0026.jpeg?t=xoxe-1861879185255-2005250891763-2017654554721-735ed824033d65b9b5a8817aca87e86a",
                "url_private_download": "https:\/\/files.slack.com\/files-pri\/T01RBRV5F7H-F01SZ1SKPN3\/download\/img-20210406-wa0026.jpeg?t=xoxe-1861879185255-2005250891763-2017654554721-735ed824033d65b9b5a8817aca87e86a",
                "thumb_64": "https:\/\/files.slack.com\/files-tmb\/T01RBRV5F7H-F01SZ1SKPN3-db74c1d79f\/img-20210406-wa0026_64.jpg?t=xoxe-1861879185255-2005250891763-2017654554721-735ed824033d65b9b5a8817aca87e86a",
                "thumb_80": "https:\/\/files.slack.com\/files-tmb\/T01RBRV5F7H-F01SZ1SKPN3-db74c1d79f\/img-20210406-wa0026_80.jpg?t=xoxe-1861879185255-2005250891763-2017654554721-735ed824033d65b9b5a8817aca87e86a",
                "thumb_360": "https:\/\/files.slack.com\/files-tmb\/T01RBRV5F7H-F01SZ1SKPN3-db74c1d79f\/img-20210406-wa0026_360.jpg?t=xoxe-1861879185255-2005250891763-2017654554721-735ed824033d65b9b5a8817aca87e86a",
                "thumb_360_w": 203,
                "thumb_360_h": 360,
                "thumb_480": "https:\/\/files.slack.com\/files-tmb\/T01RBRV5F7H-F01SZ1SKPN3-db74c1d79f\/img-20210406-wa0026_480.jpg?t=xoxe-1861879185255-2005250891763-2017654554721-735ed824033d65b9b5a8817aca87e86a",
                "thumb_480_w": 270,
                "thumb_480_h": 480,
                "thumb_160": "https:\/\/files.slack.com\/files-tmb\/T01RBRV5F7H-F01SZ1SKPN3-db74c1d79f\/img-20210406-wa0026_160.jpg?t=xoxe-1861879185255-2005250891763-2017654554721-735ed824033d65b9b5a8817aca87e86a",
                "thumb_720": "https:\/\/files.slack.com\/files-tmb\/T01RBRV5F7H-F01SZ1SKPN3-db74c1d79f\/img-20210406-wa0026_720.jpg?t=xoxe-1861879185255-2005250891763-2017654554721-735ed824033d65b9b5a8817aca87e86a",
                "thumb_720_w": 405,
                "thumb_720_h": 720,
                "thumb_800": "https:\/\/files.slack.com\/files-tmb\/T01RBRV5F7H-F01SZ1SKPN3-db74c1d79f\/img-20210406-wa0026_800.jpg?t=xoxe-1861879185255-2005250891763-2017654554721-735ed824033d65b9b5a8817aca87e86a",
                "thumb_800_w": 800,
                "thumb_800_h": 1422,
                "thumb_960": "https:\/\/files.slack.com\/files-tmb\/T01RBRV5F7H-F01SZ1SKPN3-db74c1d79f\/img-20210406-wa0026_960.jpg?t=xoxe-1861879185255-2005250891763-2017654554721-735ed824033d65b9b5a8817aca87e86a",
                "thumb_960_w": 540,
                "thumb_960_h": 960,
                "thumb_1024": "https:\/\/files.slack.com\/files-tmb\/T01RBRV5F7H-F01SZ1SKPN3-db74c1d79f\/img-20210406-wa0026_1024.jpg?t=xoxe-1861879185255-2005250891763-2017654554721-735ed824033d65b9b5a8817aca87e86a",
                "thumb_1024_w": 576,
                "thumb_1024_h": 1024,
                "original_w": 1080,
                "original_h": 1920,
                "thumb_tiny": "AwAwABtucAHP61PjfBwTlelVUIaFgMnHNWLZwRjv1FABEAyGMnOeQT2phZlO0k8U8gJchOgPINWCqE\/MFz3pajKCYEmAOvHJp0RMUg4AIPTNNIAdSSevpSyECQMQQWGauWrJjsWriPcgdeqc\/hUQc46L+VWLd98QB7cfhVWSAiRhgn6GptfYZFOQBnI454qSVd8CEDJU44pwUjuB9ABSSfKu4sx\/Ghu4rDrZijjcCM8Vd3Ad6zYyRweea0I5FMa7jzikM\/\/Z",
                "permalink": "https:\/\/data-ft-ber-03-2021.slack.com\/files\/U01S7KCL3DF\/F01SZ1SKPN3\/img-20210406-wa0026.jpeg",
                "permalink_public": "https:\/\/slack-files.com\/T01RBRV5F7H-F01SZ1SKPN3-da5a303683",
                "is_starred": false,
                "has_rich_preview": false
            }
        ],
        "upload": false,
        "blocks": [
            {
                "type": "rich_text",
                "block_id": "2FY0",
                "elements": [
                    {
                        "type": "rich_text_section",
                        "elements": []
                    }
                ]
            }
        ],
        "user": "U01S7KCL3DF",
        "display_as_bot": false,
        "ts": "1617717658.003500",
        "client_msg_id": "8cc74b9c-dfde-4923-ae4b-e7590dfcd9a8",
        "thread_ts": "1617624500.001100",
        "parent_user_id": "U01S7BM4N81",
        "reactions": [
            {
                "name": "eyes",
                "users": [
                    "U01S79YDELR",
                    "U01S7BM4N81"
                ],
                "count": 2
            }
        ]
    },
    {
        "client_msg_id": "d53f7911-f6e4-48e1-82d4-d76879f91ec4",
        "type": "message",
        "text": "Thats…I dont know man, are you still warm in the apartment?",
        "user": "U01S7BM4N81",
        "ts": "1617721956.003900",
        "team": "T01RBRV5F7H",
        "user_team": "T01RBRV5F7H",
        "source_team": "T01RBRV5F7H",
        "user_profile": {
            "avatar_hash": "2adfc641e87e",
            "image_72": "https:\/\/avatars.slack-edge.com\/2021-04-16\/1994438084416_2adfc641e87e3a953d9c_72.png",
            "first_name": "Thamo",
            "real_name": "Thamo",
            "display_name": "Thamo",
            "team": "T01RBRV5F7H",
            "name": "thamokoeper",
            "is_restricted": false,
            "is_ultra_restricted": false
        },
        "blocks": [
            {
                "type": "rich_text",
                "block_id": "2Znd",
                "elements": [
                    {
                        "type": "rich_text_section",
                        "elements": [
                            {
                                "type": "text",
                                "text": "Thats…I dont know man, are you still warm in the apartment?"
                            }
                        ]
                    }
                ]
            }
        ],
        "thread_ts": "1617624500.001100",
        "parent_user_id": "U01S7BM4N81"
    }
]