[
{"user_id":"U01RRV4JX6Z","user_name":"ebelingbarros","date":"1617018722","change_type":"added","app_type":"Google Drive","app_id":"A6NL8MJ6Q","scope":"identify,bot,channels:read,files:read,team:read,users:read,users:read.email,chat:write:bot,links:read"},
{"user_id":"U01S79YDELR","user_name":"karina.condeixa","date":"1616925760","change_type":"added","service_id":1899076282086,"service_type":"Google Drive","scope":"files:write:user"},
{"user_id":"U01RXCQHMHT","user_name":"tony.hathuc","date":"1616755312","change_type":"updated","service_id":1891536853236,"service_type":"Giphy","scope":"commands"},
{"user_id":"U01RVSTNRRT","user_name":"haastrupabimbola","date":"1616746387","change_type":"added","app_type":"Miro","app_id":"A8VK125AS","scope":"identity.basic,identity.email,identity.avatar"},
{"user_id":"U01RXCQHMHT","user_name":"tony.hathuc","date":"1616746302","change_type":"added","app_type":"Miro","app_id":"A8VK125AS","scope":"identity.basic,identity.email,identity.avatar"},
{"user_id":"U01S0E0MRJ7","user_name":"d.pudans","date":"1616746118","change_type":"added","app_type":"Miro","app_id":"A8VK125AS","scope":"identity.basic,identity.email,identity.avatar"},
{"user_id":"U01S081EULS","user_name":"defe_fg","date":"1616746029","change_type":"added","app_type":"Miro","app_id":"A8VK125AS","scope":"identity.basic,identity.email,identity.avatar"},
{"user_id":"U01RNEU3SNA","user_name":"petergeorge649","date":"1616745999","change_type":"added","app_type":"Miro","app_id":"A8VK125AS","scope":"identity.basic,identity.email,identity.avatar"},
{"user_id":"U01S7KCL3DF","user_name":"samkatterfield","date":"1616745958","change_type":"added","app_type":"Miro","app_id":"A8VK125AS","scope":"identity.basic,identity.email,identity.avatar"},
{"user_id":"U01SJKB2MG8","user_name":"florian.titze","date":"1616745009","change_type":"added","app_type":"Miro","app_id":"A8VK125AS","scope":"identify,users:read,users:read.email,im:write"},
{"user_id":"U01S081EULS","user_name":"defe_fg","date":"1616427019","change_type":"wildcard_resource_grant_created","service_id":1871012624167,"service_type":"App","scope":null,"app_type":"GitHub (Legacy)","app_id":"A8GBNUWU8"},
{"user_id":"U01S081EULS","user_name":"defe_fg","date":"1616427019","change_type":"resource_grant_created","service_id":1871012624167,"service_type":"App","scope":null,"channel":"private","app_type":"GitHub (Legacy)","app_id":"A8GBNUWU8"},
{"user_id":"U01S081EULS","user_name":"defe_fg","date":"1616427019","change_type":"resource_grant_created","service_id":1871012624167,"service_type":"App","scope":null,"app_type":"GitHub (Legacy)","app_id":"A8GBNUWU8"},
{"user_id":"U01S081EULS","user_name":"defe_fg","date":"1616427019","change_type":"expanded","service_id":1871012624167,"service_type":"App","scope":null,"app_type":"GitHub (Legacy)","app_id":"A8GBNUWU8"},
{"user_id":"U01S081EULS","user_name":"defe_fg","date":"1616427019","change_type":"expanded","service_id":1871012624167,"service_type":"App","scope":null,"app_type":"GitHub (Legacy)","app_id":"A8GBNUWU8"},
{"user_id":"U01S081EULS","user_name":"defe_fg","date":"1616427018","change_type":"added","app_type":"GitHub (Legacy)","app_id":"A8GBNUWU8"},
{"user_id":"U01RSRE0N3D","user_name":"kostadin.mitkov","date":"1616421910","change_type":"updated","service_id":1891536853236,"service_type":"Giphy","scope":"commands"},
{"user_id":"U01RSRE0N3D","user_name":"kostadin.mitkov","date":"1616421904","change_type":"updated","service_id":1891536853236,"service_type":"Giphy","scope":"commands"},
{"user_id":"U01RSRE0N3D","user_name":"kostadin.mitkov","date":"1616421896","change_type":"added","service_id":1891536853236,"service_type":"Giphy","scope":"commands"}
]