[
{"id":"U01RKN0EGDV","team_id":"T01RBRV5F7H","name":"marimor62","deleted":false,"color":"ea2977","real_name":"Marian Moreno","tz":"Europe\/Amsterdam","tz_label":"Central European Summer Time","tz_offset":7200,"profile":{"title":"","phone":"","skype":"","real_name":"Marian Moreno","real_name_normalized":"Marian Moreno","display_name":"Marian (she\/her)","display_name_normalized":"Marian (she\/her)","fields":[],"status_text":"","status_emoji":"","status_expiration":0,"avatar_hash":"abe46e9352ee","image_original":"https:\/\/avatars.slack-edge.com\/2021-03-24\/1878427345639_abe46e9352ee26531094_original.jpg","is_custom_image":true,"email":"marimor62@gmail.com","first_name":"Marian","last_name":"Moreno","image_24":"https:\/\/avatars.slack-edge.com\/2021-03-24\/1878427345639_abe46e9352ee26531094_24.jpg","image_32":"https:\/\/avatars.slack-edge.com\/2021-03-24\/1878427345639_abe46e9352ee26531094_32.jpg","image_48":"https:\/\/avatars.slack-edge.com\/2021-03-24\/1878427345639_abe46e9352ee26531094_48.jpg","image_72":"https:\/\/avatars.slack-edge.com\/2021-03-24\/1878427345639_abe46e9352ee26531094_72.jpg","image_192":"https:\/\/avatars.slack-edge.com\/2021-03-24\/1878427345639_abe46e9352ee26531094_192.jpg","image_512":"https:\/\/avatars.slack-edge.com\/2021-03-24\/1878427345639_abe46e9352ee26531094_512.jpg","image_1024":"https:\/\/avatars.slack-edge.com\/2021-03-24\/1878427345639_abe46e9352ee26531094_1024.jpg","status_text_canonical":"","team":"T01RBRV5F7H"},"is_admin":false,"is_owner":false,"is_primary_owner":false,"is_restricted":false,"is_ultra_restricted":false,"is_bot":false,"is_app_user":false,"updated":1616581550,"is_email_confirmed":true},
{"id":"U01RN7BVD1C","team_id":"T01RBRV5F7H","name":"josephinebiedermann","deleted":false,"color":"5b89d5","real_name":"Josephine Biedermann","tz":"Europe\/Amsterdam","tz_label":"Central European Summer Time","tz_offset":7200,"profile":{"title":"Student","phone":"","skype":"","real_name":"Josephine Biedermann","real_name_normalized":"Josephine Biedermann","display_name":"Phine","display_name_normalized":"Phine","fields":[],"status_text":"","status_emoji":"","status_expiration":0,"avatar_hash":"55e0c1b57456","image_original":"https:\/\/avatars.slack-edge.com\/2021-03-20\/1882033802643_55e0c1b574562994417f_original.jpg","is_custom_image":true,"email":"josephinebiedermann@me.com","first_name":"Josephine","last_name":"Biedermann","image_24":"https:\/\/avatars.slack-edge.com\/2021-03-20\/1882033802643_55e0c1b574562994417f_24.jpg","image_32":"https:\/\/avatars.slack-edge.com\/2021-03-20\/1882033802643_55e0c1b574562994417f_32.jpg","image_48":"https:\/\/avatars.slack-edge.com\/2021-03-20\/1882033802643_55e0c1b574562994417f_48.jpg","image_72":"https:\/\/avatars.slack-edge.com\/2021-03-20\/1882033802643_55e0c1b574562994417f_72.jpg","image_192":"https:\/\/avatars.slack-edge.com\/2021-03-20\/1882033802643_55e0c1b574562994417f_192.jpg","image_512":"https:\/\/avatars.slack-edge.com\/2021-03-20\/1882033802643_55e0c1b574562994417f_512.jpg","image_1024":"https:\/\/avatars.slack-edge.com\/2021-03-20\/1882033802643_55e0c1b574562994417f_1024.jpg","status_text_canonical":"","team":"T01RBRV5F7H"},"is_admin":false,"is_owner":false,"is_primary_owner":false,"is_restricted":false,"is_ultra_restricted":false,"is_bot":false,"is_app_user":false,"updated":1617086565,"is_email_confirmed":true},
{"id":"U01RNEU3SNA","team_id":"T01RBRV5F7H","name":"petergeorge649","deleted":false,"color":"4cc091","real_name":"peter.geo DAFT MAR2020","tz":"Europe\/Amsterdam","tz_label":"Central European Summer Time","tz_offset":7200,"profile":{"title":"","phone":"","skype":"","real_name":"peter.geo DAFT MAR2020","real_name_normalized":"peter.geo DAFT MAR2020","display_name":"Peter George","display_name_normalized":"Peter George","fields":[],"status_text":"","status_emoji":"","status_expiration":0,"avatar_hash":"ddcfccb1de00","image_original":"https:\/\/avatars.slack-edge.com\/2021-04-01\/1944455459184_ddcfccb1de00850a76e1_original.jpg","is_custom_image":true,"email":"petergeorge649@gmail.com","first_name":"peter.geo","last_name":"DAFT MAR2020","image_24":"https:\/\/avatars.slack-edge.com\/2021-04-01\/1944455459184_ddcfccb1de00850a76e1_24.jpg","image_32":"https:\/\/avatars.slack-edge.com\/2021-04-01\/1944455459184_ddcfccb1de00850a76e1_32.jpg","image_48":"https:\/\/avatars.slack-edge.com\/2021-04-01\/1944455459184_ddcfccb1de00850a76e1_48.jpg","image_72":"https:\/\/avatars.slack-edge.com\/2021-04-01\/1944455459184_ddcfccb1de00850a76e1_72.jpg","image_192":"https:\/\/avatars.slack-edge.com\/2021-04-01\/1944455459184_ddcfccb1de00850a76e1_192.jpg","image_512":"https:\/\/avatars.slack-edge.com\/2021-04-01\/1944455459184_ddcfccb1de00850a76e1_512.jpg","image_1024":"https:\/\/avatars.slack-edge.com\/2021-04-01\/1944455459184_ddcfccb1de00850a76e1_1024.jpg","status_text_canonical":"","team":"T01RBRV5F7H"},"is_admin":false,"is_owner":false,"is_primary_owner":false,"is_restricted":false,"is_ultra_restricted":false,"is_bot":false,"is_app_user":false,"updated":1617967088,"is_email_confirmed":true},
{"id":"U01RP2K1606","team_id":"T01RBRV5F7H","name":"jalalkrmv","deleted":false,"color":"bb86b7","real_name":"Jalal Karimov","tz":"Europe\/Amsterdam","tz_label":"Central European Summer Time","tz_offset":7200,"profile":{"title":"","phone":"","skype":"","real_name":"Jalal Karimov","real_name_normalized":"Jalal Karimov","display_name":"Jalal Karimov","display_name_normalized":"Jalal Karimov","fields":null,"status_text":"","status_emoji":"","status_expiration":0,"avatar_hash":"cf57933e3b00","image_original":"https:\/\/avatars.slack-edge.com\/2021-03-19\/1880079302355_cf57933e3b00451b4617_original.png","is_custom_image":true,"email":"jalalkrmv@gmail.com","image_24":"https:\/\/avatars.slack-edge.com\/2021-03-19\/1880079302355_cf57933e3b00451b4617_24.png","image_32":"https:\/\/avatars.slack-edge.com\/2021-03-19\/1880079302355_cf57933e3b00451b4617_32.png","image_48":"https:\/\/avatars.slack-edge.com\/2021-03-19\/1880079302355_cf57933e3b00451b4617_48.png","image_72":"https:\/\/avatars.slack-edge.com\/2021-03-19\/1880079302355_cf57933e3b00451b4617_72.png","image_192":"https:\/\/avatars.slack-edge.com\/2021-03-19\/1880079302355_cf57933e3b00451b4617_192.png","image_512":"https:\/\/avatars.slack-edge.com\/2021-03-19\/1880079302355_cf57933e3b00451b4617_512.png","image_1024":"https:\/\/avatars.slack-edge.com\/2021-03-19\/1880079302355_cf57933e3b00451b4617_1024.png","status_text_canonical":"","team":"T01RBRV5F7H"},"is_admin":false,"is_owner":false,"is_primary_owner":false,"is_restricted":false,"is_ultra_restricted":false,"is_bot":false,"is_app_user":false,"updated":1616172021,"is_email_confirmed":true},
{"id":"U01RRV4JX6Z","team_id":"T01RBRV5F7H","name":"ebelingbarros","deleted":false,"color":"99a949","real_name":"Francisco Ebeling","tz":"Europe\/Amsterdam","tz_label":"Central European Summer Time","tz_offset":7200,"profile":{"title":"","phone":"","skype":"","real_name":"Francisco Ebeling","real_name_normalized":"Francisco Ebeling","display_name":"Francisco Ebeling","display_name_normalized":"Francisco Ebeling","fields":null,"status_text":"","status_emoji":"","status_expiration":0,"avatar_hash":"339c4d69b7d9","image_original":"https:\/\/avatars.slack-edge.com\/2021-04-14\/1961122781618_339c4d69b7d9fe16343a_original.jpg","is_custom_image":true,"email":"ebelingbarros@gmail.com","image_24":"https:\/\/avatars.slack-edge.com\/2021-04-14\/1961122781618_339c4d69b7d9fe16343a_24.jpg","image_32":"https:\/\/avatars.slack-edge.com\/2021-04-14\/1961122781618_339c4d69b7d9fe16343a_32.jpg","image_48":"https:\/\/avatars.slack-edge.com\/2021-04-14\/1961122781618_339c4d69b7d9fe16343a_48.jpg","image_72":"https:\/\/avatars.slack-edge.com\/2021-04-14\/1961122781618_339c4d69b7d9fe16343a_72.jpg","image_192":"https:\/\/avatars.slack-edge.com\/2021-04-14\/1961122781618_339c4d69b7d9fe16343a_192.jpg","image_512":"https:\/\/avatars.slack-edge.com\/2021-04-14\/1961122781618_339c4d69b7d9fe16343a_512.jpg","image_1024":"https:\/\/avatars.slack-edge.com\/2021-04-14\/1961122781618_339c4d69b7d9fe16343a_1024.jpg","status_text_canonical":"","team":"T01RBRV5F7H"},"is_admin":false,"is_owner":false,"is_primary_owner":false,"is_restricted":false,"is_ultra_restricted":false,"is_bot":false,"is_app_user":false,"updated":1618392936,"is_email_confirmed":true},
{"id":"U01RS9Y6UJH","team_id":"T01RBRV5F7H","name":"neilcorteen","deleted":false,"color":"9b3b45","real_name":"Neil Corteen","tz":"Europe\/Amsterdam","tz_label":"Central European Summer Time","tz_offset":7200,"profile":{"title":"","phone":"","skype":"","real_name":"Neil Corteen","real_name_normalized":"Neil Corteen","display_name":"","display_name_normalized":"","fields":null,"status_text":"","status_emoji":"","status_expiration":0,"avatar_hash":"g7e6abc9bdfa","email":"neilcorteen@gmail.com","image_24":"https:\/\/secure.gravatar.com\/avatar\/7e6abc9bdfaa8dee63eb82cb526abe78.jpg?s=24&d=https%3A%2F%2Fa.slack-edge.com%2Fdf10d%2Fimg%2Favatars%2Fava_0024-24.png","image_32":"https:\/\/secure.gravatar.com\/avatar\/7e6abc9bdfaa8dee63eb82cb526abe78.jpg?s=32&d=https%3A%2F%2Fa.slack-edge.com%2Fdf10d%2Fimg%2Favatars%2Fava_0024-32.png","image_48":"https:\/\/secure.gravatar.com\/avatar\/7e6abc9bdfaa8dee63eb82cb526abe78.jpg?s=48&d=https%3A%2F%2Fa.slack-edge.com%2Fdf10d%2Fimg%2Favatars%2Fava_0024-48.png","image_72":"https:\/\/secure.gravatar.com\/avatar\/7e6abc9bdfaa8dee63eb82cb526abe78.jpg?s=72&d=https%3A%2F%2Fa.slack-edge.com%2Fdf10d%2Fimg%2Favatars%2Fava_0024-72.png","image_192":"https:\/\/secure.gravatar.com\/avatar\/7e6abc9bdfaa8dee63eb82cb526abe78.jpg?s=192&d=https%3A%2F%2Fa.slack-edge.com%2Fdf10d%2Fimg%2Favatars%2Fava_0024-192.png","image_512":"https:\/\/secure.gravatar.com\/avatar\/7e6abc9bdfaa8dee63eb82cb526abe78.jpg?s=512&d=https%3A%2F%2Fa.slack-edge.com%2Fdf10d%2Fimg%2Favatars%2Fava_0024-512.png","status_text_canonical":"","team":"T01RBRV5F7H"},"is_admin":false,"is_owner":false,"is_primary_owner":false,"is_restricted":false,"is_ultra_restricted":false,"is_bot":false,"is_app_user":false,"updated":1616167026,"is_email_confirmed":true},
{"id":"U01RSRE0N3D","team_id":"T01RBRV5F7H","name":"kostadin.mitkov","deleted":false,"color":"9f69e7","real_name":"Kosta","tz":"Europe\/Amsterdam","tz_label":"Central European Summer Time","tz_offset":7200,"profile":{"title":"DA TA","phone":"","skype":"","real_name":"Kosta","real_name_normalized":"Kosta","display_name":"Kosta","display_name_normalized":"Kosta","fields":[],"status_text":"","status_emoji":"","status_expiration":0,"avatar_hash":"5b0571ca5e6f","image_original":"https:\/\/avatars.slack-edge.com\/2021-03-18\/1876877550179_5b0571ca5e6fe1f759fe_original.jpg","is_custom_image":true,"email":"kostadin.mitkov@ironhack.com","first_name":"Kosta","last_name":"","image_24":"https:\/\/avatars.slack-edge.com\/2021-03-18\/1876877550179_5b0571ca5e6fe1f759fe_24.jpg","image_32":"https:\/\/avatars.slack-edge.com\/2021-03-18\/1876877550179_5b0571ca5e6fe1f759fe_32.jpg","image_48":"https:\/\/avatars.slack-edge.com\/2021-03-18\/1876877550179_5b0571ca5e6fe1f759fe_48.jpg","image_72":"https:\/\/avatars.slack-edge.com\/2021-03-18\/1876877550179_5b0571ca5e6fe1f759fe_72.jpg","image_192":"https:\/\/avatars.slack-edge.com\/2021-03-18\/1876877550179_5b0571ca5e6fe1f759fe_192.jpg","image_512":"https:\/\/avatars.slack-edge.com\/2021-03-18\/1876877550179_5b0571ca5e6fe1f759fe_512.jpg","image_1024":"https:\/\/avatars.slack-edge.com\/2021-03-18\/1876877550179_5b0571ca5e6fe1f759fe_1024.jpg","status_text_canonical":"","team":"T01RBRV5F7H"},"is_admin":true,"is_owner":true,"is_primary_owner":true,"is_restricted":false,"is_ultra_restricted":false,"is_bot":false,"is_app_user":false,"updated":1618485034,"is_email_confirmed":true},
{"id":"U01RUTP1ZQB","team_id":"T01RBRV5F7H","name":"jonas.tonndorff","deleted":false,"color":"e7392d","real_name":"Jonas Tonndorff","tz":"Europe\/Amsterdam","tz_label":"Central European Summer Time","tz_offset":7200,"profile":{"title":"","phone":"","skype":"","real_name":"Jonas Tonndorff","real_name_normalized":"Jonas Tonndorff","display_name":"Jonas Tonndorff","display_name_normalized":"Jonas Tonndorff","fields":null,"status_text":"","status_emoji":"","status_expiration":0,"avatar_hash":"36a33ae8e1df","image_original":"https:\/\/avatars.slack-edge.com\/2021-03-19\/1878730954818_36a33ae8e1df8718c064_original.png","is_custom_image":true,"email":"jonas.tonndorff@ironhack.com","image_24":"https:\/\/avatars.slack-edge.com\/2021-03-19\/1878730954818_36a33ae8e1df8718c064_24.png","image_32":"https:\/\/avatars.slack-edge.com\/2021-03-19\/1878730954818_36a33ae8e1df8718c064_32.png","image_48":"https:\/\/avatars.slack-edge.com\/2021-03-19\/1878730954818_36a33ae8e1df8718c064_48.png","image_72":"https:\/\/avatars.slack-edge.com\/2021-03-19\/1878730954818_36a33ae8e1df8718c064_72.png","image_192":"https:\/\/avatars.slack-edge.com\/2021-03-19\/1878730954818_36a33ae8e1df8718c064_192.png","image_512":"https:\/\/avatars.slack-edge.com\/2021-03-19\/1878730954818_36a33ae8e1df8718c064_512.png","image_1024":"https:\/\/avatars.slack-edge.com\/2021-03-19\/1878730954818_36a33ae8e1df8718c064_1024.png","status_text_canonical":"","team":"T01RBRV5F7H"},"is_admin":false,"is_owner":false,"is_primary_owner":false,"is_restricted":false,"is_ultra_restricted":false,"is_bot":false,"is_app_user":false,"updated":1616158791,"is_email_confirmed":true},
{"id":"U01RUU9SK4K","team_id":"T01RBRV5F7H","name":"madini.liebscher","deleted":false,"color":"3c989f","real_name":"Madini Liebscher","tz":"Europe\/Amsterdam","tz_label":"Central European Summer Time","tz_offset":7200,"profile":{"title":"","phone":"","skype":"","real_name":"Madini Liebscher","real_name_normalized":"Madini Liebscher","display_name":"Madini Liebscher","display_name_normalized":"Madini Liebscher","fields":null,"status_text":"","status_emoji":"","status_expiration":0,"avatar_hash":"b6a6e72d0c8d","image_original":"https:\/\/avatars.slack-edge.com\/2021-03-19\/1878751834370_b6a6e72d0c8d345d9164_original.jpg","is_custom_image":true,"email":"madini.liebscher@ironhack.com","image_24":"https:\/\/avatars.slack-edge.com\/2021-03-19\/1878751834370_b6a6e72d0c8d345d9164_24.jpg","image_32":"https:\/\/avatars.slack-edge.com\/2021-03-19\/1878751834370_b6a6e72d0c8d345d9164_32.jpg","image_48":"https:\/\/avatars.slack-edge.com\/2021-03-19\/1878751834370_b6a6e72d0c8d345d9164_48.jpg","image_72":"https:\/\/avatars.slack-edge.com\/2021-03-19\/1878751834370_b6a6e72d0c8d345d9164_72.jpg","image_192":"https:\/\/avatars.slack-edge.com\/2021-03-19\/1878751834370_b6a6e72d0c8d345d9164_192.jpg","image_512":"https:\/\/avatars.slack-edge.com\/2021-03-19\/1878751834370_b6a6e72d0c8d345d9164_512.jpg","image_1024":"https:\/\/avatars.slack-edge.com\/2021-03-19\/1878751834370_b6a6e72d0c8d345d9164_1024.jpg","status_text_canonical":"","team":"T01RBRV5F7H"},"is_admin":false,"is_owner":false,"is_primary_owner":false,"is_restricted":false,"is_ultra_restricted":false,"is_bot":false,"is_app_user":false,"updated":1616159024,"is_email_confirmed":true},
{"id":"U01RV3K524T","team_id":"T01RBRV5F7H","name":"habimcrown","deleted":false,"color":"e0a729","real_name":"Olubunmi Haastrup","tz":"Europe\/Amsterdam","tz_label":"Central European Summer Time","tz_offset":7200,"profile":{"title":"","phone":"","skype":"","real_name":"Olubunmi Haastrup","real_name_normalized":"Olubunmi Haastrup","display_name":"","display_name_normalized":"","fields":null,"status_text":"","status_emoji":"","status_expiration":0,"avatar_hash":"96eac43da464","image_original":"https:\/\/avatars.slack-edge.com\/2021-03-19\/1875837396901_96eac43da4641e00e5fe_original.jpg","is_custom_image":true,"email":"habimcrown@yahoo.com","first_name":"Olubunmi","last_name":"Haastrup","image_24":"https:\/\/avatars.slack-edge.com\/2021-03-19\/1875837396901_96eac43da4641e00e5fe_24.jpg","image_32":"https:\/\/avatars.slack-edge.com\/2021-03-19\/1875837396901_96eac43da4641e00e5fe_32.jpg","image_48":"https:\/\/avatars.slack-edge.com\/2021-03-19\/1875837396901_96eac43da4641e00e5fe_48.jpg","image_72":"https:\/\/avatars.slack-edge.com\/2021-03-19\/1875837396901_96eac43da4641e00e5fe_72.jpg","image_192":"https:\/\/avatars.slack-edge.com\/2021-03-19\/1875837396901_96eac43da4641e00e5fe_192.jpg","image_512":"https:\/\/avatars.slack-edge.com\/2021-03-19\/1875837396901_96eac43da4641e00e5fe_512.jpg","image_1024":"https:\/\/avatars.slack-edge.com\/2021-03-19\/1875837396901_96eac43da4641e00e5fe_1024.jpg","status_text_canonical":"","team":"T01RBRV5F7H"},"is_admin":false,"is_owner":false,"is_primary_owner":false,"is_restricted":false,"is_ultra_restricted":false,"is_bot":false,"is_app_user":false,"updated":1618690079,"is_email_confirmed":true},
{"id":"U01RVSTNRRT","team_id":"T01RBRV5F7H","name":"haastrupabimbola","deleted":false,"color":"db3150","real_name":"Olubunmi Abimbola Haastrup","tz":"Europe\/Amsterdam","tz_label":"Central European Summer Time","tz_offset":7200,"profile":{"title":"","phone":"","skype":"","real_name":"Olubunmi Abimbola Haastrup","real_name_normalized":"Olubunmi Abimbola Haastrup","display_name":"Olubunmi Abimbola Haastrup","display_name_normalized":"Olubunmi Abimbola Haastrup","fields":null,"status_text":"","status_emoji":"","status_expiration":0,"avatar_hash":"3ce348bd9187","image_original":"https:\/\/avatars.slack-edge.com\/2021-03-21\/1879911825477_3ce348bd91874d798a3f_original.jpg","is_custom_image":true,"email":"haastrupabimbola@gmail.com","image_24":"https:\/\/avatars.slack-edge.com\/2021-03-21\/1879911825477_3ce348bd91874d798a3f_24.jpg","image_32":"https:\/\/avatars.slack-edge.com\/2021-03-21\/1879911825477_3ce348bd91874d798a3f_32.jpg","image_48":"https:\/\/avatars.slack-edge.com\/2021-03-21\/1879911825477_3ce348bd91874d798a3f_48.jpg","image_72":"https:\/\/avatars.slack-edge.com\/2021-03-21\/1879911825477_3ce348bd91874d798a3f_72.jpg","image_192":"https:\/\/avatars.slack-edge.com\/2021-03-21\/1879911825477_3ce348bd91874d798a3f_192.jpg","image_512":"https:\/\/avatars.slack-edge.com\/2021-03-21\/1879911825477_3ce348bd91874d798a3f_512.jpg","image_1024":"https:\/\/avatars.slack-edge.com\/2021-03-21\/1879911825477_3ce348bd91874d798a3f_1024.jpg","status_text_canonical":"","team":"T01RBRV5F7H"},"is_admin":false,"is_owner":false,"is_primary_owner":false,"is_restricted":false,"is_ultra_restricted":false,"is_bot":false,"is_app_user":false,"updated":1617294554,"is_email_confirmed":true},
{"id":"U01RW140HBP","team_id":"T01RBRV5F7H","name":"sian.davies","deleted":false,"color":"235e5b","real_name":"siand the LT (she\/her)","tz":"Europe\/Amsterdam","tz_label":"Central European Summer Time","tz_offset":7200,"profile":{"title":"lead instructor, Berlin data FT course ","phone":"","skype":"","real_name":"siand the LT (she\/her)","real_name_normalized":"siand the LT (she\/her)","display_name":"siand the LT (she\/her)","display_name_normalized":"siand the LT (she\/her)","fields":[],"status_text":"","status_emoji":"","status_expiration":0,"avatar_hash":"4c43a3a8d10b","image_original":"https:\/\/avatars.slack-edge.com\/2021-03-21\/1895736308209_4c43a3a8d10bc2fe5e13_original.png","is_custom_image":true,"email":"sian.davies@ironhack.com","first_name":"siand","last_name":"the LT (she\/her)","image_24":"https:\/\/avatars.slack-edge.com\/2021-03-21\/1895736308209_4c43a3a8d10bc2fe5e13_24.png","image_32":"https:\/\/avatars.slack-edge.com\/2021-03-21\/1895736308209_4c43a3a8d10bc2fe5e13_32.png","image_48":"https:\/\/avatars.slack-edge.com\/2021-03-21\/1895736308209_4c43a3a8d10bc2fe5e13_48.png","image_72":"https:\/\/avatars.slack-edge.com\/2021-03-21\/1895736308209_4c43a3a8d10bc2fe5e13_72.png","image_192":"https:\/\/avatars.slack-edge.com\/2021-03-21\/1895736308209_4c43a3a8d10bc2fe5e13_192.png","image_512":"https:\/\/avatars.slack-edge.com\/2021-03-21\/1895736308209_4c43a3a8d10bc2fe5e13_512.png","image_1024":"https:\/\/avatars.slack-edge.com\/2021-03-21\/1895736308209_4c43a3a8d10bc2fe5e13_1024.png","status_text_canonical":"","team":"T01RBRV5F7H"},"is_admin":true,"is_owner":false,"is_primary_owner":false,"is_restricted":false,"is_ultra_restricted":false,"is_bot":false,"is_app_user":false,"updated":1618485034,"is_email_confirmed":true},
{"id":"U01RW2X7S9Z","team_id":"T01RBRV5F7H","name":"alex.c.skp","deleted":false,"color":"5a4592","real_name":"Alexandre Sommerkamp","tz":"Europe\/Amsterdam","tz_label":"Central European Summer Time","tz_offset":7200,"profile":{"title":"","phone":"01733656030","skype":"","real_name":"Alexandre Sommerkamp","real_name_normalized":"Alexandre Sommerkamp","display_name":"Alexandre Sommerkamp","display_name_normalized":"Alexandre Sommerkamp","fields":[],"status_text":"","status_emoji":"","status_expiration":0,"avatar_hash":"7e12d75d168a","image_original":"https:\/\/avatars.slack-edge.com\/2021-03-19\/1880105796643_7e12d75d168ae25c167d_original.jpg","is_custom_image":true,"email":"alex.c.skp@gmail.com","first_name":"Alexandre","last_name":"Sommerkamp","image_24":"https:\/\/avatars.slack-edge.com\/2021-03-19\/1880105796643_7e12d75d168ae25c167d_24.jpg","image_32":"https:\/\/avatars.slack-edge.com\/2021-03-19\/1880105796643_7e12d75d168ae25c167d_32.jpg","image_48":"https:\/\/avatars.slack-edge.com\/2021-03-19\/1880105796643_7e12d75d168ae25c167d_48.jpg","image_72":"https:\/\/avatars.slack-edge.com\/2021-03-19\/1880105796643_7e12d75d168ae25c167d_72.jpg","image_192":"https:\/\/avatars.slack-edge.com\/2021-03-19\/1880105796643_7e12d75d168ae25c167d_192.jpg","image_512":"https:\/\/avatars.slack-edge.com\/2021-03-19\/1880105796643_7e12d75d168ae25c167d_512.jpg","image_1024":"https:\/\/avatars.slack-edge.com\/2021-03-19\/1880105796643_7e12d75d168ae25c167d_1024.jpg","status_text_canonical":"","team":"T01RBRV5F7H"},"is_admin":false,"is_owner":false,"is_primary_owner":false,"is_restricted":false,"is_ultra_restricted":false,"is_bot":false,"is_app_user":false,"updated":1616172364,"is_email_confirmed":true},
{"id":"U01RXCQHMHT","team_id":"T01RBRV5F7H","name":"tony.hathuc","deleted":false,"color":"a63024","real_name":"Thanh Tung Ha Thuc DAFT Berlin March 2021","tz":"Europe\/Amsterdam","tz_label":"Central European Summer Time","tz_offset":7200,"profile":{"title":"Close the gap","phone":"+4917636803683","skype":"","real_name":"Thanh Tung Ha Thuc DAFT Berlin March 2021","real_name_normalized":"Thanh Tung Ha Thuc DAFT Berlin March 2021","display_name":"Tony Ha","display_name_normalized":"Tony Ha","fields":[],"status_text":"","status_emoji":"","status_expiration":0,"avatar_hash":"7290c61c38a0","image_original":"https:\/\/avatars.slack-edge.com\/2021-03-22\/1898002028225_7290c61c38a01ad66680_original.jpg","is_custom_image":true,"email":"tony.hathuc@gmail.com","first_name":"Thanh","last_name":"Tung Ha Thuc DAFT Berlin March 2021","image_24":"https:\/\/avatars.slack-edge.com\/2021-03-22\/1898002028225_7290c61c38a01ad66680_24.jpg","image_32":"https:\/\/avatars.slack-edge.com\/2021-03-22\/1898002028225_7290c61c38a01ad66680_32.jpg","image_48":"https:\/\/avatars.slack-edge.com\/2021-03-22\/1898002028225_7290c61c38a01ad66680_48.jpg","image_72":"https:\/\/avatars.slack-edge.com\/2021-03-22\/1898002028225_7290c61c38a01ad66680_72.jpg","image_192":"https:\/\/avatars.slack-edge.com\/2021-03-22\/1898002028225_7290c61c38a01ad66680_192.jpg","image_512":"https:\/\/avatars.slack-edge.com\/2021-03-22\/1898002028225_7290c61c38a01ad66680_512.jpg","image_1024":"https:\/\/avatars.slack-edge.com\/2021-03-22\/1898002028225_7290c61c38a01ad66680_1024.jpg","status_text_canonical":"","team":"T01RBRV5F7H"},"is_admin":false,"is_owner":false,"is_primary_owner":false,"is_restricted":false,"is_ultra_restricted":false,"is_bot":false,"is_app_user":false,"updated":1618696749,"is_email_confirmed":true},
{"id":"U01S081EULS","team_id":"T01RBRV5F7H","name":"defe_fg","deleted":false,"color":"c386df","real_name":"Federico Giuliani","tz":"Europe\/London","tz_label":"British Summer Time","tz_offset":3600,"profile":{"title":"","phone":"","skype":"","real_name":"Federico Giuliani","real_name_normalized":"Federico Giuliani","display_name":"Federico Giuliani","display_name_normalized":"Federico Giuliani","fields":null,"status_text":"","status_emoji":"","status_expiration":0,"avatar_hash":"072722b5938a","image_original":"https:\/\/avatars.slack-edge.com\/2021-03-22\/1869523305975_072722b5938a81b68381_original.png","is_custom_image":true,"email":"defe_fg@yahoo.it","image_24":"https:\/\/avatars.slack-edge.com\/2021-03-22\/1869523305975_072722b5938a81b68381_24.png","image_32":"https:\/\/avatars.slack-edge.com\/2021-03-22\/1869523305975_072722b5938a81b68381_32.png","image_48":"https:\/\/avatars.slack-edge.com\/2021-03-22\/1869523305975_072722b5938a81b68381_48.png","image_72":"https:\/\/avatars.slack-edge.com\/2021-03-22\/1869523305975_072722b5938a81b68381_72.png","image_192":"https:\/\/avatars.slack-edge.com\/2021-03-22\/1869523305975_072722b5938a81b68381_192.png","image_512":"https:\/\/avatars.slack-edge.com\/2021-03-22\/1869523305975_072722b5938a81b68381_512.png","image_1024":"https:\/\/avatars.slack-edge.com\/2021-03-22\/1869523305975_072722b5938a81b68381_1024.png","status_text_canonical":"","team":"T01RBRV5F7H"},"is_admin":false,"is_owner":false,"is_primary_owner":false,"is_restricted":false,"is_ultra_restricted":false,"is_bot":false,"is_app_user":false,"updated":1617955299,"is_email_confirmed":true},
{"id":"U01S0E0MRJ7","team_id":"T01RBRV5F7H","name":"d.pudans","deleted":false,"color":"53b759","real_name":"Davis Pudans","tz":"Europe\/Amsterdam","tz_label":"Central European Summer Time","tz_offset":7200,"profile":{"title":"","phone":"","skype":"","real_name":"Davis Pudans","real_name_normalized":"Davis Pudans","display_name":"Davis Pudans","display_name_normalized":"Davis Pudans","fields":null,"status_text":"","status_emoji":"","status_expiration":0,"avatar_hash":"ad6853d3a1f4","image_original":"https:\/\/avatars.slack-edge.com\/2021-04-16\/1993872127808_ad6853d3a1f43da8ec48_original.jpg","is_custom_image":true,"email":"d.pudans@gmail.com","image_24":"https:\/\/avatars.slack-edge.com\/2021-04-16\/1993872127808_ad6853d3a1f43da8ec48_24.jpg","image_32":"https:\/\/avatars.slack-edge.com\/2021-04-16\/1993872127808_ad6853d3a1f43da8ec48_32.jpg","image_48":"https:\/\/avatars.slack-edge.com\/2021-04-16\/1993872127808_ad6853d3a1f43da8ec48_48.jpg","image_72":"https:\/\/avatars.slack-edge.com\/2021-04-16\/1993872127808_ad6853d3a1f43da8ec48_72.jpg","image_192":"https:\/\/avatars.slack-edge.com\/2021-04-16\/1993872127808_ad6853d3a1f43da8ec48_192.jpg","image_512":"https:\/\/avatars.slack-edge.com\/2021-04-16\/1993872127808_ad6853d3a1f43da8ec48_512.jpg","image_1024":"https:\/\/avatars.slack-edge.com\/2021-04-16\/1993872127808_ad6853d3a1f43da8ec48_1024.jpg","status_text_canonical":"","team":"T01RBRV5F7H"},"is_admin":false,"is_owner":false,"is_primary_owner":false,"is_restricted":false,"is_ultra_restricted":false,"is_bot":false,"is_app_user":false,"updated":1618560781,"is_email_confirmed":true},
{"id":"U01S0MFJ3HR","team_id":"T01RBRV5F7H","name":"anja.fechner","deleted":false,"color":"5870dd","real_name":"Anja Fechner","tz":"Europe\/Amsterdam","tz_label":"Central European Summer Time","tz_offset":7200,"profile":{"title":"","phone":"","skype":"","real_name":"Anja Fechner","real_name_normalized":"Anja Fechner","display_name":"Anja Fechner","display_name_normalized":"Anja Fechner","fields":null,"status_text":"","status_emoji":"","status_expiration":0,"avatar_hash":"16aa576b8645","image_original":"https:\/\/avatars.slack-edge.com\/2021-03-23\/1903189544593_16aa576b864568c61af7_original.jpg","is_custom_image":true,"email":"anja.fechner@live.de","image_24":"https:\/\/avatars.slack-edge.com\/2021-03-23\/1903189544593_16aa576b864568c61af7_24.jpg","image_32":"https:\/\/avatars.slack-edge.com\/2021-03-23\/1903189544593_16aa576b864568c61af7_32.jpg","image_48":"https:\/\/avatars.slack-edge.com\/2021-03-23\/1903189544593_16aa576b864568c61af7_48.jpg","image_72":"https:\/\/avatars.slack-edge.com\/2021-03-23\/1903189544593_16aa576b864568c61af7_72.jpg","image_192":"https:\/\/avatars.slack-edge.com\/2021-03-23\/1903189544593_16aa576b864568c61af7_192.jpg","image_512":"https:\/\/avatars.slack-edge.com\/2021-03-23\/1903189544593_16aa576b864568c61af7_512.jpg","image_1024":"https:\/\/avatars.slack-edge.com\/2021-03-23\/1903189544593_16aa576b864568c61af7_1024.jpg","status_text_canonical":"","team":"T01RBRV5F7H"},"is_admin":false,"is_owner":false,"is_primary_owner":false,"is_restricted":false,"is_ultra_restricted":false,"is_bot":false,"is_app_user":false,"updated":1616519912,"is_email_confirmed":true},
{"id":"U01S0P26NKD","team_id":"T01RBRV5F7H","name":"jennipherkasemire","deleted":false,"color":"d1707d","real_name":"Jennipher Kasemire","tz":"Europe\/Amsterdam","tz_label":"Central European Summer Time","tz_offset":7200,"profile":{"title":"","phone":"","skype":"","real_name":"Jennipher Kasemire","real_name_normalized":"Jennipher Kasemire","display_name":"Jennipher Kasemire","display_name_normalized":"Jennipher Kasemire","fields":null,"status_text":"","status_emoji":"","status_expiration":0,"avatar_hash":"g7b30129d02b","email":"jennipherkasemire@yahoo.com","image_24":"https:\/\/secure.gravatar.com\/avatar\/7b30129d02bcacd7eef985bfd5432c73.jpg?s=24&d=https%3A%2F%2Fa.slack-edge.com%2Fdf10d%2Fimg%2Favatars%2Fava_0021-24.png","image_32":"https:\/\/secure.gravatar.com\/avatar\/7b30129d02bcacd7eef985bfd5432c73.jpg?s=32&d=https%3A%2F%2Fa.slack-edge.com%2Fdf10d%2Fimg%2Favatars%2Fava_0021-32.png","image_48":"https:\/\/secure.gravatar.com\/avatar\/7b30129d02bcacd7eef985bfd5432c73.jpg?s=48&d=https%3A%2F%2Fa.slack-edge.com%2Fdf10d%2Fimg%2Favatars%2Fava_0021-48.png","image_72":"https:\/\/secure.gravatar.com\/avatar\/7b30129d02bcacd7eef985bfd5432c73.jpg?s=72&d=https%3A%2F%2Fa.slack-edge.com%2Fdf10d%2Fimg%2Favatars%2Fava_0021-72.png","image_192":"https:\/\/secure.gravatar.com\/avatar\/7b30129d02bcacd7eef985bfd5432c73.jpg?s=192&d=https%3A%2F%2Fa.slack-edge.com%2Fdf10d%2Fimg%2Favatars%2Fava_0021-192.png","image_512":"https:\/\/secure.gravatar.com\/avatar\/7b30129d02bcacd7eef985bfd5432c73.jpg?s=512&d=https%3A%2F%2Fa.slack-edge.com%2Fdf10d%2Fimg%2Favatars%2Fava_0021-512.png","status_text_canonical":"","team":"T01RBRV5F7H"},"is_admin":false,"is_owner":false,"is_primary_owner":false,"is_restricted":false,"is_ultra_restricted":false,"is_bot":false,"is_app_user":false,"updated":1616407432,"is_email_confirmed":true},
{"id":"U01S133DZ9A","team_id":"T01RBRV5F7H","name":"simples707data","deleted":false,"color":"684b6c","real_name":"Simon Data","tz":"Europe\/Amsterdam","tz_label":"Central European Summer Time","tz_offset":7200,"profile":{"title":"","phone":"","skype":"","real_name":"Simon Data","real_name_normalized":"Simon Data","display_name":"Simon Data","display_name_normalized":"Simon Data","fields":[],"status_text":"","status_emoji":"","status_expiration":0,"avatar_hash":"adb8b81e55b5","image_original":"https:\/\/avatars.slack-edge.com\/2021-03-23\/1887337161925_adb8b81e55b5ac488cf1_original.jpg","is_custom_image":true,"email":"simples707data@gmail.com","first_name":"Simon","last_name":"Data","image_24":"https:\/\/avatars.slack-edge.com\/2021-03-23\/1887337161925_adb8b81e55b5ac488cf1_24.jpg","image_32":"https:\/\/avatars.slack-edge.com\/2021-03-23\/1887337161925_adb8b81e55b5ac488cf1_32.jpg","image_48":"https:\/\/avatars.slack-edge.com\/2021-03-23\/1887337161925_adb8b81e55b5ac488cf1_48.jpg","image_72":"https:\/\/avatars.slack-edge.com\/2021-03-23\/1887337161925_adb8b81e55b5ac488cf1_72.jpg","image_192":"https:\/\/avatars.slack-edge.com\/2021-03-23\/1887337161925_adb8b81e55b5ac488cf1_192.jpg","image_512":"https:\/\/avatars.slack-edge.com\/2021-03-23\/1887337161925_adb8b81e55b5ac488cf1_512.jpg","image_1024":"https:\/\/avatars.slack-edge.com\/2021-03-23\/1887337161925_adb8b81e55b5ac488cf1_1024.jpg","status_text_canonical":"","team":"T01RBRV5F7H"},"is_admin":false,"is_owner":false,"is_primary_owner":false,"is_restricted":false,"is_ultra_restricted":false,"is_bot":false,"is_app_user":false,"updated":1616517991,"is_email_confirmed":true},
{"id":"U01S1CWGTU4","team_id":"T01RBRV5F7H","name":"salemesastre","deleted":false,"color":"df3dc0","real_name":"Antonio Saleme Sastre","tz":"Europe\/Amsterdam","tz_label":"Central European Summer Time","tz_offset":7200,"profile":{"title":"","phone":"","skype":"","real_name":"Antonio Saleme Sastre","real_name_normalized":"Antonio Saleme Sastre","display_name":"Antonio Saleme Sastre","display_name_normalized":"Antonio Saleme Sastre","fields":null,"status_text":"","status_emoji":"","status_expiration":0,"avatar_hash":"09076999792d","image_original":"https:\/\/avatars.slack-edge.com\/2021-03-21\/1868032103895_09076999792d539af81c_original.png","is_custom_image":true,"email":"salemesastre@gmail.com","image_24":"https:\/\/avatars.slack-edge.com\/2021-03-21\/1868032103895_09076999792d539af81c_24.png","image_32":"https:\/\/avatars.slack-edge.com\/2021-03-21\/1868032103895_09076999792d539af81c_32.png","image_48":"https:\/\/avatars.slack-edge.com\/2021-03-21\/1868032103895_09076999792d539af81c_48.png","image_72":"https:\/\/avatars.slack-edge.com\/2021-03-21\/1868032103895_09076999792d539af81c_72.png","image_192":"https:\/\/avatars.slack-edge.com\/2021-03-21\/1868032103895_09076999792d539af81c_192.png","image_512":"https:\/\/avatars.slack-edge.com\/2021-03-21\/1868032103895_09076999792d539af81c_512.png","image_1024":"https:\/\/avatars.slack-edge.com\/2021-03-21\/1868032103895_09076999792d539af81c_1024.png","status_text_canonical":"","team":"T01RBRV5F7H"},"is_admin":false,"is_owner":false,"is_primary_owner":false,"is_restricted":false,"is_ultra_restricted":false,"is_bot":false,"is_app_user":false,"updated":1616319739,"is_email_confirmed":true},
{"id":"U01S65G72SY","team_id":"T01RBRV5F7H","name":"isabeljabs","deleted":false,"color":"9e3997","real_name":"Isabel Jabs","tz":"Europe\/Amsterdam","tz_label":"Central European Summer Time","tz_offset":7200,"profile":{"title":"","phone":"","skype":"","real_name":"Isabel Jabs","real_name_normalized":"Isabel Jabs","display_name":"Isabel Jabs","display_name_normalized":"Isabel Jabs","fields":null,"status_text":"","status_emoji":"","status_expiration":0,"avatar_hash":"2508d9d872a8","image_original":"https:\/\/avatars.slack-edge.com\/2021-03-21\/1907823424064_2508d9d872a8411a9b37_original.png","is_custom_image":true,"email":"isabeljabs@gmail.com","image_24":"https:\/\/avatars.slack-edge.com\/2021-03-21\/1907823424064_2508d9d872a8411a9b37_24.png","image_32":"https:\/\/avatars.slack-edge.com\/2021-03-21\/1907823424064_2508d9d872a8411a9b37_32.png","image_48":"https:\/\/avatars.slack-edge.com\/2021-03-21\/1907823424064_2508d9d872a8411a9b37_48.png","image_72":"https:\/\/avatars.slack-edge.com\/2021-03-21\/1907823424064_2508d9d872a8411a9b37_72.png","image_192":"https:\/\/avatars.slack-edge.com\/2021-03-21\/1907823424064_2508d9d872a8411a9b37_192.png","image_512":"https:\/\/avatars.slack-edge.com\/2021-03-21\/1907823424064_2508d9d872a8411a9b37_512.png","image_1024":"https:\/\/avatars.slack-edge.com\/2021-03-21\/1907823424064_2508d9d872a8411a9b37_1024.png","status_text_canonical":"","team":"T01RBRV5F7H"},"is_admin":false,"is_owner":false,"is_primary_owner":false,"is_restricted":false,"is_ultra_restricted":false,"is_bot":false,"is_app_user":false,"updated":1616394761,"is_email_confirmed":true},
{"id":"U01S6L7HLUC","team_id":"T01RBRV5F7H","name":"prebitha.abraham","deleted":false,"color":"50a0cf","real_name":"Prebitha Abraham","tz":"Europe\/Amsterdam","tz_label":"Central European Summer Time","tz_offset":7200,"profile":{"title":"","phone":"","skype":"","real_name":"Prebitha Abraham","real_name_normalized":"Prebitha Abraham","display_name":"Prebitha Abraham","display_name_normalized":"Prebitha Abraham","fields":null,"status_text":"","status_emoji":"","status_expiration":0,"avatar_hash":"503ff2e9e293","image_original":"https:\/\/avatars.slack-edge.com\/2021-04-15\/1992626919472_503ff2e9e2932e7dc861_original.png","is_custom_image":true,"email":"prebitha.abraham@gmail.com","first_name":"Prebitha","last_name":"Abraham","image_24":"https:\/\/avatars.slack-edge.com\/2021-04-15\/1992626919472_503ff2e9e2932e7dc861_24.png","image_32":"https:\/\/avatars.slack-edge.com\/2021-04-15\/1992626919472_503ff2e9e2932e7dc861_32.png","image_48":"https:\/\/avatars.slack-edge.com\/2021-04-15\/1992626919472_503ff2e9e2932e7dc861_48.png","image_72":"https:\/\/avatars.slack-edge.com\/2021-04-15\/1992626919472_503ff2e9e2932e7dc861_72.png","image_192":"https:\/\/avatars.slack-edge.com\/2021-04-15\/1992626919472_503ff2e9e2932e7dc861_192.png","image_512":"https:\/\/avatars.slack-edge.com\/2021-04-15\/1992626919472_503ff2e9e2932e7dc861_512.png","image_1024":"https:\/\/avatars.slack-edge.com\/2021-04-15\/1992626919472_503ff2e9e2932e7dc861_1024.png","status_text_canonical":"","team":"T01RBRV5F7H"},"is_admin":false,"is_owner":false,"is_primary_owner":false,"is_restricted":false,"is_ultra_restricted":false,"is_bot":false,"is_app_user":false,"updated":1618523512,"is_email_confirmed":true},
{"id":"U01S6LCPM0C","team_id":"T01RBRV5F7H","name":"jerrit.steinebach","deleted":false,"color":"d55aef","real_name":"Jerrit Steinebach","tz":"Europe\/Amsterdam","tz_label":"Central European Summer Time","tz_offset":7200,"profile":{"title":"","phone":"","skype":"","real_name":"Jerrit Steinebach","real_name_normalized":"Jerrit Steinebach","display_name":"Jerrit Steinebach","display_name_normalized":"Jerrit Steinebach","fields":null,"status_text":"","status_emoji":"","status_expiration":0,"avatar_hash":"gef13325ef15","email":"jerrit.steinebach@gmail.com","image_24":"https:\/\/secure.gravatar.com\/avatar\/ef13325ef1599f9a41dadef061142601.jpg?s=24&d=https%3A%2F%2Fa.slack-edge.com%2Fdf10d%2Fimg%2Favatars%2Fava_0005-24.png","image_32":"https:\/\/secure.gravatar.com\/avatar\/ef13325ef1599f9a41dadef061142601.jpg?s=32&d=https%3A%2F%2Fa.slack-edge.com%2Fdf10d%2Fimg%2Favatars%2Fava_0005-32.png","image_48":"https:\/\/secure.gravatar.com\/avatar\/ef13325ef1599f9a41dadef061142601.jpg?s=48&d=https%3A%2F%2Fa.slack-edge.com%2Fdf10d%2Fimg%2Favatars%2Fava_0005-48.png","image_72":"https:\/\/secure.gravatar.com\/avatar\/ef13325ef1599f9a41dadef061142601.jpg?s=72&d=https%3A%2F%2Fa.slack-edge.com%2Fdf10d%2Fimg%2Favatars%2Fava_0005-72.png","image_192":"https:\/\/secure.gravatar.com\/avatar\/ef13325ef1599f9a41dadef061142601.jpg?s=192&d=https%3A%2F%2Fa.slack-edge.com%2Fdf10d%2Fimg%2Favatars%2Fava_0005-192.png","image_512":"https:\/\/secure.gravatar.com\/avatar\/ef13325ef1599f9a41dadef061142601.jpg?s=512&d=https%3A%2F%2Fa.slack-edge.com%2Fdf10d%2Fimg%2Favatars%2Fava_0005-512.png","status_text_canonical":"","team":"T01RBRV5F7H"},"is_admin":false,"is_owner":false,"is_primary_owner":false,"is_restricted":false,"is_ultra_restricted":false,"is_bot":false,"is_app_user":false,"updated":1616406654,"is_email_confirmed":true},
{"id":"U01S79YDELR","team_id":"T01RBRV5F7H","name":"karina.condeixa","deleted":false,"color":"4bbe2e","real_name":"Karina Condeixa","tz":"Europe\/Amsterdam","tz_label":"Central European Summer Time","tz_offset":7200,"profile":{"title":"","phone":"","skype":"","real_name":"Karina Condeixa","real_name_normalized":"Karina Condeixa","display_name":"Karina Condeixa","display_name_normalized":"Karina Condeixa","fields":null,"status_text":"","status_emoji":"","status_expiration":0,"avatar_hash":"606def897de6","image_original":"https:\/\/avatars.slack-edge.com\/2021-03-22\/1910932493456_606def897de66681d932_original.jpg","is_custom_image":true,"email":"karina.condeixa@gmail.com","image_24":"https:\/\/avatars.slack-edge.com\/2021-03-22\/1910932493456_606def897de66681d932_24.jpg","image_32":"https:\/\/avatars.slack-edge.com\/2021-03-22\/1910932493456_606def897de66681d932_32.jpg","image_48":"https:\/\/avatars.slack-edge.com\/2021-03-22\/1910932493456_606def897de66681d932_48.jpg","image_72":"https:\/\/avatars.slack-edge.com\/2021-03-22\/1910932493456_606def897de66681d932_72.jpg","image_192":"https:\/\/avatars.slack-edge.com\/2021-03-22\/1910932493456_606def897de66681d932_192.jpg","image_512":"https:\/\/avatars.slack-edge.com\/2021-03-22\/1910932493456_606def897de66681d932_512.jpg","image_1024":"https:\/\/avatars.slack-edge.com\/2021-03-22\/1910932493456_606def897de66681d932_1024.jpg","status_text_canonical":"","team":"T01RBRV5F7H"},"is_admin":false,"is_owner":false,"is_primary_owner":false,"is_restricted":false,"is_ultra_restricted":false,"is_bot":false,"is_app_user":false,"updated":1617746349,"is_email_confirmed":true},
{"id":"U01S7BM4N81","team_id":"T01RBRV5F7H","name":"thamokoeper","deleted":false,"color":"674b1b","real_name":"Thamo","tz":"Europe\/Amsterdam","tz_label":"Central European Summer Time","tz_offset":7200,"profile":{"title":"not a data analyst","phone":"","skype":"","real_name":"Thamo","real_name_normalized":"Thamo","display_name":"Thamo","display_name_normalized":"Thamo","fields":[],"status_text":"","status_emoji":"","status_expiration":0,"avatar_hash":"2adfc641e87e","image_original":"https:\/\/avatars.slack-edge.com\/2021-04-16\/1994438084416_2adfc641e87e3a953d9c_original.png","is_custom_image":true,"email":"thamokoeper@gmail.com","first_name":"Thamo","last_name":"","image_24":"https:\/\/avatars.slack-edge.com\/2021-04-16\/1994438084416_2adfc641e87e3a953d9c_24.png","image_32":"https:\/\/avatars.slack-edge.com\/2021-04-16\/1994438084416_2adfc641e87e3a953d9c_32.png","image_48":"https:\/\/avatars.slack-edge.com\/2021-04-16\/1994438084416_2adfc641e87e3a953d9c_48.png","image_72":"https:\/\/avatars.slack-edge.com\/2021-04-16\/1994438084416_2adfc641e87e3a953d9c_72.png","image_192":"https:\/\/avatars.slack-edge.com\/2021-04-16\/1994438084416_2adfc641e87e3a953d9c_192.png","image_512":"https:\/\/avatars.slack-edge.com\/2021-04-16\/1994438084416_2adfc641e87e3a953d9c_512.png","image_1024":"https:\/\/avatars.slack-edge.com\/2021-04-16\/1994438084416_2adfc641e87e3a953d9c_1024.png","status_text_canonical":"","team":"T01RBRV5F7H"},"is_admin":false,"is_owner":false,"is_primary_owner":false,"is_restricted":false,"is_ultra_restricted":false,"is_bot":false,"is_app_user":false,"updated":1618571919,"is_email_confirmed":true},
{"id":"U01S7KCL3DF","team_id":"T01RBRV5F7H","name":"samkatterfield","deleted":false,"color":"2b6836","real_name":"Sam Katterfield","tz":"Europe\/Amsterdam","tz_label":"Central European Summer Time","tz_offset":7200,"profile":{"title":"","phone":"","skype":"","real_name":"Sam Katterfield","real_name_normalized":"Sam Katterfield","display_name":"Sam","display_name_normalized":"Sam","fields":[],"status_text":"","status_emoji":"","status_expiration":0,"avatar_hash":"17b52091bb62","image_original":"https:\/\/avatars.slack-edge.com\/2021-03-19\/1875964347925_17b52091bb62c2340b4c_original.png","is_custom_image":true,"email":"samkatterfield@gmail.com","first_name":"Sam","last_name":"Katterfield","image_24":"https:\/\/avatars.slack-edge.com\/2021-03-19\/1875964347925_17b52091bb62c2340b4c_24.png","image_32":"https:\/\/avatars.slack-edge.com\/2021-03-19\/1875964347925_17b52091bb62c2340b4c_32.png","image_48":"https:\/\/avatars.slack-edge.com\/2021-03-19\/1875964347925_17b52091bb62c2340b4c_48.png","image_72":"https:\/\/avatars.slack-edge.com\/2021-03-19\/1875964347925_17b52091bb62c2340b4c_72.png","image_192":"https:\/\/avatars.slack-edge.com\/2021-03-19\/1875964347925_17b52091bb62c2340b4c_192.png","image_512":"https:\/\/avatars.slack-edge.com\/2021-03-19\/1875964347925_17b52091bb62c2340b4c_512.png","image_1024":"https:\/\/avatars.slack-edge.com\/2021-03-19\/1875964347925_17b52091bb62c2340b4c_1024.png","status_text_canonical":"","team":"T01RBRV5F7H"},"is_admin":false,"is_owner":false,"is_primary_owner":false,"is_restricted":false,"is_ultra_restricted":false,"is_bot":false,"is_app_user":false,"updated":1618751845,"is_email_confirmed":true},
{"id":"U01S85M3UCV","team_id":"T01RBRV5F7H","name":"hang.vuthithu","deleted":false,"color":"e06b56","real_name":"Hang Vuthithu","tz":"Europe\/Amsterdam","tz_label":"Central European Summer Time","tz_offset":7200,"profile":{"title":"","phone":"","skype":"","real_name":"Hang Vuthithu","real_name_normalized":"Hang Vuthithu","display_name":"","display_name_normalized":"","fields":null,"status_text":"Opted out of email alerts","status_emoji":":no_bell:","status_expiration":0,"avatar_hash":"g0f8a94ddbbf","email":"hang.vuthithu@ironhack.com","image_24":"https:\/\/secure.gravatar.com\/avatar\/0f8a94ddbbf98076eedc9ed0de67653b.jpg?s=24&d=https%3A%2F%2Fa.slack-edge.com%2Fdf10d%2Fimg%2Favatars%2Fava_0000-24.png","image_32":"https:\/\/secure.gravatar.com\/avatar\/0f8a94ddbbf98076eedc9ed0de67653b.jpg?s=32&d=https%3A%2F%2Fa.slack-edge.com%2Fdf10d%2Fimg%2Favatars%2Fava_0000-32.png","image_48":"https:\/\/secure.gravatar.com\/avatar\/0f8a94ddbbf98076eedc9ed0de67653b.jpg?s=48&d=https%3A%2F%2Fa.slack-edge.com%2Fdf10d%2Fimg%2Favatars%2Fava_0000-48.png","image_72":"https:\/\/secure.gravatar.com\/avatar\/0f8a94ddbbf98076eedc9ed0de67653b.jpg?s=72&d=https%3A%2F%2Fa.slack-edge.com%2Fdf10d%2Fimg%2Favatars%2Fava_0000-72.png","image_192":"https:\/\/secure.gravatar.com\/avatar\/0f8a94ddbbf98076eedc9ed0de67653b.jpg?s=192&d=https%3A%2F%2Fa.slack-edge.com%2Fdf10d%2Fimg%2Favatars%2Fava_0000-192.png","image_512":"https:\/\/secure.gravatar.com\/avatar\/0f8a94ddbbf98076eedc9ed0de67653b.jpg?s=512&d=https%3A%2F%2Fa.slack-edge.com%2Fdf10d%2Fimg%2Favatars%2Fava_0000-512.png","status_text_canonical":"","team":"T01RBRV5F7H"},"is_admin":false,"is_owner":false,"is_primary_owner":false,"is_restricted":false,"is_ultra_restricted":false,"is_bot":false,"is_app_user":false,"updated":1616692792,"is_email_confirmed":false,"is_invited_user":true},
{"id":"U01SD3CDH9P","team_id":"T01RBRV5F7H","name":"andreatognoli001","deleted":false,"color":"385a86","real_name":"Andrea Tognoli","tz":"Europe\/Amsterdam","tz_label":"Central European Summer Time","tz_offset":7200,"profile":{"title":"","phone":"","skype":"","real_name":"Andrea Tognoli","real_name_normalized":"Andrea Tognoli","display_name":"Andrea Tognoli","display_name_normalized":"Andrea Tognoli","fields":null,"status_text":"","status_emoji":"","status_expiration":0,"avatar_hash":"735d50ad8f34","image_original":"https:\/\/avatars.slack-edge.com\/2021-04-15\/1962810903269_735d50ad8f345a94bd76_original.jpg","is_custom_image":true,"email":"andreatognoli001@gmail.com","image_24":"https:\/\/avatars.slack-edge.com\/2021-04-15\/1962810903269_735d50ad8f345a94bd76_24.jpg","image_32":"https:\/\/avatars.slack-edge.com\/2021-04-15\/1962810903269_735d50ad8f345a94bd76_32.jpg","image_48":"https:\/\/avatars.slack-edge.com\/2021-04-15\/1962810903269_735d50ad8f345a94bd76_48.jpg","image_72":"https:\/\/avatars.slack-edge.com\/2021-04-15\/1962810903269_735d50ad8f345a94bd76_72.jpg","image_192":"https:\/\/avatars.slack-edge.com\/2021-04-15\/1962810903269_735d50ad8f345a94bd76_192.jpg","image_512":"https:\/\/avatars.slack-edge.com\/2021-04-15\/1962810903269_735d50ad8f345a94bd76_512.jpg","image_1024":"https:\/\/avatars.slack-edge.com\/2021-04-15\/1962810903269_735d50ad8f345a94bd76_1024.jpg","status_text_canonical":"","team":"T01RBRV5F7H"},"is_admin":false,"is_owner":false,"is_primary_owner":false,"is_restricted":false,"is_ultra_restricted":false,"is_bot":false,"is_app_user":false,"updated":1618481351,"is_email_confirmed":true},
{"id":"U01SEBS8X1P","team_id":"T01RBRV5F7H","name":"github","deleted":false,"color":"43761b","real_name":"GitHub (Legacy)","tz":"America\/Los_Angeles","tz_label":"Pacific Daylight Time","tz_offset":-25200,"profile":{"title":"","phone":"","skype":"","real_name":"GitHub (Legacy)","real_name_normalized":"GitHub (Legacy)","display_name":"","display_name_normalized":"","fields":null,"status_text":"","status_emoji":"","status_expiration":0,"avatar_hash":"0db634564501","api_app_id":"A8GBNUWU8","always_active":true,"image_original":"https:\/\/avatars.slack-edge.com\/2021-04-14\/1964471278899_0db634564501772b2928_original.png","is_custom_image":true,"bot_id":"B01RM0CJC4X","first_name":"GitHub","last_name":"(Legacy)","image_24":"https:\/\/avatars.slack-edge.com\/2021-04-14\/1964471278899_0db634564501772b2928_24.png","image_32":"https:\/\/avatars.slack-edge.com\/2021-04-14\/1964471278899_0db634564501772b2928_32.png","image_48":"https:\/\/avatars.slack-edge.com\/2021-04-14\/1964471278899_0db634564501772b2928_48.png","image_72":"https:\/\/avatars.slack-edge.com\/2021-04-14\/1964471278899_0db634564501772b2928_72.png","image_192":"https:\/\/avatars.slack-edge.com\/2021-04-14\/1964471278899_0db634564501772b2928_192.png","image_512":"https:\/\/avatars.slack-edge.com\/2021-04-14\/1964471278899_0db634564501772b2928_512.png","image_1024":"https:\/\/avatars.slack-edge.com\/2021-04-14\/1964471278899_0db634564501772b2928_1024.png","status_text_canonical":"","team":"T01RBRV5F7H"},"is_admin":false,"is_owner":false,"is_primary_owner":false,"is_restricted":false,"is_ultra_restricted":false,"is_bot":true,"is_app_user":true,"updated":1618438333,"is_email_confirmed":false},
{"id":"U01SJKB2MG8","team_id":"T01RBRV5F7H","name":"florian.titze","deleted":false,"color":"e96699","real_name":"Florian Titze","tz":"Europe\/Amsterdam","tz_label":"Central European Summer Time","tz_offset":7200,"profile":{"title":"Berlin Data Analytics TA","phone":"","skype":"","real_name":"Florian Titze","real_name_normalized":"Florian Titze","display_name":"Flo Titze","display_name_normalized":"Flo Titze","fields":[],"status_text":"","status_emoji":"","status_expiration":0,"avatar_hash":"88fa894fdb53","image_original":"https:\/\/avatars.slack-edge.com\/2021-03-19\/1885033153332_88fa894fdb5366452adf_original.jpg","is_custom_image":true,"email":"florian.titze@ironhack.com","first_name":"Florian","last_name":"Titze","image_24":"https:\/\/avatars.slack-edge.com\/2021-03-19\/1885033153332_88fa894fdb5366452adf_24.jpg","image_32":"https:\/\/avatars.slack-edge.com\/2021-03-19\/1885033153332_88fa894fdb5366452adf_32.jpg","image_48":"https:\/\/avatars.slack-edge.com\/2021-03-19\/1885033153332_88fa894fdb5366452adf_48.jpg","image_72":"https:\/\/avatars.slack-edge.com\/2021-03-19\/1885033153332_88fa894fdb5366452adf_72.jpg","image_192":"https:\/\/avatars.slack-edge.com\/2021-03-19\/1885033153332_88fa894fdb5366452adf_192.jpg","image_512":"https:\/\/avatars.slack-edge.com\/2021-03-19\/1885033153332_88fa894fdb5366452adf_512.jpg","image_1024":"https:\/\/avatars.slack-edge.com\/2021-03-19\/1885033153332_88fa894fdb5366452adf_1024.jpg","status_text_canonical":"","team":"T01RBRV5F7H"},"is_admin":true,"is_owner":false,"is_primary_owner":false,"is_restricted":false,"is_ultra_restricted":false,"is_bot":false,"is_app_user":false,"updated":1616412174,"is_email_confirmed":true},
{"id":"U01SK96QF5E","team_id":"T01RBRV5F7H","name":"lilla.szulyovszky","deleted":false,"color":"d58247","real_name":"Lilla Szulyovszky","tz":"Europe\/Belgrade","tz_label":"Central European Summer Time","tz_offset":7200,"profile":{"title":"","phone":"","skype":"","real_name":"Lilla Szulyovszky","real_name_normalized":"Lilla Szulyovszky","display_name":"lilla","display_name_normalized":"lilla","fields":[],"status_text":"","status_emoji":"","status_expiration":1616799599,"avatar_hash":"94c1e7ff9e09","image_original":"https:\/\/avatars.slack-edge.com\/2021-03-21\/1883381430979_94c1e7ff9e09a95d14cb_original.jpg","is_custom_image":true,"email":"lilla.szulyovszky@gmail.com","first_name":"Lilla","last_name":"Szulyovszky","image_24":"https:\/\/avatars.slack-edge.com\/2021-03-21\/1883381430979_94c1e7ff9e09a95d14cb_24.jpg","image_32":"https:\/\/avatars.slack-edge.com\/2021-03-21\/1883381430979_94c1e7ff9e09a95d14cb_32.jpg","image_48":"https:\/\/avatars.slack-edge.com\/2021-03-21\/1883381430979_94c1e7ff9e09a95d14cb_48.jpg","image_72":"https:\/\/avatars.slack-edge.com\/2021-03-21\/1883381430979_94c1e7ff9e09a95d14cb_72.jpg","image_192":"https:\/\/avatars.slack-edge.com\/2021-03-21\/1883381430979_94c1e7ff9e09a95d14cb_192.jpg","image_512":"https:\/\/avatars.slack-edge.com\/2021-03-21\/1883381430979_94c1e7ff9e09a95d14cb_512.jpg","image_1024":"https:\/\/avatars.slack-edge.com\/2021-03-21\/1883381430979_94c1e7ff9e09a95d14cb_1024.jpg","status_text_canonical":"","team":"T01RBRV5F7H"},"is_admin":false,"is_owner":false,"is_primary_owner":false,"is_restricted":false,"is_ultra_restricted":false,"is_bot":false,"is_app_user":false,"updated":1616769219,"is_email_confirmed":true},
{"id":"U01SVQR0UUC","team_id":"T01RBRV5F7H","name":"googledrive","deleted":false,"color":"8f4a2b","real_name":"Google Drive","tz":"America\/Los_Angeles","tz_label":"Pacific Daylight Time","tz_offset":-25200,"profile":{"title":"","phone":"","skype":"","real_name":"Google Drive","real_name_normalized":"Google Drive","display_name":"","display_name_normalized":"","fields":null,"status_text":"","status_emoji":"","status_expiration":0,"avatar_hash":"0d55982b8ff7","api_app_id":"A6NL8MJ6Q","always_active":true,"image_original":"https:\/\/avatars.slack-edge.com\/2021-03-29\/1913841100820_0d55982b8ff710039adf_original.png","is_custom_image":true,"bot_id":"B01SPS59QQ3","image_24":"https:\/\/avatars.slack-edge.com\/2021-03-29\/1913841100820_0d55982b8ff710039adf_24.png","image_32":"https:\/\/avatars.slack-edge.com\/2021-03-29\/1913841100820_0d55982b8ff710039adf_32.png","image_48":"https:\/\/avatars.slack-edge.com\/2021-03-29\/1913841100820_0d55982b8ff710039adf_48.png","image_72":"https:\/\/avatars.slack-edge.com\/2021-03-29\/1913841100820_0d55982b8ff710039adf_72.png","image_192":"https:\/\/avatars.slack-edge.com\/2021-03-29\/1913841100820_0d55982b8ff710039adf_192.png","image_512":"https:\/\/avatars.slack-edge.com\/2021-03-29\/1913841100820_0d55982b8ff710039adf_512.png","image_1024":"https:\/\/avatars.slack-edge.com\/2021-03-29\/1913841100820_0d55982b8ff710039adf_1024.png","status_text_canonical":"","team":"T01RBRV5F7H"},"is_admin":false,"is_owner":false,"is_primary_owner":false,"is_restricted":false,"is_ultra_restricted":false,"is_bot":true,"is_app_user":false,"updated":1617018725,"is_email_confirmed":false}
]