[
    {
        "type": "message",
        "text": "<!channel>,\nA neat little tool for Python, for cases when any `for` loop takes ages and you're wondering \"will it ever end? Is it stuck? Can I go for a walk in the sun in the meantime?\"\n*the name of the tool is: TQDM*\n<https:\/\/towardsdatascience.com\/progress-bars-in-python-4b44e8a4c482|Link> how to set it up and use it. If you need help in setting it up, I'd be available in a breakout room",
        "files": [
            {
                "id": "F01V3S7G8AF",
                "created": 1619080446,
                "timestamp": 1619080446,
                "name": "1*xwvLepJ3x39UGBXQvQc4jg.gif",
                "title": "1*xwvLepJ3x39UGBXQvQc4jg.gif",
                "mimetype": "image\/gif",
                "filetype": "gif",
                "pretty_type": "GIF",
                "user": "U01SJKB2MG8",
                "editable": false,
                "size": 601878,
                "mode": "hosted",
                "is_external": false,
                "external_type": "",
                "is_public": true,
                "public_url_shared": false,
                "display_as_bot": false,
                "username": "",
                "url_private": "https:\/\/files.slack.com\/files-pri\/T01RBRV5F7H-F01V3S7G8AF\/1_xwvlepj3x39ugbxqvqc4jg.gif?t=xoxe-1861879185255-2005250891763-2017654554721-735ed824033d65b9b5a8817aca87e86a",
                "url_private_download": "https:\/\/files.slack.com\/files-pri\/T01RBRV5F7H-F01V3S7G8AF\/download\/1_xwvlepj3x39ugbxqvqc4jg.gif?t=xoxe-1861879185255-2005250891763-2017654554721-735ed824033d65b9b5a8817aca87e86a",
                "thumb_64": "https:\/\/files.slack.com\/files-tmb\/T01RBRV5F7H-F01V3S7G8AF-30b8299227\/1_xwvlepj3x39ugbxqvqc4jg_64.png?t=xoxe-1861879185255-2005250891763-2017654554721-735ed824033d65b9b5a8817aca87e86a",
                "thumb_80": "https:\/\/files.slack.com\/files-tmb\/T01RBRV5F7H-F01V3S7G8AF-30b8299227\/1_xwvlepj3x39ugbxqvqc4jg_80.png?t=xoxe-1861879185255-2005250891763-2017654554721-735ed824033d65b9b5a8817aca87e86a",
                "thumb_360": "https:\/\/files.slack.com\/files-tmb\/T01RBRV5F7H-F01V3S7G8AF-30b8299227\/1_xwvlepj3x39ugbxqvqc4jg_360.png?t=xoxe-1861879185255-2005250891763-2017654554721-735ed824033d65b9b5a8817aca87e86a",
                "thumb_360_w": 360,
                "thumb_360_h": 158,
                "thumb_480": "https:\/\/files.slack.com\/files-tmb\/T01RBRV5F7H-F01V3S7G8AF-30b8299227\/1_xwvlepj3x39ugbxqvqc4jg_480.png?t=xoxe-1861879185255-2005250891763-2017654554721-735ed824033d65b9b5a8817aca87e86a",
                "thumb_480_w": 480,
                "thumb_480_h": 211,
                "thumb_160": "https:\/\/files.slack.com\/files-tmb\/T01RBRV5F7H-F01V3S7G8AF-30b8299227\/1_xwvlepj3x39ugbxqvqc4jg_160.png?t=xoxe-1861879185255-2005250891763-2017654554721-735ed824033d65b9b5a8817aca87e86a",
                "thumb_360_gif": "https:\/\/files.slack.com\/files-tmb\/T01RBRV5F7H-F01V3S7G8AF-30b8299227\/1_xwvlepj3x39ugbxqvqc4jg_360.gif?t=xoxe-1861879185255-2005250891763-2017654554721-735ed824033d65b9b5a8817aca87e86a",
                "thumb_480_gif": "https:\/\/files.slack.com\/files-tmb\/T01RBRV5F7H-F01V3S7G8AF-30b8299227\/1_xwvlepj3x39ugbxqvqc4jg_480.gif?t=xoxe-1861879185255-2005250891763-2017654554721-735ed824033d65b9b5a8817aca87e86a",
                "original_w": 700,
                "original_h": 307,
                "deanimate": "https:\/\/files.slack.com\/files-tmb\/T01RBRV5F7H-F01V3S7G8AF-30b8299227\/1_xwvlepj3x39ugbxqvqc4jg_deanimate.png?t=xoxe-1861879185255-2005250891763-2017654554721-735ed824033d65b9b5a8817aca87e86a",
                "deanimate_gif": "https:\/\/files.slack.com\/files-tmb\/T01RBRV5F7H-F01V3S7G8AF-30b8299227\/1_xwvlepj3x39ugbxqvqc4jg_deanimate_gif.png?t=xoxe-1861879185255-2005250891763-2017654554721-735ed824033d65b9b5a8817aca87e86a",
                "thumb_tiny": "AwAVADDRI96ZnnG4fnTyRimbRnO7H\/ARQA\/H+c0tMw398\/lS7W\/vn8hQA7I9RRkUmPc0Y9zQApGaYQM0+mnrQAceh\/OjP+c0lFIQ7P1\/OlBptKOtMZ\/\/2Q==",
                "permalink": "https:\/\/data-ft-ber-03-2021.slack.com\/files\/U01SJKB2MG8\/F01V3S7G8AF\/1_xwvlepj3x39ugbxqvqc4jg.gif",
                "permalink_public": "https:\/\/slack-files.com\/T01RBRV5F7H-F01V3S7G8AF-513a5f319a",
                "is_starred": false,
                "has_rich_preview": false
            }
        ],
        "upload": false,
        "blocks": [
            {
                "type": "rich_text",
                "block_id": "Uem",
                "elements": [
                    {
                        "type": "rich_text_section",
                        "elements": [
                            {
                                "type": "broadcast",
                                "range": "channel"
                            },
                            {
                                "type": "text",
                                "text": ",\nA neat little tool for Python, for cases when any "
                            },
                            {
                                "type": "text",
                                "text": "for",
                                "style": {
                                    "code": true
                                }
                            },
                            {
                                "type": "text",
                                "text": " loop takes ages and you're wondering \"will it ever end? Is it stuck? Can I go for a walk in the sun in the meantime?\"\n"
                            },
                            {
                                "type": "text",
                                "text": "the name of the tool is: TQDM",
                                "style": {
                                    "bold": true
                                }
                            },
                            {
                                "type": "text",
                                "text": "\n"
                            },
                            {
                                "type": "link",
                                "url": "https:\/\/towardsdatascience.com\/progress-bars-in-python-4b44e8a4c482",
                                "text": "Link"
                            },
                            {
                                "type": "text",
                                "text": " how to set it up and use it. If you need help in setting it up, I'd be available in a breakout room"
                            }
                        ]
                    }
                ]
            }
        ],
        "user": "U01SJKB2MG8",
        "display_as_bot": false,
        "ts": "1619080525.002200",
        "edited": {
            "user": "U01SJKB2MG8",
            "ts": "1619080549.000000"
        },
        "reactions": [
            {
                "name": "raised_hands",
                "users": [
                    "U01RW140HBP",
                    "U01S1CWGTU4",
                    "U01SK96QF5E",
                    "U01RXCQHMHT"
                ],
                "count": 4
            }
        ]
    }
]