[
    {
        "type": "message",
        "text": "<@U01S7KCL3DF> colourful handout",
        "files": [
            {
                "id": "F01U0QHA4M7",
                "created": 1617872529,
                "timestamp": 1617872529,
                "name": "image.png",
                "title": "image.png",
                "mimetype": "image\/png",
                "filetype": "png",
                "pretty_type": "PNG",
                "user": "U01RW140HBP",
                "editable": false,
                "size": 231544,
                "mode": "hosted",
                "is_external": false,
                "external_type": "",
                "is_public": true,
                "public_url_shared": false,
                "display_as_bot": false,
                "username": "",
                "url_private": "https:\/\/files.slack.com\/files-pri\/T01RBRV5F7H-F01U0QHA4M7\/image.png?t=xoxe-1861879185255-2005250891763-2017654554721-735ed824033d65b9b5a8817aca87e86a",
                "url_private_download": "https:\/\/files.slack.com\/files-pri\/T01RBRV5F7H-F01U0QHA4M7\/download\/image.png?t=xoxe-1861879185255-2005250891763-2017654554721-735ed824033d65b9b5a8817aca87e86a",
                "thumb_64": "https:\/\/files.slack.com\/files-tmb\/T01RBRV5F7H-F01U0QHA4M7-9a3d1412d5\/image_64.png?t=xoxe-1861879185255-2005250891763-2017654554721-735ed824033d65b9b5a8817aca87e86a",
                "thumb_80": "https:\/\/files.slack.com\/files-tmb\/T01RBRV5F7H-F01U0QHA4M7-9a3d1412d5\/image_80.png?t=xoxe-1861879185255-2005250891763-2017654554721-735ed824033d65b9b5a8817aca87e86a",
                "thumb_360": "https:\/\/files.slack.com\/files-tmb\/T01RBRV5F7H-F01U0QHA4M7-9a3d1412d5\/image_360.png?t=xoxe-1861879185255-2005250891763-2017654554721-735ed824033d65b9b5a8817aca87e86a",
                "thumb_360_w": 360,
                "thumb_360_h": 277,
                "thumb_480": "https:\/\/files.slack.com\/files-tmb\/T01RBRV5F7H-F01U0QHA4M7-9a3d1412d5\/image_480.png?t=xoxe-1861879185255-2005250891763-2017654554721-735ed824033d65b9b5a8817aca87e86a",
                "thumb_480_w": 480,
                "thumb_480_h": 370,
                "thumb_160": "https:\/\/files.slack.com\/files-tmb\/T01RBRV5F7H-F01U0QHA4M7-9a3d1412d5\/image_160.png?t=xoxe-1861879185255-2005250891763-2017654554721-735ed824033d65b9b5a8817aca87e86a",
                "thumb_720": "https:\/\/files.slack.com\/files-tmb\/T01RBRV5F7H-F01U0QHA4M7-9a3d1412d5\/image_720.png?t=xoxe-1861879185255-2005250891763-2017654554721-735ed824033d65b9b5a8817aca87e86a",
                "thumb_720_w": 720,
                "thumb_720_h": 555,
                "thumb_800": "https:\/\/files.slack.com\/files-tmb\/T01RBRV5F7H-F01U0QHA4M7-9a3d1412d5\/image_800.png?t=xoxe-1861879185255-2005250891763-2017654554721-735ed824033d65b9b5a8817aca87e86a",
                "thumb_800_w": 800,
                "thumb_800_h": 616,
                "thumb_960": "https:\/\/files.slack.com\/files-tmb\/T01RBRV5F7H-F01U0QHA4M7-9a3d1412d5\/image_960.png?t=xoxe-1861879185255-2005250891763-2017654554721-735ed824033d65b9b5a8817aca87e86a",
                "thumb_960_w": 960,
                "thumb_960_h": 740,
                "thumb_1024": "https:\/\/files.slack.com\/files-tmb\/T01RBRV5F7H-F01U0QHA4M7-9a3d1412d5\/image_1024.png?t=xoxe-1861879185255-2005250891763-2017654554721-735ed824033d65b9b5a8817aca87e86a",
                "thumb_1024_w": 1024,
                "thumb_1024_h": 789,
                "original_w": 1059,
                "original_h": 816,
                "thumb_tiny": "AwAkADDQYkAnsOtRkFVLF2wBmnsTkY7nmo5GYEKELA9aaENDgIJPMcjPQ1LHIJFytQhm8j\/VdD93FTR4wAMdM4psB2R60EK3UA0mPY0oA9KkY7\/PSmZO33+nvT8c\/wD16YFOzHH5+9AC5O49fyoB+v5U1cF3HGeacBz2\/OgBaKKKAFpNq4xgYpaKAGCNQzNzzTgoHQUtFACUUUUAf\/\/Z",
                "permalink": "https:\/\/data-ft-ber-03-2021.slack.com\/files\/U01RW140HBP\/F01U0QHA4M7\/image.png",
                "permalink_public": "https:\/\/slack-files.com\/T01RBRV5F7H-F01U0QHA4M7-9466ce7c90",
                "is_starred": false,
                "has_rich_preview": false
            }
        ],
        "upload": false,
        "blocks": [
            {
                "type": "rich_text",
                "block_id": "iIW",
                "elements": [
                    {
                        "type": "rich_text_section",
                        "elements": [
                            {
                                "type": "user",
                                "user_id": "U01S7KCL3DF"
                            },
                            {
                                "type": "text",
                                "text": " colourful handout"
                            }
                        ]
                    }
                ]
            }
        ],
        "user": "U01RW140HBP",
        "display_as_bot": false,
        "ts": "1617872536.000300",
        "reactions": [
            {
                "name": "rainbow",
                "users": [
                    "U01S7KCL3DF"
                ],
                "count": 1
            },
            {
                "name": "+1",
                "users": [
                    "U01SK96QF5E"
                ],
                "count": 1
            }
        ]
    },
    {
        "type": "message",
        "text": "also this might be helpful",
        "files": [
            {
                "id": "F01TNCSFFGB",
                "created": 1617872605,
                "timestamp": 1617872605,
                "name": "intro_sql_joins.pptx",
                "title": "intro_sql_joins.pptx",
                "mimetype": "application\/vnd.openxmlformats-officedocument.presentationml.presentation",
                "filetype": "pptx",
                "pretty_type": "PowerPoint Presentation",
                "user": "U01RW140HBP",
                "editable": false,
                "size": 2185001,
                "mode": "hosted",
                "is_external": false,
                "external_type": "",
                "is_public": true,
                "public_url_shared": false,
                "display_as_bot": false,
                "username": "",
                "url_private": "https:\/\/files.slack.com\/files-pri\/T01RBRV5F7H-F01TNCSFFGB\/intro_sql_joins.pptx?t=xoxe-1861879185255-2005250891763-2017654554721-735ed824033d65b9b5a8817aca87e86a",
                "url_private_download": "https:\/\/files.slack.com\/files-pri\/T01RBRV5F7H-F01TNCSFFGB\/download\/intro_sql_joins.pptx?t=xoxe-1861879185255-2005250891763-2017654554721-735ed824033d65b9b5a8817aca87e86a",
                "converted_pdf": "https:\/\/files.slack.com\/files-tmb\/T01RBRV5F7H-F01TNCSFFGB-f42d103c0b\/intro_sql_joins_converted.pdf?t=xoxe-1861879185255-2005250891763-2017654554721-735ed824033d65b9b5a8817aca87e86a",
                "thumb_pdf": "https:\/\/files.slack.com\/files-tmb\/T01RBRV5F7H-F01TNCSFFGB-f42d103c0b\/intro_sql_joins_thumb_pdf.png?t=xoxe-1861879185255-2005250891763-2017654554721-735ed824033d65b9b5a8817aca87e86a",
                "thumb_pdf_w": 1100,
                "thumb_pdf_h": 619,
                "permalink": "https:\/\/data-ft-ber-03-2021.slack.com\/files\/U01RW140HBP\/F01TNCSFFGB\/intro_sql_joins.pptx",
                "permalink_public": "https:\/\/slack-files.com\/T01RBRV5F7H-F01TNCSFFGB-adf326d6dc",
                "is_starred": false,
                "has_rich_preview": false
            }
        ],
        "upload": false,
        "blocks": [
            {
                "type": "rich_text",
                "block_id": "kmi",
                "elements": [
                    {
                        "type": "rich_text_section",
                        "elements": [
                            {
                                "type": "text",
                                "text": "also this might be helpful"
                            }
                        ]
                    }
                ]
            }
        ],
        "user": "U01RW140HBP",
        "display_as_bot": false,
        "ts": "1617872613.000500"
    },
    {
        "type": "message",
        "text": "useful images :",
        "files": [
            {
                "id": "F01TKEXJZSR",
                "created": 1617879052,
                "timestamp": 1617879052,
                "name": "SQL_order_of_execution_1_xd76fb.png",
                "title": "SQL_order_of_execution_1_xd76fb.png",
                "mimetype": "image\/png",
                "filetype": "png",
                "pretty_type": "PNG",
                "user": "U01RW140HBP",
                "editable": false,
                "size": 82648,
                "mode": "hosted",
                "is_external": false,
                "external_type": "",
                "is_public": true,
                "public_url_shared": false,
                "display_as_bot": false,
                "username": "",
                "url_private": "https:\/\/files.slack.com\/files-pri\/T01RBRV5F7H-F01TKEXJZSR\/sql_order_of_execution_1_xd76fb.png?t=xoxe-1861879185255-2005250891763-2017654554721-735ed824033d65b9b5a8817aca87e86a",
                "url_private_download": "https:\/\/files.slack.com\/files-pri\/T01RBRV5F7H-F01TKEXJZSR\/download\/sql_order_of_execution_1_xd76fb.png?t=xoxe-1861879185255-2005250891763-2017654554721-735ed824033d65b9b5a8817aca87e86a",
                "thumb_64": "https:\/\/files.slack.com\/files-tmb\/T01RBRV5F7H-F01TKEXJZSR-c8636656c0\/sql_order_of_execution_1_xd76fb_64.png?t=xoxe-1861879185255-2005250891763-2017654554721-735ed824033d65b9b5a8817aca87e86a",
                "thumb_80": "https:\/\/files.slack.com\/files-tmb\/T01RBRV5F7H-F01TKEXJZSR-c8636656c0\/sql_order_of_execution_1_xd76fb_80.png?t=xoxe-1861879185255-2005250891763-2017654554721-735ed824033d65b9b5a8817aca87e86a",
                "thumb_360": "https:\/\/files.slack.com\/files-tmb\/T01RBRV5F7H-F01TKEXJZSR-c8636656c0\/sql_order_of_execution_1_xd76fb_360.png?t=xoxe-1861879185255-2005250891763-2017654554721-735ed824033d65b9b5a8817aca87e86a",
                "thumb_360_w": 360,
                "thumb_360_h": 278,
                "thumb_480": "https:\/\/files.slack.com\/files-tmb\/T01RBRV5F7H-F01TKEXJZSR-c8636656c0\/sql_order_of_execution_1_xd76fb_480.png?t=xoxe-1861879185255-2005250891763-2017654554721-735ed824033d65b9b5a8817aca87e86a",
                "thumb_480_w": 480,
                "thumb_480_h": 371,
                "thumb_160": "https:\/\/files.slack.com\/files-tmb\/T01RBRV5F7H-F01TKEXJZSR-c8636656c0\/sql_order_of_execution_1_xd76fb_160.png?t=xoxe-1861879185255-2005250891763-2017654554721-735ed824033d65b9b5a8817aca87e86a",
                "thumb_720": "https:\/\/files.slack.com\/files-tmb\/T01RBRV5F7H-F01TKEXJZSR-c8636656c0\/sql_order_of_execution_1_xd76fb_720.png?t=xoxe-1861879185255-2005250891763-2017654554721-735ed824033d65b9b5a8817aca87e86a",
                "thumb_720_w": 720,
                "thumb_720_h": 556,
                "thumb_800": "https:\/\/files.slack.com\/files-tmb\/T01RBRV5F7H-F01TKEXJZSR-c8636656c0\/sql_order_of_execution_1_xd76fb_800.png?t=xoxe-1861879185255-2005250891763-2017654554721-735ed824033d65b9b5a8817aca87e86a",
                "thumb_800_w": 800,
                "thumb_800_h": 618,
                "thumb_960": "https:\/\/files.slack.com\/files-tmb\/T01RBRV5F7H-F01TKEXJZSR-c8636656c0\/sql_order_of_execution_1_xd76fb_960.png?t=xoxe-1861879185255-2005250891763-2017654554721-735ed824033d65b9b5a8817aca87e86a",
                "thumb_960_w": 960,
                "thumb_960_h": 742,
                "thumb_1024": "https:\/\/files.slack.com\/files-tmb\/T01RBRV5F7H-F01TKEXJZSR-c8636656c0\/sql_order_of_execution_1_xd76fb_1024.png?t=xoxe-1861879185255-2005250891763-2017654554721-735ed824033d65b9b5a8817aca87e86a",
                "thumb_1024_w": 1024,
                "thumb_1024_h": 791,
                "original_w": 2000,
                "original_h": 1545,
                "thumb_tiny": "AwAlADCiBxnb+OaQYPAXn60cY6HNIMZ56e1USKBxnbn3zR1OFFAxjkHNIOvOaAHAcfd\/WkI46Y\/GgDjv+dBH1oAAeMbiPagcHqR70o6feApBww5x70AAPH3iKAec5I96B0+8BQOG6496AFH3e9IR35\/GlBGBSMc+lACZ4xgUDg0UUAGeMYFAODRRQAu7A6CkzSUtAH\/\/2Q==",
                "permalink": "https:\/\/data-ft-ber-03-2021.slack.com\/files\/U01RW140HBP\/F01TKEXJZSR\/sql_order_of_execution_1_xd76fb.png",
                "permalink_public": "https:\/\/slack-files.com\/T01RBRV5F7H-F01TKEXJZSR-87bf71bc95",
                "is_starred": false,
                "has_rich_preview": false
            },
            {
                "id": "F01TNH97K8A",
                "created": 1617879054,
                "timestamp": 1617879054,
                "name": "cardinality.jpeg",
                "title": "cardinality.jpeg",
                "mimetype": "image\/jpeg",
                "filetype": "jpg",
                "pretty_type": "JPEG",
                "user": "U01RW140HBP",
                "editable": false,
                "size": 19496,
                "mode": "hosted",
                "is_external": false,
                "external_type": "",
                "is_public": true,
                "public_url_shared": false,
                "display_as_bot": false,
                "username": "",
                "url_private": "https:\/\/files.slack.com\/files-pri\/T01RBRV5F7H-F01TNH97K8A\/cardinality.jpeg?t=xoxe-1861879185255-2005250891763-2017654554721-735ed824033d65b9b5a8817aca87e86a",
                "url_private_download": "https:\/\/files.slack.com\/files-pri\/T01RBRV5F7H-F01TNH97K8A\/download\/cardinality.jpeg?t=xoxe-1861879185255-2005250891763-2017654554721-735ed824033d65b9b5a8817aca87e86a",
                "thumb_64": "https:\/\/files.slack.com\/files-tmb\/T01RBRV5F7H-F01TNH97K8A-8b715c651e\/cardinality_64.jpg?t=xoxe-1861879185255-2005250891763-2017654554721-735ed824033d65b9b5a8817aca87e86a",
                "thumb_80": "https:\/\/files.slack.com\/files-tmb\/T01RBRV5F7H-F01TNH97K8A-8b715c651e\/cardinality_80.jpg?t=xoxe-1861879185255-2005250891763-2017654554721-735ed824033d65b9b5a8817aca87e86a",
                "thumb_360": "https:\/\/files.slack.com\/files-tmb\/T01RBRV5F7H-F01TNH97K8A-8b715c651e\/cardinality_360.jpg?t=xoxe-1861879185255-2005250891763-2017654554721-735ed824033d65b9b5a8817aca87e86a",
                "thumb_360_w": 329,
                "thumb_360_h": 360,
                "thumb_160": "https:\/\/files.slack.com\/files-tmb\/T01RBRV5F7H-F01TNH97K8A-8b715c651e\/cardinality_160.jpg?t=xoxe-1861879185255-2005250891763-2017654554721-735ed824033d65b9b5a8817aca87e86a",
                "original_w": 424,
                "original_h": 464,
                "thumb_tiny": "AwAwACvQPU\/M35Uc+r\/lSnOTwKMt6CgBACf4m\/Knjgdc0g3Z5xiloAM0Un8VLQA3HJ+Y\/nRj\/aNIQu48H8qMD0P\/AHzQA4D3JpaauOwx+FOoATPOPalpvO6nUAMOcngUf8BWlIOTyfzow3qfzoAVQQegH0paQDHcmlNACd8UtJjnNKKAP\/\/Z",
                "permalink": "https:\/\/data-ft-ber-03-2021.slack.com\/files\/U01RW140HBP\/F01TNH97K8A\/cardinality.jpeg",
                "permalink_public": "https:\/\/slack-files.com\/T01RBRV5F7H-F01TNH97K8A-ff24dfb964",
                "is_starred": false,
                "has_rich_preview": false
            }
        ],
        "upload": false,
        "blocks": [
            {
                "type": "rich_text",
                "block_id": "kZ+o",
                "elements": [
                    {
                        "type": "rich_text_section",
                        "elements": [
                            {
                                "type": "text",
                                "text": "useful images :"
                            }
                        ]
                    }
                ]
            }
        ],
        "user": "U01RW140HBP",
        "ts": "1617879059.001100"
    }
]