[
    {
        "type": "message",
        "subtype": "channel_join",
        "ts": "1616671439.000200",
        "user": "U01RRV4JX6Z",
        "text": "<@U01RRV4JX6Z> has joined the channel"
    },
    {
        "client_msg_id": "bfc81572-a75d-4133-b95d-31808e028431",
        "type": "message",
        "text": "This is a quiet cool one from the point of  view of the Data Analyst <https:\/\/www.amazon.de\/Atlas-Alone-Planetfall-Emma-Newman\/dp\/1473223938\/ref=tmm_pap_swatch_0?_encoding=UTF8&amp;qid=1616671457&amp;sr=8-1>",
        "user": "U01RRV4JX6Z",
        "ts": "1616671487.000600",
        "team": "T01RBRV5F7H",
        "user_team": "T01RBRV5F7H",
        "source_team": "T01RBRV5F7H",
        "user_profile": {
            "avatar_hash": "339c4d69b7d9",
            "image_72": "https:\/\/avatars.slack-edge.com\/2021-04-14\/1961122781618_339c4d69b7d9fe16343a_72.jpg",
            "first_name": "",
            "real_name": "Francisco Ebeling",
            "display_name": "Francisco Ebeling",
            "team": "T01RBRV5F7H",
            "name": "ebelingbarros",
            "is_restricted": false,
            "is_ultra_restricted": false
        },
        "blocks": [
            {
                "type": "rich_text",
                "block_id": "oC2",
                "elements": [
                    {
                        "type": "rich_text_section",
                        "elements": [
                            {
                                "type": "text",
                                "text": "This is a quiet cool one from the point of  view of the Data Analyst "
                            },
                            {
                                "type": "link",
                                "url": "https:\/\/www.amazon.de\/Atlas-Alone-Planetfall-Emma-Newman\/dp\/1473223938\/ref=tmm_pap_swatch_0?_encoding=UTF8&qid=1616671457&sr=8-1"
                            }
                        ]
                    }
                ]
            }
        ]
    },
    {
        "client_msg_id": "2bce2b21-5442-4204-8bb4-29ea3ca3242f",
        "type": "message",
        "text": "The main character, Dee, is a Data Analyst from the future",
        "user": "U01RRV4JX6Z",
        "ts": "1616671515.000900",
        "team": "T01RBRV5F7H",
        "user_team": "T01RBRV5F7H",
        "source_team": "T01RBRV5F7H",
        "user_profile": {
            "avatar_hash": "339c4d69b7d9",
            "image_72": "https:\/\/avatars.slack-edge.com\/2021-04-14\/1961122781618_339c4d69b7d9fe16343a_72.jpg",
            "first_name": "",
            "real_name": "Francisco Ebeling",
            "display_name": "Francisco Ebeling",
            "team": "T01RBRV5F7H",
            "name": "ebelingbarros",
            "is_restricted": false,
            "is_ultra_restricted": false
        },
        "blocks": [
            {
                "type": "rich_text",
                "block_id": "N8rxZ",
                "elements": [
                    {
                        "type": "rich_text_section",
                        "elements": [
                            {
                                "type": "text",
                                "text": "The main character, Dee, is a Data Analyst from the future"
                            }
                        ]
                    }
                ]
            }
        ]
    }
]