[
    {
        "client_msg_id": "306d6b4e-46e1-4655-9051-fb76900e691f",
        "type": "message",
        "text": "Our theme <https:\/\/www.youtube.com\/watch?v=UyuZCGEIflM>",
        "user": "U01RXCQHMHT",
        "ts": "1618906759.002000",
        "team": "T01RBRV5F7H",
        "user_team": "T01RBRV5F7H",
        "source_team": "T01RBRV5F7H",
        "user_profile": {
            "avatar_hash": "7290c61c38a0",
            "image_72": "https:\/\/avatars.slack-edge.com\/2021-03-22\/1898002028225_7290c61c38a01ad66680_72.jpg",
            "first_name": "Thanh",
            "real_name": "Thanh Tung Ha Thuc DAFT Berlin March 2021",
            "display_name": "Tony Ha",
            "team": "T01RBRV5F7H",
            "name": "tony.hathuc",
            "is_restricted": false,
            "is_ultra_restricted": false
        },
        "attachments": [
            {
                "service_name": "YouTube",
                "service_url": "https:\/\/www.youtube.com\/",
                "title": "Lily's Theme",
                "title_link": "https:\/\/www.youtube.com\/watch?v=UyuZCGEIflM",
                "author_name": "Alexandre Desplat - Topic",
                "author_link": "https:\/\/www.youtube.com\/channel\/UCkSDY7L1xmwAS2jmifzaUww",
                "thumb_url": "https:\/\/i.ytimg.com\/vi\/UyuZCGEIflM\/hqdefault.jpg",
                "thumb_width": 480,
                "thumb_height": 360,
                "fallback": "YouTube Video: Lily's Theme",
                "video_html": "<iframe width=\"400\" height=\"300\" src=\"https:\/\/www.youtube.com\/embed\/UyuZCGEIflM?feature=oembed&autoplay=1&iv_load_policy=3\" frameborder=\"0\" allow=\"accelerometer; autoplay; clipboard-write; encrypted-media; gyroscope; picture-in-picture\" allowfullscreen><\/iframe>",
                "video_html_width": 400,
                "video_html_height": 300,
                "from_url": "https:\/\/www.youtube.com\/watch?v=UyuZCGEIflM",
                "service_icon": "https:\/\/a.slack-edge.com\/80588\/img\/unfurl_icons\/youtube.png",
                "id": 1,
                "original_url": "https:\/\/www.youtube.com\/watch?v=UyuZCGEIflM"
            }
        ],
        "blocks": [
            {
                "type": "rich_text",
                "block_id": "XVh",
                "elements": [
                    {
                        "type": "rich_text_section",
                        "elements": [
                            {
                                "type": "text",
                                "text": "Our theme "
                            },
                            {
                                "type": "link",
                                "url": "https:\/\/www.youtube.com\/watch?v=UyuZCGEIflM"
                            }
                        ]
                    }
                ]
            }
        ]
    }
]