[
    {
        "client_msg_id": "3c8a449b-df02-4065-b6d5-6b9275c654d2",
        "type": "message",
        "text": "Anyone else has *<https:\/\/youtu.be\/cxgpwRSKspA|this song>* playing in your head every time Sian says ic3?",
        "user": "U01RSRE0N3D",
        "ts": "1616668489.003400",
        "team": "T01RBRV5F7H",
        "user_team": "T01RBRV5F7H",
        "source_team": "T01RBRV5F7H",
        "user_profile": {
            "avatar_hash": "5b0571ca5e6f",
            "image_72": "https:\/\/avatars.slack-edge.com\/2021-03-18\/1876877550179_5b0571ca5e6fe1f759fe_72.jpg",
            "first_name": "Kosta",
            "real_name": "Kosta",
            "display_name": "Kosta",
            "team": "T01RBRV5F7H",
            "name": "kostadin.mitkov",
            "is_restricted": false,
            "is_ultra_restricted": false
        },
        "attachments": [
            {
                "service_name": "YouTube",
                "service_url": "https:\/\/www.youtube.com\/",
                "title": "Ghetts — IC3 feat Skepta (Official Video)",
                "title_link": "https:\/\/youtu.be\/cxgpwRSKspA",
                "author_name": "Ghetts",
                "author_link": "https:\/\/www.youtube.com\/user\/TheRealGhettsTV",
                "thumb_url": "https:\/\/i.ytimg.com\/vi\/cxgpwRSKspA\/hqdefault.jpg",
                "thumb_width": 480,
                "thumb_height": 360,
                "fallback": "YouTube Video: Ghetts — IC3 feat Skepta (Official Video)",
                "video_html": "<iframe width=\"400\" height=\"225\" src=\"https:\/\/www.youtube.com\/embed\/cxgpwRSKspA?feature=oembed&autoplay=1&iv_load_policy=3\" frameborder=\"0\" allow=\"accelerometer; autoplay; clipboard-write; encrypted-media; gyroscope; picture-in-picture\" allowfullscreen><\/iframe>",
                "video_html_width": 400,
                "video_html_height": 225,
                "from_url": "https:\/\/youtu.be\/cxgpwRSKspA",
                "service_icon": "https:\/\/a.slack-edge.com\/80588\/img\/unfurl_icons\/youtube.png",
                "id": 1,
                "original_url": "https:\/\/youtu.be\/cxgpwRSKspA"
            }
        ],
        "blocks": [
            {
                "type": "rich_text",
                "block_id": "9gK8h",
                "elements": [
                    {
                        "type": "rich_text_section",
                        "elements": [
                            {
                                "type": "text",
                                "text": "Anyone else has "
                            },
                            {
                                "type": "link",
                                "url": "https:\/\/youtu.be\/cxgpwRSKspA",
                                "text": "this song",
                                "style": {
                                    "bold": true
                                }
                            },
                            {
                                "type": "text",
                                "text": " playing in your head every time Sian says ic3?"
                            }
                        ]
                    }
                ]
            }
        ],
        "thread_ts": "1616668489.003400",
        "reply_count": 5,
        "reply_users_count": 3,
        "latest_reply": "1616750417.000600",
        "reply_users": [
            "U01RW2X7S9Z",
            "U01S7KCL3DF",
            "U01RXCQHMHT"
        ],
        "replies": [
            {
                "user": "U01RW2X7S9Z",
                "ts": "1616670547.003700"
            },
            {
                "user": "U01RW2X7S9Z",
                "ts": "1616670563.003900"
            },
            {
                "user": "U01S7KCL3DF",
                "ts": "1616676367.004500"
            },
            {
                "user": "U01S7KCL3DF",
                "ts": "1616676841.004800"
            },
            {
                "user": "U01RXCQHMHT",
                "ts": "1616750417.000600"
            }
        ],
        "is_locked": false,
        "subscribed": true,
        "last_read": "1616750417.000600",
        "reactions": [
            {
                "name": "aaw_yeah",
                "users": [
                    "U01S7KCL3DF"
                ],
                "count": 1
            }
        ]
    },
    {
        "type": "message",
        "text": "this is what comes to my mind",
        "files": [
            {
                "id": "F01S6TH4MBQ",
                "created": 1616670538,
                "timestamp": 1616670538,
                "name": "image.png",
                "title": "image.png",
                "mimetype": "image\/png",
                "filetype": "png",
                "pretty_type": "PNG",
                "user": "U01RW2X7S9Z",
                "editable": false,
                "size": 79141,
                "mode": "hosted",
                "is_external": false,
                "external_type": "",
                "is_public": true,
                "public_url_shared": false,
                "display_as_bot": false,
                "username": "",
                "url_private": "https:\/\/files.slack.com\/files-pri\/T01RBRV5F7H-F01S6TH4MBQ\/image.png?t=xoxe-1861879185255-2047593969042-2053756158948-4cf6552631c579c36efd5d2fd242de30",
                "url_private_download": "https:\/\/files.slack.com\/files-pri\/T01RBRV5F7H-F01S6TH4MBQ\/download\/image.png?t=xoxe-1861879185255-2047593969042-2053756158948-4cf6552631c579c36efd5d2fd242de30",
                "thumb_64": "https:\/\/files.slack.com\/files-tmb\/T01RBRV5F7H-F01S6TH4MBQ-5524ee0cc0\/image_64.png?t=xoxe-1861879185255-2047593969042-2053756158948-4cf6552631c579c36efd5d2fd242de30",
                "thumb_80": "https:\/\/files.slack.com\/files-tmb\/T01RBRV5F7H-F01S6TH4MBQ-5524ee0cc0\/image_80.png?t=xoxe-1861879185255-2047593969042-2053756158948-4cf6552631c579c36efd5d2fd242de30",
                "thumb_360": "https:\/\/files.slack.com\/files-tmb\/T01RBRV5F7H-F01S6TH4MBQ-5524ee0cc0\/image_360.png?t=xoxe-1861879185255-2047593969042-2053756158948-4cf6552631c579c36efd5d2fd242de30",
                "thumb_360_w": 320,
                "thumb_360_h": 122,
                "thumb_160": "https:\/\/files.slack.com\/files-tmb\/T01RBRV5F7H-F01S6TH4MBQ-5524ee0cc0\/image_160.png?t=xoxe-1861879185255-2047593969042-2053756158948-4cf6552631c579c36efd5d2fd242de30",
                "original_w": 320,
                "original_h": 122,
                "thumb_tiny": "AwASADC8z7R1GfrTfNUHlh0rK82UsTtH40pec+340AaazIy5BJH0NI9zGnVuc4rOR5lOQQD9TQ6ySHcxGfWgC+buINjP41G18mwkZznpVLyj6n8qPLA\/vflQBYwMmg9Pxpe5pD3+tADVPJoJO48npSDvQfvn6UAKrHHU0ZPrSL0oFAH\/2Q==",
                "permalink": "https:\/\/data-ft-ber-03-2021.slack.com\/files\/U01RW2X7S9Z\/F01S6TH4MBQ\/image.png",
                "permalink_public": "https:\/\/slack-files.com\/T01RBRV5F7H-F01S6TH4MBQ-e28e2204cd",
                "is_starred": false,
                "has_rich_preview": false
            }
        ],
        "upload": false,
        "blocks": [
            {
                "type": "rich_text",
                "block_id": "GCJyd",
                "elements": [
                    {
                        "type": "rich_text_section",
                        "elements": [
                            {
                                "type": "text",
                                "text": "this is what comes to my mind"
                            }
                        ]
                    }
                ]
            }
        ],
        "user": "U01RW2X7S9Z",
        "display_as_bot": false,
        "ts": "1616670547.003700",
        "thread_ts": "1616668489.003400",
        "parent_user_id": "U01RSRE0N3D",
        "reactions": [
            {
                "name": "smile",
                "users": [
                    "U01RSRE0N3D"
                ],
                "count": 1
            }
        ]
    },
    {
        "client_msg_id": "d375a13e-60b4-499d-b8bd-1320230e4f6c",
        "type": "message",
        "text": "poor wifi and bitter coffee",
        "user": "U01RW2X7S9Z",
        "ts": "1616670563.003900",
        "team": "T01RBRV5F7H",
        "user_team": "T01RBRV5F7H",
        "source_team": "T01RBRV5F7H",
        "user_profile": {
            "avatar_hash": "7e12d75d168a",
            "image_72": "https:\/\/avatars.slack-edge.com\/2021-03-19\/1880105796643_7e12d75d168ae25c167d_72.jpg",
            "first_name": "Alexandre",
            "real_name": "Alexandre Sommerkamp",
            "display_name": "Alexandre Sommerkamp",
            "team": "T01RBRV5F7H",
            "name": "alex.c.skp",
            "is_restricted": false,
            "is_ultra_restricted": false
        },
        "blocks": [
            {
                "type": "rich_text",
                "block_id": "QSHQ",
                "elements": [
                    {
                        "type": "rich_text_section",
                        "elements": [
                            {
                                "type": "text",
                                "text": "poor wifi and bitter coffee"
                            }
                        ]
                    }
                ]
            }
        ],
        "thread_ts": "1616668489.003400",
        "parent_user_id": "U01RSRE0N3D"
    },
    {
        "client_msg_id": "2e5ba6bc-3224-445a-9f7a-467a6d8db89c",
        "type": "message",
        "text": "thanks! always open to new playlists to accompany my lesson planning time!",
        "user": "U01RW140HBP",
        "ts": "1616673138.004200",
        "team": "T01RBRV5F7H",
        "user_team": "T01RBRV5F7H",
        "source_team": "T01RBRV5F7H",
        "user_profile": {
            "avatar_hash": "4c43a3a8d10b",
            "image_72": "https:\/\/avatars.slack-edge.com\/2021-03-21\/1895736308209_4c43a3a8d10bc2fe5e13_72.png",
            "first_name": "siand",
            "real_name": "siand the LT (she\/her)",
            "display_name": "siand the LT (she\/her)",
            "team": "T01RBRV5F7H",
            "name": "sian.davies",
            "is_restricted": false,
            "is_ultra_restricted": false
        },
        "blocks": [
            {
                "type": "rich_text",
                "block_id": "QZy",
                "elements": [
                    {
                        "type": "rich_text_section",
                        "elements": [
                            {
                                "type": "text",
                                "text": "thanks! always open to new playlists to accompany my lesson planning time!"
                            }
                        ]
                    }
                ]
            }
        ],
        "thread_ts": "1616604568.001700",
        "parent_user_id": "U01SK96QF5E",
        "reactions": [
            {
                "name": "innocent",
                "users": [
                    "U01SK96QF5E"
                ],
                "count": 1
            }
        ]
    },
    {
        "client_msg_id": "60f32405-7d2b-4afa-8496-05adea60e4aa",
        "type": "message",
        "text": "and as for piecharts fam\n\n<https:\/\/www.youtube.com\/watch?v=akjGyPK92b4&amp;ab_channel=BlimeyworldGrimetube>",
        "user": "U01S7KCL3DF",
        "ts": "1616676367.004500",
        "team": "T01RBRV5F7H",
        "user_team": "T01RBRV5F7H",
        "source_team": "T01RBRV5F7H",
        "user_profile": {
            "avatar_hash": "17b52091bb62",
            "image_72": "https:\/\/avatars.slack-edge.com\/2021-03-19\/1875964347925_17b52091bb62c2340b4c_72.png",
            "first_name": "Sam",
            "real_name": "Sam Katterfield",
            "display_name": "Sam",
            "team": "T01RBRV5F7H",
            "name": "samkatterfield",
            "is_restricted": false,
            "is_ultra_restricted": false
        },
        "attachments": [
            {
                "service_name": "YouTube",
                "service_url": "https:\/\/www.youtube.com\/",
                "title": "Wiley (Eskiboy) - Pies",
                "title_link": "https:\/\/www.youtube.com\/watch?v=akjGyPK92b4&amp;ab_channel=BlimeyworldGrimetube",
                "author_name": "BlimeyworldGrimetube",
                "author_link": "https:\/\/www.youtube.com\/user\/BlimeyworldGrimetube",
                "thumb_url": "https:\/\/i.ytimg.com\/vi\/akjGyPK92b4\/hqdefault.jpg",
                "thumb_width": 128,
                "thumb_height": 96,
                "fallback": "YouTube Video: Wiley (Eskiboy) - Pies",
                "video_html": "<iframe width=\"400\" height=\"300\" src=\"https:\/\/www.youtube.com\/embed\/akjGyPK92b4?feature=oembed&autoplay=1&iv_load_policy=3\" frameborder=\"0\" allow=\"accelerometer; autoplay; clipboard-write; encrypted-media; gyroscope; picture-in-picture\" allowfullscreen><\/iframe>",
                "video_html_width": 400,
                "video_html_height": 300,
                "from_url": "https:\/\/www.youtube.com\/watch?v=akjGyPK92b4&amp;ab_channel=BlimeyworldGrimetube",
                "service_icon": "https:\/\/a.slack-edge.com\/80588\/img\/unfurl_icons\/youtube.png",
                "id": 1,
                "original_url": "https:\/\/www.youtube.com\/watch?v=akjGyPK92b4&amp;ab_channel=BlimeyworldGrimetube"
            }
        ],
        "blocks": [
            {
                "type": "rich_text",
                "block_id": "c=L",
                "elements": [
                    {
                        "type": "rich_text_section",
                        "elements": [
                            {
                                "type": "text",
                                "text": "and as for piecharts fam\n\n"
                            },
                            {
                                "type": "link",
                                "url": "https:\/\/www.youtube.com\/watch?v=akjGyPK92b4&ab_channel=BlimeyworldGrimetube"
                            }
                        ]
                    }
                ]
            }
        ],
        "thread_ts": "1616668489.003400",
        "parent_user_id": "U01RSRE0N3D",
        "reactions": [
            {
                "name": "+1",
                "users": [
                    "U01RSRE0N3D"
                ],
                "count": 1
            }
        ]
    },
    {
        "client_msg_id": "1f613986-8833-46d6-a9b8-00a93df4df97",
        "type": "message",
        "text": "or when Wiley takes a high speed train in Germany:\n\n\"You get me? (_IC3_) That's why (_IC3_)\nAnd certain man are tryna say like Eski (_IC3_) don't represent Bow E3 (_IC3_)\n<https:\/\/genius.com\/Wiley-bow-e3-lyrics#note-3075406|I've been doing this for so long (>_<https:\/\/genius.com\/Wiley-bow-e3-lyrics#note-3075406|Bow E3>_<https:\/\/genius.com\/Wiley-bow-e3-lyrics#note-3075406|)>\nIt doesn't make sense tryna say I don't represent (_IC3_)\nYou get me? (_IC3_)\"",
        "user": "U01S7KCL3DF",
        "ts": "1616676841.004800",
        "team": "T01RBRV5F7H",
        "user_team": "T01RBRV5F7H",
        "source_team": "T01RBRV5F7H",
        "user_profile": {
            "avatar_hash": "17b52091bb62",
            "image_72": "https:\/\/avatars.slack-edge.com\/2021-03-19\/1875964347925_17b52091bb62c2340b4c_72.png",
            "first_name": "Sam",
            "real_name": "Sam Katterfield",
            "display_name": "Sam",
            "team": "T01RBRV5F7H",
            "name": "samkatterfield",
            "is_restricted": false,
            "is_ultra_restricted": false
        },
        "attachments": [
            {
                "service_name": "Genius",
                "title": "Wiley – Bow E3",
                "title_link": "https:\/\/genius.com\/Wiley-bow-e3-lyrics#note-3075406",
                "text": "“Bow E3” is a track from the UK MC Wiley talking about where he comes from. Bow, an area of London.",
                "fallback": "Genius: Wiley – Bow E3",
                "image_url": "https:\/\/images.genius.com\/f5e387caa8376c74acff42629a6ff921.500x500x1.jpg",
                "from_url": "https:\/\/genius.com\/Wiley-bow-e3-lyrics#note-3075406",
                "image_width": 250,
                "image_height": 250,
                "image_bytes": 88667,
                "id": 1,
                "original_url": "https:\/\/genius.com\/Wiley-bow-e3-lyrics#note-3075406"
            }
        ],
        "blocks": [
            {
                "type": "rich_text",
                "block_id": "e95",
                "elements": [
                    {
                        "type": "rich_text_section",
                        "elements": [
                            {
                                "type": "text",
                                "text": "or when Wiley takes a high speed train in Germany:\n\n\"You get me? ("
                            },
                            {
                                "type": "text",
                                "text": "IC3",
                                "style": {
                                    "italic": true
                                }
                            },
                            {
                                "type": "text",
                                "text": ") That's why ("
                            },
                            {
                                "type": "text",
                                "text": "IC3",
                                "style": {
                                    "italic": true
                                }
                            },
                            {
                                "type": "text",
                                "text": ")\nAnd certain man are tryna say like Eski ("
                            },
                            {
                                "type": "text",
                                "text": "IC3",
                                "style": {
                                    "italic": true
                                }
                            },
                            {
                                "type": "text",
                                "text": ") don't represent Bow E3 ("
                            },
                            {
                                "type": "text",
                                "text": "IC3",
                                "style": {
                                    "italic": true
                                }
                            },
                            {
                                "type": "text",
                                "text": ")\n"
                            },
                            {
                                "type": "link",
                                "url": "https:\/\/genius.com\/Wiley-bow-e3-lyrics#note-3075406",
                                "text": "I've been doing this for so long ("
                            },
                            {
                                "type": "link",
                                "url": "https:\/\/genius.com\/Wiley-bow-e3-lyrics#note-3075406",
                                "text": "Bow E3",
                                "style": {
                                    "italic": true
                                }
                            },
                            {
                                "type": "link",
                                "url": "https:\/\/genius.com\/Wiley-bow-e3-lyrics#note-3075406",
                                "text": ")"
                            },
                            {
                                "type": "text",
                                "text": "\nIt doesn't make sense tryna say I don't represent ("
                            },
                            {
                                "type": "text",
                                "text": "IC3",
                                "style": {
                                    "italic": true
                                }
                            },
                            {
                                "type": "text",
                                "text": ")\nYou get me? ("
                            },
                            {
                                "type": "text",
                                "text": "IC3",
                                "style": {
                                    "italic": true
                                }
                            },
                            {
                                "type": "text",
                                "text": ")\""
                            }
                        ]
                    }
                ]
            }
        ],
        "thread_ts": "1616668489.003400",
        "parent_user_id": "U01RSRE0N3D"
    }
]