[
    {
        "client_msg_id": "a7f84f57-6f15-451e-a7b3-77a3ac112073",
        "type": "message",
        "text": "(cough) always helpful to visualise your data",
        "user": "U01RW140HBP",
        "ts": "1620370994.003100",
        "team": "T01RBRV5F7H",
        "user_team": "T01RBRV5F7H",
        "source_team": "T01RBRV5F7H",
        "user_profile": {
            "avatar_hash": "4c43a3a8d10b",
            "image_72": "https:\/\/avatars.slack-edge.com\/2021-03-21\/1895736308209_4c43a3a8d10bc2fe5e13_72.png",
            "first_name": "siand",
            "real_name": "siand the LT (she\/her)",
            "display_name": "siand the LT (she\/her)",
            "team": "T01RBRV5F7H",
            "name": "sian.davies",
            "is_restricted": false,
            "is_ultra_restricted": false
        },
        "blocks": [
            {
                "type": "rich_text",
                "block_id": "sMDW",
                "elements": [
                    {
                        "type": "rich_text_section",
                        "elements": [
                            {
                                "type": "text",
                                "text": "(cough) always helpful to visualise your data"
                            }
                        ]
                    }
                ]
            }
        ],
        "thread_ts": "1620364859.002000",
        "parent_user_id": "U01SK96QF5E",
        "reactions": [
            {
                "name": "grin",
                "users": [
                    "U01SK96QF5E"
                ],
                "count": 1
            }
        ]
    },
    {
        "client_msg_id": "9bf9a9eb-cb8c-444c-bac6-a1f793f719b2",
        "type": "message",
        "text": "yes I’m thinking to go back later and expand with some visualisations :slightly_smiling_face:",
        "user": "U01SK96QF5E",
        "ts": "1620374136.003400",
        "team": "T01RBRV5F7H",
        "user_team": "T01RBRV5F7H",
        "source_team": "T01RBRV5F7H",
        "user_profile": {
            "avatar_hash": "94c1e7ff9e09",
            "image_72": "https:\/\/avatars.slack-edge.com\/2021-03-21\/1883381430979_94c1e7ff9e09a95d14cb_72.jpg",
            "first_name": "Lilla",
            "real_name": "Lilla Szulyovszky",
            "display_name": "lilla",
            "team": "T01RBRV5F7H",
            "name": "lilla.szulyovszky",
            "is_restricted": false,
            "is_ultra_restricted": false
        },
        "blocks": [
            {
                "type": "rich_text",
                "block_id": "u=ir",
                "elements": [
                    {
                        "type": "rich_text_section",
                        "elements": [
                            {
                                "type": "text",
                                "text": "yes I’m thinking to go back later and expand with some visualisations "
                            },
                            {
                                "type": "emoji",
                                "name": "slightly_smiling_face"
                            }
                        ]
                    }
                ]
            }
        ],
        "thread_ts": "1620364859.002000",
        "parent_user_id": "U01SK96QF5E"
    },
    {
        "client_msg_id": "a5a54a59-355e-4c3d-a369-8552889c6042",
        "type": "message",
        "text": "<https:\/\/open.spotify.com\/track\/471nUwxBLOT5pBjZ8pqaTi?si=fb1c05edcdd343ae>",
        "user": "U01S7BM4N81",
        "ts": "1620391088.003800",
        "team": "T01RBRV5F7H",
        "user_team": "T01RBRV5F7H",
        "source_team": "T01RBRV5F7H",
        "user_profile": {
            "avatar_hash": "2adfc641e87e",
            "image_72": "https:\/\/avatars.slack-edge.com\/2021-04-16\/1994438084416_2adfc641e87e3a953d9c_72.png",
            "first_name": "Thamo",
            "real_name": "Thamo",
            "display_name": "Thamo",
            "team": "T01RBRV5F7H",
            "name": "thamokoeper",
            "is_restricted": false,
            "is_ultra_restricted": false
        },
        "attachments": [
            {
                "service_name": "Spotify",
                "service_url": "https:\/\/spotify.com",
                "title": "Here You Come Again - Recorded at HOB Studios, Toronto",
                "title_link": "https:\/\/open.spotify.com\/track\/471nUwxBLOT5pBjZ8pqaTi?si=fb1c05edcdd343ae",
                "thumb_url": "https:\/\/i.scdn.co\/image\/ab67616d00001e0200bd71ba5d8ecbc3d161f393",
                "thumb_width": 300,
                "thumb_height": 300,
                "fallback": "Spotify Audio: Here You Come Again - Recorded at HOB Studios, Toronto",
                "audio_html": "<iframe width=\"300\" height=\"380\" allowtransparency=\"true\" frameborder=\"0\" allow=\"encrypted-media\" title=\"Spotify Embed: Here You Come Again - Recorded at HOB Studios, Toronto\" src=\"https:\/\/open.spotify.com\/embed\/track\/471nUwxBLOT5pBjZ8pqaTi?si=fb1c05edcdd343ae\"><\/iframe>",
                "audio_html_width": 300,
                "audio_html_height": 380,
                "from_url": "https:\/\/open.spotify.com\/track\/471nUwxBLOT5pBjZ8pqaTi?si=fb1c05edcdd343ae",
                "service_icon": "https:\/\/a.slack-edge.com\/80588\/img\/unfurl_icons\/spotify.png",
                "id": 1,
                "original_url": "https:\/\/open.spotify.com\/track\/471nUwxBLOT5pBjZ8pqaTi?si=fb1c05edcdd343ae"
            }
        ],
        "blocks": [
            {
                "type": "rich_text",
                "block_id": "g=K",
                "elements": [
                    {
                        "type": "rich_text_section",
                        "elements": [
                            {
                                "type": "link",
                                "url": "https:\/\/open.spotify.com\/track\/471nUwxBLOT5pBjZ8pqaTi?si=fb1c05edcdd343ae"
                            }
                        ]
                    }
                ]
            }
        ],
        "reactions": [
            {
                "name": "raised_hands",
                "users": [
                    "U01RSRE0N3D"
                ],
                "count": 1
            }
        ]
    },
    {
        "client_msg_id": "5b6eb968-7354-4932-893f-43d91af157dc",
        "type": "message",
        "text": "Marians recommendation:\n<https:\/\/open.spotify.com\/track\/0lYBSQXN6rCTvUZvg9S0lU?si=ce4cc93edff045f8>",
        "user": "U01S7BM4N81",
        "ts": "1620391297.004300",
        "team": "T01RBRV5F7H",
        "user_team": "T01RBRV5F7H",
        "source_team": "T01RBRV5F7H",
        "user_profile": {
            "avatar_hash": "2adfc641e87e",
            "image_72": "https:\/\/avatars.slack-edge.com\/2021-04-16\/1994438084416_2adfc641e87e3a953d9c_72.png",
            "first_name": "Thamo",
            "real_name": "Thamo",
            "display_name": "Thamo",
            "team": "T01RBRV5F7H",
            "name": "thamokoeper",
            "is_restricted": false,
            "is_ultra_restricted": false
        },
        "attachments": [
            {
                "service_name": "Spotify",
                "service_url": "https:\/\/spotify.com",
                "title": "Let Me Love You",
                "title_link": "https:\/\/open.spotify.com\/track\/0lYBSQXN6rCTvUZvg9S0lU?si=ce4cc93edff045f8",
                "thumb_url": "https:\/\/i.scdn.co\/image\/ab67616d00001e02212d776c31027c511f0ee3bc",
                "thumb_width": 300,
                "thumb_height": 300,
                "fallback": "Spotify Audio: Let Me Love You",
                "audio_html": "<iframe width=\"300\" height=\"380\" allowtransparency=\"true\" frameborder=\"0\" allow=\"encrypted-media\" title=\"Spotify Embed: Let Me Love You\" src=\"https:\/\/open.spotify.com\/embed\/track\/0lYBSQXN6rCTvUZvg9S0lU?si=ce4cc93edff045f8\"><\/iframe>",
                "audio_html_width": 300,
                "audio_html_height": 380,
                "from_url": "https:\/\/open.spotify.com\/track\/0lYBSQXN6rCTvUZvg9S0lU?si=ce4cc93edff045f8",
                "service_icon": "https:\/\/a.slack-edge.com\/80588\/img\/unfurl_icons\/spotify.png",
                "id": 1,
                "original_url": "https:\/\/open.spotify.com\/track\/0lYBSQXN6rCTvUZvg9S0lU?si=ce4cc93edff045f8"
            }
        ],
        "blocks": [
            {
                "type": "rich_text",
                "block_id": "b8aYv",
                "elements": [
                    {
                        "type": "rich_text_section",
                        "elements": [
                            {
                                "type": "text",
                                "text": "Marians recommendation:\n"
                            },
                            {
                                "type": "link",
                                "url": "https:\/\/open.spotify.com\/track\/0lYBSQXN6rCTvUZvg9S0lU?si=ce4cc93edff045f8"
                            }
                        ]
                    }
                ]
            }
        ],
        "reactions": [
            {
                "name": "raised_hands",
                "users": [
                    "U01RKN0EGDV",
                    "U01RW140HBP"
                ],
                "count": 2
            }
        ]
    },
    {
        "client_msg_id": "7f896af9-9a7b-42aa-b1a2-871626a91b45",
        "type": "message",
        "text": "Feed my Frankenstein (Code) :raised_hands:\n\n<https:\/\/open.spotify.com\/track\/7LDTB4kVmrLCU5TqKjZnzm?si=25e44307be4440a7>",
        "user": "U01S7KCL3DF",
        "ts": "1620393726.005000",
        "team": "T01RBRV5F7H",
        "user_team": "T01RBRV5F7H",
        "source_team": "T01RBRV5F7H",
        "user_profile": {
            "avatar_hash": "17b52091bb62",
            "image_72": "https:\/\/avatars.slack-edge.com\/2021-03-19\/1875964347925_17b52091bb62c2340b4c_72.png",
            "first_name": "Sam",
            "real_name": "Sam Katterfield",
            "display_name": "Sam",
            "team": "T01RBRV5F7H",
            "name": "samkatterfield",
            "is_restricted": false,
            "is_ultra_restricted": false
        },
        "attachments": [
            {
                "service_name": "Spotify",
                "service_url": "https:\/\/spotify.com",
                "title": "Feed My Frankenstein",
                "title_link": "https:\/\/open.spotify.com\/track\/7LDTB4kVmrLCU5TqKjZnzm?si=25e44307be4440a7",
                "thumb_url": "https:\/\/i.scdn.co\/image\/ab67616d00001e020dfeebaf5d196ff2638a3633",
                "thumb_width": 300,
                "thumb_height": 300,
                "fallback": "Spotify Audio: Feed My Frankenstein",
                "audio_html": "<iframe width=\"300\" height=\"380\" allowtransparency=\"true\" frameborder=\"0\" allow=\"encrypted-media\" title=\"Spotify Embed: Feed My Frankenstein\" src=\"https:\/\/open.spotify.com\/embed\/track\/7LDTB4kVmrLCU5TqKjZnzm?si=25e44307be4440a7\"><\/iframe>",
                "audio_html_width": 300,
                "audio_html_height": 380,
                "from_url": "https:\/\/open.spotify.com\/track\/7LDTB4kVmrLCU5TqKjZnzm?si=25e44307be4440a7",
                "service_icon": "https:\/\/a.slack-edge.com\/80588\/img\/unfurl_icons\/spotify.png",
                "id": 1,
                "original_url": "https:\/\/open.spotify.com\/track\/7LDTB4kVmrLCU5TqKjZnzm?si=25e44307be4440a7"
            }
        ],
        "blocks": [
            {
                "type": "rich_text",
                "block_id": "nC=",
                "elements": [
                    {
                        "type": "rich_text_section",
                        "elements": [
                            {
                                "type": "text",
                                "text": "Feed my Frankenstein (Code) "
                            },
                            {
                                "type": "emoji",
                                "name": "raised_hands"
                            },
                            {
                                "type": "text",
                                "text": "\n\n"
                            },
                            {
                                "type": "link",
                                "url": "https:\/\/open.spotify.com\/track\/7LDTB4kVmrLCU5TqKjZnzm?si=25e44307be4440a7"
                            }
                        ]
                    }
                ]
            }
        ],
        "reactions": [
            {
                "name": "japanese_ogre",
                "users": [
                    "U01RRV4JX6Z"
                ],
                "count": 1
            }
        ]
    },
    {
        "client_msg_id": "b3908680-2076-4e78-a6b4-2befacfb6e8c",
        "type": "message",
        "text": "<https:\/\/www.youtube.com\/watch?v=dx5KnFr9xSk>",
        "user": "U01RRV4JX6Z",
        "ts": "1620397036.005300",
        "team": "T01RBRV5F7H",
        "user_team": "T01RBRV5F7H",
        "source_team": "T01RBRV5F7H",
        "user_profile": {
            "avatar_hash": "339c4d69b7d9",
            "image_72": "https:\/\/avatars.slack-edge.com\/2021-04-14\/1961122781618_339c4d69b7d9fe16343a_72.jpg",
            "first_name": "",
            "real_name": "Francisco Ebeling",
            "display_name": "Francisco Ebeling",
            "team": "T01RBRV5F7H",
            "name": "ebelingbarros",
            "is_restricted": false,
            "is_ultra_restricted": false
        },
        "attachments": [
            {
                "service_name": "YouTube",
                "service_url": "https:\/\/www.youtube.com\/",
                "title": "Iron Maiden-666 the number of the beast",
                "title_link": "https:\/\/www.youtube.com\/watch?v=dx5KnFr9xSk",
                "author_name": "xxthexdarkestxsidexx",
                "author_link": "https:\/\/www.youtube.com\/user\/xxthexdarkestxsidexx",
                "thumb_url": "https:\/\/i.ytimg.com\/vi\/dx5KnFr9xSk\/hqdefault.jpg",
                "thumb_width": 480,
                "thumb_height": 360,
                "fallback": "YouTube Video: Iron Maiden-666 the number of the beast",
                "video_html": "<iframe width=\"400\" height=\"300\" src=\"https:\/\/www.youtube.com\/embed\/dx5KnFr9xSk?feature=oembed&autoplay=1&iv_load_policy=3\" frameborder=\"0\" allow=\"accelerometer; autoplay; clipboard-write; encrypted-media; gyroscope; picture-in-picture\" allowfullscreen><\/iframe>",
                "video_html_width": 400,
                "video_html_height": 300,
                "from_url": "https:\/\/www.youtube.com\/watch?v=dx5KnFr9xSk",
                "service_icon": "https:\/\/a.slack-edge.com\/80588\/img\/unfurl_icons\/youtube.png",
                "id": 1,
                "original_url": "https:\/\/www.youtube.com\/watch?v=dx5KnFr9xSk"
            }
        ],
        "blocks": [
            {
                "type": "rich_text",
                "block_id": "wgVha",
                "elements": [
                    {
                        "type": "rich_text_section",
                        "elements": [
                            {
                                "type": "link",
                                "url": "https:\/\/www.youtube.com\/watch?v=dx5KnFr9xSk"
                            }
                        ]
                    }
                ]
            }
        ],
        "reactions": [
            {
                "name": "raised_hands",
                "users": [
                    "U01RW2X7S9Z"
                ],
                "count": 1
            }
        ]
    },
    {
        "client_msg_id": "849e0588-c53a-467f-8578-ab038fc058ef",
        "type": "message",
        "text": "gah! what has happened to this channel",
        "user": "U01RW140HBP",
        "ts": "1620397163.005700",
        "team": "T01RBRV5F7H",
        "user_team": "T01RBRV5F7H",
        "source_team": "T01RBRV5F7H",
        "user_profile": {
            "avatar_hash": "4c43a3a8d10b",
            "image_72": "https:\/\/avatars.slack-edge.com\/2021-03-21\/1895736308209_4c43a3a8d10bc2fe5e13_72.png",
            "first_name": "siand",
            "real_name": "siand the LT (she\/her)",
            "display_name": "siand the LT (she\/her)",
            "team": "T01RBRV5F7H",
            "name": "sian.davies",
            "is_restricted": false,
            "is_ultra_restricted": false
        },
        "blocks": [
            {
                "type": "rich_text",
                "block_id": "qlAM",
                "elements": [
                    {
                        "type": "rich_text_section",
                        "elements": [
                            {
                                "type": "text",
                                "text": "gah! what has happened to this channel"
                            }
                        ]
                    }
                ]
            }
        ]
    },
    {
        "bot_id": "B01S7FSR36Y",
        "type": "message",
        "text": "headbanger",
        "user": "U01RW140HBP",
        "ts": "1620397185.005900",
        "team": "T01RBRV5F7H",
        "bot_profile": {
            "id": "B01S7FSR36Y",
            "deleted": false,
            "name": "giphy",
            "updated": 1616421896,
            "app_id": "A0F827J2C",
            "icons": {
                "image_36": "https:\/\/a.slack-edge.com\/dc483\/img\/plugins\/giphy\/service_72.png",
                "image_48": "https:\/\/a.slack-edge.com\/dc483\/img\/plugins\/giphy\/service_48.png",
                "image_72": "https:\/\/a.slack-edge.com\/dc483\/img\/plugins\/giphy\/service_72.png"
            },
            "team_id": "T01RBRV5F7H"
        },
        "blocks": [
            {
                "type": "image",
                "block_id": "y9K",
                "image_url": "https:\/\/media2.giphy.com\/media\/fKwpeyXg2rBPa\/giphy.gif?cid=6104955ec93ff06de6da346d2a41d6309da81a88efde44a7&rid=giphy.gif&ct=g&cid=6104955ec93ff06de6da346d2a41d6309da81a88efde44a7&rid=giphy.gif&ct=g",
                "alt_text": "headbanger",
                "title": {
                    "type": "plain_text",
                    "text": "headbanger",
                    "emoji": true
                },
                "fallback": "360x270px image",
                "image_width": 360,
                "image_height": 270,
                "image_bytes": 734442,
                "is_animated": true
            },
            {
                "type": "context",
                "block_id": "uHYZ",
                "elements": [
                    {
                        "type": "image",
                        "image_url": "https:\/\/a.slack-edge.com\/dc483\/img\/plugins\/giphy\/service_32.png",
                        "alt_text": "giphy logo"
                    },
                    {
                        "type": "mrkdwn",
                        "text": "Posted using \/giphy",
                        "verbatim": false
                    }
                ]
            }
        ],
        "thread_ts": "1620397185.005900",
        "reply_count": 1,
        "reply_users_count": 1,
        "latest_reply": "1620399836.006500",
        "reply_users": [
            "U01S7KCL3DF"
        ],
        "replies": [
            {
                "user": "U01S7KCL3DF",
                "ts": "1620399836.006500"
            }
        ],
        "is_locked": false,
        "subscribed": false,
        "reactions": [
            {
                "name": "joy",
                "users": [
                    "U01RSRE0N3D",
                    "U01RRV4JX6Z"
                ],
                "count": 2
            },
            {
                "name": "dimitri",
                "users": [
                    "U01RW2X7S9Z",
                    "U01S7BM4N81"
                ],
                "count": 2
            }
        ]
    },
    {
        "client_msg_id": "f0c8f9e4-f339-40f8-bb88-b72a3b33c079",
        "type": "message",
        "text": "<https:\/\/www.youtube.com\/watch?v=Y8eL_DB-xBo&amp;ab_channel=LanePittman>\n\nMURICCUUHHH :us:  :eagle:",
        "user": "U01S7KCL3DF",
        "ts": "1620399836.006500",
        "team": "T01RBRV5F7H",
        "user_team": "T01RBRV5F7H",
        "source_team": "T01RBRV5F7H",
        "user_profile": {
            "avatar_hash": "17b52091bb62",
            "image_72": "https:\/\/avatars.slack-edge.com\/2021-03-19\/1875964347925_17b52091bb62c2340b4c_72.png",
            "first_name": "Sam",
            "real_name": "Sam Katterfield",
            "display_name": "Sam",
            "team": "T01RBRV5F7H",
            "name": "samkatterfield",
            "is_restricted": false,
            "is_ultra_restricted": false
        },
        "attachments": [
            {
                "service_name": "YouTube",
                "service_url": "https:\/\/www.youtube.com\/",
                "title": "Hurricane Matthew Meets Slayer",
                "title_link": "https:\/\/www.youtube.com\/watch?v=Y8eL_DB-xBo&amp;ab_channel=LanePittman",
                "author_name": "Lane Pittman",
                "author_link": "https:\/\/www.youtube.com\/c\/LanePittmanFromHereToFreedom",
                "thumb_url": "https:\/\/i.ytimg.com\/vi\/Y8eL_DB-xBo\/hqdefault.jpg",
                "thumb_width": 480,
                "thumb_height": 360,
                "fallback": "YouTube Video: Hurricane Matthew Meets Slayer",
                "video_html": "<iframe width=\"400\" height=\"225\" src=\"https:\/\/www.youtube.com\/embed\/Y8eL_DB-xBo?feature=oembed&autoplay=1&iv_load_policy=3\" frameborder=\"0\" allow=\"accelerometer; autoplay; clipboard-write; encrypted-media; gyroscope; picture-in-picture\" allowfullscreen><\/iframe>",
                "video_html_width": 400,
                "video_html_height": 225,
                "from_url": "https:\/\/www.youtube.com\/watch?v=Y8eL_DB-xBo&amp;ab_channel=LanePittman",
                "service_icon": "https:\/\/a.slack-edge.com\/80588\/img\/unfurl_icons\/youtube.png",
                "id": 1,
                "original_url": "https:\/\/www.youtube.com\/watch?v=Y8eL_DB-xBo&amp;ab_channel=LanePittman"
            }
        ],
        "blocks": [
            {
                "type": "rich_text",
                "block_id": "xn1D",
                "elements": [
                    {
                        "type": "rich_text_section",
                        "elements": [
                            {
                                "type": "link",
                                "url": "https:\/\/www.youtube.com\/watch?v=Y8eL_DB-xBo&ab_channel=LanePittman"
                            },
                            {
                                "type": "text",
                                "text": "\n\nMURICCUUHHH "
                            },
                            {
                                "type": "emoji",
                                "name": "us"
                            },
                            {
                                "type": "text",
                                "text": "  "
                            },
                            {
                                "type": "emoji",
                                "name": "eagle"
                            }
                        ]
                    }
                ]
            }
        ],
        "thread_ts": "1620397185.005900",
        "parent_user_id": "U01RW140HBP"
    },
    {
        "client_msg_id": "e1c39a57-f417-4a78-9fc3-7297207857ff",
        "type": "message",
        "text": "<https:\/\/youtu.be\/6gqH9OIm05E|https:\/\/youtu.be\/6gqH9OIm05E>",
        "user": "U01RRV4JX6Z",
        "ts": "1620407933.006900",
        "team": "T01RBRV5F7H",
        "user_team": "T01RBRV5F7H",
        "source_team": "T01RBRV5F7H",
        "user_profile": {
            "avatar_hash": "339c4d69b7d9",
            "image_72": "https:\/\/avatars.slack-edge.com\/2021-04-14\/1961122781618_339c4d69b7d9fe16343a_72.jpg",
            "first_name": "",
            "real_name": "Francisco Ebeling",
            "display_name": "Francisco Ebeling",
            "team": "T01RBRV5F7H",
            "name": "ebelingbarros",
            "is_restricted": false,
            "is_ultra_restricted": false
        },
        "attachments": [
            {
                "service_name": "YouTube",
                "service_url": "https:\/\/www.youtube.com\/",
                "title": "Ricky Martin - Vida ft. Dream Team do Passinho (Videoclipe)",
                "title_link": "https:\/\/youtu.be\/6gqH9OIm05E",
                "author_name": "DTdoPassinhoVEVO",
                "author_link": "https:\/\/www.youtube.com\/user\/DTdoPassinhoVEVO",
                "thumb_url": "https:\/\/i.ytimg.com\/vi\/6gqH9OIm05E\/hqdefault.jpg",
                "thumb_width": 480,
                "thumb_height": 360,
                "fallback": "YouTube Video: Ricky Martin - Vida ft. Dream Team do Passinho (Videoclipe)",
                "video_html": "<iframe width=\"400\" height=\"225\" src=\"https:\/\/www.youtube.com\/embed\/6gqH9OIm05E?feature=oembed&autoplay=1&iv_load_policy=3\" frameborder=\"0\" allow=\"accelerometer; autoplay; clipboard-write; encrypted-media; gyroscope; picture-in-picture\" allowfullscreen><\/iframe>",
                "video_html_width": 400,
                "video_html_height": 225,
                "from_url": "https:\/\/youtu.be\/6gqH9OIm05E",
                "service_icon": "https:\/\/a.slack-edge.com\/80588\/img\/unfurl_icons\/youtube.png",
                "id": 1,
                "original_url": "https:\/\/youtu.be\/6gqH9OIm05E"
            }
        ],
        "blocks": [
            {
                "type": "rich_text",
                "block_id": "41PDt",
                "elements": [
                    {
                        "type": "rich_text_section",
                        "elements": [
                            {
                                "type": "link",
                                "url": "https:\/\/youtu.be\/6gqH9OIm05E",
                                "text": "https:\/\/youtu.be\/6gqH9OIm05E"
                            }
                        ]
                    }
                ]
            }
        ]
    },
    {
        "client_msg_id": "c9bd8154-14d7-4570-a8b5-42cbe1f4ee69",
        "type": "message",
        "text": "<@U01SK96QF5E>, thanks for having posted this! It gave me the inspiration to improve my work... :)",
        "user": "U01RRV4JX6Z",
        "ts": "1620409256.007100",
        "team": "T01RBRV5F7H",
        "user_team": "T01RBRV5F7H",
        "source_team": "T01RBRV5F7H",
        "user_profile": {
            "avatar_hash": "339c4d69b7d9",
            "image_72": "https:\/\/avatars.slack-edge.com\/2021-04-14\/1961122781618_339c4d69b7d9fe16343a_72.jpg",
            "first_name": "",
            "real_name": "Francisco Ebeling",
            "display_name": "Francisco Ebeling",
            "team": "T01RBRV5F7H",
            "name": "ebelingbarros",
            "is_restricted": false,
            "is_ultra_restricted": false
        },
        "blocks": [
            {
                "type": "rich_text",
                "block_id": "PD\/he",
                "elements": [
                    {
                        "type": "rich_text_section",
                        "elements": [
                            {
                                "type": "user",
                                "user_id": "U01SK96QF5E"
                            },
                            {
                                "type": "text",
                                "text": ", thanks for having posted this! It gave me the inspiration to improve my work... :)"
                            }
                        ]
                    }
                ]
            }
        ],
        "thread_ts": "1620364859.002000",
        "parent_user_id": "U01SK96QF5E"
    },
    {
        "client_msg_id": "E087BAEB-2DEA-4050-800C-C82F43DC7EAC",
        "type": "message",
        "text": "You’re very welcome:slightly_smiling_face: glad I could contribute!",
        "user": "U01SK96QF5E",
        "ts": "1620410508.008100",
        "team": "T01RBRV5F7H",
        "user_team": "T01RBRV5F7H",
        "source_team": "T01RBRV5F7H",
        "user_profile": {
            "avatar_hash": "94c1e7ff9e09",
            "image_72": "https:\/\/avatars.slack-edge.com\/2021-03-21\/1883381430979_94c1e7ff9e09a95d14cb_72.jpg",
            "first_name": "Lilla",
            "real_name": "Lilla Szulyovszky",
            "display_name": "lilla",
            "team": "T01RBRV5F7H",
            "name": "lilla.szulyovszky",
            "is_restricted": false,
            "is_ultra_restricted": false
        },
        "blocks": [
            {
                "type": "rich_text",
                "block_id": "P7HMT",
                "elements": [
                    {
                        "type": "rich_text_section",
                        "elements": [
                            {
                                "type": "text",
                                "text": "You’re very welcome"
                            },
                            {
                                "type": "emoji",
                                "name": "slightly_smiling_face"
                            },
                            {
                                "type": "text",
                                "text": " glad I could contribute!"
                            }
                        ]
                    }
                ]
            }
        ],
        "thread_ts": "1620364859.002000",
        "parent_user_id": "U01SK96QF5E"
    }
]