[
    {
        "client_msg_id": "07ad2d59-aac5-48a8-b32a-dfaa4964491e",
        "type": "message",
        "text": "an ode to maps\n\n<https:\/\/open.spotify.com\/track\/0hDQV9X1Da5JrwhK8gu86p?si=SOcQ0BlEREuwSXSBXDDUfA>",
        "user": "U01S7KCL3DF",
        "ts": "1617185103.000200",
        "team": "T01RBRV5F7H",
        "user_team": "T01RBRV5F7H",
        "source_team": "T01RBRV5F7H",
        "user_profile": {
            "avatar_hash": "17b52091bb62",
            "image_72": "https:\/\/avatars.slack-edge.com\/2021-03-19\/1875964347925_17b52091bb62c2340b4c_72.png",
            "first_name": "Sam",
            "real_name": "Sam Katterfield",
            "display_name": "Sam",
            "team": "T01RBRV5F7H",
            "name": "samkatterfield",
            "is_restricted": false,
            "is_ultra_restricted": false
        },
        "attachments": [
            {
                "service_name": "Spotify",
                "service_url": "https:\/\/spotify.com",
                "title": "Maps",
                "title_link": "https:\/\/open.spotify.com\/track\/0hDQV9X1Da5JrwhK8gu86p?si=SOcQ0BlEREuwSXSBXDDUfA",
                "thumb_url": "https:\/\/i.scdn.co\/image\/ab67616d00001e021b1cb4ef0f096f9d66fc3dc6",
                "thumb_width": 300,
                "thumb_height": 300,
                "fallback": "Spotify Audio: Maps",
                "audio_html": "<iframe width=\"300\" height=\"380\" allowtransparency=\"true\" frameborder=\"0\" allow=\"encrypted-media\" title=\"Spotify Embed: Maps\" src=\"https:\/\/open.spotify.com\/embed\/track\/0hDQV9X1Da5JrwhK8gu86p?si=SOcQ0BlEREuwSXSBXDDUfA\"><\/iframe>",
                "audio_html_width": 300,
                "audio_html_height": 380,
                "from_url": "https:\/\/open.spotify.com\/track\/0hDQV9X1Da5JrwhK8gu86p?si=SOcQ0BlEREuwSXSBXDDUfA",
                "service_icon": "https:\/\/a.slack-edge.com\/80588\/img\/unfurl_icons\/spotify.png",
                "id": 1,
                "original_url": "https:\/\/open.spotify.com\/track\/0hDQV9X1Da5JrwhK8gu86p?si=SOcQ0BlEREuwSXSBXDDUfA"
            }
        ],
        "blocks": [
            {
                "type": "rich_text",
                "block_id": "Bos",
                "elements": [
                    {
                        "type": "rich_text_section",
                        "elements": [
                            {
                                "type": "text",
                                "text": "an ode to maps\n\n"
                            },
                            {
                                "type": "link",
                                "url": "https:\/\/open.spotify.com\/track\/0hDQV9X1Da5JrwhK8gu86p?si=SOcQ0BlEREuwSXSBXDDUfA"
                            }
                        ]
                    }
                ]
            }
        ],
        "thread_ts": "1617185103.000200",
        "reply_count": 1,
        "reply_users_count": 1,
        "latest_reply": "1617185753.000400",
        "reply_users": [
            "U01RXCQHMHT"
        ],
        "replies": [
            {
                "user": "U01RXCQHMHT",
                "ts": "1617185753.000400"
            }
        ],
        "is_locked": false,
        "subscribed": false
    },
    {
        "client_msg_id": "b9f31962-c94d-42a6-8af6-8eb2d2cc8a6c",
        "type": "message",
        "text": "this is so oldschool hahah",
        "user": "U01RXCQHMHT",
        "ts": "1617185753.000400",
        "team": "T01RBRV5F7H",
        "user_team": "T01RBRV5F7H",
        "source_team": "T01RBRV5F7H",
        "user_profile": {
            "avatar_hash": "7290c61c38a0",
            "image_72": "https:\/\/avatars.slack-edge.com\/2021-03-22\/1898002028225_7290c61c38a01ad66680_72.jpg",
            "first_name": "Thanh",
            "real_name": "Thanh Tung Ha Thuc DAFT Berlin March 2021",
            "display_name": "Tony Ha",
            "team": "T01RBRV5F7H",
            "name": "tony.hathuc",
            "is_restricted": false,
            "is_ultra_restricted": false
        },
        "blocks": [
            {
                "type": "rich_text",
                "block_id": "G8P",
                "elements": [
                    {
                        "type": "rich_text_section",
                        "elements": [
                            {
                                "type": "text",
                                "text": "this is so oldschool hahah"
                            }
                        ]
                    }
                ]
            }
        ],
        "thread_ts": "1617185103.000200",
        "parent_user_id": "U01S7KCL3DF",
        "reactions": [
            {
                "name": "older_man",
                "users": [
                    "U01S7KCL3DF",
                    "U01RXCQHMHT"
                ],
                "count": 2
            }
        ]
    }
]